"animal_id","site","sex","event","condition","body_mass","chest_girth","kidney_fat","odba","activity_hr","rest_bouts","cortisol"
1,1,"M",1,"fair",44.52149761666,70.5849030086544,4.08193264319332,NA,9.13558603307581,12.5185068856355,21.1772280553251
1,1,"M",2,"fair",47.8303628340451,69.9142006423548,3.11587192927158,1.95256695938189,10.5749255645014,NA,20.8954545748985
1,1,"M",3,"fair",46.5104165803188,71.4695963571258,4.23422284420286,2.17938177549141,9.614108604186,11.8831858662464,15.3436772632296
1,1,"F",4,"fair",49.2104501508233,67.7861942534739,3.89247666691818,1.99113728615499,9.66316300182255,11.9820518156874,NA
2,2,"F",1,"good",56.7647065111525,76.5572571690988,5.45315710536379,2.50206919310217,11.8827620465732,11.3758450076625,15.0040224800954
2,2,"F",2,"good",56.1552219923306,78.7524516994072,3.80986335259737,2.48713632941874,10.773656150018,10.1149421152309,13.4482787787573
3,3,"M",1,"good",45.0538438039961,74.4222992843031,NA,2.59066684718402,12.9433753696688,10.2474069905608,12.9163356589906
4,4,"F",1,"good",52.0250496644058,79.7482671543929,6.27473994637048,2.61211479541852,12.0003550706602,9.42725581093967,17.1611763274196
4,4,"F",2,"good",54.3368301796584,78.3453982429599,NA,2.45122571275752,11.0305226194219,11.4235739798527,16.5934210122105
4,4,"F",3,"good",51.6957359561714,77.3827353380138,NA,2.13077028218966,10.3066836091394,9.43671098656067,13.5195443495077
4,4,"M",4,"good",55.9356592138479,75.4619157340034,3.90654544597302,2.34109746527388,11.5408616023976,10.6061213453024,11.8275024524179
4,4,"F",5,"good",53.4393994450661,76.8221345561025,4.5719965838746,2.49548187969151,10.7486911909509,9.03095558214782,16.7784122775067
4,4,"F",6,"good",56.6056939675309,75.491310716602,6.71695765825553,2.44574616103155,10.6722347971947,10.7963852686522,9.13934742748776
4,4,"F",7,"good",56.5668900968152,77.0177078418909,6.54959853149409,2.28024811269375,11.2001091810226,10.3320365662121,15.7443391840993
5,5,"M",1,"good",51.5696734235136,72.9945735230503,4.88989843259687,1.9744546105914,11.1763139449488,9.85321132077015,13.7293656755549
6,6,"M",1,"good",53.7235789394949,73.9512999524847,3.4042845283711,NA,13.2000496642184,NA,11.2689802585804
7,7,"F",1,"good",54.7187349866571,76.285492069285,5.29284904373882,2.34187433998501,11.9086229329617,9.50547380602854,22.052532378067
7,7,"M",2,"good",53.4531569611972,78.2000782556736,NA,2.34068148099857,11.1721245676241,11.148783056039,14.8271357881225
8,8,"F",1,"fair",51.3708957642736,72.2235529550574,4.00897662863506,2.0656468964598,11.1618304414081,12.8504927118937,15.1866884020749
8,8,"M",2,"fair",48.0035119879023,70.1433551378986,4.2642953671816,NA,10.0192433851117,9.80665414869311,17.6908036751505
8,8,"M",3,"fair",47.7736928064644,70.8296790894011,3.98192619252275,2.15993538776952,11.9100311091226,11.824485107458,18.2548382419751
8,8,"M",4,"fair",46.9490159930343,70.9004571600868,3.22614331729222,2.34614248249034,12.3861130679237,13.3059468946878,14.9298594795539
8,8,"F",5,"fair",46.3698291432946,72.5534551159804,4.4764013618581,2.07687561970337,11.0957409102727,9.86095444334458,14.8708605157236
8,8,"M",6,"fair",51.2956002065667,70.7699098631088,3.35749351350978,2.3191970933152,10.2329637563509,11.8906090248541,17.6526328049019
8,8,"M",7,"fair",47.9375464158233,72.6094111129322,3.56267827785584,2.32846261176758,9.54527292838877,10.1722123393692,18.9706138048946
9,9,"M",1,"good",45.7721212771367,72.5877346885571,2.86383792494856,2.05826962925408,9.75834493820273,10.9942033294355,23.6006370473095
9,9,"F",2,"good",46.6024375551133,69.1650453532225,2.90400226473897,2.4138189187002,9.57408672350969,11.7729279509078,19.3219492618241
9,9,"M",3,"good",45.3243926057172,70.2329669538395,1.29224204122471,2.06553424254697,10.1336876087452,12.4101681646731,17.3999307054706
9,9,"M",4,"good",46.594830784542,71.6397764857154,2.09948654602003,2.18746726943694,8.7391679593497,12.3187766477405,NA
10,10,"F",1,"good",64.4754072408633,85.9635000969435,8.81212877037121,2.96070855393198,13.8864075544623,7.09978882166773,9.53836426321994
10,10,"M",2,"good",61.4449958578484,83.7002705815277,NA,3.18212877034215,15.329697837603,7.94600913660521,NA
11,11,"M",1,"good",53.5910644683697,75.5813564005638,4.30389646824491,2.66508106363736,11.0004436071901,10.2521495253911,9.92462185752871
12,12,"F",1,"fair",44.6614373566215,69.6869199427018,0.622360661181275,1.46773109400575,7.8112016854669,11.0357729429237,19.9481699174233
12,12,"M",2,"fair",47.6093023299776,72.7339486028038,2.3400138168641,1.59253544158073,9.67871875646777,12.0493612712116,23.4059239014486
12,12,"F",3,"fair",53.6068522610665,72.7073222888281,4.15725177503485,1.88487918630924,9.54791376611169,11.7467261986896,17.1616857350978
12,12,"F",4,"fair",47.6962779657393,71.6849981591223,2.21015879819136,1.55027348681174,11.2538808808363,12.70676536437,16.6220943915192
13,1,"F",1,"good",52.804525652826,74.0639794419802,5.27557431121371,3.14005194710744,13.0433600978886,8.254688142353,6.76945925593453
13,1,"F",2,"good",50.3764407855839,76.8867494569052,5.28013082384731,3.47448907582784,15.0240608166848,7.9248338218322,8.33613425495957
13,1,"F",3,"good",53.3589808611885,75.766826750164,4.72824490336644,3.36980158690994,15.3269996672382,8.3163781378009,9.71240111557492
13,1,"M",4,"good",48.7349291660453,77.7020274405681,4.92751045726825,3.74250605256823,15.6040270769253,7.2635643617125,10.9821719414201
14,2,"M",1,"fair",46.1969509170287,69.5587186741021,3.09678045402617,2.59548587095573,10.2629064359342,10.564935280223,16.6167937724986
14,2,"M",2,"fair",41.4581039863711,66.70521065514,4.05662637025372,2.09973418732747,9.47102159976018,9.86413946087799,15.6572536802303
14,2,"F",3,"fair",42.6956627645827,70.8826456253828,4.89541654112722,2.55313106171905,11.5584760854939,11.038090098506,16.3740470815265
14,2,"M",4,"fair",43.7046944126365,67.3388973437576,1.82577766657925,2.33688994370629,11.0850156364533,12.7574159976508,16.1532391876257
15,3,"M",1,"good",51.3755372335054,77.825816082352,5.35905068496854,2.26519729584614,10.6304861186277,10.3362688817407,14.517924232562
15,3,"F",2,"good",58.1516715026032,79.6136476084855,6.94823667789194,2.82431827884909,12.3428828370415,8.29766686751891,12.3230881012836
15,3,"M",3,"good",58.7936164036377,75.4489955749714,4.79412713703556,2.88950614866491,13.8643889939583,8.56270884685984,8.44376862062182
15,3,"F",4,"good",55.0435141327172,79.3788641854226,5.29385228035421,2.37726219264972,12.5403699753167,10.1988928251416,17.9264256162799
16,4,"F",1,"good",46.0973302545115,71.4303827956701,NA,2.54596936949252,11.6033598549229,10.0190378407696,17.387273851202
16,4,"F",2,"good",45.5665375795927,70.3718133067612,2.74711961323805,2.41055671369969,12.2709693906723,10.8891657397296,15.1248529172221
16,4,"F",3,"good",44.8355575206469,72.238751828515,3.1641786678917,2.54548978224833,11.7391025071838,11.3468435325592,13.8531647624103
17,5,"M",1,"good",46.4532473892912,71.9338760121427,1.68926629565453,2.23968683579229,10.9604111163734,11.557197337551,16.1603600139309
17,5,"M",2,"good",45.8349064080079,73.6432323945838,4.01594281471583,2.06836273674707,10.3718095993817,11.0216408999481,15.0454171413537
17,5,"F",3,"good",43.9832418527304,70.2743983041524,2.19122601002555,2.34900686492113,9.19642545485005,11.8024728966168,14.7260968859804
17,5,"M",4,"good",42.3109954747919,70.5419678379591,NA,1.9475093083278,9.20318624363992,11.9139747820115,20.563458453339
17,5,"F",5,"good",44.6403591686182,71.5281395320977,2.48296881760261,2.0865040075451,8.13207754944969,11.6100058433366,15.9680280144049
17,5,"F",6,"good",45.8349657391894,68.0207659071836,2.04276825059611,2.13837328719213,10.0745865069308,12.2111042516815,NA
18,6,"F",1,"good",53.2398893495929,70.5841547504418,3.21541761036433,2.14731451791108,8.86526148098373,12.387168301742,18.950119540012
18,6,"F",2,"good",46.6881166090542,75.0816057006004,3.76001690306694,1.78329679416256,10.4581711327188,11.0317679712813,20.4316959383046
18,6,"M",3,"good",43.9371221872671,72.5671521163098,3.3648826749792,2.15309705861343,9.84153240448389,10.388804922542,14.9988653883079
19,7,"F",1,"good",63.7778239298184,81.9500012133696,5.5890934902143,2.00641395909256,10.3723285120901,12.61456859332,17.5763615307409
19,7,"M",2,"good",61.7920004256573,80.2867114017004,7.77753221720413,2.11649515091722,7.67298843995052,NA,14.8072025524514
19,7,"F",3,"good",57.1757896328539,79.4120877238007,7.50150519841897,2.08609702392648,9.21524895386677,12.0227286466089,15.3095668143699
19,7,"M",4,"good",62.5595282713822,82.336740626738,8.03902126586043,1.86668532783427,9.22148883655166,11.4191033496093,18.689573795318
19,7,"F",5,"good",58.0658283162459,82.3187824404068,8.09689809053214,1.65706326551533,10.1315147941951,9.93210752777754,17.6363934045489
20,8,"F",1,"good",60.5797708473522,79.7147909595029,7.69755717117836,2.42599815724268,13.3054451133412,8.84311778124383,11.4428343723053
20,8,"M",2,"good",59.7216979735097,80.2713958122153,6.00014369847697,NA,12.9822574090227,8.15053144446236,NA
20,8,"M",3,"good",54.5684770676177,79.2897530383953,6.78607374982468,2.60962209129469,11.8410471115019,7.58712546539482,6.23291065099933
20,8,"F",4,"good",59.566039167757,79.8573087198616,7.3262164188614,2.6540913402609,13.1822216125597,6.86273159732249,12.6873001418463
20,8,"M",5,"good",58.0138835323372,83.1617917938839,6.66267812618974,2.56855046645615,12.4281393952157,8.05032523808528,11.5720756439958
20,8,"F",6,"good",55.2627469923572,79.0416553082134,6.44144113629515,2.5641143581993,11.5906176771217,8.88248375768076,13.4886453192707
20,8,"F",7,"good",59.7578441774899,79.7269851735074,6.44745957607344,2.50075865044549,12.066671802385,9.12348469521525,13.6245160481769
20,8,"F",8,"good",59.9571568871867,82.7240369573707,5.69267145751884,2.95018504292212,14.5051530942585,8.46366660810325,7.03468043117029
21,9,"F",1,"good",53.7906297179968,76.1611371632049,5.12856473163631,2.5600486603577,11.7522548634626,10.8086319612803,12.0703237599984
21,9,"M",2,"good",54.0736275390854,78.2355649688077,5.01248594336684,2.50591157058563,13.9164907184439,9.5948701139281,11.7539081943204
21,9,"M",3,"good",55.6282535094351,76.3635615930735,6.28176907061587,2.57536445676555,12.9628267444575,8.28827046027943,NA
21,9,"F",4,"good",54.1192163484289,74.1158791068749,4.64143675565581,2.70467749790731,12.059247449139,10.5755213335176,9.80943613739131
21,9,"M",5,"good",54.7743606565016,77.6738659645197,4.79949306510349,2.46589950196518,12.3577519631414,9.08602648702779,15.2034845813769
22,10,"M",1,"good",43.1086973062589,69.7083258961036,2.13350963536861,1.42260561483932,7.4069500328105,10.3680038040039,21.6013668137452
22,10,"M",2,"good",46.4647947795693,70.4426859555191,4.41647962736832,NA,7.78537223980763,12.2853721732225,20.8480190922019
22,10,"M",3,"good",46.1976837738377,70.2825394457199,3.36387689756061,1.47854449654163,9.63904231516985,12.8045103899919,17.4353214386559
22,10,"M",4,"good",42.4221616506664,67.3114858043906,2.80365075213743,1.47316979046186,7.74058445756712,12.5021718902634,15.846775686073
22,10,"F",5,"good",45.9642134999898,68.7363148842625,2.78684086664473,1.60764974892542,7.99234844678286,12.3105902856268,20.115095671783
23,11,"M",1,"good",51.0818072556212,74.4178121012915,4.02902254258325,2.31229070633848,11.4892984265993,10.5574374514377,12.4815592771052
23,11,"F",2,"good",55.471185555761,75.7491314205342,5.72512572824203,2.51688618457529,12.9307655452429,9.44800007494614,15.6334696569571
23,11,"F",3,"good",48.6117615285427,76.7990049157567,4.99886772576063,NA,9.86557070266761,11.6080429951295,17.4583244557389
23,11,"F",4,"good",52.4210115546609,73.7557319494243,3.62421117667273,2.32435411643592,10.985026397326,11.1923493936207,20.1822063649016
24,12,"F",1,"good",42.2211524420444,67.1277031880923,2.3897431273883,2.5225207621921,11.7572497554371,9.96204170510916,11.4286638114651
24,12,"F",2,"good",43.311531244801,68.3705485403767,2.3344176668866,2.23468134563639,9.88031530233324,9.94945794888569,14.2674605488533
24,12,"F",3,"good",42.9336805067396,68.508025602113,2.17538027497624,2.03936833349881,11.3396878900655,9.84612748601151,18.2991708131263
24,12,"M",4,"good",43.8716867960384,70.4011731000617,3.44535017115314,NA,11.4597166288406,7.95157022780383,20.3637160120113
24,12,"M",5,"good",45.2489662291843,67.5322311802632,2.91121013554805,2.64935723847225,13.2866515952924,9.59434899001606,17.5207804362915
24,12,"M",6,"good",44.8079826037252,69.7931151752104,2.73170027588286,2.27188493788528,10.8957004123877,11.3777565054156,12.0673394702382
24,12,"M",7,"good",47.3823145950302,70.6829392001685,NA,2.50064982464635,12.958576943534,11.3366433713937,19.7934365455842
25,1,"M",1,"good",46.1251275656183,69.8957312631691,3.26863285678079,2.10051575261046,12.1840000867133,12.403360085358,21.1925972355846
25,1,"M",2,"good",45.8278134534647,71.2692736299191,4.14385140055025,2.22171842282237,10.4283654761623,13.0643143639474,17.538874404544
25,1,"M",3,"good",46.0538663766333,70.6700214536736,5.12685109960709,2.22185727665087,10.4746746559122,11.5152810173385,20.7606552842605
25,1,"M",4,"good",47.4546858869688,71.2082697936035,4.67090612677237,2.18064320854925,10.5191912953589,12.9418184685506,18.7297841980073
25,1,"F",5,"good",45.2280414276776,68.4109533053849,3.73939084965551,2.09283835042908,12.508272993598,12.769598012518,18.1667920628593
25,1,"F",6,"good",45.5943386274077,68.9690132897501,4.08015147485195,2.47288607712434,11.5432525624467,11.2909375776318,18.2826510421509
25,1,"M",7,"good",45.2651757528873,73.3360416204292,2.99843730008887,2.28942359886215,11.0773591799709,11.3947414959636,14.662826860449
26,2,"M",1,"good",54.1895418219158,77.9905603940958,5.38977784969991,2.96615765702557,13.4643455297745,8.05641373159259,15.9282892815455
26,2,"M",2,"good",55.0601388936232,78.1029467967141,5.68383792191474,2.59051824467056,13.2048543735417,9.46855771177402,11.9881319846858
26,2,"M",3,"good",54.7094393114093,80.6766885968167,6.05952526666108,2.65347932725757,13.4158735106978,11.3983774617611,12.128203732772
27,3,"M",1,"good",50.7994244440839,75.1637365539806,5.31326187864298,1.78430823560339,10.417862595973,10.7466392175823,13.6367034967186
27,3,"M",2,"good",48.186786933222,70.8939738546203,3.41531281388737,1.79255162754754,10.1717328843891,9.60427899198118,21.3719122086272
27,3,"M",3,"good",46.7833132653673,71.2749148698058,3.35402905033968,1.76510572948832,10.463994553511,12.4490426953961,18.3428191621299
27,3,"F",4,"good",48.2586679512081,72.5045986566192,4.4292799007281,1.88386332399054,9.97465244406593,12.0202506671876,21.3482643178256
27,3,"M",5,"good",47.6375974761068,71.0609332729525,4.14525248306803,2.01719404569417,9.38168882901332,12.871596012117,19.1972063907839
28,4,"M",1,"good",54.5594218636533,77.9468685093568,4.94662117710626,NA,15.9643625522077,8.36955319126466,7.25317075592411
28,4,"F",2,"good",56.1693180099135,77.6078233033932,4.56240695024479,3.59010077370434,16.5780468924134,6.27103791680194,10.4200968331998
28,4,"M",3,"good",56.8533995741802,76.1915025721845,5.4161301923412,3.30103980695419,15.652413548011,6.3421778545399,7.14735042837555
29,5,"M",1,"good",47.0568647485566,72.5364826238269,4.19451882111748,2.02381634357872,8.73842362059578,13.208882516958,17.8976265066779
29,5,"M",2,"good",47.2616611200027,71.4058357437397,2.29030732889439,1.64246011902319,9.26870307407819,14.4998910838348,23.5885835970069
29,5,"F",3,"good",43.9264683105382,72.6437495993269,4.65240043972462,2.02520485661232,10.2231347672733,12.6952283086929,21.632349730178
29,5,"M",4,"good",49.0371463694161,71.1730090890853,2.38613207021429,1.59698578736809,12.2423945339528,12.2789571772782,14.1927190576444
29,5,"F",5,"good",48.2279141275626,71.5530137833548,1.58094296324521,1.68057119912164,9.81848031618976,12.2004799436278,16.7187980331849
30,6,"F",1,"good",45.3017859548932,71.1721858632563,3.45703005897106,0.965694260014324,6.72147582291393,13.7728452558449,26.8361738347667
31,7,"M",1,"fair",45.6315857587827,71.615723834615,2.61999243244346,2.01369962643024,8.93009981310614,13.6075831370348,19.0624948385891
32,8,"F",1,"good",55.5119660985162,76.9673793511497,5.81813335761548,1.99524267483245,11.1112507364379,NA,11.4396793712862
32,8,"M",2,"good",53.9425895751534,80.3243925507425,4.65546050645279,2.10659473553024,12.8420294290426,12.3434485995452,12.9603138900959
32,8,"F",3,"good",55.2988212318331,75.5495481455249,4.56777085548538,2.08508576884131,10.3952405106735,10.7439465311405,15.6141230524019
32,8,"F",4,"good",53.9628507573785,78.1887485354428,6.4364040850562,2.18492270539287,11.4224585248795,12.0163805456069,11.3881113948478
33,9,"M",1,"fair",44.3374213707953,66.6693176776988,2.88406238991461,1.66252155308456,8.02000179537853,12.2193500663514,16.3921003927029
33,9,"F",2,"fair",47.1928049794908,70.6548183806673,4.53675438801578,1.29427654158844,9.21036166217832,12.9577059643069,23.1633863011356
33,9,"M",3,"fair",43.7979969327881,69.74596416681,3.25961883881358,1.46593608648552,7.41955874475142,12.3128994448073,25.4281612003611
33,9,"M",4,"fair",43.2400722529676,65.485661343631,2.32640609752382,NA,7.11465787633958,12.7118376286562,24.2260710628576
33,9,"M",5,"fair",44.5074711423009,72.7585383230579,2.97357924028046,1.83263761612234,9.40484016206675,10.8032296435924,27.0696254923736
34,10,"M",1,"good",47.4473854976874,75.1379974663547,4.54383516982381,2.01429743553288,10.0368105054186,10.8849067767533,22.0496547116865
34,10,"M",2,"good",48.7723852759879,73.5714262012196,3.02839965488006,2.39044790447997,10.6015030996526,10.8972216461442,18.5481807412042
34,10,"F",3,"good",47.3797212373555,72.1809383325116,6.06959611572363,1.84103230272795,9.47500438663133,11.3108748681863,20.4422220847276
34,10,"M",4,"good",48.8409364900131,74.6052400173267,3.30159849612556,2.14505366846418,10.2922485691188,11.4838637856088,17.3570648464852
35,11,"F",1,"good",54.581476363219,77.2425241382516,5.81458049175141,2.5621362008586,12.9571450294327,11.1894545494205,20.4410194035074
35,11,"M",2,"good",55.9613887885705,74.9789822561441,6.69290899148398,2.25831565580626,11.1979675585857,10.0745250502101,14.0022489129368
35,11,"M",3,"good",59.9259682219509,79.0136432767776,6.87344596280064,2.70302786876501,11.7379592376398,9.97376412659944,19.5700953266193
36,12,"F",1,"good",46.6474788305723,73.7432758449718,4.13061718842281,3.03856528856821,12.8898948028712,7.43891486248135,6.52338884948117
36,12,"M",2,"good",50.6245482301625,73.838296525109,4.6518611817599,2.81671606736598,14.1642156341036,5.65317946234143,11.5720973154129
37,1,"F",1,"good",49.8742916980247,68.3823540064962,2.66002237244741,3.00981532748899,14.2619374042926,9.06894485417739,14.5063153381613
37,1,"M",2,"good",46.4321567113335,69.1431378600175,3.68849369719951,2.93382190828548,12.2909399868168,8.10106522925541,17.153994442008
37,1,"F",3,"good",45.7196030298433,69.1850514909101,3.17594690422672,2.73818566992688,12.9152951034495,NA,12.5745106838322
38,2,"M",1,"good",53.9955368113699,77.511153316487,6.025484073835,3.35140264174073,15.5531814412268,10.139293583768,13.581675051781
38,2,"M",2,"good",54.7869247810787,80.0925788069121,4.93131368493241,3.18924089046788,14.7618655026849,NA,10.6582045099721
38,2,"M",3,"good",56.3396387334792,80.5659391354394,NA,3.18850831428735,15.3475591731166,6.76519180782907,NA
39,3,"M",1,"fair",45.2235040123186,70.76913318219,2.34937458309609,1.24598889020338,7.81216797369641,15.7175712440042,21.4751821347381
39,3,"M",2,"fair",41.9474481410151,67.0180271277653,4.58855874221485,1.25653804427949,6.94755124787777,14.4240973239052,23.708193143413
40,4,"F",1,"good",44.8406466233318,72.462775934225,2.40797945726319,2.27407415374133,10.3959564958621,10.1831596700932,20.3012706162293
40,4,"M",2,"good",43.2034244439705,69.184265635477,4.00836611919096,2.39633889357396,9.61191131216774,12.1349408771205,17.1041130843319
41,5,"F",1,"good",59.2212192116007,79.3299542592902,5.38856229400893,3.08326121649685,15.3559213911468,5.3155592250163,10.4200241083767
41,5,"M",2,"good",58.927435781884,81.8590004889048,6.48270937503914,3.13488427214893,14.1966637329567,10.2142436378832,11.5237597157099
41,5,"M",3,"good",61.8856360996826,80.0825316511589,5.89254343602186,3.10063381530684,15.0791004263491,6.45585011767887,NA
41,5,"M",4,"good",58.8072914749215,79.8112913947538,8.14069760536355,2.95497682841261,15.8729924840435,NA,8.00441804747713
42,6,"M",1,"fair",41.3886857525791,72.8114512053086,2.73365917564482,2.05486942397137,11.1244946899928,12.6239399369788,NA
42,6,"F",2,"fair",47.0028091710471,70.7897101843001,2.69940930784553,1.80950927066863,9.35161984493178,11.6072750364287,20.5888976691989
42,6,"F",3,"fair",45.0418704455694,71.0768074070451,4.21648620405045,2.15672699241478,11.1239864536242,11.2309006128436,18.2109027429212
43,7,"F",1,"good",50.3337696333736,74.1747416724914,4.17123784078681,NA,11.1920768375111,10.4183508121003,15.5169999108366
43,7,"M",2,"good",48.7392967065266,75.9397653108635,5.30603382611521,2.40255420735826,10.8071635584838,10.2685372320291,16.1242452707159
43,7,"M",3,"good",53.3738283830159,75.1865175593722,5.26907516055358,2.58521854311667,11.2350378880875,9.49644873553805,13.5532222283042
43,7,"M",4,"good",51.8203656254847,74.3171723112148,4.75280269046638,2.61860954969799,11.2059240300061,9.98082531683652,19.8703285629027
43,7,"M",5,"good",51.5037210119722,71.8266080884945,5.16318051118732,2.65427783362324,11.6364074625417,11.816080557878,12.2842439634946
43,7,"F",6,"good",48.4328397950094,73.1959608177567,3.35241674516604,2.15088322026412,10.2868046834609,12.0661863364316,13.1629978305732
43,7,"F",7,"good",49.9136997197703,77.4751021831667,4.06539754742892,NA,11.8579388677346,8.44290639304035,14.9495923491468
43,7,"M",8,"good",51.0880241430718,75.1347882620186,3.57011005300219,2.35110905869059,10.8955660254375,9.17207416928497,13.7090529081691
44,8,"F",1,"good",51.6373279038807,70.8033759107601,6.4734618823313,2.70003642465861,12.9866755220892,9.7919212921433,14.9309728600315
44,8,"M",2,"good",49.7745942148129,69.8467693611357,3.90990809986072,2.14574180599696,12.9237756342415,11.341316981266,13.1979768892523
44,8,"F",3,"good",52.3723381478119,71.8328648485363,3.45247933133453,2.22031496440738,12.9392617422695,9.66156442012361,11.1386159162305
44,8,"M",4,"good",50.6067070845388,71.3090360212156,NA,NA,11.8103307048048,8.94010426779465,15.5884604365045
44,8,"F",5,"good",54.2799797076275,69.2936669988787,4.37292668488149,3.21116810745705,15.012686953558,7.70472694956695,11.419586575885
45,9,"M",1,"good",50.2190496880438,77.6861017179541,5.35058468485254,NA,11.115516500352,9.20384745657356,18.119844579306
45,9,"F",2,"good",53.8513169824287,78.2828898932791,5.45642965038388,2.7163573851852,11.5535952604477,9.8762863618575,12.0812585902397
45,9,"F",3,"good",53.4021546607707,74.5957233907006,4.94429931543379,2.75268124399644,12.4192132518276,8.76087265339562,NA
45,9,"F",4,"good",51.0488934218865,74.7598695774847,5.09312806730987,2.63390046730686,11.4285308815914,11.2801199743617,16.2056080950897
45,9,"M",5,"good",49.9736286799946,71.7021500092291,NA,2.90697793837477,12.7610052304785,7.50616301031284,14.5929679918705
45,9,"F",6,"good",52.4662528416462,72.8831704620078,4.5701414928028,2.56320854925195,11.281158711908,11.7508251612665,12.1248063165676
46,10,"F",1,"good",49.123537621871,68.8905480955027,4.19015763280482,1.80856777672658,9.72483041780176,9.55997952789467,16.9838112655484
46,10,"M",2,"good",55.0717407269224,74.0001113710683,6.43203974547119,2.39312557614879,9.92986800696315,9.73202505897572,13.9708193112715
46,10,"M",3,"good",53.5892527479714,72.5136794461941,4.38334311327982,2.14193080267207,10.5941580578742,NA,NA
46,10,"M",4,"good",53.0762883926924,73.5574748189919,4.94708409190153,1.82180969670243,9.4843430266032,10.5157152188181,18.1807245088527
47,11,"F",1,"poor",43.8788925627038,71.7637991038105,4.43153968442508,1.59422130862325,5.85014968500351,12.4318521045014,19.5625007194393
47,11,"F",2,"poor",44.1990222567575,70.2885667895116,1.92947237820006,1.55881571051103,5.90456552076694,14.1455051426018,21.8419620836411
47,11,"M",3,"poor",47.5882658467768,66.4418637681364,3.13588396522241,1.1338863245493,4.87929501008642,14.6961257766572,21.3387825585106
48,12,"M",1,"good",49.3263249638887,74.5733491073398,3.16572373657105,1.85156282067038,9.9381791523043,13.1936285415088,19.5721561474151
48,12,"F",2,"good",45.849689348082,72.296889703607,1.78826568930842,1.71070294785397,9.12862280425114,11.2230862725081,23.9885437753842
48,12,"F",3,"good",46.1664509997576,72.8744942416239,3.10017915897639,2.0624337701075,10.8554602862411,12.2069378438224,14.8758352308441
48,12,"F",4,"good",47.6924074677466,70.29351064228,3.83886112974746,1.95281524017103,8.89903935628288,12.987791062396,16.4821612449117
49,1,"M",1,"good",49.4381797642037,72.3801609634977,4.08638639965853,1.33976582069549,7.13112427239928,12.9035809676038,20.7247086558385
49,1,"M",2,"good",54.5775834991433,76.3405235431675,4.42955208553203,1.62887962977228,8.48544786233846,10.5025293412405,24.1538156395613
49,1,"F",3,"good",51.2809592963673,74.3554971939024,3.89892545449774,NA,9.33883047013399,9.84529430520357,22.5471126127548
49,1,"F",4,"good",49.2794518895588,72.3367158418593,4.03878084295264,1.65015176189235,7.89538009122994,12.2088891566116,22.2120998920127
49,1,"M",5,"good",50.9674418954762,75.5965006870734,4.36079638008636,1.85014738307528,8.42989371071957,10.5652420148342,23.744010560303
50,2,"M",1,"good",48.8953487809014,69.5340671161441,3.30278601375991,0.940803102571988,6.75936016212012,11.7616745091913,23.4673415489432
50,2,"F",2,"good",48.1272837238887,71.6138765642006,2.85382745423447,0.805252652728859,6.53277473424665,15.8683863873865,22.9790352198413
50,2,"M",3,"good",45.5682006540038,70.8383926317781,3.70364182694914,1.0729568448637,6.46443660703638,13.7246066133875,22.7690895935184
51,3,"F",1,"poor",39.5490239932898,65.2962287360604,2.85031000996606,1.26388899028911,7.36012911355059,12.2715180374942,21.7373173653041
51,3,"F",2,"poor",44.1662378850574,68.5403863456839,4.41952036928726,1.09054733909913,5.11852090204678,12.2479620112581,21.1318747717236
51,3,"M",3,"poor",42.6436365138273,70.0871343915895,0.909662607764993,1.20618321261371,8.18253189762785,13.4994824469918,25.4109467969222
51,3,"F",4,"poor",40.7412598326255,67.0309469853042,0.269915576961552,1.12029481897454,6.91399563899339,13.1903774231686,23.436507966116
52,4,"M",1,"fair",44.8645476948006,69.0162899777152,2.78985689275082,NA,8.62106968702567,10.5665623425909,21.6933911836829
52,4,"M",2,"fair",45.3983241710699,72.1622631876109,3.00930091464849,1.74631418274449,8.48239236488212,10.4809790621151,18.4606898704288
52,4,"F",3,"fair",40.7066859795486,68.0731922388506,2.64977106882747,1.98206273628443,10.3939570513176,10.4643020236413,24.0076900121886
52,4,"F",4,"fair",42.7226401199333,69.9472836798805,1.34216200097597,1.72943426795198,9.67772242413871,13.5294358862899,20.65090029446
52,4,"F",5,"fair",44.1143612441712,69.7668800206111,1.87391316462265,1.91050959316788,8.14621531842835,12.3119243408106,22.4197582082078
52,4,"M",6,"fair",39.5614809330472,66.477248657243,NA,1.81406617036817,8.83430301706417,10.4748173223661,20.5509838248646
53,5,"M",1,"poor",33.4001238472859,61.3970802920629,0,0.366066885234531,4.17083330422365,16.4756136310795,30.0689387243812
53,5,"F",2,"poor",31.0831144473816,63.4620240297764,0,0.640698635992316,4.83561939321968,12.5761455942593,29.7215856393588
53,5,"F",3,"poor",32.4322552886805,57.9970230064762,0,0.674169062077376,4.63325429910105,15.6366715134616,31.5194890652976
53,5,"M",4,"poor",31.6529023060504,58.4336272161292,0,0.54054972343886,2.60077419478751,16.1497715024742,26.6813712393801
53,5,"F",5,"poor",36.1793725540653,62.4949014215488,0.907446736257142,0.771084795501249,5.75579916899997,16.1402067503427,25.120343454483
54,6,"F",1,"fair",47.0790158626867,72.0687683782544,3.68898041794918,1.59190224222703,6.61100133034907,11.9231542181798,21.5158517807669
54,6,"F",2,"fair",49.6940955556586,70.4096853104389,2.14662525024618,1.47899144658742,7.58424223323745,10.3745743209768,18.0164009946309
54,6,"M",3,"fair",48.3084294166075,72.5627639050785,2.41245532545546,1.31221990897365,8.67487521489014,10.8502539168087,17.6062157835276
54,6,"F",4,"fair",45.8563312772009,68.2075166022166,2.49965915982424,1.71578883775415,10.1846138699748,12.6838165099315,20.209429217296
55,7,"M",1,"good",46.7291138762062,72.3472534046685,2.71495921063289,1.08087802422642,8.29260346803949,12.7240165985682,22.1699647038639
55,7,"M",2,"good",48.3295317232578,69.9131963299474,NA,1.37170253127869,6.61132492436022,12.2181591383177,15.7404798912706
56,8,"F",1,"fair",42.7895594082839,72.8695708704246,3.33094564336826,1.77830887458772,9.05586743810092,14.2421821380399,16.2675800128483
56,8,"F",2,"fair",45.5185736564124,70.1184242503626,2.8394444176446,1.83640773324833,10.4362076014756,13.4005325823109,17.6486890622471
56,8,"M",3,"fair",43.77377966303,69.0929778264712,1.91930028483486,1.60577522064632,9.34993475201781,11.9416890384809,26.0022816141966
56,8,"M",4,"fair",41.1830342396188,71.5778740483306,2.25006759086725,1.70323469033993,9.72284625405692,11.6519376238932,20.0208570002702
56,8,"M",5,"fair",45.8185673580848,70.1741674151608,2.39166531271519,1.85783678761193,8.9834001265051,12.7439393216589,21.2618984489553
56,8,"M",6,"fair",46.2741261338227,70.2117327791995,2.38176595036131,2.04018279538206,10.1061508456766,11.176730433942,NA
57,9,"F",1,"fair",43.6544429613836,66.8057615705962,4.22768540560772,1.9727633520377,10.0275676112792,12.0944972069722,19.0287842222909
57,9,"M",2,"fair",36.2060785646053,68.6194527605383,1.26501037574706,1.41017376147727,8.91657978350689,12.9769220372357,16.5141228515724
57,9,"F",3,"fair",42.9700657023623,72.7305288645453,3.08138053125229,1.81179598564016,8.75263476585729,12.390647358064,18.729709517908
58,10,"M",1,"good",43.9349272849745,66.0655693080044,3.41806881254304,2.68153421320885,11.3523091602176,10.1188303945287,14.4795880391914
58,10,"M",2,"good",47.2830715148602,69.375568768184,4.1063060202342,3.05556170416399,13.1295473156677,9.55697955710551,16.7871764328239
58,10,"F",3,"good",43.4344477921903,67.5325562769476,1.88606958033384,2.80553511211946,12.269865507081,11.0041596504767,15.9432612609758
59,11,"F",1,"poor",35.1986089569915,63.0783866571309,1.62654991939994,1.43754821679533,4.9186794085114,15.3121015229018,30.4359533569908
59,11,"F",2,"poor",37.8304260216277,61.3053724655121,0,0.849281771790093,4.11053563144541,14.1791004112654,32.1106647977616
59,11,"F",3,"poor",34.9578521492383,63.7129344079975,0.235016704443214,0.82129389875706,5.10605816239153,15.4925771826507,26.1063192354008
59,11,"M",4,"poor",37.9735834870256,65.0699903364414,2.60681053105638,0.966805867924725,5.34390310333382,15.597937207713,24.6884041331723
59,11,"F",5,"poor",36.6645776424965,64.5857959781989,1.25214845256868,1.10316065201292,3.75974154113231,15.0243775347204,28.1761549220094
59,11,"M",6,"poor",37.6020115642715,62.135734060926,0.084597005283237,0.920804359812291,5.34510213880645,16.3743231075956,23.570126164969
60,12,"M",1,"good",53.9073611289231,78.8143361441193,4.12148372203257,3.75809140606965,15.9718264084468,NA,10.5553700427762
60,12,"F",2,"good",50.3938262132878,76.9170555913406,4.34093263154752,3.41101392061967,14.3739324462844,9.80361318237751,10.982379991146
60,12,"M",3,"good",51.2048829584004,73.5779700294183,3.45367356028913,3.3460316733907,14.0068920697832,6.88403062615581,10.5070807451082
60,12,"F",4,"good",55.4812374862514,73.9058481093815,2.50356835535459,3.09131802452923,14.505940744899,8.01313278426327,7.97125218416922
60,12,"M",5,"good",52.3260440071654,76.4727871985634,4.64121361012904,3.31564621742895,15.4526172568055,10.1625034526826,11.1366500777252
60,12,"F",6,"good",53.1922054890169,74.2705097036911,3.52477232666879,3.39612659970282,16.112616960907,7.6541781228557,NA
60,12,"M",7,"good",49.7301856089063,78.4619879301236,4.72329817131295,3.26823002976584,16.0488507997675,6.77633133307335,8.52517731229869
60,12,"F",8,"good",52.0621744617754,76.9533588398595,6.43518095348707,3.51751005089643,17.6606108778056,8.35485318320333,6.83536618660457
61,1,"M",1,"good",50.4141676032161,78.2736386337568,4.7062605512056,2.81857079329801,12.3106685976766,9.02256175090836,13.8278321948716
61,1,"M",2,"good",52.6932939911194,73.6217350617242,3.55796829215518,NA,11.2397489160879,7.69470156725965,15.7761759891617
61,1,"M",3,"good",54.7599777262467,78.9895510930488,6.05742001277167,2.43812846582556,13.9014166302897,8.85599861058468,17.4088841882375
61,1,"M",4,"good",54.9795759050448,80.1250042430353,5.37289229223211,2.63235636030928,13.9983525020793,10.6549817477699,9.80172291494721
61,1,"F",5,"good",51.394676129908,77.4916425136141,5.41021867829124,2.751099217035,12.7791193048821,10.528498418213,9.90284364658595
61,1,"F",6,"good",53.4180200419966,77.713249456284,2.8324937828075,2.63578079257423,11.42723999541,8.44356201226,13.4538580005302
61,1,"M",7,"good",51.5680231263602,73.7706432851639,5.71462328578764,2.27582697888428,12.6791997172507,10.2295606564553,11.4403992959993
61,1,"M",8,"good",50.0310344237422,71.3966020237873,3.91954014976169,2.75314623867728,11.8625054031183,10.7208367175198,13.3208030988456
61,1,"M",9,"good",50.5838568619212,73.7819472315356,5.01030800464557,2.48707152255583,11.7178307675888,NA,16.7434329335873
62,2,"M",1,"fair",50.0062126306686,76.2156015062959,4.81323322876491,1.565414900369,8.96125767605959,11.7939372192435,NA
62,2,"F",2,"fair",53.050284008404,74.4024740653028,6.67071846502195,1.68094484939304,11.1650432589563,12.0093248829588,21.8896525406194
63,3,"F",1,"good",51.3791216233167,71.9224493553207,4.20910411605336,1.98055541612278,10.0378904645884,9.93314033053598,19.4384746303035
63,3,"M",2,"good",48.3391585091671,70.2693321078087,4.58170377271989,2.12160481509983,9.88984971103055,11.2189150168435,21.2313460528706
64,4,"M",1,"good",50.0479786849963,77.4842964652416,4.9384895559136,2.2448866435634,12.0457633912194,8.08656385462622,12.0867194421939
64,4,"M",2,"good",50.8791584305383,77.2914061845629,5.32353649074314,2.92985817694047,12.5666338127658,11.7636784744168,15.3679174073455
64,4,"F",3,"good",46.5930620520855,72.09812147425,4.09626955637107,NA,10.2515306461838,9.55460835993294,15.8575388431502
64,4,"F",4,"good",48.8107246547032,73.3047203065196,2.85384779797584,2.15569356667045,9.72723445203029,10.9771939946714,14.916178642988
65,5,"M",1,"good",57.719076881588,79.1218788386812,6.63097032081176,2.63814405109593,15.4808843194387,9.57488528174392,11.7574782878172
65,5,"F",2,"good",57.9159571794757,77.6301501372826,NA,2.75491619447809,13.04975426006,8.84191711633506,8.66446386843175
65,5,"F",3,"good",58.6407935518815,78.9227599374314,4.75533189876894,2.58957651137024,12.2855829840841,8.76302374289162,9.90316139481175
65,5,"M",4,"good",54.1159435815085,79.6540129724397,7.48648131463758,2.36719127085624,12.9775318467631,9.39901518933767,12.5179810183444
66,6,"F",1,"good",49.1246689114339,72.1979323534624,NA,1.12228065280654,7.74861712457191,11.7692881990502,21.4285422469056
66,6,"M",2,"good",49.7529753434469,75.174847670805,4.21593026366172,1.1444567270818,8.64410115830597,13.0896508190115,21.1000478645995
67,7,"F",1,"fair",42.3933436010726,64.9132663582797,1.78701880347913,1.46063329580894,6.80285770329596,12.7883213993248,20.7418117098109
67,7,"M",2,"fair",42.0377607565004,65.9919034896345,1.21050904467013,1.1344494652986,7.73662303594988,NA,20.35417302176
67,7,"F",3,"fair",43.8472553869256,65.0378187761226,2.26061435921241,1.66895764411553,7.98554582194291,12.905961205518,19.6514434324223
67,7,"M",4,"fair",44.602849165893,70.155550751187,4.84043213535406,1.64244652242834,7.8521645513753,13.3245258567264,19.9973094101857
68,8,"F",1,"good",47.2791137359603,70.9327733198376,3.44343469725825,2.14620253606484,9.93032907594644,NA,14.5384761902607
68,8,"F",2,"good",48.6389100340264,74.8803848005001,1.86268689221747,2.08274265984322,11.813832351462,10.1185132855025,17.6154593684928
68,8,"F",3,"good",46.1814019837498,74.3360069329685,NA,1.82270707875397,11.1625763622094,11.3705612850743,15.3930882087852
68,8,"F",4,"good",48.1596495808067,69.7555618613321,4.66127207039811,1.81768446691249,11.1522248411997,10.0260217841945,NA
69,9,"M",1,"good",50.7735973313931,74.128985892778,3.87859875280751,1.89183584368689,8.29942946939218,NA,18.7649921584741
69,9,"M",2,"good",52.8384178221374,76.382871881836,4.78452482340675,1.85087495823821,9.28052880923751,13.1153568301693,17.8736743204999
69,9,"M",3,"good",49.424308911172,72.3815644691843,4.87995328666101,1.74552521119988,8.86916124051336,13.7931504163428,25.031907031944
69,9,"F",4,"good",49.9288966353829,75.5965161537629,5.95281900075921,1.78254806397099,10.6832048953304,12.0840013019348,NA
69,9,"M",5,"good",52.0672527554896,71.6586674913244,4.851646892813,1.93167128206864,6.91959986543923,13.450135060614,22.5304707003774
69,9,"M",6,"good",53.8156356499202,75.1476909196333,6.23577501566332,1.90555725655506,7.91884684400758,13.1950693861706,21.769463500566
69,9,"F",7,"good",50.7074102883022,75.4991793802104,3.86653554804036,1.90146019931896,9.09964206756928,12.8114706373997,18.7075108013263
70,10,"M",1,"fair",43.0428966041994,69.7293331291039,1.841400778461,NA,10.2197102886426,NA,16.344089161045
70,10,"F",2,"fair",45.7246408345541,66.3197033964989,1.72264470049887,2.02725087986899,9.73082953613708,11.976965625042,20.0449272436744
70,10,"M",3,"fair",44.2847536748823,68.5609075851081,2.99104436439537,2.22747354420371,11.3463393860481,10.3474177615538,21.3057986860963
70,10,"M",4,"fair",45.7849110015751,68.536346713689,1.01593075835323,NA,8.45058316329137,NA,17.1244505878654
70,10,"M",5,"fair",43.6813151985934,68.3624479464974,NA,1.9659860933353,8.62655750558285,12.8582556433824,17.9998153258447
70,10,"M",6,"fair",42.8060129807994,71.2003625976354,2.86519107630277,1.98979583638824,9.07377832132923,9.21044819882125,17.7718846795769
70,10,"M",7,"fair",42.0761538607117,67.8062966509045,1.64126521090289,1.95678125432829,12.8670731710647,11.0884353858017,21.514149762966
71,11,"M",1,"fair",43.6499003068221,66.9983995369493,NA,0.32619979909681,2.3613584076127,17.5593073823393,31.4430278280567
71,11,"F",2,"fair",45.7446115566622,68.1205403691159,3.02915153487004,0.091721565304037,4.23849855705269,16.0899591115151,28.75292308428
71,11,"M",3,"fair",46.727502913913,70.5043140345585,4.45865359367301,0.0996940704592339,3.85639770552688,16.2095282477742,28.6642422157315
72,12,"F",1,"good",54.1356801425953,81.2575802625459,5.78772688043902,1.57823100261481,8.98388561791399,12.5212218224751,17.0354456611109
72,12,"F",2,"good",52.2337066413546,74.6192670694924,4.31508734244874,1.69773743089372,8.83279157715312,11.0212737270525,16.9743132178281
72,12,"M",3,"good",54.0614548774623,74.6460216192411,5.75582946360372,1.73396487046747,8.16580927092229,12.1846035715604,16.2621283704984
72,12,"F",4,"good",54.4679572738915,76.4024032534622,4.53876747317279,1.80743433171369,10.3552871600475,11.8455595778093,23.438951431131
73,1,"M",1,"fair",46.3591027002167,71.4944748590041,NA,1.68131829100475,10.0228512455622,14.4628799561562,22.3387912791633
73,1,"F",2,"fair",44.2526068739003,65.4203617592397,3.91571182909654,1.75263481705839,9.57829565398079,12.7864234997519,23.8082616847994
73,1,"M",3,"fair",46.8607491252756,71.2210633830604,5.06359135991759,1.70523518164991,8.35337552146748,14.1787956924099,20.0279944730742
74,2,"F",1,"fair",46.7725002181787,74.7178564460671,NA,NA,8.21478483869594,14.083844397187,20.816745823532
74,2,"F",2,"fair",47.4399309477595,69.5126968268032,1.83017020663855,1.20328493243225,6.34432309542976,11.3701208999145,22.9053177585695
74,2,"M",3,"fair",43.8207006861372,69.9849985324171,2.45679878409988,1.06178109268369,7.35908271392654,14.2665719261413,21.4249556573525
74,2,"M",4,"fair",49.2142556564271,72.1739977494025,3.31049612363627,1.68794552635717,7.46177038246033,11.6908367807579,NA
75,3,"M",1,"good",46.1034103851388,70.4644573434796,3.71974200871968,1.54912500506514,9.94301911874123,11.7304963463172,14.9670855692997
75,3,"M",2,"good",45.8445053233495,69.2874179566143,2.93901156592827,1.52131633861375,9.86118527034547,9.49992871375223,16.9570288039555
75,3,"F",3,"good",45.3559328760827,68.5055781202779,2.88320943114447,1.84822390388612,7.46198479526861,13.1997720634739,23.7300470577836
76,4,"M",1,"fair",42.8272442380915,72.5593081026551,4.07193965465431,2.54673302295616,11.6918000345421,10.1243439766637,13.3929486527171
76,4,"M",2,"fair",42.6075085752101,68.6632295507533,4.62683758289234,2.6141166010854,10.9057169321641,9.85636793687821,12.0535808233782
76,4,"M",3,"fair",43.517734124206,70.6123253585923,2.1769321042747,2.30858033669156,11.1534093706332,9.21484755584024,20.7764113115297
76,4,"F",4,"fair",43.0554091637454,70.1648993422404,3.83368405287058,NA,11.0300464009577,8.73815774933466,17.2778991912094
76,4,"M",5,"fair",45.5519057301253,74.0641412564744,2.45014839861958,2.69865585443983,11.7071021183759,10.8171435551768,13.7167486806498
77,5,"M",1,"fair",41.3427308787535,71.3087889183743,1.58644020945617,NA,10.1618412775952,13.5847985759808,21.5876892168082
78,6,"M",1,"good",46.0970614991022,70.4895300569808,2.3981054094206,2.09175388734316,12.3213026214284,9.79345568166507,12.4781053159988
78,6,"F",2,"good",46.9986565886226,74.3719656794066,1.8374029822846,2.38317434077498,10.4756165770505,11.1860733233827,13.4580448313535
78,6,"F",3,"good",46.0679269636936,72.6714105214519,1.90011633055616,2.04198636572609,12.772642538651,9.28861036973874,14.8980608499687
78,6,"F",4,"good",46.3677805735191,70.2496621846693,2.83962421819323,1.9413188415437,11.9185821601099,10.9677502350974,18.2065421051515
78,6,"F",5,"good",46.3459789099548,70.8075975757301,4.36913119434493,NA,11.9791915503692,10.7183638085652,15.9157679635526
78,6,"M",6,"good",45.0754388408019,71.6031038855084,2.25713630530664,1.97927665375926,10.3544902819512,9.68070626316159,11.2661343949749
79,7,"M",1,"good",48.7206739924832,71.8648783372901,3.16060768253632,2.82706444426077,12.2439481762874,9.15550346036874,15.7750188643171
79,7,"M",2,"good",46.5224598021044,71.8898087124103,3.69155177193681,2.55277729339592,10.6779982329639,10.943514989106,13.03164659621
79,7,"M",3,"good",45.986753019248,69.3044820536181,3.92732033923868,2.30611407556754,10.230118037168,8.61274736041527,NA
79,7,"F",4,"good",47.9678091794151,75.7934723485517,4.20246074517626,2.46333720673632,12.3825163180286,NA,14.0834361460224
79,7,"M",5,"good",49.2528467665837,72.6667337650234,2.65496002154945,2.19963960151877,10.3097233328635,9.10196843105907,11.7583267240673
79,7,"M",6,"good",44.742248808759,70.3394408599511,3.44737069887881,NA,9.38126942502953,10.7435807847854,20.0190458757626
79,7,"M",7,"good",48.463656511699,73.0788418812617,3.56492010757404,2.20803965617041,12.5621978370274,9.27490889769713,13.5887451166862
80,8,"F",1,"fair",52.9142401083073,74.6098273915453,4.373850423912,2.26791876960686,10.1123790065772,12.6279660213756,20.7203161786975
80,8,"F",2,"fair",54.3296707567382,77.0192321658693,NA,2.31922654181016,10.8125600453186,10.8283683853218,10.7395422572959
81,9,"F",1,"good",54.3935187397114,76.2057708606859,4.26919719782833,1.70444186118158,8.51713202496362,11.2325808471389,21.432858683279
81,9,"M",2,"good",50.9862433131783,76.2045838900789,3.42545584835734,1.52730397142275,8.94868325600976,12.4700060780842,18.8360853238518
81,9,"M",3,"good",50.0478929327558,75.8786161931184,5.01172307282563,1.4176790528456,8.52525496308979,12.0352286013057,20.7610707932904
81,9,"M",4,"good",49.8037891370761,75.6805040250977,3.66776866559126,1.42120615859257,7.34654440307398,12.3687602058879,NA
81,9,"F",5,"good",50.6127464423735,75.8174444218727,6.22147030024631,1.30675588809085,8.31655533460659,12.7158667353025,NA
81,9,"M",6,"good",56.1884829353347,75.8512041472657,4.4560208289827,1.86609871298211,9.34604284703523,13.4386514497197,22.0491349345762
81,9,"M",7,"good",56.1433471117073,76.6639333853287,4.89100418217361,1.76959364624798,8.21594042495713,10.5204300886545,17.9151744563677
82,10,"F",1,"poor",30.5910628564121,56.9817630119031,0,0.885569221051163,2.76045322869216,14.4363611105049,33.2393126008766
82,10,"M",2,"poor",28.3739921165939,57.6183589294104,0,0.497136433784851,2.51366647926822,14.9889452063004,30.9125743205519
82,10,"M",3,"poor",30.8928196645934,58.6318659776846,0.731850660637307,0.467000198892889,3.00518319986028,17.3135554940756,NA
83,11,"F",1,"fair",54.3493322697698,73.1358014591704,4.75546377474349,2.66291022767058,12.4290884024172,8.47332657932402,15.9849908421358
83,11,"F",2,"fair",46.3752372023829,69.4727361628836,3.51424905678927,2.23797357604656,10.7568351387676,11.8376843799257,19.8144781004564
84,12,"M",1,"poor",43.1979121628577,68.3412307834482,2.51756012245057,0.646747612714119,4.13059621871663,15.0869861104828,29.1064567724976
84,12,"F",2,"poor",45.1909257758172,64.4061180293947,2.6058875138874,0.506769188605714,4.57993637165328,14.6542469224695,28.6073992462154
84,12,"F",3,"poor",43.2906211824549,69.7577345919233,1.95044651778322,0.545070075328283,3.84619195137551,17.129113600912,NA
84,12,"M",4,"poor",43.2568632004268,70.4666831003726,1.64779985716406,0.65729562975635,1.78540220291208,16.0656212535581,NA
84,12,"M",5,"poor",43.589262224949,69.0775989132148,NA,0.732837438195433,2.82219978860311,14.8073069123991,31.4232573139942
84,12,"F",6,"poor",42.6824431073238,70.2815130356819,1.97576868990434,0.425064639410424,3.3940016845881,17.4817005068543,31.3899711080185
84,12,"F",7,"poor",43.4890693449895,68.3506726416694,1.92537675030238,0.321341371060721,2.54560834713885,14.8790257441932,28.2973877590298
84,12,"M",8,"poor",40.8687939509378,68.9878101888869,NA,0.655095719132592,4.01511945707259,15.7669583586082,30.9642586652608
84,12,"M",9,"poor",44.1981719224679,67.1995393604913,2.59567820825919,0.217098723999621,2.42940717493644,15.253056890048,33.0239778534478
85,1,"F",1,"good",46.7430515341424,71.8122863058811,3.20163159262136,2.37649211882323,12.8141375510291,11.1747032414517,11.7229814807711
85,1,"M",2,"good",46.9911963973334,73.4070049179625,1.86095758766298,2.93680120527857,13.4294552338261,7.9990003461219,14.0226342324226
85,1,"M",3,"good",42.1192568332276,69.7083556981194,3.97148482657196,2.7185791431761,13.4353264019983,11.0442362016565,15.1528548346766
85,1,"F",4,"good",46.2730872868676,69.9977835208148,2.59885336263554,2.758507351574,13.7436143258774,9.16532388421389,NA
85,1,"F",5,"good",45.0519859591859,69.8846872867279,NA,3.17048001115629,13.7804301688972,10.4570581103011,13.1129115241029
85,1,"F",6,"good",44.0622868197462,71.7150644047295,3.62842513552221,2.66799798679147,13.155051259895,9.99676347208507,15.8943689806422
86,2,"F",1,"poor",35.2235787729458,64.7509179245875,1.76049290799053,0.875996970467527,5.44258467966408,13.3672136561853,28.4989256760829
86,2,"M",2,"poor",41.9220571437831,65.8121454504154,1.25414226103328,1.40841892919603,3.75773097137978,12.6540902002662,27.6064161864468
87,3,"F",1,"fair",44.9333320484522,71.6026234145742,1.5239449986544,NA,11.1054215529676,12.5901795051696,16.4264772717877
87,3,"M",2,"fair",41.745926646323,65.0811208987229,1.43994137581622,1.82760523656953,11.7466571702618,12.1447971238955,17.2777917430532
87,3,"M",3,"fair",45.3794016547806,72.0692523790878,NA,NA,12.9655172511243,10.8172105683782,14.6063267752113
87,3,"F",4,"fair",43.3242319884489,72.5921531821127,1.73293795996235,2.29778123194374,9.68449277120416,9.90757963090103,13.778157038188
87,3,"F",5,"fair",46.2249040349915,70.2898074467892,3.66405375085201,2.39710226376531,10.80382272923,10.7354103551802,NA
87,3,"F",6,"fair",45.8167004034611,71.0504971917503,3.32760294584783,1.90573325396035,11.5720848126459,NA,18.4912761355358
88,4,"F",1,"poor",44.4371540232437,67.3661997442072,1.47229769115008,1.64289562043495,8.72407832144633,11.2772458563795,20.0942067368557
88,4,"M",2,"poor",40.3759283714376,71.0649860714207,0.397746555074833,1.62074340595442,8.19171055471623,12.555237267335,24.2877875276464
88,4,"M",3,"poor",43.0478890647755,66.6207890425953,1.66887383469012,NA,9.24336969759035,12.4700672707506,19.2854712213196
88,4,"M",4,"poor",41.7300981246723,69.1294186782086,2.16401115733286,NA,8.86147693589846,12.297527521735,21.2108977899074
88,4,"M",5,"poor",43.7804411344538,64.8527752758428,3.71133473296605,1.78919778884884,8.74136923394932,11.6018201651505,23.6384360611104
88,4,"M",6,"poor",39.4505432568631,71.6646901968746,1.90577283714949,1.77053563011541,10.0200666315559,12.7820511488884,NA
89,5,"F",1,"good",50.2991492243888,74.8222676824865,3.35985252253109,2.28187621289014,11.0232905095106,12.9148985640967,20.7126392877744
90,6,"M",1,"good",49.7177338505143,71.7611494518036,3.25528623877454,1.82576511902812,9.76484885786718,10.1871130596862,19.9925876639955
90,6,"F",2,"good",47.1883209304238,73.2255460318884,4.05215975296266,1.40324272553176,9.29724936326384,12.3802207580471,18.5296089258157
90,6,"F",3,"good",48.0614604572926,72.2096089771482,4.61789351685792,2.23016359958955,10.7844943387116,12.7735239327282,17.0920226333241
91,7,"M",1,"poor",38.5071784774424,67.4666209714076,0.103840534971917,2.11618810553105,9.48505714609643,9.94138452511029,21.5832145913089
92,8,"F",1,"fair",47.6253730423022,72.4068068878692,2.89220249755948,2.23856369138404,11.9449186660959,10.7335286157939,15.3017067105208
92,8,"F",2,"fair",48.7765447452647,73.9559390261096,4.39402896675265,2.83785368998865,12.510077301888,10.433234881618,15.4587169164465
92,8,"F",3,"fair",45.6451503971697,73.6180423227842,2.22257802148143,2.32279003886357,11.0603196556243,10.1540589036657,21.0311923869082
92,8,"F",4,"fair",51.0591670308637,70.7229040740434,5.50150329060367,2.70170992555723,11.4310807157698,NA,16.9858451384829
92,8,"F",5,"fair",48.0219446960017,73.9705369799743,3.10576207448076,2.49441735968166,11.5879835574608,7.42134423768713,13.5373081864081
92,8,"F",6,"fair",47.0620058537209,71.7226481956967,3.55918132490081,2.8242489499812,12.7573421091736,10.0290625920779,20.2499630899414
93,9,"M",1,"fair",49.0695335842485,72.2244721059047,3.0255885582203,1.8650416688949,9.89989159815355,15.1929474371194,22.2352977143297
93,9,"M",2,"fair",46.819107783627,72.1000352236206,NA,1.94804382004031,9.2651838194852,13.5236629478314,17.2147873143576
93,9,"F",3,"fair",44.7464887069703,71.660071219739,4.39685168844612,1.87671920694129,8.21478961299215,11.8286756699196,NA
93,9,"F",4,"fair",45.6396625824593,71.0301255695194,4.49739870735344,1.90575008425637,9.64913164404832,11.9974293153251,21.6962515848514
93,9,"F",5,"fair",43.6430599686065,74.2171105090437,3.64630403578918,1.62834386937521,8.66119529442578,11.3200763945314,19.0637046881458
94,10,"M",1,"good",50.5948115752168,71.5031211175556,3.15013561827299,2.91007596140958,13.0053962641024,9.75105355992461,14.8089050652197
94,10,"M",2,"good",46.2335396015993,68.9198454984854,3.56405423864063,2.83176054969186,12.6814307402024,6.52861434662249,10.1852561946454
94,10,"F",3,"good",44.2981078903937,69.3551069422126,2.45502966162921,3.12203769006542,15.5505746892568,NA,10.5604106230581
94,10,"M",4,"good",45.1177494444064,71.243805398289,2.4798654883831,2.80028718557488,13.4994650389426,11.2763361032035,14.1912675792526
95,11,"M",1,"good",47.3655241133366,74.153311623149,3.0949733184527,2.22171622359319,9.98472268517424,11.6423439807259,17.0076725539469
96,12,"F",1,"good",54.8136589867462,77.4816317141941,7.82566997152561,3.13419199310178,12.2287107860894,8.37891882822426,14.671293757767
96,12,"M",2,"good",50.8689391905972,74.1589216064069,4.86461390390839,2.62658659458468,11.7716707531214,9.12996821789347,NA
96,12,"M",3,"good",53.495435145235,73.8077458651589,4.74837350031093,2.74742503454386,12.8811973541463,10.3528108242369,13.4512097320015
97,1,"F",1,"fair",45.3457073598203,72.1638521084806,5.72535636881539,1.77662697425375,8.99315286446366,12.0728311094555,18.8720171458578
97,1,"F",2,"fair",49.9777737418068,71.65488275707,1.11579275147687,2.0111602068177,9.38344959508059,13.3155968182521,22.3010647381363
97,1,"F",3,"fair",44.4651030890189,72.7491704211456,3.59128317711862,1.73900210522258,10.856988956787,10.7732355432461,16.5322263937995
97,1,"M",4,"fair",46.8137238693398,68.8173535820743,2.91543593084239,2.10336852999699,8.5631527074754,11.7637318994853,19.4703145768612
97,1,"M",5,"fair",44.2035998856727,71.1172602350814,4.61336540125056,1.97837461666659,8.64578215303642,12.3880428938351,19.3174322285205
98,2,"F",1,"good",44.9437285165621,67.640677091628,3.71139018454165,2.50351453146782,11.014705486986,8.97668854810475,16.9440929540344
98,2,"M",2,"good",48.5767987240858,71.4585183164096,NA,2.26827679307205,11.2781249657171,13.5762554477712,NA
98,2,"M",3,"good",49.3865705284149,70.6757175613315,3.67608661296839,2.45578034774349,11.7204384183668,12.0403550484304,17.473606736727
98,2,"F",4,"good",46.3732994529401,75.0400733291196,3.39533025202169,NA,11.6446971333511,12.0392483735794,19.5531397283413
98,2,"M",5,"good",44.3959019250908,73.2141448613294,2.99118228108222,2.4134208914015,13.3462274522596,10.8221643724419,18.8896449508475
98,2,"M",6,"good",46.5916969804705,71.2998832142937,4.36627745163205,2.24412619150151,12.1799846980968,9.28345821386409,NA
99,3,"F",1,"fair",48.4166199778702,73.6053228941338,4.14075204233963,1.25819354272691,6.70544166252244,13.3671207055634,22.5338569926648
99,3,"F",2,"fair",45.1107485370696,71.2940630592578,3.92511317134689,NA,7.97692158689539,11.5582530126983,24.9967010182617
100,4,"F",1,"good",48.1857103507768,72.8206255291194,3.25512142401484,2.62685919056653,12.7285874823081,9.44087429111275,15.2043861500057
100,4,"F",2,"good",53.2633584397487,70.243201519859,5.5035385675518,2.92792627380333,13.2244839907025,7.64864363325988,17.2283978656619
101,5,"F",1,"good",56.8098400517524,79.7735301759609,7.61716630340534,2.69945146282795,14.3924658520858,8.99162278857759,9.91228360160789
101,5,"M",2,"good",59.1804566499549,81.5659492475958,7.36500252452909,2.98660147918177,13.871941050117,8.79562572621795,11.0817350545205
102,6,"M",1,"fair",43.7975396458264,67.8804327859489,2.05137037872207,2.2240311566001,8.91282149161017,12.3186758416111,14.1683467088688
102,6,"F",2,"fair",45.1159966222914,71.3515277443521,2.99150436539545,NA,11.2981572618679,11.5342931143622,NA
102,6,"F",3,"fair",45.7421544685565,72.7637315984955,1.47835400504222,1.93696446577513,10.4691010030693,9.45468942816738,19.4844359258511
102,6,"F",4,"fair",49.0932681202445,71.3021696345795,4.6515291959891,2.25219132964568,10.7642604662491,12.4270934670139,19.1209368572372
102,6,"F",5,"fair",45.0268583382319,68.6744719814751,2.37308122520786,2.34561950817335,9.84242955377906,9.24609065085528,17.8142706372587
103,7,"F",1,"good",44.9105020976675,71.1766679410999,2.86176873148316,2.90934249794081,12.2931185480377,8.46472802239715,10.7959225015484
103,7,"F",2,"good",43.2305410268374,69.2763576476663,4.64703957193,2.43359800251668,11.5778213883671,8.91373297555227,17.9539449657239
103,7,"F",3,"good",44.8074028170339,67.9260076565741,2.57670584954915,2.70524281373306,13.1271110745293,9.27861648687419,18.2579015405485
103,7,"M",4,"good",47.573892648316,73.0943491020389,1.41869394310294,2.81853597325468,11.4095596796135,10.0202971049126,13.8476133763764
103,7,"F",5,"good",45.2105940753457,68.564209442071,3.26370253461044,2.8312093896697,12.1874994376128,NA,NA
103,7,"M",6,"good",46.1162313960915,71.634009640783,NA,2.82307577326208,12.8473598957132,NA,15.6112137060218
103,7,"M",7,"good",47.7009764713533,68.0259412307669,1.95804267964987,2.7199864918493,11.5532832197347,10.5937556590368,17.3443531475344
104,8,"F",1,"good",44.7661944297716,69.7421110962463,2.26539869393661,2.61206192607605,10.7825134590964,8.42320680284231,12.928712292314
104,8,"M",2,"good",43.5427870264421,70.3214812145436,2.64926827742104,2.78277668858304,13.0653328777467,8.63105387988775,NA
104,8,"M",3,"good",46.9150134482326,67.6453646993141,1.90760119291517,NA,13.0249561838091,NA,14.0931516647763
105,9,"M",1,"good",45.279648732126,70.2498527264425,4.11052958283337,3.35128297005926,13.0541236189864,6.6108199999511,NA
105,9,"F",2,"good",46.4345467338881,73.2027143734321,4.41528619855672,3.36324164549591,13.4243684737513,8.71891764511017,13.12203851228
105,9,"M",3,"good",47.6315272353017,71.3725988556753,3.37913006779874,3.14185119309732,14.2455296107405,10.1309326127264,14.7889302992881
105,9,"M",4,"good",46.1986429304856,70.090479666494,3.73721328229313,3.20796657058281,14.301500956838,7.7192825675903,NA
106,10,"M",1,"good",55.7530936421959,76.8429190558361,5.02171707712942,2.21713154999101,10.8420477096114,9.30420221777797,19.248726760833
106,10,"F",2,"good",60.0483719507483,80.5956828978423,6.13664865474636,2.34415907904498,12.3176869194913,NA,NA
107,11,"M",1,"fair",36.9253147499866,62.0583558697795,0.731465740915568,0.892940250182068,5.38676041550483,NA,25.7264278717724
107,11,"F",2,"fair",38.4834580531168,66.9565400754861,1.53971876431471,0.735073771877575,6.4091339538463,13.8912227108151,28.7499469666454
107,11,"F",3,"fair",43.113986135455,68.0551961465526,1.79318756631178,0.998604690145939,5.10920824331041,13.604258602839,25.5087197588154
108,12,"M",1,"good",47.1643362554817,71.8131401018772,3.96230247955136,2.02164445095012,11.1344320190727,12.2090889441415,17.6563419088573
109,1,"M",1,"good",51.3248710571004,72.8103007596075,3.05777167515757,2.23754836480106,10.8676503370764,10.4589762871101,18.6530739739604
109,1,"F",2,"good",47.8779361169506,75.1112560044366,2.89540627557761,2.23440180380288,9.64931183743816,9.45798418781379,18.0318141577437
109,1,"F",3,"good",47.8194698986362,70.9787719836854,4.48001077558435,1.99014955291697,11.8557699097021,9.78094322290975,14.0927759204532
110,2,"F",1,"good",57.7313524522598,83.473758713537,7.05704112617867,NA,14.960159064806,8.82623699374746,11.1945184943677
110,2,"F",2,"good",55.7764261846381,76.807834011787,6.35655373256382,2.29223372333944,11.9388730131304,7.57684469494372,NA
110,2,"M",3,"good",58.3015292730897,78.3957920567898,5.66707375477816,2.81823633785969,14.7663035402198,7.91343830347498,10.9682144988868
111,3,"M",1,"good",51.2674767176952,74.6839834376258,6.06437062362834,2.11284593343287,9.83078043280052,11.3999212214682,18.0460051681826
111,3,"M",2,"good",54.558041090873,74.99684211902,5.70470770088388,1.78678139024845,11.6292993216738,NA,18.1685656390555
111,3,"M",3,"good",53.3628406666239,77.5915395598363,5.04731913984366,2.17833969523778,9.05451650669822,12.0043718545229,17.2244317440392
111,3,"F",4,"good",52.5874999246924,76.8848916190463,5.80533776966989,2.10904564222524,9.08292432672727,9.52694235342163,19.3464603141257
112,4,"F",1,"fair",45.0991341992135,67.2940019630849,3.73727435346716,1.52684979119201,9.22730236578766,13.0118239976789,NA
112,4,"M",2,"fair",46.9592544623503,72.6591250641215,2.66401516494731,1.76764886704671,9.00807479457943,NA,14.8914659599107
112,4,"M",3,"fair",45.3748753572422,68.5673974641971,2.50824278242016,1.89958878515605,10.7994866378139,12.5468810535463,15.2477893076862
112,4,"F",4,"fair",48.1463459985915,69.7520158568661,2.72242354004297,NA,10.3388754913326,11.2735166481395,20.7727975297407
113,5,"F",1,"good",46.9265368221359,73.7322176123193,3.00418477850404,2.0916295867756,9.58877135515534,11.9235283923513,16.3245904186696
113,5,"M",2,"good",45.5600752903299,69.6271355770518,3.83727478981258,2.0656072208665,10.6012829387181,10.3884640290532,16.2030487198741
113,5,"M",3,"good",47.4000694454608,75.3478725863229,3.6257594673984,2.61128448828531,10.2255778370604,11.1407805002472,11.5212218338527
113,5,"M",4,"good",49.4767833609378,71.5916937041972,3.85230090640798,2.18225071495199,10.7660670698662,10.1383567873915,17.3188430876525
113,5,"F",5,"good",45.9382621917221,70.2829768401927,3.70989510524376,2.25296496034857,11.7531909392045,11.2804758900743,18.722518524667
114,6,"F",1,"good",52.4950611183625,71.7637536471066,5.50498490800261,2.63378667669583,11.3623459207325,NA,16.7389042930852
114,6,"M",2,"good",48.6966498597305,72.3930802565368,6.48245837747889,2.2406164193825,11.323155951805,9.67051751048848,14.3746654798038
114,6,"M",3,"good",49.3318040666115,72.1632855213193,4.8898980982695,1.96023064842943,11.635846730234,9.93677110634476,15.5202302084725
114,6,"F",4,"good",47.7344102669039,70.7554823650781,NA,1.95225917132734,10.059548413876,11.5099876633058,NA
114,6,"F",5,"good",49.7161664975132,69.5947302170206,4.0774318341652,1.95461996341547,12.8984826989302,11.1360723275135,11.8167795900647
115,7,"F",1,"good",49.2741200602255,71.8646336036886,4.03249517537413,2.39027126544683,11.1400147373697,8.90833905087937,14.2785113084033
115,7,"F",2,"good",47.3887556488859,69.6925382600995,4.28243429083572,2.3868351257537,11.4486387181927,12.9513704076661,12.2474545487914
115,7,"M",3,"good",45.9838758346467,73.8826660898078,2.6387762998531,2.33447317417291,10.3946976090329,11.3567690037171,12.6953480835631
115,7,"F",4,"good",46.3240385100534,72.5821108626389,3.81852941662657,2.41165409249555,10.6744693231568,NA,22.9665531395571
115,7,"M",5,"good",48.6065258070849,69.9126659437896,3.48378171612423,2.17301322495448,12.1571033115429,11.0522803615496,17.5315529902563
115,7,"F",6,"good",47.1388906503039,71.0378533518474,3.36996324984305,2.40069894748359,10.3623286938762,9.94442525885884,12.9348466251309
116,8,"M",1,"good",54.6962024045532,74.8716281219982,6.62259191346307,2.76131054239535,12.7948674207557,7.76831054412524,11.2013423731396
116,8,"F",2,"good",53.71091873189,76.71078786507,4.59829478721115,2.89952878360623,13.455502915574,10.956461196938,10.8237832868075
116,8,"F",3,"good",54.3662311104113,78.8638880615379,4.73002828043649,3.02794627152285,12.1347332268164,9.13870975975898,8.55617380134375
116,8,"M",4,"good",53.2760951698184,74.9069403765298,3.25604798892928,2.64480052122233,14.6227088069105,7.51208032872795,9.32177404203479
117,9,"F",1,"good",55.9134451076887,77.4242114382732,4.59199728717787,3.34246020060614,13.4409651249923,6.38270060194339,8.44224504463425
117,9,"M",2,"good",50.7101065566199,75.6264010054582,5.28819701917764,3.0837351967963,13.1286189097385,10.9054632621934,11.322737713937
117,9,"F",3,"good",48.4091073195025,73.477982206888,4.35129549448023,2.59195201055178,13.4283721264062,7.58526291641439,15.3138394095749
117,9,"M",4,"good",49.0999057353304,76.1394018735532,5.29010868290902,2.9664643242754,13.1695540447144,8.33134349193995,7.78954287095614
117,9,"F",5,"good",52.5650841403176,75.1400694846629,5.0646610710737,2.99760373659927,13.1303791298017,10.6749628767792,11.6988179455154
118,10,"M",1,"good",48.8037349725872,70.5775469028988,2.86939536506595,NA,11.3450995820395,9.75644126269526,14.136579851899
118,10,"F",2,"good",42.8506166769115,68.1488452803551,3.45199868281287,2.46235813315549,13.2569829062956,9.47900630960188,9.66746418178108
118,10,"F",3,"good",45.7096518550893,74.5454194964523,2.489160528258,2.589241295398,13.7821303240468,9.92606126794135,13.3099011673965
118,10,"M",4,"good",50.6851019113936,72.62129807131,3.99033813474623,2.46994539614152,11.488924670906,9.59044628396249,15.0971989942178
119,11,"F",1,"good",52.580527382606,74.6086829999515,4.80580504220737,2.17140045464123,8.69593234826073,10.5603898518625,17.4261004691473
120,12,"M",1,"fair",50.4477957559129,69.9559892082219,3.80311595301314,NA,9.70920749499564,10.2240995437241,20.0982464280425
120,12,"M",2,"fair",43.8351022497489,69.4269511843386,2.10991167459515,2.3537943123472,10.5002276241097,11.6289196649402,18.9811206258699
121,1,"M",1,"good",58.6688321882051,79.9767495542323,5.95290111150183,1.55892814036581,6.79275197457549,11.8817537737511,19.7225076421367
122,2,"F",1,"good",44.3597401208853,70.2139595806003,2.1548794124263,2.17671614647386,10.7276362196678,10.7062545859889,17.4508084388128
122,2,"M",2,"good",45.8407537754483,73.2010087962943,3.35622076608562,2.08298667387434,8.98159650567735,14.366581667614,19.9563226017277
122,2,"F",3,"good",45.5513127798504,72.1564286058235,3.06853155163301,2.05248854037003,10.2331064691762,NA,22.3826890867777
122,2,"F",4,"good",46.8111664590229,70.7231661795868,3.6716104730773,1.79033938744101,9.30270993582888,12.3639376690675,19.2388461345312
122,2,"M",5,"good",45.8439994737806,69.8161683254039,3.16708671859637,2.22043972566654,9.49046925769835,11.7183685307079,NA
122,2,"F",6,"good",46.4626103881509,71.7317025621984,NA,2.0465273066264,10.353440301203,8.36651574454982,20.0710732373599
122,2,"F",7,"good",44.4259683392037,69.4539232655386,2.23918447847873,1.91182087127664,9.32021464466928,9.33132621688551,20.4043452054554
123,3,"M",1,"good",55.6077321345172,79.7057975661375,5.36355719880497,2.90193811442132,14.2861926602959,6.7673695965927,9.55445827029563
123,3,"F",2,"good",57.2266357050258,79.414594402007,6.83650072708347,3.33104724685732,13.1756620229871,10.8084990242436,11.2926042503434
124,4,"M",1,"fair",49.9768475501342,71.1252013111299,2.85558431141014,NA,10.6133826180477,9.6040016794123,17.4871231649615
124,4,"F",2,"fair",47.9710075651278,70.4059398972713,3.42594178419015,2.25830784607515,11.6192037298369,11.5451010517972,15.8446434861421
124,4,"F",3,"fair",50.8931384040197,73.433342674119,5.02336991116257,2.16584788916161,10.8281383154551,8.24661496730629,18.2131253686973
125,5,"M",1,"good",60.1027739713732,81.005844220936,6.71267986848957,3.5962967110973,16.5445623582201,7.19651881096916,10.4534841055202
125,5,"M",2,"good",53.6437539405637,80.2696260409941,6.22588905339373,3.48001233998298,14.6157959144882,7.44521988321069,5.63857335327644
125,5,"M",3,"good",61.5665268232272,80.4696758238572,7.24830468483712,3.54548129305954,16.2226893064775,6.08405942149912,5.23278903945035
125,5,"F",4,"good",59.0601152150672,80.2050514525315,7.76296191957941,3.75721907977936,16.2532276815961,5.99982794880263,11.3047664170571
125,5,"M",5,"good",58.8001912988766,80.6371193347684,6.64963587868676,3.64694672209926,15.066463785809,5.37679572736642,8.74314835721319
125,5,"M",6,"good",60.5846949757185,80.2709326587873,5.86385115576721,3.65130305374242,16.7279746567081,NA,NA
125,5,"M",7,"good",58.1758320389609,79.1156091322403,5.59383960071004,3.54948844526078,15.7222576423162,5.47699948141852,8.87572771750077
126,6,"M",1,"good",53.4286702732332,76.3474832862474,4.30463558861943,1.88481827824648,9.25077597035606,10.8811659507267,21.4696765679821
126,6,"F",2,"good",52.9675972874637,73.0729711701236,NA,NA,10.7477961172529,11.0021944767661,20.9039596132475
127,7,"F",1,"good",49.6473745655563,75.6457491746632,5.32526512928792,2.69548995599466,13.8408953515669,9.69561286876185,12.6508565786406
127,7,"F",2,"good",52.2207429054676,78.4696485849603,4.89335445505317,3.23612403513085,12.9784049633594,9.03431266433235,16.4122224303026
127,7,"M",3,"good",51.7633407495754,75.2676291365352,6.0798649521194,3.00171523394089,13.4118261502086,7.97529686389522,NA
127,7,"M",4,"good",49.7455439559833,77.1504407582355,4.86885928586313,3.06343053815587,12.7189126913147,9.19566004505615,16.3891734126932
127,7,"M",5,"good",50.7065359361436,72.1683741552532,4.60256964267716,2.81609624477945,13.2661176933096,9.93371727710065,10.7015497061718
128,8,"M",1,"good",54.0176843008632,74.44443727523,5.90460748004238,2.37907893582548,13.1830130182246,9.26871524724216,16.5445240809804
128,8,"M",2,"good",50.9871950042396,74.8161354870993,5.87810265771121,2.63045111252925,12.1740392176496,11.5739463447996,NA
128,8,"F",3,"good",53.5126823637805,72.8607913240062,3.59168269912062,NA,12.4573954432497,NA,15.5224568143435
128,8,"F",4,"good",53.9276697351191,80.6629770670995,5.12609038755564,2.30137215605839,13.3576789571178,9.67324759909194,12.4178713491787
128,8,"M",5,"good",50.2022890393209,75.0632753689521,3.91928531765648,2.68463651306003,12.8709723564566,12.593984307579,19.2759444536946
128,8,"F",6,"good",51.3539847644211,77.241156630063,4.02787480936875,2.46888584134263,12.031526477332,11.2994427517649,15.6132975897713
129,9,"M",1,"good",54.9988790374701,76.6059082836768,5.4886901211001,2.49139012406071,10.9343683228411,10.7480668598123,12.0594567395011
129,9,"M",2,"good",59.2015551460455,78.3571628859533,7.40261422342722,3.08606416946636,13.2091238612351,8.47199922444566,10.3819588839403
129,9,"M",3,"good",57.6108072838589,80.4027536609959,6.59815773425271,NA,13.5736052094402,6.988417952968,7.73895502515335
129,9,"M",4,"good",57.0623864711087,79.734604793762,6.29637123042898,2.64828555705996,11.4904811273653,12.1921964769609,14.3196473162252
129,9,"F",5,"good",54.0812502909077,76.0839316809678,5.6947367371778,NA,11.9672855430605,10.1514420031779,13.9300840010853
129,9,"M",6,"good",62.9633244911743,79.3121361237921,7.72297918114125,2.8144431849578,11.5567570811167,8.30116417264854,6.83552277467572
130,10,"M",1,"good",54.7610782571474,75.7117643935945,5.6296837486063,3.13536728973265,14.2134351796871,7.05998904551592,8.90936085631762
131,11,"F",1,"good",52.0315336390738,76.878890880131,6.24421135282001,NA,11.5328643120579,9.86339517217847,15.4799579336013
131,11,"F",2,"good",51.5410726946008,72.8568205292782,5.14958322623154,2.14055942572181,9.24251222394806,10.4713644812487,NA
131,11,"M",3,"good",50.5633488124784,76.7022568644093,5.44314581105317,2.1568790971126,10.4400511404704,8.74453367234578,15.4421336187816
131,11,"F",4,"good",48.7594904639477,73.5934613812447,4.40918810914789,1.99539859621626,10.4260968566405,11.9706738939756,11.3349936849018
132,12,"M",1,"fair",48.8526241976293,73.176979472172,4.99329067704654,2.64606926023127,12.6194309068786,9.60290510958025,20.0413690270251
132,12,"F",2,"fair",44.8783677618579,70.6122652095049,NA,2.53277554689208,12.8575311201584,11.1194272320255,10.4102487084077
132,12,"M",3,"fair",47.8075222863555,72.5454353197117,3.51785073443836,2.53624280328518,11.2600994782182,9.9040289492908,16.935003132197
132,12,"M",4,"fair",46.455738931905,71.0230548234802,2.46609441639281,2.19080751369512,10.9083964841698,11.6147137341924,14.3332617819269
132,12,"M",5,"fair",43.5868186491592,70.5594332575891,2.97652074827754,2.49442806445837,10.5697895911398,NA,16.5078704383251
133,1,"F",1,"good",44.6087515391322,71.3345781964945,4.29235163273036,3.18482398420453,14.3903460173532,7.19606130978413,12.4442027392777
133,1,"F",2,"good",46.3913060370412,71.3233721891732,3.76640986725237,2.74786008798341,12.858351345883,6.50895924457418,8.22834256910442
133,1,"M",3,"good",44.6219963950814,70.7049798390922,4.14893272020148,2.83618446624638,13.8951434699633,8.34784670563113,12.5793670037485
133,1,"F",4,"good",47.5960909844825,70.911464007709,2.25517926122768,2.79640457746958,13.1035256706853,8.01212698502934,16.529074265572
133,1,"M",5,"good",44.6435381849692,69.673094289388,2.96499603618729,3.08437489316794,13.7717856440801,10.0640607939603,12.2955647854006
133,1,"M",6,"good",43.7360913149446,71.01252847683,1.84840995854302,2.71986761111002,14.4339040890393,NA,11.7559416378498
134,2,"F",1,"good",54.0909350009366,78.4769032917956,NA,2.05571239937343,10.2114373003742,NA,19.7897940817762
134,2,"M",2,"good",52.8507733735269,80.3746711651613,6.51734940049576,1.99922010767197,10.6077138254479,9.54239885775733,17.6312291449436
134,2,"M",3,"good",55.3470684019288,80.1878141564577,5.27404257834348,2.08787610911104,10.7855260848619,9.5541225151704,14.7350644521999
134,2,"M",4,"good",51.1499565796676,80.401567743445,4.51258004855566,1.85834046100353,9.59933038599594,13.1952461123985,18.3959668824251
135,3,"M",1,"fair",54.0173203753414,77.532657324417,6.34727031906035,3.00703643185853,14.9347806922709,7.85514534260324,15.7442105153162
135,3,"M",2,"fair",49.7246450919314,71.6022897662078,4.79815680447562,2.15375638236596,13.3159293752798,12.0258333262536,16.2132059068123
136,4,"M",1,"good",48.8995124232661,73.1810522482308,2.84145162006898,2.54339034870601,14.665449316579,8.2383831731123,16.4035838252934
136,4,"M",2,"good",45.9868879505806,72.5196186546052,2.94700995489506,2.84843129381593,12.8703123087638,10.0756314816502,14.4123372976403
136,4,"M",3,"good",47.116033640503,72.7481274488262,4.27010836452055,2.9625257495147,12.5248858037588,8.74716922269273,12.4145053940872
137,5,"F",1,"good",43.0942938944994,72.119468151753,3.16259128865616,3.05082074772624,11.7674911111093,10.4602762226062,12.8926824805252
137,5,"F",2,"good",46.1599866490768,70.8217315056325,2.71743993359759,NA,12.0177201281725,10.4176033181067,14.217606973953
137,5,"F",3,"good",45.7633319630716,70.3143557180134,NA,2.47518231962425,10.343720877029,8.10221005932599,14.4866344878327
137,5,"F",4,"good",47.4346718671372,68.8524480374882,2.89937015212593,2.59028394060275,11.595760101435,9.13376725359758,14.096176701473
138,6,"F",1,"good",46.7537530960067,70.9263107008406,4.67325980812254,2.72492511289026,12.0825361406456,10.7410604405983,15.3028986416543
139,7,"M",1,"good",50.013043827246,73.5282583207711,4.27252174889563,1.9259728466645,9.33944043709082,10.9672299035662,15.7494028647037
139,7,"M",2,"good",51.0039043684215,76.3080922593838,4.23983240891543,1.80440262422395,8.96861258696645,11.6483971049862,12.5884083065578
139,7,"F",3,"good",51.9134268041031,71.5660361410288,5.2956215518221,1.9100855934278,10.7975790988838,10.2558212889654,18.3707322976735
139,7,"M",4,"good",46.9888041052022,75.2465224038042,4.51291952206623,1.84482017982491,11.5364131957276,8.84507085484884,15.2825585607833
139,7,"F",5,"good",54.6051362213534,73.0330087902845,4.73787379629156,2.17209620385233,9.26898628370414,9.95992985865604,17.2554511040401
139,7,"F",6,"good",51.5164154595961,75.1190741208417,3.92605492550237,1.96685803184632,9.38520411038212,8.81520183654845,17.9294271878541
139,7,"M",7,"good",52.1693004183916,73.0845689921787,4.91145762809731,1.84636649028825,9.11884043470865,10.8441988112291,18.454855122701
140,8,"F",1,"good",50.2208973317929,71.1168289387039,4.53691383020036,1.86111296685667,9.54169489273,10.3560790606555,18.5686719169625
140,8,"M",2,"good",48.6656323754813,71.2640968736798,3.02747106690144,NA,10.9964196482566,11.3554644053922,19.7698110662695
140,8,"M",3,"good",45.7118549312915,70.9538230034039,4.64967318001895,1.73522801791839,9.11193807877255,9.66647001288065,19.03577427678
140,8,"M",4,"good",46.5611285602083,68.476298325368,4.65762555500414,1.74186783771816,8.97429124050945,10.0278007127237,24.3255585181802
140,8,"M",5,"good",49.0089524684392,68.5049886301345,4.14277294432353,2.0056757396559,10.0827581248434,9.5630793795784,17.6172712276084
140,8,"M",6,"good",45.8526108434888,71.2462238300266,4.03186474915229,1.98056317472092,8.28608200053226,12.0546960811329,20.963160546266
141,9,"M",1,"fair",46.3357592836305,73.7594802066927,3.96637805488323,2.71649056219219,11.4273199844017,10.4688958885359,18.9554561647437
141,9,"M",2,"fair",42.9230680327356,69.00952178589,3.99119225422855,2.33222375722111,10.4399640302964,NA,16.8432993938422
142,10,"F",1,"good",51.2573655340996,74.3510582773387,5.45644242574638,1.65071109676403,9.086659779407,13.5260218164889,15.3250232436647
142,10,"M",2,"good",53.8085742311212,76.5733848917391,6.94262099272633,1.66217458211271,9.48630338837315,10.8434912667632,21.8104717819577
142,10,"F",3,"good",55.6471488348604,71.3116359724113,6.88751926701815,NA,8.02908688001621,12.305370134863,20.4479949064144
142,10,"M",4,"good",55.6616205936789,78.8919537916668,NA,NA,9.55914033774063,13.7712839003877,22.7806946722594
142,10,"F",5,"good",53.504632194257,76.3391910197478,5.48663510100236,1.49294955034512,9.59533820962627,13.1899219677043,21.2920285462562
143,11,"F",1,"good",51.1973628744996,71.9433745209015,3.92013056801538,2.63707454255113,12.7761273693791,9.72472956138551,NA
143,11,"M",2,"good",48.4397172329833,74.3408191008696,3.64604213838041,2.33582524670719,11.0223658618501,8.09547322342368,12.2999775011777
143,11,"M",3,"good",50.283292818729,71.2527850335607,4.79020602259536,2.53027314675332,12.6992302610549,9.91017210048836,NA
143,11,"M",4,"good",53.0118614809708,71.9483011207791,2.89787248479003,2.48162834191785,11.6014312099602,8.97272920865902,12.6389307703477
143,11,"F",5,"good",47.3804532130331,71.6897011521606,3.09808785524002,2.37141718898107,12.2678591840079,8.29421248858161,11.501357513818
143,11,"M",6,"good",47.1233706485043,70.9353497476213,5.24214374898655,1.99859681155145,10.5496638235262,9.55173548571387,11.1077731246817
143,11,"M",7,"good",47.9913367577639,71.9039903577549,3.97833755404405,2.31681025345089,10.9810045833996,11.1836196497955,12.1961986119788
144,12,"F",1,"fair",44.5790540893216,69.2489603273023,2.23976043996387,1.68129631211681,9.09226690811047,11.084662408285,17.8088658354057
144,12,"F",2,"fair",47.7663187356797,70.7785959884802,2.81222311823951,1.79279967190951,8.71715928895578,13.3388337737483,24.3208113198807
144,12,"F",3,"fair",47.2701464849737,70.3040515693095,2.42293338329792,1.66058978970953,9.18834761218918,11.4946928510941,19.037126297782
144,12,"M",4,"fair",46.0051900920864,68.7219535505956,4.04922904881926,1.6198953455566,8.65273456206309,9.78445278859591,20.876214917019
145,1,"F",1,"fair",40.3580560247594,66.0663476419096,1.86343977553558,0.827875532531542,4.36240264276612,15.9793402377595,28.0506781044664
145,1,"F",2,"fair",41.0303379878976,66.4695848365868,2.76649878495289,0.412120100209291,3.31407437824583,15.4224044241615,25.4098409018251
145,1,"F",3,"fair",41.837197031959,65.704590136948,2.03016760049856,0.303656123929131,5.13771625979699,15.2497515251314,20.5628188339268
145,1,"F",4,"fair",43.0970789197072,66.3074077228559,1.55360610224499,0.802149509374524,4.86888853289807,16.2458205070689,30.3679530804472
146,2,"F",1,"good",51.5766023194082,74.778257572325,4.8011392419522,2.24089142157232,9.60101471762612,9.62649629975129,19.600047692881
146,2,"F",2,"good",54.6570752916319,76.8907786052392,6.37758881683246,2.09922329895778,10.0859037843504,9.41675879199827,19.3986486813084
146,2,"F",3,"good",51.6294257262977,77.8710730834929,4.26330141083746,1.8060943131528,10.2036364143762,10.3155011715946,18.5980936917138
146,2,"M",4,"good",54.4808056493187,77.0517526303541,5.16458521934908,1.86306736802521,11.3368089297694,10.2164296425756,17.0261361101158
146,2,"M",5,"good",47.0912084249181,74.832322473036,4.66812882071439,1.68318137161451,9.64375452415807,NA,18.0045208359561
146,2,"F",6,"good",49.766968366133,75.0642394346485,4.6017323203336,2.19476890365688,8.22829902108921,10.5465649737952,19.7243332487946
146,2,"M",7,"good",50.8662499801419,75.5762735705838,6.19327893395549,1.68202900699937,9.90998040898438,9.77543530877279,19.7910184494994
146,2,"F",8,"good",53.112240098544,75.6237673721524,5.60955080308545,2.36641304939434,10.0725386551951,10.5076714629378,14.2647566443652
146,2,"F",9,"good",49.9759091343849,73.875358910109,3.76678271592973,1.7413230603683,9.37181384940385,11.5127955716145,18.5126029396691
147,3,"M",1,"good",49.4324956819102,76.3363369608745,4.7888475421077,1.36075018474509,5.75818218529886,12.7010895127129,20.9874314199059
147,3,"F",2,"good",49.1336835969195,72.7437273479923,5.09988487501997,1.25376893873021,8.31272684865255,12.9188088070599,25.9883105270785
147,3,"F",3,"good",49.9806217523147,74.0144947804378,4.91511712925611,NA,10.7294066537765,12.6057350874382,17.3729463272019
147,3,"M",4,"good",52.2000692115469,71.7030431683049,4.97880496512077,1.31853585523655,9.24704179549893,12.0758744144594,22.1578079298255
147,3,"F",5,"good",51.990612127967,72.7892892941979,4.70040390521422,1.73940535461552,7.01801709877556,13.6209229128277,16.349042292042
147,3,"F",6,"good",53.1257555644135,73.9577528206377,5.47915695363379,1.52380554166098,7.00949950241119,12.0954932606589,21.4678952066828
148,4,"F",1,"fair",41.9234012386542,68.2289572911354,2.86722281353377,2.01719907573874,8.2367852649677,12.2248824520179,20.5883341041082
148,4,"M",2,"fair",40.4027622297626,65.4695998207904,0.786113356243034,1.89172610659497,8.25117934009187,12.30265868892,20.3764132922266
148,4,"M",3,"fair",39.6629821320155,65.9411812008847,1.02902809525133,1.98413278773557,9.72682713360944,11.6462529196883,19.5679566420494
148,4,"F",4,"fair",44.0813721636802,71.755356259503,1.83845166053055,2.20724704110782,10.3273890119745,10.4145735912391,21.6281062473941
149,5,"M",1,"fair",45.1566399841185,71.6050065928735,2.98242984068624,NA,10.3068759248935,10.9910581564305,16.7442513058217
149,5,"M",2,"fair",46.1385406365549,70.1609330794618,2.4015767015273,NA,9.02439903857252,10.1349077893566,NA
149,5,"F",3,"fair",45.3189668748324,69.3659383704235,NA,2.01808066252056,9.58975604959538,11.2278272177605,18.1683393936411
150,6,"M",1,"good",48.263041621384,69.2151685283969,NA,1.28756955990649,7.5351480960724,NA,20.3804778501177
150,6,"F",2,"good",46.2163529780055,73.7991149716866,2.8670437869999,1.72328908035303,9.39294016313856,13.8507482341688,NA
150,6,"F",3,"good",48.0595527983941,73.4646184454306,3.94256342645259,1.00411109145646,7.60140045587609,12.7435609057264,20.9582511279682
150,6,"M",4,"good",48.930188358567,68.4885598947215,3.11482735262453,1.5836799993701,8.05903553090847,12.8437733594674,20.725596619032
150,6,"M",5,"good",45.7950526392573,66.5541636088598,2.64232194879905,1.23380236975859,8.00173442287866,13.7618606275873,24.3843441504418
150,6,"F",6,"good",48.0833257732621,75.0230377024533,NA,1.61548915615312,7.88937145998577,14.0868954880524,21.7719703142096
150,6,"M",7,"good",46.2563592297968,72.6603700478224,1.79548484780097,1.3208699125272,6.26615331090296,13.1409785062731,21.4568677867059
151,7,"M",1,"good",44.9649929658975,66.6909166297287,3.61025598285878,3.08766768537684,13.9515988249267,7.74611837612215,12.7452524505761
151,7,"F",2,"good",46.3339518893985,69.6106016588328,3.00145511526268,2.79818764410756,12.5448942719751,9.86757717798397,15.3042551127649
151,7,"F",3,"good",47.5763974752557,73.5362605881845,2.44761674050464,3.12800534713244,14.4869841276287,7.70066227695051,14.0203875027169
151,7,"F",4,"good",45.600540477072,69.8865140028175,3.45883190976822,3.12474057955674,13.43702265666,7.35898791180917,11.1718844322908
151,7,"F",5,"good",45.351211558305,72.8185818167772,2.94409427514547,2.74801329727958,13.5543221836808,8.46161033035306,9.73266619039842
152,8,"M",1,"good",44.2009789814787,70.0416725560574,2.30960986527895,2.58339705987967,11.2527460049708,9.99875139193806,16.9344558107551
152,8,"F",2,"good",44.6422196211867,67.1885214580336,1.99704793688586,2.07221458307941,9.17979817450196,10.1896788376645,NA
152,8,"F",3,"good",46.5360295454078,75.5258447366048,4.45851358860254,2.35417106804886,11.8331408178418,9.5790260768576,16.7342602690274
152,8,"F",4,"good",44.4413224618638,72.8678548406101,4.54169377180013,2.25982801281288,11.9460689382658,12.5271479427258,17.1679605125223
152,8,"F",5,"good",46.8537934560435,70.2902483160539,2.47947107923865,2.28696616961905,12.8211690226783,10.0045034447239,12.6716768077351
152,8,"M",6,"good",44.9000582951091,70.0061418080182,2.42321437822039,2.6947803245543,11.291004985012,10.9686170998643,15.7174779727665
153,9,"F",1,"poor",30.5372165756189,60.6151154818532,0,1.15358320779466,4.23964678783072,16.5953276814117,26.8683888150449
153,9,"M",2,"poor",31.3883698464065,59.6888347153259,0.392705756383486,NA,3.72420281235956,15.4556836611363,28.8528201987818
153,9,"F",3,"poor",30.3471341824446,61.3905115569364,0,0.973882562580754,5.86575839201,15.2143056833327,23.1828096030774
153,9,"F",4,"poor",33.2422537324184,65.3550518353177,0.251402659948872,0.888027901794002,6.42163174594658,15.8724346542578,26.7791183684025
154,10,"M",1,"good",52.4210326914552,76.694712375217,5.43026918523214,2.66658429361108,11.5227666950531,9.43533699781191,15.4188911982385
154,10,"F",2,"good",54.0390912086724,74.8535853159957,4.16497148588104,2.74731990443045,11.8198602746195,9.61793871540435,15.57742734971
155,11,"F",1,"fair",42.3045721500206,70.2319919904553,2.74458515831262,1.08621884484627,5.60354729980026,13.6726329109808,25.1282270348283
155,11,"M",2,"fair",42.9640863510755,70.3261662893858,NA,0.931629782428526,6.23373638803151,13.0247225658091,19.5327169438157
156,12,"M",1,"fair",44.7330636360025,72.7058580863793,NA,1.60631126521094,9.19720453020519,12.3215017197177,15.7573819832456
156,12,"M",2,"fair",42.2301718454043,66.89212636273,2.72225806773605,1.75370153995143,8.49379134935695,12.6390780171329,22.3693480809029
157,1,"F",1,"good",47.9498459836453,73.2590850573915,3.34523634921623,2.07914166522885,10.0661385447431,9.65247632329617,16.731525447004
157,1,"F",2,"good",50.7833488976464,72.523559117396,5.6464839043263,2.15825516572943,9.89439216837576,12.7589197894132,19.3319534408881
157,1,"M",3,"good",47.112869950501,75.2646551686198,4.9064857289946,1.87972773106455,9.54515060022363,10.487638312065,14.621752621748
158,2,"F",1,"fair",45.0878078503421,71.0896990158591,NA,1.14279046650088,6.1147969501667,NA,27.1270500928507
158,2,"M",2,"fair",44.3225471687859,73.8866697132346,5.12034765791122,1.13854964007146,5.30855395326442,14.1685326893773,22.2496720026478
158,2,"F",3,"fair",45.9038193617483,66.1657631031094,2.87155423313049,1.10286263353548,6.32267136227932,14.7584936942035,25.3558077796652
158,2,"M",4,"fair",44.5255789716944,70.0649097218167,3.72121792308024,NA,6.582565702807,13.1675888300635,25.9146431264358
159,3,"F",1,"fair",42.2172837372199,65.1478147127425,1.81692692230404,1.39485234267484,6.9808666669686,13.6127235529819,19.2783342341715
159,3,"F",2,"fair",37.6324547807803,65.6217176831952,2.20203385108642,1.51314310307306,6.98985171144242,10.9886390757388,26.0100679782582
159,3,"F",3,"fair",39.5084067445931,67.2716491805802,2.07875194851806,1.2175818939646,6.76928535241271,16.1507641060072,21.8075481459498
159,3,"F",4,"fair",42.7237067062798,69.0740755195199,1.49992505496352,1.94916595993711,8.82838043596565,14.2443532861891,19.9079255745684
160,4,"F",1,"good",54.1170163542008,75.0182880296463,3.92432388359065,3.20598127247225,13.961250616636,9.12912956293189,10.8223287709337
160,4,"F",2,"good",50.6528777769901,75.1829882359254,3.8315371313128,3.01315987445296,14.6261636120151,7.92030067411084,11.2620598583062
160,4,"M",3,"good",48.9788993052304,74.2386895448712,2.41336543118544,NA,14.792027588003,8.16178811662455,13.8197709289893
160,4,"F",4,"good",49.4567405574195,77.3654195164234,4.73484314627366,2.96906709428343,14.370005091441,7.2159460522336,13.4935609469544
160,4,"M",5,"good",50.7174820769862,74.6460669300946,NA,3.15087380307266,13.4763419329471,7.78240572691467,9.80270739820925
160,4,"F",6,"good",51.2958250295774,77.5056481597784,5.04487005452971,3.05309320920282,13.1865568237422,8.34727890219932,12.366449149249
161,5,"M",1,"good",54.9357649031804,79.1103400462842,5.21899412870801,2.4137536541735,10.9312332460626,10.4324740698976,19.9217363986891
161,5,"M",2,"good",57.0515481651238,79.6901697150757,8.81862453916479,2.95085934680815,11.8759447593459,NA,8.94581555924523
161,5,"M",3,"good",56.6574895581872,75.2405382934826,6.54024154590654,2.60997252605642,13.1020825961141,10.1565478931153,7.83494608277464
161,5,"F",4,"good",52.1030227398788,79.3624451365079,5.05827316046166,2.68635844405349,11.2542211306473,8.36150642566692,13.9695639969471
161,5,"F",5,"good",55.1891576812254,76.4370026958048,5.64036214927672,2.72973956791415,13.2702798247793,10.7525965011726,11.3718812451839
162,6,"F",1,"good",47.3625441111459,67.5580457194125,NA,2.16905105892719,10.3079130895416,11.4485690164615,14.6878117214288
162,6,"M",2,"good",45.1737056727854,69.961730874286,2.39508743612241,2.42074643355341,12.2674526994108,10.4826512905995,10.147366976862
162,6,"M",3,"good",49.7148838870669,71.4585053212238,3.1148853974869,2.07377661232738,12.4109881757999,11.1557641654083,12.9014889632137
163,7,"F",1,"poor",44.8753445060093,70.3024593130234,3.56990854554981,1.33262252070099,7.5701518629084,13.2696532945983,21.1433771347046
163,7,"M",2,"poor",44.8681553228792,70.1391589641984,NA,1.51680286047911,7.70090172828631,11.1512546529889,30.7006934218706
163,7,"M",3,"poor",45.1558938455186,72.6283432394065,3.68941343465444,1.41983519004006,7.67279116219456,14.3385845901475,21.9257212897318
163,7,"F",4,"poor",45.7123182525388,71.1604780482666,2.62613633673505,1.80533590262339,6.99217332867986,11.1791477636653,24.8290968491718
163,7,"F",5,"poor",45.0509709473051,70.6608586889442,4.32612953705598,1.32428263768535,6.35050829021279,12.8117540004129,24.4863999127311
163,7,"F",6,"poor",46.0447759729755,71.4674886729884,3.25763065715717,1.26219854613389,5.66412653017993,12.557050991491,20.3443997353309
164,8,"M",1,"good",49.2584659217443,70.782863978116,3.23493946679275,2.31962658728547,10.8623385263862,10.8112301924547,13.7098789070818
164,8,"M",2,"good",48.5523540844177,69.9952980119611,4.45402063712742,2.38360953097729,12.5100066050883,8.8503494840784,13.966762167855
164,8,"F",3,"good",49.1658811918189,73.3782968730232,3.27624992292808,2.60580955323623,11.7777333371277,11.4545750866682,12.6233367136677
164,8,"F",4,"good",49.0995772743759,69.5577711393982,3.12815077555802,2.28906669972733,12.3641235295814,9.16753425871079,18.775874420819
164,8,"M",5,"good",44.542323457014,72.271773294051,4.56368333686171,2.55569913576777,11.5129303990011,11.6158351332132,15.7983049602079
165,9,"M",1,"good",51.2988734389186,74.1649181351009,4.9082533432263,2.36523019439073,9.48486131728903,8.52451238786973,17.4648894181058
165,9,"F",2,"good",53.9823841175946,76.4319886899694,6.22293627694548,2.60347678069259,8.84624403580298,12.5572879222877,NA
165,9,"F",3,"good",52.297328039587,75.5066175744642,3.56827307451461,2.37398263506452,12.4443638530045,10.6091268072089,18.7880304517214
165,9,"M",4,"good",52.3504986807851,75.0749410678389,3.55955174624086,1.96299308339055,9.41554373730477,11.5551845972731,17.9358554050723
166,10,"F",1,"good",46.9334587898171,68.7687764396495,4.20942902770135,2.20818406772586,10.7336005434635,9.89676901166155,17.3164106538818
166,10,"F",2,"good",50.0689391211596,73.7355747342924,4.23946216648729,2.03464535210937,10.6027793586615,10.2777172830084,20.0481215331073
167,11,"F",1,"good",50.4710704767081,72.0510550343141,3.35028775770921,1.51243408720077,10.6008117294632,12.7538194392849,18.8533848266242
167,11,"F",2,"good",50.9740996318815,74.5700078717351,4.97811637366413,1.61640101603064,8.99427348939977,11.0007056576211,NA
167,11,"F",3,"good",50.8005762600087,70.7040287537313,4.04102303260083,1.38114638507838,9.33000899431534,11.9496932654935,17.6547821391747
167,11,"M",4,"good",46.986241476207,72.2321780077809,4.84117429121345,NA,6.94615402055656,12.204535569866,18.5012397267117
168,12,"F",1,"good",44.7746542440416,70.9110209049221,2.65857570384958,2.77582148230597,10.7205914495967,10.3565992593744,18.1561381962662
168,12,"F",2,"good",47.8526735261238,68.9161375257789,3.43783966694641,2.74069034068575,12.9513711912248,NA,15.7337673588356
168,12,"M",3,"good",48.1773254499688,74.5512043807406,3.76468163792359,2.70179164395127,14.90790809302,NA,15.3345722788045
169,1,"M",1,"good",49.336388253196,71.7721806018085,2.5119393396487,1.90306623092139,9.17395426478498,12.545598220653,18.8796412740653
169,1,"F",2,"good",49.5046529153906,69.2834428346653,4.77072547643445,1.9002116351779,10.896164871383,13.2688992194527,15.9118509990475
169,1,"M",3,"good",48.5516986368814,74.5099091660783,3.44694031533078,1.70764660186383,8.56522111572623,NA,17.1087366906861
169,1,"M",4,"good",51.8724836957818,73.3502748680043,4.28337399444648,1.54922198828244,9.25852251273075,9.22092756517109,16.4159743716815
170,2,"M",1,"good",55.7969989175563,77.3217635501126,7.33598827019924,2.20218907590147,11.2168541409351,8.43559686964371,9.53156085990416
170,2,"F",2,"good",54.4077612221301,78.5213358870343,6.267712755381,2.17012283323637,11.6969793276161,10.0028408725092,12.0652522373191
171,3,"F",1,"fair",46.9179530801019,73.2693428936579,NA,1.79946907271801,9.29521362273255,10.8033878899004,17.8358727681199
171,3,"M",2,"fair",45.8998556808187,73.3797398757435,NA,1.76937259472321,10.0299622767124,13.9366353724615,18.8339955320335
171,3,"M",3,"fair",48.5138780435145,71.0499839652082,3.5902880288141,1.88653680024056,7.90278995103536,11.0636152536846,19.908687509044
171,3,"M",4,"fair",48.1759342744058,72.863907137941,NA,1.84081976194392,9.95160024497345,11.6395643681484,NA
172,4,"M",1,"fair",43.9696121304931,65.009061780153,4.23300010439145,1.75435623282323,8.41427491171323,NA,18.3386361002712
172,4,"F",2,"fair",40.816277050091,68.0180202231548,2.84243787605213,1.45749056587742,8.45357305256312,10.2275292314742,22.5672862455843
172,4,"F",3,"fair",44.0142016741439,68.3749350130631,1.83442522788083,NA,7.34004715306623,10.6195027829405,22.9662511809133
173,5,"F",1,"good",47.7551871858356,69.7557356737659,2.86931187324338,1.74146823976374,10.0211163132804,12.4345264655032,17.2447581806036
173,5,"F",2,"good",48.5221745157717,77.2567874017654,5.16231970176898,2.20646771265153,11.4373749871432,11.155667151707,18.3545897881358
173,5,"F",3,"good",46.3785439962645,72.416397664285,4.63797782567872,1.67263855356538,9.6813365219062,10.3953240079937,18.081359607684
173,5,"F",4,"good",48.3545187636383,71.5197880995182,4.42210145579039,2.14416776069568,10.0583702222892,11.1251362301649,16.3374228097099
174,6,"M",1,"fair",42.9830016401666,70.0339477407769,2.49659006940166,1.92170880233127,10.5015418372105,11.7816350714281,15.9426814970982
175,7,"F",1,"good",54.4932439998733,79.4456787216617,6.21059717811801,NA,12.0849287065622,9.86756832847586,NA
175,7,"M",2,"good",52.9927337121975,76.3729951062093,5.88744703015487,2.16259456182283,12.2414119363666,10.3778231018361,12.4470087684826
175,7,"F",3,"good",56.6632238567342,79.1776260289898,5.14375403738275,2.71903424412669,13.5231124168883,9.45883497239263,14.6187157090026
175,7,"F",4,"good",50.1672543869406,73.7652208779682,4.76608797118143,NA,9.60008715937901,9.51628630172842,8.56152320517074
176,8,"F",1,"good",54.2650204866998,78.2856593506525,6.24613434432098,2.60895772611276,14.7122986647334,8.00545968717788,11.233855297199
176,8,"F",2,"good",54.4088424128261,77.9247889813884,4.71596911530332,2.80532429393602,12.9158768861869,9.72396042732629,10.0497905885822
176,8,"M",3,"good",59.3265494075552,78.2485642200525,5.39364288868127,2.7583799457029,13.3650117611548,8.94111989702176,9.19464085619855
177,9,"M",1,"fair",41.3424412593327,68.0921998654133,3.83346575029001,2.26077176494419,9.4843013742337,NA,19.4482075463367
177,9,"F",2,"fair",40.889606555103,69.4013273202838,2.47160294592241,1.6772678477602,8.44108436252233,13.0481454144338,19.9467658718869
177,9,"F",3,"fair",44.2972727133381,70.0987922211464,2.40970957752,1.84385022097729,7.57376169310796,NA,23.2382325335806
177,9,"F",4,"fair",45.5778872620218,71.2913454540431,2.00739350075451,1.87636651815796,9.05322381017549,NA,21.8952850922442
178,10,"M",1,"poor",36.6378371967301,62.8828841946072,1.4422175580121,2.04915205866501,9.36533970976041,12.6725990809114,22.0594087543186
178,10,"F",2,"poor",39.8320673178154,66.8159755773799,1.95487153652543,1.79477277098037,8.39618888546439,11.4801339713481,20.4818683226356
178,10,"F",3,"poor",34.3109297504354,64.0741974484147,0.968521535962382,1.80543615431365,10.1026322890797,11.6181274821194,17.9501890698256
178,10,"M",4,"poor",35.2244295183601,65.5570127986827,0,1.93492921836676,9.04017051813691,12.1076377291506,15.8683795183311
178,10,"M",5,"poor",39.6359253782251,68.0306306543337,0.580700333900837,2.14819594346274,7.93594717368036,11.4377972953544,21.8776682470946
178,10,"M",6,"poor",38.7738501534222,64.7629694348057,1.71829379901726,1.91425709691114,8.00100705948241,12.6633159223765,19.2478738051974
178,10,"F",7,"poor",32.6962564206445,59.8229205566404,0,2.01268402741166,8.64824403430092,11.7058521218877,19.1566203369449
178,10,"M",8,"poor",35.6721313446009,64.7979488263673,0.306967537943535,1.86280171156262,8.11411007462016,12.2855503092556,NA
178,10,"M",9,"poor",36.8420239095212,62.2449076230503,0.529858236748384,2.04519812718595,9.68271194083092,11.8030027294258,21.072995853213
178,10,"F",10,"poor",38.9959901605148,64.9934089703824,0.929632708414954,1.88416934529433,9.11282061051734,11.383615721166,NA
178,10,"F",11,"poor",36.4949543439324,62.1592837913966,1.03357237229217,1.69991656825728,10.4155219108068,12.0627682744538,20.9114157221592
178,10,"M",12,"poor",37.3480215932505,63.4518885868824,0.050250306083426,2.01648754814185,6.96214990115657,12.0207839435563,16.5535397504749
179,11,"F",1,"poor",35.0622529144092,61.6678922548335,1.36143048760486,0.6457556730013,5.4264770364318,15.8964572145372,30.8915573486762
179,11,"F",2,"poor",36.9723144075966,64.6489485731835,0.477777436899506,0.837074498685318,5.08983516900532,16.3066985491534,27.2619080310607
179,11,"F",3,"poor",34.833870527787,64.1520672445329,0,0.727016653369829,5.20409702829559,15.0645846960163,29.3555956108257
179,11,"M",4,"poor",34.526722113224,63.3847453360047,0.811705239989349,0.784410503026595,3.10123412747616,16.5360408549892,29.4378207798555
180,12,"M",1,"good",47.9301425541413,72.4614662914434,3.76376843682728,2.47660398725541,9.0838202332923,9.19811718530399,16.5833811283077
180,12,"F",2,"good",47.8761537391463,75.2016535099641,3.99539512979173,2.43969594438585,12.2840568923974,10.080423952539,17.5714567962059
180,12,"M",3,"good",53.0955865682462,77.292150831871,5.76400199248398,2.72848363343702,12.7183125526404,12.0786814065545,13.8684509101046
181,1,"F",1,"good",50.8684061800091,71.6444809976694,3.44834865173516,2.26534712137324,11.9904310818232,9.23291341477288,14.6907520165917
181,1,"F",2,"good",43.9706055983025,67.4372362306024,3.39056165506387,1.94497770602214,10.2028200080766,11.6706462837038,19.6845851569234
182,2,"F",1,"good",49.0704920527365,72.9963181641562,3.63344721295236,2.40217939112525,10.3601682151068,8.50205091975697,15.1089850187163
183,3,"M",1,"poor",41.0975774011227,61.379891035833,0.632340206690063,1.48629029066909,8.26685543067937,13.1882125190934,25.511790272725
183,3,"F",2,"poor",43.2596400283508,63.4671340940082,0.167831511398969,1.34165488774379,9.00610617931342,14.6875882584793,21.5781337747699
183,3,"F",3,"poor",42.119724271496,67.8365789241624,2.17329115199737,1.79039915934971,6.97738977672334,10.6190101648597,25.9928033197485
183,3,"F",4,"poor",39.0544846824543,61.9215104487964,1.6086286721113,1.55466265423829,8.39613776382233,13.6242933777116,20.0030991820872
184,4,"M",1,"fair",45.2954246790574,70.9059498622539,1.93498211471355,2.47205070920835,9.40349668639155,12.9493269919099,16.4251820542722
184,4,"M",2,"fair",43.0225956842587,69.228035940312,2.1178888766589,2.44919034549747,10.8464166179349,11.0640137169676,19.8976138528949
184,4,"M",3,"fair",43.4795712005031,70.4413755197825,3.41446830836696,2.25764089753685,10.4249851837114,12.0112029880879,16.5260918393221
184,4,"M",4,"fair",46.3616296796528,69.2687231937905,2.55335655119587,NA,9.76377609110574,10.5509497097173,18.2454035407304
184,4,"M",5,"fair",44.6631104480206,67.9740232829879,3.13638879631874,NA,10.2371685942368,10.9943240773676,NA
184,4,"F",6,"fair",44.0747329472856,71.8480377576507,3.00632029851504,1.85796971114408,10.7143958737033,14.5057027136918,21.3285738453456
185,5,"M",1,"good",48.0884449106542,72.0852963457731,3.46437888035711,1.97034133825917,9.81060518060597,10.573049961444,18.7220828682024
185,5,"M",2,"good",46.8110426946244,69.6036647768828,3.40195833027778,1.68416658389119,9.98440006918217,12.1571582704524,19.5260887209653
185,5,"M",3,"good",44.1126435673695,68.2568324484464,2.52901883889201,1.76956418211354,9.9246001082012,11.4030932578419,15.5350416657876
185,5,"M",4,"good",48.2878536952514,67.4288928954725,2.14451309462402,1.55146392159525,10.1202668908718,11.1176275428635,17.729292291274
186,6,"F",1,"good",53.9022038637687,77.1484612842738,5.13647282543849,0.938031600956768,7.61207189003901,13.5387641795943,21.1022583769666
186,6,"M",2,"good",56.2129474126078,76.372221182139,4.00061534321075,0.948239049612833,7.1749128546945,12.5184274466732,21.739855732835
186,6,"F",3,"good",54.0894529224645,76.2674541406171,4.16660175440019,0.872472946954055,6.77341038764477,10.4354924948911,19.3094370378249
187,7,"F",1,"fair",45.1489043207831,70.2039855898337,3.52492076311727,NA,10.239513129385,11.1503395246057,25.27026152065
187,7,"M",2,"fair",42.4226462067995,68.012056627483,2.10154233790345,1.6754261659781,8.15113598147332,13.6160771236794,16.714916973566
187,7,"F",3,"fair",44.2945372915281,65.7644726780634,3.67895066746731,NA,7.05267880342879,12.0065031312341,17.8072915625356
187,7,"F",4,"fair",44.6787992522063,70.5861038374786,1.42439728596338,1.68976026897756,8.82087666302654,13.1665357660763,23.4575643944607
187,7,"M",5,"fair",43.225915803854,68.610580419779,2.79542156059035,1.36422589526087,9.26125614080937,11.5227173446179,20.0252203494942
187,7,"M",6,"fair",44.4074971261629,68.7134709668114,1.98944089914272,1.54543327122087,7.76010410680171,11.5479575978148,20.0755118027263
187,7,"F",7,"fair",45.2603096977051,69.0945247270122,3.08191654127042,1.14110436932956,5.80772899538595,12.1168291210051,NA
187,7,"M",8,"fair",44.0047805594739,71.150159275131,3.45621993153693,1.67224759400409,7.18148089388217,12.3198879588954,18.1835839880735
188,8,"M",1,"good",53.3885160824754,73.6649314180768,5.66393426662375,1.58457817317281,8.09770417012061,11.4490984902335,16.5652695520471
188,8,"M",2,"good",54.1605498419327,73.4316161687077,5.07666621116119,2.02794481883016,8.16708397721176,13.3049636367446,20.2393932519783
188,8,"M",3,"good",54.0786003706765,80.3984268917477,6.29682183415148,1.88315001990355,9.63857018241198,13.4144369571378,16.9218028165523
189,9,"M",1,"good",53.0648223684989,74.6465436659657,4.25692384621893,2.55936907102368,11.7991344276423,11.1708089927465,11.066472044445
189,9,"M",2,"good",51.8243173591376,74.59461421653,3.24674269719513,2.21952523759919,12.9115928943275,9.90792326540385,14.4022168439305
189,9,"F",3,"good",50.3549784074489,75.0344128062518,5.94282572481476,2.77428126566506,12.0852367315087,10.121786700742,11.8856808278896
189,9,"M",4,"good",52.8202707147381,78.0962041375529,5.12496226101946,2.66879501011284,12.2084437358069,9.54748858577002,12.5144374684626
190,10,"M",1,"good",50.2673905094936,73.9604781558888,4.50990233504161,2.7378319657263,12.803964512523,9.71935624415397,13.8209673083718
190,10,"F",2,"good",49.099118984733,72.0578857353605,4.98359113601282,2.28249437916881,10.4758157774369,10.9106977543716,13.3616316005283
190,10,"M",3,"good",47.1955337804487,74.0566660922497,4.25812736447104,2.18137366310605,11.6647343804013,NA,15.8230621965797
190,10,"M",4,"good",51.3459597260063,75.618139882198,4.87892757316853,2.42919328165821,13.0102435184378,9.17190806037384,14.2183309248774
190,10,"M",5,"good",47.3567136698211,71.3986499076364,4.98353098317377,2.33775231058445,9.49373440846228,9.12195377294337,15.1169473214727
190,10,"M",6,"good",49.5196597589081,74.3933889174161,4.55760893196935,2.9099765445907,11.4251057232793,10.8855625723423,13.1742393384147
190,10,"F",7,"good",50.1078414299461,72.0570131034002,4.39202280220111,2.62257512761341,10.8856248502365,10.0003438669504,17.4924317316526
190,10,"M",8,"good",47.8795331379256,73.7335622243607,3.06258551411842,NA,11.6918512875018,10.5858700018983,17.9222408257101
191,11,"F",1,"good",51.8018468486591,78.1765701164209,4.64664465614741,2.57014338052717,12.7395670345007,8.99927100182561,16.1315533799262
191,11,"F",2,"good",56.6218653004226,77.501648686295,5.81356477999858,2.97768700373827,14.174755594111,8.74060820753165,15.5300121275496
192,12,"M",1,"good",48.3760819581656,73.6549901235204,3.81955300172545,2.28953647819209,12.4620935188021,9.5730723464266,21.9863014928233
192,12,"M",2,"good",48.4666151789871,70.9687730094907,4.58374651054711,2.22442842356112,11.1756791691163,11.8002046270246,19.3546510357303
193,1,"M",1,"good",55.1298968958534,83.2540295878154,7.14840896911809,2.51409217225198,10.4875670757026,9.91136149370236,14.6247096432195
194,2,"F",1,"fair",43.1647915132639,68.1545878801744,2.54098742316629,1.15796859010034,6.50920512960701,12.0499750328674,19.5722412363206
194,2,"F",2,"fair",42.1954149304825,68.984702306875,NA,0.765476770411549,5.08377973847409,14.5274874025456,22.690230391643
194,2,"F",3,"fair",39.4791190971826,66.8987395096806,NA,0.859914706713675,6.0849696876219,NA,30.8485284229802
194,2,"M",4,"fair",39.9813347920486,71.0251675929056,1.93666553636118,0.816279304601158,6.06128182089344,13.1940968309608,25.5318451867701
194,2,"M",5,"fair",40.6352750966894,70.0666789382705,1.84530102248682,0.91554627836307,5.18073445781092,14.4333151162321,22.6290869324016
194,2,"F",6,"fair",38.508438653141,66.5667810870749,NA,1.06476115112984,6.06079926666364,16.2539118651196,15.352716154418
195,3,"M",1,"good",47.2109062692042,73.1383007521485,NA,1.92019112805666,8.72551872762248,11.0822716119528,22.1045980901806
195,3,"M",2,"good",47.4899684223157,71.2806747012717,4.28738832672122,2.07308825112032,10.0592608862263,11.8186845901103,20.666323260123
195,3,"F",3,"good",50.1584575304878,77.2769632467349,4.23479774140235,NA,9.00086315972408,11.2305923696093,15.8140910049644
195,3,"F",4,"good",49.5706537836395,73.4878353112136,6.0312357611394,1.86097497596706,11.3524694267,8.6696545580798,17.7790146759013
196,4,"M",1,"good",50.2003626040013,73.2472682297536,NA,1.80661718011549,12.0755567406301,10.8102127311019,20.4807260542806
197,5,"M",1,"good",45.4041148946695,73.5285270367484,4.50745403744157,2.49851149602085,11.709176392542,11.8807047885051,NA
198,6,"F",1,"good",56.4238387772481,79.1895713221739,5.17162656236991,3.04216377871278,14.7866768174088,9.30720757627403,12.3169095115066
198,6,"F",2,"good",58.296484513489,76.9898454978993,6.37222705680553,3.41042879130266,13.0859165631284,10.2001147743413,12.6808259551002
198,6,"F",3,"good",51.9902357080232,77.8781423406512,5.7985590458,2.83275342556855,12.4214462376009,9.60278754777007,14.1930273890361
198,6,"F",4,"good",53.5228532909187,76.8576038452186,6.84464346208384,2.919053497799,13.6911606240544,9.39077899720821,15.0462596327048
199,7,"M",1,"fair",45.5800036540236,71.4707712335731,5.46886393509197,1.77545148690966,8.08985798671735,12.7251064090463,19.7240434178781
199,7,"F",2,"fair",46.8623142617526,66.9104800883884,2.28656806680364,1.4137583680001,8.54163649549183,11.1504602394158,21.6961386505167
200,8,"F",1,"good",44.6982501652141,70.380937187356,0.900604740343608,1.45395785661403,7.12691910341119,12.5738816867841,18.0055324196063
200,8,"F",2,"good",43.4300981484855,70.1550648992329,3.23935316754342,0.938029708353097,7.10235673624754,NA,18.6988458219886
200,8,"M",3,"good",43.4539827518373,69.8407644819093,3.56099625408588,1.16021471301571,7.61172534127366,13.2027624024453,23.1621338475524
200,8,"F",4,"good",44.276713224867,65.9766237389852,2.48161461458925,1.23961702931382,5.65401737404771,13.1150311623067,21.4680426987359
200,8,"M",5,"good",46.1235710931962,67.3314280003907,2.91797563508812,1.42745509128287,6.69039083665094,13.890067354538,25.3972455568753
200,8,"F",6,"good",44.5848230934261,73.0324961581567,2.86081774909478,1.23383837824919,6.51364255119071,14.1183423783723,22.3004941446762
201,9,"F",1,"fair",44.5359608635957,67.3574997620288,2.98625903615459,2.09215764988864,11.1892809200792,9.61014848278283,17.4471599478621
202,10,"F",1,"fair",41.6580798392347,70.820474624015,4.62201104729891,1.83423733594411,7.83813630672473,10.5036419384699,20.0733005721771
202,10,"F",2,"fair",44.4761088244788,69.548253767895,2.36801892190674,1.85472044249833,10.321018648524,12.6364892120435,23.8213277906562
202,10,"M",3,"fair",47.2580836316769,72.4751517402456,3.50760231916931,2.24137251735019,9.92418246184782,10.9597116813421,18.3854830801374
203,11,"F",1,"good",47.8130527000573,73.8441753472743,4.39674191479016,1.8422953397714,9.86761237846458,12.8860317474367,19.3495867849003
203,11,"M",2,"good",53.0843424630097,75.425401938094,4.65162659632235,2.09982557547047,9.98040035023105,10.006822659646,23.4073467398987
203,11,"M",3,"good",52.6057357015301,79.0795602564189,6.06471343079598,1.93008057572765,8.91335814883192,NA,15.3953661647891
204,12,"M",1,"poor",43.3516536602949,70.4721955923978,3.45990070562071,1.77870601090156,9.72750956136223,15.2806792081223,24.0579551697266
204,12,"F",2,"poor",44.6309280987988,69.675777375404,2.88010489015092,NA,8.86066476638898,13.4000232379685,21.8972583179271
204,12,"M",3,"poor",40.0366878520144,68.2949491980997,1.72616747354291,1.55432341033579,8.45798851337319,11.6275940203356,21.0206605578093
205,1,"F",1,"good",58.3256108123956,74.9971412480378,5.87301921072076,3.12420553575327,11.5408077368271,10.1055183412877,11.2153808246417
205,1,"F",2,"good",55.7879310124114,77.5249592161757,5.51952539406453,NA,11.6340594437936,7.4094415414261,12.0616924176094
205,1,"F",3,"good",56.9979657607571,81.6977196438693,6.38370154674195,2.62059227531854,11.3276966456861,9.8949776589473,10.1449852054395
205,1,"F",4,"good",56.278173670298,75.5908524080185,6.70667823125169,2.43432456706315,11.781824203325,8.3436994996007,13.9039192423536
205,1,"F",5,"good",53.164191477735,77.8908136848166,5.10608027793517,2.62021717546889,11.0125226381064,11.1695085839616,17.2628741430575
205,1,"F",6,"good",56.2477580945855,75.2750086960502,4.95543755030705,NA,12.5374390515089,9.6000570876503,NA
206,2,"M",1,"fair",50.7162575363191,73.152552748358,4.54522480545904,2.91266575247127,11.8819489607737,9.46543279709332,14.0211381834006
206,2,"M",2,"fair",48.4216388061829,69.0005577289611,3.29587966699248,2.66949990200139,11.8142090612197,9.78611551535269,13.0691508114439
206,2,"F",3,"fair",48.7992426377959,71.3854925910361,1.6380942067222,2.85908004236654,12.291012235405,10.7403909302688,19.6746039256811
206,2,"F",4,"fair",48.8855656434838,69.0604449612541,2.63977088501967,NA,11.6274401637447,11.3990555333234,18.168457195167
206,2,"F",5,"fair",48.3349260615326,72.8532299030808,2.46593903610166,2.94515455238165,11.9751952780706,9.87353059725345,13.439458281046
207,3,"F",1,"good",47.8119872036363,73.1502947169276,4.28710921433037,2.10344983980368,11.7784250236939,12.5600600642274,18.6906554275849
207,3,"F",2,"good",49.3567503922074,76.5849198459849,3.77369789754364,1.98634297212379,9.58258926946891,13.115272279759,19.0041628834601
207,3,"M",3,"good",47.9154083130835,73.7706382252689,NA,1.67054694085048,8.77975589304242,11.0332159036798,NA
207,3,"M",4,"good",50.8550009261706,72.394375566285,5.10742158463827,1.83597099984965,8.67280591304335,10.5311194394806,23.6710163969191
207,3,"F",5,"good",48.3185130473976,73.4643372707688,4.14142035797714,2.05308637144291,9.02630791503569,10.7038459585137,14.2976199013668
207,3,"M",6,"good",51.7647828617633,75.2953302423409,5.33424564933481,2.58521741481555,10.2675638317327,12.6486554587536,17.6083327962496
208,4,"F",1,"poor",47.0159341087295,69.7107430288057,3.15794395634418,1.47858680882604,8.47982589325242,14.4627508960089,22.2839239826647
208,4,"F",2,"poor",42.4859665344695,72.0319820112566,3.83118294867859,1.45797894040901,8.32831701069552,10.5496607632694,22.3164548297532
208,4,"M",3,"poor",44.623008755228,68.8871596274055,3.64558084298412,1.70921775631372,6.62244755045613,12.8803707238542,21.3160059419447
208,4,"M",4,"poor",43.2721656749091,73.1536755472304,2.63466666937958,1.08867320428058,8.61703288432588,12.7181709827831,25.4407810662423
209,5,"M",1,"fair",50.7777093826582,74.0891259523176,5.19988511039396,NA,10.0388896062099,12.2055432049576,23.2989206471281
209,5,"F",2,"fair",48.4053209111065,67.887647875123,3.26243085917151,1.33130395482378,8.70806428532712,11.305242476736,16.3164308815252
210,6,"F",1,"good",45.1227926539089,72.1080498711839,3.72430896807569,1.37200070755201,8.33678942496715,11.551374290557,14.535152179521
210,6,"M",2,"good",47.750788801789,73.4974245898233,3.07455170723713,1.9184966020117,7.81610673416385,12.9093665488245,22.8034330257469
210,6,"M",3,"good",46.3458214945048,72.0520656475387,4.02335653071972,1.59434108263092,7.31633895998695,13.5562461698709,19.909419092614
210,6,"M",4,"good",45.891664967536,70.1585126358905,2.47324688373914,1.46013816693045,8.13184485285227,13.3716799860286,22.991137274799
211,7,"F",1,"fair",45.8481647992613,70.0487639501727,3.38530998804549,1.73147805777353,6.02863891087532,14.478243993179,24.8749118941232
211,7,"M",2,"fair",44.7017853049162,72.647270186397,2.20078479965256,1.69049900711296,8.84023768340036,13.7883619752545,15.0291435188491
211,7,"M",3,"fair",45.5408939171367,68.7057213724517,2.21094150461796,2.00465488654208,9.42178860618719,11.8646699895331,19.5771766220545
211,7,"F",4,"fair",43.8874456746429,69.7101895807474,2.70264380499295,1.53675621964451,6.35495551688243,13.2985152719193,24.5677431044591
212,8,"M",1,"good",54.3782635109599,73.2649448103677,5.57941426569118,3.08034603959798,11.5776547700898,8.93920331127812,11.7421111301076
212,8,"M",2,"good",53.5088895468174,73.2603040621901,3.73114710187623,3.21574877526761,13.184029264779,8.92835209372134,13.6745979462272
212,8,"F",3,"good",51.1970114036563,76.4543160634399,3.79608926177192,3.01261567243288,13.4703595124399,8.31115951667507,14.9656273831944
213,9,"F",1,"good",52.0650574410212,76.2175507269888,3.94757872529475,NA,13.3888909975429,9.67039774181439,14.9012454713448
213,9,"M",2,"good",53.8081257724532,77.3151606769403,5.57130998212682,3.05931121448844,13.2359465829699,9.79872759256099,10.6248091482346
213,9,"M",3,"good",54.5945722222775,75.1018400533129,4.88311999432657,3.00901863035194,12.9444217138296,8.87204021816208,13.1735671647899
214,10,"M",1,"good",46.5907534884843,71.7622991778657,2.78096257178855,1.46561276670538,7.22913791984601,12.1468877502788,18.2534520811961
214,10,"M",2,"good",49.9393030348352,72.7824311578307,4.21248634856471,1.85654411590006,7.88555314075513,13.0717595247121,NA
214,10,"M",3,"good",49.8900105489144,73.8694663972926,2.954938496206,1.4240643750452,8.20766593038711,13.1586881010555,16.1423806494724
214,10,"F",4,"good",47.9612498852089,72.0563587446724,4.07349845547502,1.73071797734091,8.01435599024311,10.548147801467,NA
215,11,"F",1,"poor",34.3766465980722,65.3460936801759,NA,NA,4.38211150189938,16.2308070092011,27.9954127547096
215,11,"F",2,"poor",35.021061204964,63.0333071976866,0,0.783367728804342,5.26889091502828,15.9675981599059,31.0750879207939
215,11,"M",3,"poor",36.0337392822631,64.7344238280317,0.17028694234649,0.979419511480229,5.53932037154597,16.1970391707642,NA
215,11,"M",4,"poor",36.4659533598406,60.9507853109974,0.365625362591938,0.924566580136037,4.49297097588912,15.11226029426,27.7330687574208
215,11,"F",5,"poor",29.9294633937843,59.533518733583,0,0.684749062791446,2.64319839583585,14.761098949607,32.3920459514621
216,12,"F",1,"good",45.8634877004697,69.4841495893995,3.71556193282101,1.81094999612072,10.1086426328724,10.9956333630576,15.7260935208609
216,12,"F",2,"good",49.149192895292,73.8268993234963,3.69456636719049,2.10565859403026,12.5328469077048,10.23159233495,15.1696689322198
216,12,"F",3,"good",48.9242447489438,72.2805699998534,4.51318944086212,2.64812326328114,10.5468232145303,8.09049058900819,NA
216,12,"F",4,"good",50.0259304557245,73.1238122043174,3.48776286507521,2.46785196049839,11.2893815787717,8.60879211481364,14.4531950487381
216,12,"F",5,"good",49.6517409423455,71.2706770180478,4.3931299029997,2.63694836479491,12.5780876324756,8.42989357541529,NA
216,12,"F",6,"good",48.6562355198186,73.2229982619912,NA,2.25581286244461,12.3116331537334,10.8574369414382,15.0272073520689
217,1,"M",1,"good",52.4089914369116,75.7936344588861,5.37007852982482,2.8717001935442,13.4729128621862,6.24941831280657,10.6881255188384
217,1,"M",2,"good",56.4368858042632,74.1907422806792,4.60049283168848,2.71788977774084,15.3534184207531,8.25772099932686,11.1413255002881
217,1,"M",3,"good",52.8404253760908,78.3411489958534,5.8964428242927,2.37312541009182,13.1046267582796,8.75188265810067,14.4183193091186
218,2,"M",1,"good",51.1241290502819,74.5554742127756,4.62041736601616,1.43105834468892,6.86107396080099,12.3782633853389,NA
218,2,"F",2,"good",52.0527049625243,73.6805422233289,4.6438843856428,1.5159721802614,7.89077318748262,12.493152029667,18.7360208031502
218,2,"F",3,"good",47.9421058146779,70.8432956273831,3.53773903564017,1.19643659971094,6.87114081280879,12.4979747039346,21.0675489828704
219,3,"M",1,"good",51.5538521357029,73.2809473761624,4.24526099976029,2.42105971985297,12.6443278801258,11.0722429979483,NA
219,3,"M",2,"good",51.6633497855508,74.7511677704687,4.06174358997105,2.08276602894149,12.4935360133564,9.71951763183684,NA
219,3,"M",3,"good",46.9242500330658,71.0004045946174,5.61092149579815,2.91529407926462,12.1466943272389,12.1575844862917,NA
219,3,"F",4,"good",50.3549761554511,68.5415165387221,4.70925145176343,2.55807213973602,13.6159930124419,8.9333069443895,14.2033105540165
219,3,"F",5,"good",47.6678280906083,72.7200999803911,5.92789115775163,2.71604933181479,15.5080687843399,10.0072125833181,9.97822398995129
220,4,"M",1,"good",47.3782156409933,72.0483697115859,3.73480990890275,2.74948852196837,14.4921695800588,8.48110962270164,NA
220,4,"F",2,"good",48.5601445123803,75.8900096817082,5.91498012320394,2.84898131361334,12.9363862855744,11.219200934806,8.53949217598151
220,4,"M",3,"good",49.1577879669774,73.1375747325668,5.01690693491177,2.59887596599987,12.7208338616533,10.5397424285825,14.7408677633958
220,4,"M",4,"good",49.9864122016131,74.8918708297743,4.33850166213733,3.18033172291069,11.5539731004329,9.94340847018095,13.3658151842009
220,4,"F",5,"good",50.174684081255,73.2491227139384,NA,2.7206503625041,12.6147892995046,7.92766032198913,17.137724285658
220,4,"F",6,"good",50.9418104238944,73.5658221605282,4.59621957173887,2.80042474235499,10.9984081609792,10.1168689846184,12.0744616993164
220,4,"F",7,"good",50.8733784307966,76.0221394761184,3.65379615142217,2.42479512605832,12.861141362224,8.17799692070444,17.4710855440768
220,4,"F",8,"good",53.6346716808653,73.8200832577807,NA,2.97334156516197,14.7509349128132,9.5359136493064,12.6216384460124
220,4,"F",9,"good",48.3984500519626,76.8475820397837,4.83663710559738,3.31931780985451,13.1576787277746,NA,15.0933762717356
220,4,"F",10,"good",50.8521046346336,72.1439592228726,3.50355404016174,2.54271254189154,12.6275852502001,NA,NA
220,4,"M",11,"good",49.9658548293826,74.3457922752576,5.4780570124837,2.89127658272384,14.0948556359061,8.77157302413055,13.1556794106772
220,4,"M",12,"good",53.8538653067606,76.3685025582171,5.9022156302904,3.0921808850922,14.7811675992664,9.95548724478992,9.96988929016941
221,5,"M",1,"good",38.7783110845228,64.0637973198113,1.45945331147658,1.40737823815687,7.73886868295782,11.2211132391279,16.6365702169054
221,5,"M",2,"good",43.4116856574778,64.0536558201784,1.85806965557639,1.44041735166242,7.77111132463373,9.73386739194907,19.6617047826935
222,6,"F",1,"fair",43.6395720699982,71.0076084320126,2.78455328245552,1.93276216291913,10.2068105413932,10.6123135611971,18.2604274861341
222,6,"M",2,"fair",41.924491650328,66.4993866186923,0.940134702346384,2.16520070964751,9.28449469347801,10.3871288246794,22.9649770702871
222,6,"M",3,"fair",41.4593427061271,64.9225913599712,1.75781223419164,2.49204332170568,11.3998792859266,11.3518939762665,20.7194771261087
222,6,"F",4,"fair",42.6255859321734,68.2233962048944,2.48435385317555,NA,9.47429522544874,11.6507972714402,24.5821412360016
223,7,"F",1,"good",48.523244437754,72.0474282482259,5.17002798703746,1.89018850805137,8.4848620983049,12.3589551967425,NA
223,7,"F",2,"good",51.139350875363,73.5871227934557,4.7491974907632,1.70392872294136,10.064981708632,9.58774629606922,16.7163610329817
223,7,"F",3,"good",51.9972882130691,79.6607586963882,5.06204491580614,2.18889025407739,11.3195257699339,9.28506460964635,20.8255646645019
223,7,"F",4,"good",50.878858493369,74.915701236964,5.31190156814006,2.12581695451583,9.52347056833473,11.7187884508292,15.1504713570736
224,8,"F",1,"fair",44.1537286436072,69.6059912046632,2.93584593269642,1.81012613133346,10.4655757177798,13.1731149536537,22.4082470340468
224,8,"F",2,"fair",45.4790128767172,73.3064162267774,2.56009223236752,1.73462233995641,8.82273372873822,13.3236309511746,18.4856517572688
224,8,"M",3,"fair",41.9645132497978,67.1996316012638,2.57792342655586,1.63931693709897,8.25486168651561,NA,22.8404562349075
225,9,"F",1,"good",46.2134781980309,75.2090612549628,3.46455766542722,2.11842573750463,11.1962223426661,10.8555956635857,15.5829064144899
225,9,"M",2,"good",46.5006993740996,72.0606143524278,3.55862399718103,2.1336369149611,10.7147702221944,10.882654867401,16.7597995316315
226,10,"F",1,"fair",44.7592707141146,68.9384576626704,2.67800546701705,2.05830112392267,10.1178518261787,11.4137422669447,16.1880114759557
226,10,"M",2,"fair",43.930391843935,70.3657475572796,1.44916834421357,NA,8.81174003438202,11.1494476269762,21.766625566504
226,10,"F",3,"fair",44.0313933115604,71.1774888578664,NA,2.01296911096417,10.9194147358924,12.3621651383475,NA
226,10,"M",4,"fair",44.9954076185196,69.9353058152234,2.06263629620624,2.27166277569027,9.38299941021409,NA,21.6002712055084
227,11,"M",1,"fair",42.2100456004689,68.4457946123654,1.30276693957505,0.996924871843118,5.20132405722826,16.1297895888512,27.1469575453457
227,11,"M",2,"fair",40.1235393302542,68.5182093790746,2.31156054864973,0.996692485981441,5.25031657980844,16.9209987465019,NA
227,11,"F",3,"fair",43.1921517479527,67.0028685604565,3.53584369523089,0.942478563314296,6.12930723021899,NA,25.8876309164561
228,12,"F",1,"good",49.3478162624752,70.2282746738449,NA,2.11258877798288,9.87804845494794,13.9352069478338,17.5756373938634
228,12,"M",2,"good",46.9968181676663,68.108957018418,3.72116586450287,1.68905846186043,10.0067886453557,12.2642653990293,15.6679994289986
228,12,"F",3,"good",48.588433050333,72.3429662529999,2.96239233937173,1.99603744309384,10.0686449727761,9.33358887769781,17.9118813127264
228,12,"M",4,"good",50.0499478901181,73.5895757847071,4.47809343654673,2.13098154113372,10.6560881901794,13.0676036173193,20.4684567433191
228,12,"M",5,"good",48.0122057231012,69.8814860416431,3.18938823668687,1.93272533555455,9.77064595315443,10.5747549725553,15.001752777277
228,12,"F",6,"good",50.5642298242783,73.285427248775,2.83509389986009,1.80014727098946,11.3568167082339,9.14340800453244,22.0352057089026
228,12,"M",7,"good",46.80625674876,73.170840291226,3.54705053017239,1.9707352129621,7.74086103169632,10.4711282702862,20.1445605302923
228,12,"M",8,"good",46.8303455836336,69.2414220109982,2.72673676326566,2.35888451070814,9.25390099212238,11.0662700758059,15.5117557065268
228,12,"M",9,"good",49.9257527751336,71.8209029107406,4.03215914485776,2.05624430641967,10.9205447488804,11.51291072788,16.8668169934533
229,1,"M",1,"good",52.3998308102331,70.8663246448938,3.5476701786145,1.69235814834341,9.60540401854257,11.7267084329887,17.2283250439812
229,1,"M",2,"good",49.0189722442652,74.8589744874086,4.26016185714778,1.8284161061968,10.0637409020756,10.0124284426483,16.3015527364474
229,1,"M",3,"good",48.2779817617963,73.88767669942,3.58826400082217,1.83767141791504,9.91457082019833,12.5865670091874,15.5148829654897
229,1,"M",4,"good",47.7973447053648,73.4524395706992,2.988018474299,1.51403019483258,11.0947239839371,9.93741766537938,19.04733232193
229,1,"F",5,"good",43.5670477638169,70.7140203812042,4.36229293291049,1.78383559006667,11.6267813578363,12.0182855903363,NA
229,1,"F",6,"good",48.7033957769112,75.920929298157,4.79671195267524,1.62692470726699,9.70201866359917,10.2999629916747,18.649429048654
230,2,"M",1,"good",55.2004978655856,79.5629767041069,5.78041902737401,2.34625759794585,12.6459531259683,9.08433285099758,13.7157271998284
230,2,"F",2,"good",49.1190014275925,70.1916735678943,NA,1.96835802684582,9.09121054864232,9.80761828809477,18.0383251742758
230,2,"F",3,"good",54.5692360625941,75.0985210718631,5.57354963151681,2.48787675210689,11.8881530249013,9.72277125997897,15.0968059202696
230,2,"M",4,"good",53.9976564952141,74.6214207996409,3.8369176616758,2.37441173794872,11.2566212585359,8.33926703449319,16.1091319843646
231,3,"M",1,"good",60.0949019724471,82.0276222849041,7.52722909789332,3.56793716197324,15.9831317627261,7.06037365859056,7.36922274690479
231,3,"F",2,"good",57.7418805693411,82.3058369545551,6.17783820970767,3.40624854582698,14.4427659300639,6.25678298139608,7.5600829345296
231,3,"F",3,"good",59.6853716041292,81.1374563653155,5.44419370528666,3.41185551448209,17.1711634146022,5.97455476996776,4.36920985570538
231,3,"M",4,"good",62.5114792690488,82.0218237143163,NA,3.11537469724881,15.0986251363226,7.15973369308545,4.15339809589175
231,3,"M",5,"good",59.4263445581229,78.223218149872,6.27430976398695,3.3406823302297,16.7104868775709,NA,5.24916137900072
231,3,"M",6,"good",55.1601784547905,79.8225543262129,NA,3.36482251407064,14.5286600705715,NA,12.1752460270828
231,3,"M",7,"good",59.0761315858026,81.7783314098527,5.61915458228885,2.95695887583519,13.1969164604721,7.66803582120129,NA
232,4,"M",1,"good",50.7639586386446,72.6385562019589,4.17140803110508,2.93539673502263,13.0762778641428,9.4105509703764,13.4250114929496
232,4,"F",2,"good",50.7367673011014,72.2737875851994,4.03011838976465,NA,11.6004853593464,8.76904027715414,17.4176071044763
232,4,"M",3,"good",46.680786286356,76.0887506556866,3.79548017357417,2.59248790424778,12.1016659981663,9.58351055196123,14.6169819082382
232,4,"M",4,"good",45.5847296707661,74.1270029266736,3.15594786705771,2.5583750200382,11.8334367922029,9.22740414237757,15.2994438570426
232,4,"F",5,"good",50.3122494598588,70.8659172556289,3.73047022479503,2.79423423345246,12.8205590236032,9.41799595593601,NA
232,4,"M",6,"good",50.5712163036477,73.4962753652235,3.70322341959797,2.76177130427712,13.4804394533983,8.86485711527425,17.8062890710804
232,4,"F",7,"good",46.1304458448012,70.9520189203948,5.24484642265342,2.79240835160579,11.4945921433575,9.25524251970602,16.9978555026971
232,4,"F",8,"good",49.188162186279,74.6873735734011,4.53972161467392,2.36182634482033,12.5198475715812,NA,16.9462316837708
232,4,"F",9,"good",49.3471163158395,73.9451745838067,2.08117493797732,2.86099560966204,12.1397621190032,10.1657434742448,15.0232507445476
233,5,"F",1,"good",50.1127848418497,74.6465127668311,3.75585577624427,1.99518893185676,10.3070841153372,12.6908987272323,17.7798389428665
233,5,"F",2,"good",49.3898801169818,71.7546941474577,3.08396811744624,2.00348171146965,10.0823254606418,11.2170647723748,17.0755964321208
233,5,"F",3,"good",50.1087667735365,72.9979435164447,4.93942373973401,2.13893332040349,10.4281329329183,10.0031665533993,26.3616354773698
233,5,"F",4,"good",52.9167291707561,75.5516120878592,4.46787859015725,2.41626667688501,12.214269878333,11.6217006025352,20.8275644702465
234,6,"M",1,"good",48.7250294318293,75.3619093745988,3.31679397345737,2.30130961984443,11.4621853020969,10.5554290096036,NA
234,6,"F",2,"good",48.4899113253199,71.9081905430592,4.96319970782767,2.1457472639419,12.2516920878139,10.4361255844535,16.937358834009
234,6,"F",3,"good",48.3797120425425,72.5654897344043,3.38458987056677,2.05789489797322,11.2271554943998,10.6253785028784,17.9346632317142
234,6,"F",4,"good",47.5834158351152,72.1243890029609,3.61767414079612,2.23841244859224,12.1276555344458,10.0064005407963,10.2492594962137
235,7,"F",1,"fair",49.1741839598801,69.3122280233261,3.46801698199672,2.20851165167803,11.5328120812535,9.64787458675683,22.7340466717549
235,7,"M",2,"fair",47.9512854902438,68.2781304370526,2.72747204046746,1.8211604971223,7.98732020968429,13.1210884100346,15.5362937468065
235,7,"F",3,"fair",45.6187288606724,71.3047272284596,4.23638491427985,2.08219973784963,9.35993927040169,10.4873417714511,21.8932983771615
235,7,"M",4,"fair",45.3083094988607,67.8011376075835,3.53626077788681,1.70529586998856,10.0630429986045,11.9772701019081,19.3123912354718
235,7,"F",5,"fair",45.0008768230371,69.4052630188851,3.31874018639473,2.07065885188256,8.98204633857518,10.5451511475808,17.997285968942
236,8,"F",1,"fair",48.0041585577027,75.1120321966677,3.50740780001344,1.78033476504408,8.67200259136717,10.5287192313295,12.6260675137111
236,8,"M",2,"fair",44.6380804877704,73.2515363457803,4.9505995924648,1.98698164562165,8.83854589533121,10.9663450625784,17.5475364777604
236,8,"M",3,"fair",47.7060231184813,71.5620811726839,2.61211170342435,1.83624859098487,9.63304099584316,12.1671082174117,15.8560401024618
236,8,"M",4,"fair",46.9427407175348,72.2878934164514,2.30372899476571,1.87753613457512,8.99702957174941,12.3555799822767,20.5250458742343
237,9,"M",1,"poor",39.4162042293703,66.5304573742969,1.91747679182737,1.33352394380121,5.10422025654702,14.1217785118949,26.6088159373524
237,9,"M",2,"poor",41.6947763472595,68.4200759254615,1.78143454221643,1.20888297462077,5.30479256844801,13.9332420969633,27.3420287891416
237,9,"F",3,"poor",42.5135101748075,64.9115241985719,1.53430584569021,NA,4.66294950162046,12.3944259452001,30.8421572993307
237,9,"M",4,"poor",39.1551799305186,66.8858103492712,2.33094816841752,1.44271591383458,5.03622437734104,13.7852875727205,32.2799728605209
237,9,"F",5,"poor",41.3069282040583,69.201794403577,2.8688034152128,1.37561920354179,6.57337761642604,NA,25.0888288013898
238,10,"M",1,"good",49.8836333467821,71.4716601874866,4.36350231727103,2.0747980249638,10.8737150351907,9.97332452014566,NA
238,10,"M",2,"good",46.0361773872917,72.7552992429942,4.03357639298233,2.35414019457304,10.9289257999975,11.5978596971683,13.6059560205632
238,10,"M",3,"good",42.6915609470224,72.820358429052,3.09076070538297,NA,10.5991322746234,11.8855962127568,19.8164937938838
238,10,"F",4,"good",46.0503534289326,71.2902625666511,2.44589725179466,2.4347646430571,10.2453670247145,7.8192944413749,14.9655964029294
239,11,"M",1,"good",48.5421994678471,71.2855463825378,4.29138010729005,2.02821379885269,10.9170890768629,9.97939692842249,16.0242303555512
239,11,"M",2,"good",50.1102328670908,72.9619566642205,3.49891533300021,2.11667252233189,9.83420743684688,12.5912193394869,16.8613343105856
240,12,"F",1,"fair",45.376945467761,69.1550736642806,3.73071650646688,2.60698577584682,10.9983428235706,10.8534655996254,17.6006628597589
240,12,"M",2,"fair",50.1550702444654,72.1954409270126,3.36279860071868,2.64977229394979,11.9955376597141,11.360952942612,18.7316448131623
240,12,"F",3,"fair",43.3477035164658,70.5777263396431,2.53524618775132,2.43530884476288,11.4625122838707,10.7564398369965,14.8595386416912
240,12,"M",4,"fair",45.6568919556302,73.3480296496382,3.07925217357007,2.58281392159756,10.2403194031681,10.6557533666361,22.0665931892635
240,12,"F",5,"fair",47.6686038983016,71.7685119131731,2.6957770318755,2.45543153755636,8.00909369319286,11.0196471570682,16.1297426322771
241,1,"M",1,"poor",33.9374004471924,61.0174571522344,0.107934220463336,0.328285995816823,3.05458477737095,15.425885834777,29.765240301004
241,1,"F",2,"poor",38.1703030076183,65.1509845341368,0,0.166785053819749,4.62459469028905,14.6603786678482,29.8740871327989
242,2,"F",1,"good",50.1934748235468,75.0373304137422,5.60290561314228,2.13481094203901,10.8394384316776,12.8177127773073,17.2293064718974
242,2,"M",2,"good",49.256898749262,75.2513269997675,4.39635777977038,2.63366886732249,9.20065063597228,11.1711528924434,17.0547927079751
242,2,"F",3,"good",52.8300605638317,69.8349521068395,4.90415125968542,2.14942868627759,8.4388653327096,NA,18.6068945236563
242,2,"M",4,"good",51.7888440554283,75.8130918955908,NA,1.76274140449718,10.2238892095198,12.3449020044623,19.5169816311148
242,2,"M",5,"good",47.2118563140643,72.6696498705355,NA,2.42751269773146,9.52682641891415,11.7909382925702,12.0192338362082
242,2,"M",6,"good",47.5700336168904,73.8836237953916,3.78483093610297,2.18704421581622,8.4981712473778,11.7456672407394,NA
243,3,"F",1,"poor",40.5463364658146,69.258365692898,2.0176553771545,0.585360054569131,3.30621669172665,15.7662545909838,29.0988810864526
243,3,"M",2,"poor",39.9979773785961,69.209011611053,2.25898534690875,NA,4.89842322589294,15.6536592562412,32.6984928205803
243,3,"M",3,"poor",42.511592500515,67.9814165635823,2.88516673413202,NA,3.65045688184382,NA,33.7096823806507
243,3,"M",4,"poor",44.0273451342584,68.4295178685534,3.41901864230492,0.282874000452474,2.15795518930115,18.1782413369991,27.997261083365
243,3,"F",5,"poor",45.5689543822762,70.8213242355916,3.05734916577363,0.108447901308502,2.87476138570709,16.9987565124759,32.4893580637848
244,4,"M",1,"fair",40.0860254148751,68.2597527896691,2.24899308440076,1.51003886487788,5.56243907155075,14.2837941341803,22.9004866577127
244,4,"M",2,"fair",38.4285715080341,65.7295222651539,1.62048503466958,1.03730715127569,3.91959478807418,15.038034031603,27.1610676077413
244,4,"M",3,"fair",39.6331692097376,63.7499082849977,1.26484427953743,1.10348756297215,5.82172030561058,12.9194483618925,24.0161191652913
244,4,"F",4,"fair",40.4041347421432,64.5695731998965,1.52282509038791,NA,5.18265130394408,13.8885949185627,26.7580180098807
245,5,"F",1,"good",54.1933914070405,78.0681764364959,7.6041686872339,2.8750944704479,14.3884366297859,7.39415738451998,11.8994188373937
245,5,"M",2,"good",53.1005042334452,77.0784003900652,5.90607062750034,2.94864504573044,13.0031188852753,8.47498973137992,11.2462973675721
245,5,"F",3,"good",53.1983128980021,77.5294847522916,5.22394967906207,2.78151645665768,12.1261349307225,10.316222632479,16.3650383569057
245,5,"M",4,"good",52.0847612699832,77.3099544451691,3.54970777787172,2.53805184715477,10.8487142969474,9.35691568178479,10.9653164341858
246,6,"M",1,"good",48.2958568298446,75.3368999506865,5.54245458119596,3.15970913789939,13.7289050832207,7.9197263187418,11.8297255622529
246,6,"F",2,"good",49.3904234563891,74.5344130502975,5.07611250916405,3.10785653600041,13.9826700899658,8.05919450788134,11.3259316438542
246,6,"M",3,"good",47.9276067005922,74.3530770533994,5.06650239046459,3.06431613630693,15.3223051042873,11.1964043232256,10.8847230698326
246,6,"F",4,"good",51.7421019629966,72.5382168941477,5.79563339790415,3.50186477645097,13.917815959971,8.69839749018254,10.4696607625518
246,6,"M",5,"good",51.051206758991,74.7317330359202,3.16392656628756,2.92726053849113,13.8754231075993,9.07724574965956,11.7658334864699
246,6,"M",6,"good",52.5172929620236,77.1295154632657,5.22994790588835,3.32383629519943,14.6549624385579,7.44301408584494,9.59922310331657
247,7,"M",1,"fair",50.8645255855909,72.1199545082866,5.57103914537167,1.99100993214008,10.2296878910124,12.4445928435756,17.7464288551233
247,7,"M",2,"fair",50.9900332033473,74.0894761496193,5.97375416270932,2.12088005072588,9.6770884846884,9.2829997870466,16.1726341110833
247,7,"F",3,"fair",50.2263919202508,73.8798768237705,4.14279668866017,2.10847153659583,11.5381962545072,13.2610003504885,21.0622619230474
247,7,"F",4,"fair",50.0332954550885,72.5003214933487,4.50317693017917,1.90842208664494,10.6896667707289,11.6960984075574,20.2720286754992
248,8,"M",1,"good",49.3400614927752,71.7764921239606,3.70778055021825,2.85488383711721,12.9537337639169,6.75519831244988,11.4229134678065
248,8,"F",2,"good",48.4313562393395,70.6267098666542,4.36607156868597,3.03971614381792,13.2299600788482,9.19993822444368,11.2114638325497
249,9,"M",1,"good",61.7167507891401,81.913378783677,NA,1.53452726845409,9.58502398206926,11.0143797176053,19.376792585678
249,9,"F",2,"good",57.4969014059416,82.9369380302187,6.89105490014708,1.5560437424678,9.31090052507377,11.5776456727446,17.0682898513439
249,9,"M",3,"good",59.3328593067314,81.0789711004253,6.97980566298827,1.72137875100244,7.47903733451008,11.6181040225182,18.5002842504498
250,10,"F",1,"good",49.0731523462533,74.5037906673472,3.70546622748943,2.87524389685129,13.6309735922595,8.33364515668903,15.6117717537926
250,10,"M",2,"good",47.4641161056847,74.0933681337574,2.46573347619156,3.06936162148542,15.5575928255223,8.66815116786557,11.3517011181714
250,10,"M",3,"good",47.7529671159897,72.5338061685024,2.76466243458028,2.85189323794454,13.3195451853086,10.6694337285768,14.3037991794472
250,10,"M",4,"good",48.7354025774013,73.613359996616,NA,3.0802404332878,13.054950227447,7.95462652500233,14.5012358678901
250,10,"M",5,"good",45.4835512008857,73.5089011739889,3.28661939072053,3.20474053445029,12.6678978122709,10.8243182202682,12.7211938280443
250,10,"M",6,"good",47.8531990454851,71.7843569065552,2.82537510907902,3.03006618205548,12.9786791624239,9.49444274149923,15.1557471933354
250,10,"M",7,"good",47.8454108238576,70.4951397680434,4.22181323355749,NA,14.0979851302221,8.80598125864117,11.1273354071713
251,11,"F",1,"fair",49.8716939599683,74.4309461438071,2.69595333051172,1.87166972837964,10.335682901276,12.8688470129862,13.9247313779298
252,12,"M",1,"good",54.8696021402947,75.5241276749896,6.0825968695088,2.49373277218267,12.980887016354,NA,15.4885256390662
252,12,"F",2,"good",53.4062210401324,77.1835140562949,NA,2.61282938892486,12.4559520709035,9.76537000255278,14.146596714114
252,12,"F",3,"good",52.5666816187299,71.8142990395897,4.81934696121229,2.02757682993417,9.77417522514534,9.36621095400665,NA
253,1,"F",1,"good",53.785427400303,75.4072373081723,4.47782234648568,2.73820002787318,11.560411545718,9.33695689794657,13.4294917538412
253,1,"F",2,"good",52.5136047921668,72.7583275681809,4.2776203359058,2.74758427501213,12.3790666041025,9.67342978524314,11.8007739357419
253,1,"M",3,"good",52.2531940938082,74.6377542180374,4.80768994954587,2.94660796275648,12.2139911208711,7.53310584784821,15.9878742714346
253,1,"M",4,"good",51.958502927332,79.9149305714633,NA,2.76670645834123,14.8130879425416,8.9625066363266,9.93864163536201
253,1,"F",5,"good",53.8982781724474,78.7606834909283,5.21477707393555,2.96107991479564,12.8365530538583,7.91923203421537,12.6167449230697
253,1,"M",6,"good",54.0097602451033,74.7482389831183,4.11244018480085,NA,11.931438719498,9.71189017581454,13.6988975039511
253,1,"M",7,"good",49.3954668957111,73.2538052135381,3.58427069603022,2.64609105657504,11.5601962320573,9.91357240424738,9.49607550455464
254,2,"M",1,"fair",46.8829111858139,70.2165785507556,2.85772782610837,2.09426499942861,9.50325666941701,12.5529451482424,17.334122683461
254,2,"M",2,"fair",46.5116835844253,73.5047466983314,4.65239391548221,2.10301115211834,11.4794945910621,12.7281490934849,18.3278106975755
254,2,"M",3,"fair",48.9407639786594,73.2082486990214,3.79121319353467,1.77164262658806,11.1044741409706,12.6384447423111,18.197401753678
254,2,"F",4,"fair",47.7356740899181,71.2348730687597,4.10409154476794,1.92597156390803,9.59764160229552,11.6939799856917,15.1842944027918
255,3,"M",1,"good",54.4739006489777,75.6183055118097,5.75142109736902,1.79919590457525,9.52493466297178,12.5770543043829,20.2306738159342
255,3,"M",2,"good",53.9306255913301,76.0334684955823,6.29422712778609,1.68173127523788,9.73534926611168,NA,20.7807829226848
255,3,"F",3,"good",52.1294081993657,76.9425946483168,4.83216572813466,2.06566813878185,9.89061207122779,12.8588243198048,20.5067585416002
256,4,"F",1,"good",49.4342023968236,73.1777309263446,4.76230667883645,NA,7.26393005147438,11.8432774286319,18.9421033761909
256,4,"M",2,"good",45.2472639785088,72.4430011522569,3.92185576026879,1.503703935252,8.07622641088776,12.4615318552793,15.7110856467901
256,4,"F",3,"good",50.9802995441002,72.7114404075367,4.18006591591386,1.66067619098886,10.4375946550628,NA,21.6900653934378
257,5,"F",1,"fair",47.4657826189655,68.7886099453282,3.65653432687891,1.46646887275954,7.68722522918375,12.1054700383492,18.3038632695146
257,5,"F",2,"fair",43.2640405443618,69.2120888465068,2.3930273907104,NA,7.20624441356661,12.6656146430402,21.8536903598555
257,5,"F",3,"fair",44.1502277477902,69.8269789658159,NA,1.54080912115102,8.38868002114227,15.0140753789603,20.1275187070461
257,5,"F",4,"fair",44.2195161354971,71.4763857799465,1.35674391567485,1.2779966951667,7.20503064677641,13.3703034897287,22.2567176796588
257,5,"F",5,"fair",44.5664578937179,70.5478016585322,1.66941014497758,1.47407258076323,7.8401368685283,13.4253129765017,19.0290897284405
257,5,"M",6,"fair",42.4187633928381,65.6321083536772,2.37114914115597,1.29448982723158,8.87635043549576,13.114831907519,22.0763119251327
258,6,"M",1,"fair",48.0724773665661,70.1374357527939,3.63420480447754,NA,10.6223429401613,11.6979023095436,23.0439907401226
259,7,"M",1,"fair",36.1622537810156,67.1916177865432,0.362336380305179,1.52888511510121,8.01729782433352,12.4924128336572,24.800427918116
259,7,"F",2,"fair",38.7814765341616,63.4259495217741,2.12610748413349,1.46015562116924,7.53073102542568,13.4664949282176,20.9349041588138
260,8,"F",1,"fair",42.4206602725481,67.9050038930741,3.08700469631084,1.59482829267701,8.39377319638241,11.152788265227,20.5109925211382
260,8,"M",2,"fair",40.4518609334705,65.4992105891555,0,1.6164801471053,6.70916510404299,14.071761984288,19.9483662101315
261,9,"F",1,"good",50.531968716008,73.2748763956535,6.95448489282914,1.83030636980146,10.3677549700496,8.62734028159655,18.2604957498608
261,9,"F",2,"good",53.131609654611,76.9957646425463,5.37238711280309,2.20181840717107,11.4358841898964,11.566346347312,NA
261,9,"F",3,"good",47.0392106170747,76.1625230715472,4.95579113282618,1.82500492394038,9.43121629304564,11.2833301050768,14.4443752680426
261,9,"F",4,"good",53.9260612925233,71.3737492130046,5.92698555236538,1.98655755483749,11.6931158272676,10.4954538091388,14.5501281457174
261,9,"F",5,"good",52.6364546853575,78.6666465267171,5.06463015461749,2.11854663542674,9.56112260818097,11.4846332226904,18.2108975625192
262,10,"M",1,"good",50.9481802778729,76.1884742025754,5.07026181946593,1.43398223243496,9.01286394041433,13.9981341359135,17.8485586162627
262,10,"F",2,"good",50.8046137711083,75.2171398890197,3.89258702856898,1.46239150340557,8.40801040823018,12.3823329760939,19.2540653977648
262,10,"F",3,"good",51.1398389902023,73.4802681168041,5.2621085902024,1.5425660907736,6.48236348513992,13.2914352395053,14.5987641778247
263,11,"M",1,"poor",38.110164697956,66.6365235038961,0,1.43209016756422,8.21031337576647,12.4310615972999,23.4638638230318
263,11,"F",2,"poor",34.883495794657,62.3164835143671,0.294380069916476,1.71448071847898,7.79396548199977,14.4209842030357,25.3128763872129
263,11,"F",3,"poor",39.2805583157618,59.0962145831513,NA,1.1368429171938,8.02178855598238,14.5563405224537,26.5679918384124
264,12,"F",1,"good",54.901918327322,82.2066349461777,5.44816940672581,2.86912048341606,14.0527933657638,8.74714778259204,8.67776513968898
264,12,"F",2,"good",59.1607467885105,79.108098631772,NA,2.9501730531339,16.2840885092762,10.9241847257431,10.0136189607635
264,12,"M",3,"good",56.7262213521612,83.0358653236477,NA,3.06753663629781,15.2962367855499,7.87561413208957,6.7257126197374
264,12,"F",4,"good",57.6394301023867,79.4110609778953,NA,NA,14.5826271969051,8.74327473835444,10.7670149281822
265,1,"M",1,"fair",49.6798600074645,66.3685301558997,4.11905678457729,1.62336106449487,8.78444430495412,11.7383864511413,22.1138347544257
265,1,"M",2,"fair",45.4882960003513,66.5223392845044,2.15755221032184,1.39555695653136,9.78700667569015,12.4440281991333,21.5654673644672
265,1,"F",3,"fair",44.6596706665533,68.8945584360775,2.95755014900691,1.77666263951583,7.7387088481019,11.267791584506,24.340031349652
265,1,"F",4,"fair",45.6720819802247,72.7363573080761,3.79561491546226,1.87875735377088,9.32991844773256,10.9908535869353,17.8599678497118
265,1,"M",5,"fair",44.7579901012304,71.1328058116215,4.33105585712044,1.70478136478814,8.3646109304903,10.4652110394704,24.1163250086014
266,2,"M",1,"good",54.1878049442781,74.3429337818353,NA,3.15977545846909,13.2355085218363,7.44280472112437,15.1968467519016
266,2,"F",2,"good",53.9473731694702,77.3917371930355,6.47662365473346,3.07418681104365,13.1269182189857,8.76882677074149,16.3229490543008
266,2,"M",3,"good",49.9294625134246,77.7361578340715,5.14825871997111,2.93045122314339,13.3308007785692,9.47309718404998,NA
266,2,"M",4,"good",56.4416033724712,76.057844928827,8.01586438671003,3.17164844460722,14.0201124724202,9.40923256893247,11.8071418321014
267,3,"F",1,"good",46.9081714233226,70.8509630739562,4.6414330005939,2.02596747643814,9.09941580883905,13.3812539688624,15.8361414243916
267,3,"M",2,"good",47.9081033595987,70.9923302450429,3.46683420033497,2.19670355949083,11.0571897909124,12.1435883777989,14.1847690368193
267,3,"M",3,"good",44.0327514632246,72.2615076951174,2.95292835485011,1.96938723468864,9.46854790647474,10.0423265690128,16.5851273820753
267,3,"F",4,"good",46.9713186266757,70.8944774122353,2.43248303081212,2.17144599526295,9.89354245689168,12.7036188002954,16.6555902932877
267,3,"F",5,"good",46.2523546651232,72.2593917547509,3.3303477569645,2.39742477761718,9.20751241998005,11.0599350782493,21.9699410728179
268,4,"M",1,"good",57.4287558213286,82.7005930382109,NA,2.4700415128247,12.8019792692036,NA,10.7500669473756
269,5,"M",1,"fair",45.018800750345,68.6919053466295,2.76790432000901,0.96002991131847,7.2801591130317,13.7167724673123,25.6587902917312
269,5,"M",2,"fair",42.3226578127861,73.3249874796873,2.66906049397879,1.11108972407724,7.63246576105121,11.5741430747198,22.418034558293
269,5,"M",3,"fair",42.7748282412731,68.8472674251292,3.22358846097228,1.24795569984452,5.89676106216503,12.3257188601807,NA
269,5,"F",4,"fair",43.4783653253817,69.7736851526864,2.25191084300706,1.18006970038842,8.35960368241919,13.0678250317486,23.0056068358042
269,5,"F",5,"fair",45.0035962139415,70.6138077262537,2.45940260045575,1.10562385410973,7.89387829544734,10.0547742452849,24.8241368558125
270,6,"F",1,"fair",48.2972555058245,75.3038001219411,4.45220047047997,1.1272788121535,6.67221630412359,14.69298886217,23.0231136794122
270,6,"M",2,"fair",47.4630562500934,70.2958660426761,NA,1.40840075403306,6.83974767670178,12.7174534202261,23.7809049245541
270,6,"M",3,"fair",50.0021793745355,72.3021203768696,3.72461969767209,1.39932859127158,6.44743873609106,14.152448580454,21.002192779328
270,6,"M",4,"fair",46.8259760276647,71.6380915526962,3.16119900199548,1.33867779723876,6.85417192787059,11.4552350302114,22.0779621505787
271,7,"F",1,"good",58.8053782755155,80.0052815183582,5.02807767247469,2.18707182678034,11.7944406048308,10.5504682128052,NA
271,7,"F",2,"good",57.3315288959624,76.5263934037656,6.77667687860754,2.53946596615001,10.6146670315429,8.87776405444014,NA
271,7,"F",3,"good",55.4288873128094,77.738981033165,6.65255161574623,NA,11.8937052633133,10.7933649292887,12.8718399744549
272,8,"M",1,"good",49.7481409224435,75.5266650524759,5.72063823549469,2.39655959160768,10.2016241714434,9.49216889712964,16.0585695349125
272,8,"F",2,"good",49.0244110302722,70.2648918633762,4.02379695836906,2.39364921995121,11.6689389553409,9.91909028280355,13.2410936422752
272,8,"M",3,"good",50.4824303631249,73.1855124403943,5.8640199117216,2.32762137039126,11.4979129469765,NA,14.3574002358266
272,8,"F",4,"good",46.7336077597219,71.0747571077597,5.52500372530987,1.76346262155715,12.2906258738611,9.15939998939345,16.4166623687937
272,8,"F",5,"good",52.6813743800055,70.6943256646664,4.48114700128969,2.11639733789165,11.1210827448763,9.78238214650276,11.6440421585153
272,8,"M",6,"good",53.7680209289517,73.5196660285919,3.54439577202817,2.59495509262215,10.9633166907283,NA,10.7991407640178
272,8,"F",7,"good",50.4366417882874,71.2301853225988,3.4939215604682,2.34254690469366,10.6261546262364,12.6903788688597,19.507177272415
272,8,"M",8,"good",50.3398739687151,76.5476618603343,3.16635172293066,2.16628340534819,11.1747771965993,NA,15.5529941075698
272,8,"M",9,"good",52.6493646835349,67.2357799861174,3.29974857697306,2.2669134697202,12.4237066101963,8.86774812089555,13.8107059960671
273,9,"F",1,"good",52.4590874529855,79.0034856309447,4.19566050712641,2.18011966228542,10.1567204723531,8.92178998784268,18.5976690883519
273,9,"M",2,"good",54.9241915638478,78.6819677015956,5.76499959734945,2.19221459245154,10.2514378923339,12.0752741806218,15.9535266750418
273,9,"M",3,"good",53.3240257506604,81.7611343429816,4.0280755283767,1.9039617706658,10.0475370490519,NA,18.2687160006544
274,10,"M",1,"good",54.3885419011482,78.3258265088064,5.68171861383648,2.2432315121035,11.0494298355478,10.5387458798663,11.9612300931043
274,10,"F",2,"good",52.110297088968,74.694385631962,5.70086437255784,2.16260712895389,9.37374617145048,11.2275980966673,19.1551364146863
274,10,"M",3,"good",53.4795598421845,75.927544606573,NA,2.21886577403631,11.9803382875575,10.3445253434677,12.3065386361237
274,10,"M",4,"good",52.5675691164467,75.9227277883791,NA,2.38419727704249,12.4745436768569,10.592536999996,16.7632932453669
274,10,"F",5,"good",54.2668048812386,73.587812121646,4.19427917946677,2.48470114120341,12.340151772817,9.80481880097831,12.6335982793729
274,10,"F",6,"good",54.7555049485581,74.3448837784584,5.29405441445302,NA,10.6653051977807,8.84857760117454,13.8652028852441
274,10,"F",7,"good",52.2699287880263,78.04832906543,NA,2.34737186739109,12.1335208062027,10.6430893438275,11.4206254180036
275,11,"F",1,"fair",45.4702967113272,71.348979453825,3.74561496045423,2.36578817360526,12.2739357253603,10.9157311752718,15.4744990062603
275,11,"F",2,"fair",45.8587711810175,68.023206243739,3.41658354193234,2.39033850731285,11.1766330780972,10.8823910955031,17.1025626125315
275,11,"M",3,"fair",48.4808147449591,75.4873880202898,3.84884911435246,2.46822636428749,11.5483532305815,10.2212602331914,22.4058602860559
276,12,"F",1,"good",47.5802414339551,71.2315787084349,4.13202543428518,NA,10.9097794838915,11.3043143919482,21.2273357655707
276,12,"M",2,"good",51.1010751467966,73.9223174882818,3.96325002127981,2.25359726550149,11.8190697844814,10.5136887007961,17.7547668704586
276,12,"F",3,"good",47.0790327572659,73.432374338588,4.83482683161055,2.30956193184557,8.84108738201052,11.0681084717973,17.0814471638782
276,12,"F",4,"good",48.7102810767823,67.8532089257278,3.12892849989677,NA,10.3305435151717,NA,15.1943928306732
276,12,"F",5,"good",49.0645178883776,71.6848985755435,NA,2.34182120602119,8.5620587567535,12.1524534056631,19.1717785945132
276,12,"M",6,"good",44.231938259559,70.7929792246565,3.20932593162293,2.05856566236698,11.0328804904605,12.7069118584044,18.5815833098119
276,12,"F",7,"good",43.2301726529011,69.5991493622848,4.16343735591066,2.29450085326951,10.5201324298662,11.5383289012349,17.8090818246494
276,12,"M",8,"good",40.1869068541926,69.2185334883998,2.98022519396782,1.83533444307635,8.90325103184254,13.5091271074002,22.0592395825045
277,1,"F",1,"fair",39.2438599090764,68.0112720485596,2.26940975806008,2.41987928184702,10.4905997708387,11.9349797307052,16.3880443978986
277,1,"M",2,"fair",40.4742041997074,63.9645422984614,0.957788682532627,2.31982480589296,11.6266268569237,9.04981669574377,18.4440881514146
277,1,"F",3,"fair",41.6649103557991,64.785224064211,0.58359180862948,2.4111080169922,10.8309176654435,11.1368599444096,25.2194871321888
278,2,"M",1,"fair",42.4431177302909,70.1346311470559,3.16371677154738,1.88687545181951,9.79227450425078,12.5366714039593,17.5468995119739
278,2,"F",2,"fair",43.3032067683866,68.4914156722393,2.59240734878482,2.0823201785164,10.0317022492771,11.2171332010066,20.1841061670131
279,3,"M",1,"fair",46.8299326901905,71.6254835022733,3.55188356808276,1.75402356128345,7.80765808355835,10.0171631548344,21.4277906436095
279,3,"M",2,"fair",44.2114180428182,72.0543152119325,2.73899307369441,1.98711614429255,6.4293566454585,9.58999188922601,20.5468479553599
279,3,"F",3,"fair",45.5687380366803,71.395033679304,2.34157462689357,1.70258951966861,9.40593287987177,11.6877288630831,24.0651023485441
279,3,"F",4,"fair",46.077722638195,69.1930365867525,NA,2.03883201765421,10.5363100889973,NA,24.2481269511755
280,4,"F",1,"good",51.2937372226111,73.340598825617,5.37222759201953,NA,11.7939466836361,NA,15.5395462694946
280,4,"F",2,"good",48.8327019912769,72.3809717928571,3.65410383817515,2.15760030327379,11.1842760100573,12.5155684812576,19.3337241411391
280,4,"F",3,"good",55.9007919920414,77.5590995164867,6.11723574555323,2.68275345704655,10.4312804990902,12.2975377984283,12.2048208761445
280,4,"M",4,"good",48.6295978681605,77.5971689887618,3.88215751638768,2.47071513974218,11.0653885094213,10.2574071066186,17.3573776353593
280,4,"M",5,"good",54.0560895225131,73.9926111039641,4.79264852936624,2.27087158367151,10.0022759292709,9.84394357015795,20.1548039924911
280,4,"M",6,"good",49.998402388779,70.3792309341682,5.16726516841636,2.12247594253717,11.4200354222222,13.749477696878,18.7057287195904
280,4,"M",7,"good",51.8790658377402,74.6926100124935,5.22593063674426,2.3868994324035,10.2564704698956,11.3067188629374,19.1399618027285
280,4,"F",8,"good",49.8065980066778,76.3675995587359,NA,2.26486097073829,10.1892992876817,10.5750892336197,NA
281,5,"M",1,"fair",40.0307841204823,73.6469388690538,2.00826200341121,2.09609223065845,9.13762664638671,10.829677121538,17.8217213858788
281,5,"M",2,"fair",42.6960430302113,71.2998055890083,2.87374167313777,1.71039551829666,7.7529699241764,12.5248733431874,20.3641559785759
281,5,"M",3,"fair",41.7734129645639,70.2221872007917,2.28046135023118,2.15912431656297,7.51193634259353,11.9797937091291,18.1592182180966
281,5,"F",4,"fair",42.6251149418924,65.3996799716178,2.89696830981374,1.86027832990783,10.8062811893028,11.3778867640657,20.8458783827926
282,6,"F",1,"fair",46.8902489911873,71.6714396808384,3.22072365498549,1.85257034938511,8.38883531446315,11.7859829190044,20.3352774652868
282,6,"M",2,"fair",45.9634267240834,72.6569957240872,4.03119502983163,1.89028027462423,11.4992590074623,NA,15.3828629699773
282,6,"F",3,"fair",47.7482962151841,71.3241329111432,2.57728113840915,1.95381353138652,11.622405094248,8.25369467669642,17.137477509109
282,6,"F",4,"fair",46.1368037012177,71.6639704736542,3.42099663762931,1.80804598996484,9.90637128001725,12.1247601100665,20.8428379183464
282,6,"F",5,"fair",51.5481307324339,73.8162896654363,4.09732299917713,NA,9.62703486385775,NA,15.9454454449984
282,6,"F",6,"fair",46.8322311871143,73.3650880233279,1.99619401642223,2.05731722810281,9.68334480230341,13.3663864787737,18.4434077514694
283,7,"F",1,"good",51.9416082139878,73.4864845003639,4.51718619907631,2.35368622530124,10.2297993677788,11.8039990893852,17.5497778215973
283,7,"F",2,"good",50.4613217078729,74.2969980479493,3.99774724031566,2.73463278135787,11.4979703371139,10.0751067390438,14.7229775084363
283,7,"F",3,"good",50.3870170149435,72.201716425177,3.94467100494287,NA,11.0898084224737,10.442870218536,15.4112690353153
283,7,"F",4,"good",50.608600727296,71.8196735276676,5.13268348810416,2.72607493237288,10.7658122821106,11.0350798111995,16.7199741804579
283,7,"M",5,"good",53.0304956688969,73.978627420133,5.61065977325342,2.27761634820104,14.558072034526,7.81552997615401,14.5605369820448
284,8,"M",1,"fair",45.5532941431759,70.2097068317247,3.27756685784625,2.82763851310161,13.4745340504805,NA,NA
284,8,"F",2,"fair",45.9651980116886,71.2002461795732,2.77766305703983,2.9302449234149,12.9911772269537,8.38804701436733,14.9279590744524
285,9,"M",1,"fair",43.2850556008553,67.855380439349,3.27181319359703,1.63182001751254,8.8886545607476,12.0599425327497,NA
285,9,"M",2,"fair",41.492671332546,66.8838643662457,2.7507691230187,1.85059266252851,9.1100152561286,11.6434743404344,19.4083964561723
285,9,"F",3,"fair",44.9100125690749,70.2457223190739,3.09940978791334,2.2061814773607,11.327186410275,9.45397611641591,NA
285,9,"M",4,"fair",44.6761819857887,70.276639642347,1.95702527989742,1.85818143251034,10.1598800231886,12.9328482823945,15.7554790488628
286,10,"M",1,"good",44.9261524304742,72.1774086228568,2.08954493558736,2.32735238219665,9.59664578760402,10.2210988966257,15.1742589718924
286,10,"M",2,"good",45.1531739639665,69.2734804997406,3.5523854042435,2.10485477783576,11.9323534266898,10.0836985974352,11.6290072403711
286,10,"F",3,"good",46.5203401246042,76.5008030392651,3.97022964829073,2.35192245867172,10.6370418662444,11.6757847920244,15.608236251663
286,10,"F",4,"good",50.0904312906264,78.1148893566811,5.61338931346868,2.63771807969519,10.6951222654312,9.72300196555639,13.4536924900752
287,11,"M",1,"good",47.7553081225421,71.891236509854,4.66434245214685,2.48622028306375,10.7088612890202,10.1559305862837,15.4625745218893
287,11,"F",2,"good",45.7988329419557,72.2093716686053,3.69576960315212,2.18120128213929,10.2993312394254,11.7813306708898,13.3730239887725
287,11,"F",3,"good",48.8529438406717,73.1466538447866,3.42457115401737,2.28867905985396,11.4533177548981,11.553946802089,21.7598760827095
288,12,"M",1,"good",50.4256865486742,72.7834273735228,3.64066814916851,2.36924897570574,13.3781029020173,7.6386306491029,10.294262921365
288,12,"M",2,"good",49.4320446136417,76.8848352537851,4.33206242659212,2.62941372609115,13.2688898025435,9.49236608128444,10.15385601258
288,12,"M",3,"good",48.708663864712,71.7622754847647,4.17282791336489,2.72356766649968,12.9926286948394,8.00509569893567,14.8650716167171
289,1,"M",1,"fair",43.0020172848943,69.5751723842856,2.49224986662153,2.22714029762139,10.4496395083543,10.6790529887039,15.4812867841006
289,1,"M",2,"fair",48.2240669180234,73.2274312280712,4.12877952213876,2.57743576576331,11.2248759753159,11.9862484027508,10.4718791578062
289,1,"F",3,"fair",44.5109781815666,69.7373142844155,3.39166418394042,2.47548471516595,9.32296323661457,9.56235074966602,17.6050628784412
289,1,"M",4,"fair",44.7778218156791,70.3134548398789,1.79698868172617,2.40513497118436,10.8966664174454,10.7513639453956,NA
289,1,"M",5,"fair",40.8291671297456,68.0227116907623,3.04330512218237,2.17520239596749,9.36288758415864,12.6241637011059,19.1689050361564
290,2,"F",1,"fair",46.6123039607667,69.6098837835522,0.949790564319508,2.17255028908338,11.1752699176336,10.3718982309618,20.1232541279265
290,2,"F",2,"fair",46.4826771879193,73.2883546209988,1.3546176627283,2.02625101506855,9.62401327267628,10.5045788596875,16.4186605699612
290,2,"F",3,"fair",45.5247458038612,73.48415176881,2.96574208868082,2.44445743486315,11.0332862228279,10.6088282098508,18.8836653828543
290,2,"M",4,"fair",45.4880531340126,68.5228553830881,2.34738634600459,NA,10.9162810726463,11.5186622387248,17.3117576475845
290,2,"F",5,"fair",43.8719733193264,65.6030901078127,2.05415705730189,2.23333774325185,11.1411442430868,11.3786645709838,21.9194955709505
291,3,"F",1,"good",55.299410131967,76.0382437725846,6.16119418336153,1.48069517885352,9.01590987725433,10.6883084723468,17.2132812624505
291,3,"F",2,"good",50.5905868142019,79.6075864378447,4.11341017437313,1.18698331761462,7.64949782141528,12.5122841508545,21.4641454314308
291,3,"F",3,"good",51.6845629038958,75.0688930354952,7.59730920246649,1.45384919308973,8.35105929200759,9.11775960421675,22.0472816802895
291,3,"F",4,"good",55.6039968778682,79.8037001376625,NA,1.54233199155032,10.1580323885595,10.643452453136,16.8925684135034
291,3,"F",5,"good",53.5155438553043,76.2414821456362,4.70395592697178,1.57393404082323,8.11756936855933,13.40289463945,18.5245797356325
292,4,"M",1,"fair",44.7988943469807,69.1194965474292,2.3171154843575,1.70038895547065,9.70527403836392,11.9834731813716,20.8672580072444
292,4,"F",2,"fair",46.9478703242559,75.7979073753709,3.40078435810311,NA,8.00130905390252,12.669352435706,NA
292,4,"F",3,"fair",43.0673460776654,68.3038580452427,1.54645374659239,1.92720288854827,8.66560151980079,10.367564945459,23.1796012657822
292,4,"F",4,"fair",47.2998205053203,73.8656862791226,NA,1.58765812190834,9.34860109446278,12.782811714509,NA
292,4,"F",5,"fair",46.9891839831341,68.788978072548,1.99728815599531,1.44444070435163,7.16951307481624,12.9444664814102,22.1906008025934
293,5,"M",1,"fair",45.6649818047035,66.9961921110823,3.36225292280277,1.94928823834928,8.5400458606297,11.1598008896555,18.408234888079
293,5,"F",2,"fair",44.2341966547929,70.7776005851255,1.93621254217956,1.70300020071429,8.0918303645158,12.9474097618979,25.5333537456013
293,5,"M",3,"fair",43.4678800182538,69.364483367243,3.04258474443842,1.56259653155205,10.4582585277005,11.8013066590009,19.1962732207766
294,6,"M",1,"fair",42.1707648846529,71.5780817601901,3.77504951918255,2.11164524612994,13.2817284998606,10.4444782611451,20.5709764781655
294,6,"F",2,"fair",43.5443353213433,69.7582330090777,3.22885530545874,2.20998207260886,11.5631948095134,10.4404835837696,23.0303966276777
294,6,"M",3,"fair",41.3811649179792,66.253832089914,1.50847339949416,2.23887652175477,10.0794363435425,12.4907076946948,19.6048966982817
294,6,"M",4,"fair",44.2980905695103,68.4268294994215,2.78724501789569,2.48801485398926,10.1904748629881,10.2995870652942,NA
294,6,"M",5,"fair",47.6237789761331,70.7609481682177,4.07017955748855,2.02817371551789,11.648163280788,11.2535212129972,19.8623515048929
294,6,"F",6,"fair",43.4786553545374,69.9419590888059,3.33811342615865,2.07253496990545,11.2965529453743,11.7939744290188,18.5322174328623
295,7,"F",1,"fair",50.9338007317491,74.1335853720733,3.1893221155178,1.97023221226727,9.51050994253767,11.5602521689143,15.5911021173024
295,7,"M",2,"fair",50.631159390202,71.7595418225427,5.45095007347487,2.15040650149907,12.1616019873107,8.59606046427112,16.5463130701459
295,7,"M",3,"fair",50.5767193471251,72.7290604228171,4.13028538955913,2.33118487605612,11.655830812729,9.09763728622714,14.468547183976
295,7,"F",4,"fair",49.0498438323431,68.775025665874,4.93254437272596,NA,9.68383006050047,11.582150811175,18.5381905245056
295,7,"M",5,"fair",49.4143689939415,72.3790015296765,4.34006583011642,2.30520429874437,9.08365626829849,12.9105873786602,19.3908534442105
296,8,"M",1,"fair",47.949391770509,68.5328638818618,4.98131636931619,NA,11.067794947206,9.36676267129673,17.0782919925807
297,9,"F",1,"good",43.4678890427855,70.6553062975827,1.75790721800526,3.54046872138063,14.154220245324,10.1528027621171,9.78666914354893
297,9,"F",2,"good",42.950298150502,70.7989286486891,NA,3.12677278616359,14.2265370079391,9.14577422534565,12.1984216401395
297,9,"M",3,"good",44.8421692640715,70.0611601934263,3.03166017645418,2.86801270128349,13.5445370444441,11.3124032411133,19.7205047047245
297,9,"M",4,"good",42.501532717659,67.1533511578399,2.47587984905138,2.8541839560722,13.7431836724431,9.74413698219969,12.8464681025727
298,10,"F",1,"good",47.3899235305886,70.9277473439778,3.98993141602065,2.19225122839392,12.3931255395436,9.8591794275095,15.1932214370625
298,10,"M",2,"good",50.3848151551406,72.4239576745179,4.76315967893617,2.39280800114594,10.7873630107927,12.7308115187369,15.4700355032509
298,10,"M",3,"good",45.8094616534276,75.2266028502285,3.06410983649957,2.26141632218121,12.2583668120372,NA,16.0663569856174
299,11,"F",1,"good",50.754235179029,74.8585611049046,5.23317536239956,2.49588547459345,10.9019734534243,9.38015035563208,12.9937975345744
299,11,"F",2,"good",51.6554547566916,73.0171365970974,4.75793903532905,2.22034721872835,10.5700466836642,11.6373212374234,16.9605347429093
299,11,"F",3,"good",50.0205172663592,74.0620053888779,4.58165829524273,2.28849416208435,11.5590359474822,10.2240111528751,18.4688358003179
300,12,"M",1,"good",46.6018315237899,70.5610637662176,3.41200493849614,2.18549618263808,9.30058728463282,9.83951833966752,17.86588569314
300,12,"F",2,"good",50.0255741335791,72.1067039163564,3.98867562027719,1.8811276501081,8.80068440439936,12.3111549477518,19.9301781934102
300,12,"F",3,"good",47.0509406828475,73.6776796459706,3.80498983779502,1.80086617211483,9.79732923767231,10.3254698294167,15.3525459083714
300,12,"F",4,"good",51.0553896801864,72.9815003157804,4.08265544998973,2.16064937247478,9.54976129901921,12.7781545650296,23.2108034519803
300,12,"F",5,"good",47.9740235025948,73.0732957885261,4.47149223939739,NA,8.87010211022125,10.400776403679,16.7440697339263
301,1,"M",1,"good",47.3627723503559,69.6267404106502,3.32242704353075,2.67226786384007,10.689095509791,10.4553981393121,15.8189043583256
301,1,"F",2,"good",43.9597261150342,70.5893555965675,3.3376979998645,2.60976408428575,13.9780012282899,10.747169442866,15.6853046598663
301,1,"M",3,"good",49.408490822721,70.6133088286947,3.6169035408904,2.58491853522769,11.6723491576787,8.23138205490506,12.4049516583516
302,2,"M",1,"good",48.1613327278834,71.6305247720636,4.04062704885879,3.26142959646726,13.5261827216389,8.81049192274988,12.7135645006157
302,2,"M",2,"good",48.159050719341,73.4540289755449,3.47107926840715,3.11658973453654,13.187174342708,8.08553955215488,9.08919466433265
302,2,"M",3,"good",46.9718330837501,67.7811435717473,NA,2.86809613107947,14.0527588947953,7.41006628883207,11.2003261198338
303,3,"F",1,"fair",43.9783394715441,70.2559255966219,2.0441765366701,2.79487720721469,10.9527144738791,9.23250698641391,17.5248418289178
303,3,"M",2,"fair",40.7908090342213,72.1208857443686,1.86933368462361,2.23575526875507,10.4252821894941,11.4746852527473,19.6403454788982
304,4,"F",1,"good",49.8476257197331,80.449872184559,5.88345137098494,2.15278549355983,10.7338864939751,11.9239259921624,16.4400790702124
304,4,"F",2,"good",52.7361582407077,76.0740971076432,4.57331747762708,2.4139993883053,10.3191896764182,11.6131607935055,16.8738508143912
304,4,"M",3,"good",52.6086550946728,72.9275018165422,5.63998303720749,2.4941872232507,10.9780576552324,11.4041882391977,17.6049948315976
304,4,"M",4,"good",51.6048519956885,75.6350565301266,4.3602388576222,2.25259969636311,10.8193831107365,8.45024303162257,NA
304,4,"M",5,"good",52.0824411722417,72.935332439395,NA,2.57238894098042,11.1624236913878,9.64141908057279,16.1921307199843
304,4,"F",6,"good",53.8917611726202,79.387748780825,5.0936303293387,NA,11.7051462123217,10.3381428199951,18.5394206625838
304,4,"F",7,"good",53.1287899460339,77.8918259023108,NA,2.34065140359949,13.1281938011697,11.8194473123384,15.4940837297629
305,5,"M",1,"fair",45.7677972520266,69.544191808278,2.52696990878753,2.04710508634168,9.30692995912076,12.3117473949926,18.7915974784662
305,5,"F",2,"fair",43.4004293853289,72.4873655527728,2.59023474507174,NA,10.1421523404396,11.7540382397492,19.2713723818601
305,5,"F",3,"fair",42.8492918771274,69.5611346360273,1.47653841451639,NA,9.16961664244586,13.6661868421357,21.0733175024479
306,6,"M",1,"good",41.5312488188415,67.9879854561666,3.06051125695929,NA,13.2777601248435,7.77105038257567,19.4599057087819
306,6,"M",2,"good",43.8358025266057,70.2890450375059,2.96317166232082,2.57946198395412,12.3351736160657,7.62220970204149,23.0941085592414
306,6,"F",3,"good",46.7168187229745,71.7842791961317,5.02433475200995,2.81665074350106,13.2538736761087,NA,13.7136464908331
306,6,"F",4,"good",46.7588133798398,71.0174532438543,3.05992994580433,3.06947039977852,11.6804918300702,11.295387288317,15.1504356981126
306,6,"F",5,"good",47.5532770242165,74.3241761637149,3.68522112034422,3.06987857082879,11.8706611116135,9.12296613169696,13.2638756373872
306,6,"M",6,"good",45.6471265998874,70.321841570928,2.27458546933097,2.35742296883039,11.8513415509358,12.0925611021521,15.8906851693892
307,7,"M",1,"fair",49.3518946255272,73.0482181577278,5.05671914257406,2.04830216310416,10.1386146825583,13.9539298955311,18.2886147066305
307,7,"M",2,"fair",49.1457693186268,71.018428544045,3.29494580570476,1.88747005685451,8.31007979120938,10.8828202786101,20.9852769994218
307,7,"F",3,"fair",48.9286214965222,72.6181637020888,5.5365963398593,1.9484382902656,11.5047363876634,11.0308991671027,21.1744846034025
308,8,"M",1,"good",58.1234218559198,80.0271448834941,6.82288283564703,1.93696708944209,6.97564840381086,12.2109530908795,NA
308,8,"M",2,"good",61.1662471394038,81.8964811119413,7.37680528337598,1.70705645176517,9.41865777143009,9.62438288785818,18.320646975473
308,8,"F",3,"good",58.2885423430391,81.2380334128865,7.70523851543021,1.67042462302911,8.93166322063815,11.7402955211105,25.3951564336854
308,8,"M",4,"good",53.3170149466193,79.5866270970033,7.91982414713581,1.49353996689298,7.78607981871439,NA,21.9798605170727
308,8,"F",5,"good",59.0090181773136,81.6283287809325,6.24608007620082,1.68355790506541,6.75120608460211,13.1999407956973,21.1573164179078
308,8,"F",6,"good",62.1799464992386,77.7021354749333,7.43615172688126,1.09751888273129,8.64032754303257,10.4953700936429,20.6876637196358
309,9,"M",1,"fair",47.4357091845501,73.4454213768268,4.02800064353281,1.22134232895939,7.75727846743778,11.4412904093413,22.8910912070727
309,9,"F",2,"fair",43.6501108660464,72.9477079215861,4.15915401591655,1.04984211339986,6.27254642350218,NA,21.4633153413073
310,10,"F",1,"fair",46.9622993259053,73.1892801170472,4.01699668225457,1.91868985499624,10.3651393973539,11.3819724140538,20.4926928120118
310,10,"F",2,"fair",48.3200414042161,70.6001705485426,2.87384450317375,1.59360813928238,7.81861536903401,12.1154148066853,18.4496429670583
310,10,"F",3,"fair",48.9929595293178,70.9048755682199,5.28059506638491,1.73050636176918,9.87900687018766,13.9750565116965,20.0333897867212
310,10,"M",4,"fair",44.4286999787957,73.000602910944,4.55271348607511,2.01223365430634,9.85265751255413,NA,20.7157462969103
310,10,"F",5,"fair",49.1239793185916,72.4824892684989,4.65763166773151,1.29541439138708,9.71621814972478,12.1265393204222,16.9806412409433
310,10,"F",6,"fair",48.8079926159275,73.0757068333193,NA,1.8725684388167,9.76361048584797,12.2616931824561,18.9367293678237
311,11,"F",1,"fair",46.0008778354132,69.8093577552981,2.62303948381177,NA,7.87929287282858,11.485665242004,20.2425192381152
311,11,"M",2,"fair",44.1203544036763,73.6547261399211,2.32697461496212,1.84313170699624,7.52860100336298,11.5029830981686,21.7762513905109
311,11,"M",3,"fair",43.6590619580295,69.6505989212521,3.57702401747877,1.66252657298448,7.97533900151463,11.0180939089059,19.1176103123429
311,11,"F",4,"fair",45.6633210470848,71.6511197325336,0.889810661726901,1.97283315815985,8.01243862363567,13.0987632883254,17.0176528673094
312,12,"F",1,"fair",43.621587476695,67.642865510642,3.85816185962954,1.40960848762565,8.16856822557985,13.4282029651703,NA
312,12,"M",2,"fair",46.9936249981253,71.990248881316,3.23826543894831,1.53172343861568,7.9402185262259,11.7951078467046,25.9178086071552
313,1,"F",1,"good",42.5853354994021,69.4213128028707,2.93169708317393,2.06633648887421,10.8178609108088,11.184879293431,13.0341897074024
313,1,"M",2,"good",45.3002686011388,71.647806262705,2.73307702423923,2.31833255314802,11.8864506242613,12.0507465811955,15.3764365088467
313,1,"M",3,"good",45.1350409586121,69.363993089214,1.76901123956702,2.26265658714883,12.1920268976907,NA,11.7160042218114
313,1,"F",4,"good",44.4233485880405,68.4307690579673,1.62154714834536,2.38313581973505,11.5019481759337,9.61670920061911,12.7165368069375
314,2,"M",1,"fair",43.7841063728788,67.0836375516753,NA,1.46668895630208,8.46602147642649,11.8306422469306,20.1697404993114
314,2,"F",2,"fair",45.1419551761367,70.0751892524718,3.52245534137685,1.67009640793904,7.63765119988475,12.708278477237,23.0945912858803
314,2,"F",3,"fair",41.457603820892,70.2660766802121,NA,1.56079532299377,9.31952574069799,13.8259235382547,26.8137180222916
314,2,"M",4,"fair",45.5838201882462,69.7831866961396,2.57015533058144,1.84342470246247,8.00237449412301,13.0672894606286,20.4485279229859
314,2,"F",5,"fair",44.7458979422239,70.0520979795391,3.51873303649973,1.49082336386634,8.5890965742838,11.8769149891809,19.2960882198938
314,2,"M",6,"fair",41.7888844195863,70.9027458285663,NA,1.41894731433244,9.39684059963676,13.5395241514426,19.9004183505485
314,2,"M",7,"fair",44.7646151409821,67.2779161997589,2.60877109836698,1.84876241686064,6.71655913753025,12.9293232441597,22.710496933669
315,3,"M",1,"good",51.4569911377488,79.6016136256233,7.81167399675446,NA,10.2633236185632,11.4111654428785,16.7638480759957
315,3,"M",2,"good",55.289838757568,79.7942446457513,5.11240797137244,2.14694490322817,9.92376732765335,9.85597257392105,19.9528126129523
315,3,"M",3,"good",54.8644629620459,75.2522120864582,4.61162883156097,2.0671888025213,9.91917530218751,10.6428985081916,NA
315,3,"M",4,"good",54.305010407211,75.1408812380803,7.91332263706503,NA,8.47642549275022,12.33526039178,12.7793369361376
315,3,"F",5,"good",56.3343106580328,75.4670121582691,5.73514624564244,1.98463225937085,11.6573437725011,10.404300975061,15.3928220860518
316,4,"M",1,"fair",46.7079916738392,73.2015094863703,2.88970631194016,2.04164657419324,11.9504771457933,11.9200574932713,17.86640669896
316,4,"M",2,"fair",48.4966925198515,71.350284312414,4.8742469010452,2.52554671576277,10.4661942985147,11.1136174599743,16.9207189757371
316,4,"F",3,"fair",45.9081279717242,73.0495757623372,4.8813903717815,2.01540627734712,11.0804490859678,11.2014218122313,16.8861600759652
316,4,"F",4,"fair",47.2325032702078,72.3877575163598,3.02536329271831,2.24874382455736,10.0265883151962,11.6941547365493,16.7611645210932
317,5,"M",1,"good",51.0843468689274,72.0496883454878,3.88764745081391,2.30769808150573,11.7855050651222,8.3712636748365,13.9272791634998
317,5,"F",2,"good",46.1437137208503,68.6603295926556,3.71119527315959,NA,11.2621349738918,10.8579394861375,16.3962048554015
317,5,"M",3,"good",48.9395799422935,71.523835687446,4.1678997793721,2.64010952568748,10.2471994190166,8.76677366075443,13.8603605686351
317,5,"F",4,"good",45.2168241402993,71.6002919884183,3.83749133611541,2.79498224751603,11.2244694784598,10.3014642774028,13.6567799027088
318,6,"F",1,"good",52.4004151292275,75.5435852259251,4.0091960883457,1.27647146104038,8.71466911688502,13.872757160069,18.0832905930434
319,7,"M",1,"fair",43.5032062405601,66.2950497196674,1.49222247985775,1.37739871962063,7.82352505611478,13.16723796535,25.042346849002
319,7,"F",2,"fair",46.119596800754,72.3984532070481,3.16028675876188,1.79434740239586,6.23673566708655,11.1760389738225,15.3100703949748
319,7,"F",3,"fair",46.8022693955364,72.7255462852371,2.86362334141765,1.61190283107479,9.30736345133081,13.3246084596156,18.0792891043086
319,7,"F",4,"fair",48.3474934228591,72.3621829943487,NA,1.30661568584298,8.63538758170359,10.9587140000504,20.2050062069583
319,7,"F",5,"fair",45.0948073362164,69.8977860571146,1.80308180594511,1.40157856115015,9.36996158277114,10.6233203515787,NA
320,8,"M",1,"good",50.5943877907252,77.6796489267604,5.25681512479547,NA,7.09420003562212,12.1534550966846,16.8038025969358
320,8,"M",2,"good",53.4640901465973,77.0372293770436,5.66499789492877,1.39651829939658,6.70506010191502,12.315576865535,20.0407747568718
321,9,"M",1,"poor",40.3844606913238,65.7146895108346,1.30291316439143,1.56338149654493,8.87133447969705,13.3202924021374,NA
321,9,"M",2,"poor",43.6764740749354,68.6309086204153,0.403196096941237,1.95287747691396,7.97574019544169,12.4029390940295,20.8950331740373
321,9,"M",3,"poor",44.4526050519074,67.5899050036705,2.18876855236373,1.85768648340659,7.33232007161141,10.8631235658379,18.9135732751044
322,10,"F",1,"good",45.8231054191843,71.8119624389662,2.28701698796531,2.45371395182784,10.4298022260288,9.22638263367187,14.1682787745099
322,10,"F",2,"good",45.8027223056972,72.1760564088893,2.2164806731743,2.41169621884838,10.5390525947469,12.0161020621832,19.7567909894353
322,10,"M",3,"good",50.6829984301282,73.44772387386,4.84370641177983,2.67637304745866,12.3645795616077,10.1549097171905,15.2347043606771
323,11,"M",1,"good",49.6358508001269,74.3625347599863,3.3297610696655,1.74970833041189,10.494735626955,12.4881698580604,18.0789949605641
324,12,"M",1,"poor",43.2383806421052,68.5639166831342,2.35789698003259,1.88336296489678,8.66383190120656,11.1750862608181,24.0931789492114
324,12,"F",2,"poor",44.7649820052828,68.3674356945132,2.78921734309785,2.15447837737517,9.97386028402668,10.7212522338508,18.7843136506006
324,12,"F",3,"poor",42.6536790990404,70.801213253434,3.50782986824696,2.06935025890595,8.97946284315031,10.4987185256039,20.1637490839394
324,12,"F",4,"poor",42.6679081116704,69.6355025052442,2.94761587132853,1.58511330646681,8.69090780586744,11.9797647077313,25.2504209590484
324,12,"F",5,"poor",46.3717485404514,70.4543254299643,3.5743111230712,NA,9.24760489636811,11.5150817341686,21.0929507102138
325,1,"M",1,"good",54.8915575312072,79.3145731000207,4.93321458657283,2.35573449774388,11.2709423371304,10.759974577191,17.6045865818734
325,1,"F",2,"good",52.9180525957724,78.5154816971715,6.67627452656863,2.15677032551848,9.6027044936533,10.9340579337569,19.4385957400934
325,1,"F",3,"good",58.0370681396136,77.3938463465504,5.31761838703517,2.21539193592189,11.5093646605037,9.62140040474356,19.6262964670813
325,1,"F",4,"good",54.0770725290396,75.4202440581214,5.68100662582158,2.3061011314587,8.32366167828545,10.7385332615222,19.105646266469
325,1,"M",5,"good",53.3886629376315,76.7525118827504,5.5115143175397,1.93062846860072,10.3030437013676,11.6290684567739,19.4268059027442
325,1,"M",6,"good",51.6492122664924,78.857540646183,5.38231127867664,2.11854288909109,9.65352769181001,10.8552541624723,11.4607171762476
326,2,"M",1,"fair",48.0775559227745,70.0055851030945,4.51346913823856,1.40095073419235,8.97066575600896,13.145370052238,20.3382587751809
326,2,"F",2,"fair",49.7516865637201,71.6078992800333,4.263696009284,1.18777857775703,8.92691736573732,13.7770083590603,21.9083670180186
326,2,"F",3,"fair",48.040308824734,71.9229247815058,3.42812736093974,1.55748488558222,6.50299992553235,12.7492360160164,13.8790486376162
326,2,"F",4,"fair",47.0514124356728,74.724916086014,3.7544076543789,1.53332887965671,9.06258048794497,10.3915228943302,15.5561332319244
327,3,"M",1,"fair",45.1122180266159,64.9214166215341,2.52627713460542,1.88253400491854,7.55692594871443,11.6132984125858,21.6885462546817
328,4,"F",1,"fair",46.9223401693331,75.1333397947818,5.51850777074372,2.78185029695474,14.4857509529182,9.40444588451696,11.9482169959416
328,4,"F",2,"fair",49.1434385450155,72.1192887988489,4.82020000333976,3.1430720366712,13.0418999273429,9.31649303423364,14.3208261886583
329,5,"M",1,"good",52.0356044205567,72.9839591329296,4.9922389168488,2.00493285306287,11.2100589907152,11.1345233101694,NA
329,5,"F",2,"good",53.6332754457043,76.9408150761856,5.7368028988444,2.27644846463492,9.04725307968431,10.7779139302817,9.01168181238042
329,5,"F",3,"good",49.1580445158021,71.6847116780915,3.75755510732508,1.94435088062199,8.96525772521387,11.2742546497609,16.4542176224621
329,5,"M",4,"good",47.3299036129358,74.3318963033155,2.62719915642433,1.83830388885632,8.16212747797695,NA,19.935500094561
329,5,"F",5,"good",53.1148016125707,73.6781784744958,3.99417648834263,2.07427566437123,9.78429320838121,10.1576806374692,19.487698786981
329,5,"F",6,"good",54.5939446459071,74.1736168764038,NA,2.23526973730892,10.9169775965249,11.0999133192308,15.9617921444114
330,6,"F",1,"fair",44.2338515006674,65.6411807682705,2.77649757824563,1.12130974463868,8.23581980390687,12.5228355397342,25.3734123906722
330,6,"F",2,"fair",40.2846660082361,68.0178992015846,NA,0.971067270764458,8.29646754110376,14.1964573624028,22.4029058752744
330,6,"F",3,"fair",36.844199279562,66.1135889765569,0.774437219427416,1.22020278281497,5.74910128376263,NA,21.0445609181446
331,7,"F",1,"good",54.6097220159183,74.9069471410457,5.5247025036859,2.01779192335655,9.72853131692295,13.2305173646372,15.139597133995
331,7,"M",2,"good",48.1332610300996,71.9827161539975,3.62285991437244,1.78487274448262,10.5185195519884,9.8982443235896,13.9583367128775
331,7,"M",3,"good",49.1470088657322,75.2400644551851,3.48066158862107,1.94411956782488,9.69933330190163,11.050033264354,NA
332,8,"M",1,"fair",42.06059474594,68.4006187624084,1.82058143051282,1.75102148474438,8.67392911026366,12.5255549035418,18.1738444252315
332,8,"M",2,"fair",42.9371931151326,67.0287012229797,2.01762531812913,1.44962438543636,8.78590982287632,NA,17.5875528709988
332,8,"F",3,"fair",41.5439527578101,66.1374319835895,1.87950337614481,1.97202218032918,8.158482684191,11.7049512530263,19.9284992313336
332,8,"M",4,"fair",43.2226876791369,67.1232861188315,2.8652226388806,1.50694376658192,8.25869509867443,11.3597136602456,21.1849537710134
332,8,"F",5,"fair",43.1992027398771,67.126108553614,2.52776680949098,1.5380381894275,8.03954651231164,11.2525222621767,17.5920911529191
332,8,"F",6,"fair",40.3350842251157,69.3824340036956,1.94059501764624,2.10516334959027,9.18420533632482,11.7062702967241,26.1325994585964
332,8,"M",7,"fair",43.7942591145713,64.8898655656371,4.33917166209008,1.81290395041346,7.57447700944518,11.2220106914368,22.2539190956147
333,9,"M",1,"fair",44.9378768429468,65.9864481830793,2.31779352872188,1.24206011962811,7.5872800983164,13.1856623260434,25.754112424018
333,9,"F",2,"fair",44.1613811090055,69.5214024105515,2.08350153546275,1.71132825655285,6.65160571309118,13.6694796641531,23.981438930458
333,9,"F",3,"fair",47.7930303592008,64.7973748475613,2.96752303262938,1.24901815037043,8.87665336287817,12.8260174322926,22.700625590153
333,9,"F",4,"fair",44.7268257800188,69.8324357460779,2.50233353069446,1.3160223299526,9.61731167064402,NA,22.3750363995787
333,9,"F",5,"fair",43.8030547813889,69.8421231899621,2.96277681613307,1.01559156932202,6.62564807052499,NA,26.6532270509281
333,9,"M",6,"fair",45.4794650810378,71.9334592995862,2.74152867823172,1.21752648513301,7.37767756475687,14.218695628891,29.3088949520228
334,10,"M",1,"fair",42.4140519070524,66.752744804342,1.97221785495666,1.5031802881933,9.39419408649534,12.178160365593,20.9319373418324
334,10,"M",2,"fair",37.3424785990431,70.3630193801754,2.50183025176508,1.25636181055251,7.39254694374764,13.8923188994555,19.8968422636007
334,10,"M",3,"fair",42.0726469552762,67.183258535365,2.71828958931996,1.33179199298067,6.7329174678264,NA,22.8728595690523
334,10,"M",4,"fair",44.3474051364854,68.6762558058638,3.44959720939437,1.19005332266449,6.49990525463534,NA,21.7522446358873
334,10,"F",5,"fair",43.7266719612597,70.467476263786,1.85314730633633,1.58403377043686,7.33634534102763,13.7002303521277,23.5525980459676
334,10,"F",6,"fair",42.6146087739683,67.7507640085336,1.51007446398335,NA,7.46587502126397,14.6289015429781,22.8830391357911
334,10,"F",7,"fair",38.4464198334193,69.8983322677411,1.63702344232069,1.63638251382873,7.39085738463814,13.1911669409273,NA
334,10,"M",8,"fair",40.6119660957246,66.568900347846,2.3991698842527,1.45782385548696,7.461207232972,11.3232719354432,22.9806641363133
335,11,"F",1,"good",54.1764029962427,77.6157084811531,7.80275969394267,1.90064667275675,10.38478000474,12.5053044631825,16.71142779188
335,11,"M",2,"good",51.1473016280598,75.5577204665089,NA,1.78089280486681,8.42989860728024,11.509260480256,18.7552706479894
335,11,"F",3,"good",50.6719307325237,72.4003850871234,5.38154442220416,1.96849332133962,7.5154093880821,14.099272313329,17.1974944213767
335,11,"F",4,"good",54.7156160744542,79.4236093767176,4.49521162199269,2.08497906709782,8.66114799984019,12.0919473722999,NA
335,11,"M",5,"good",50.0733132758712,76.1499556565491,4.22247336880722,2.02853695975481,9.25601884368046,11.8593233311254,12.842933594797
336,12,"M",1,"fair",40.0783533758712,67.3706352931204,1.70007493645486,2.00384085897299,9.43890195186362,11.3489327749106,23.6842705936103
336,12,"M",2,"fair",42.3694774106501,69.8381025201051,3.31146867031192,2.04506396030476,9.18668445242894,13.8976563256769,17.1152875794089
336,12,"M",3,"fair",43.1147025671023,67.7683030458951,3.74139687884512,1.98321277275741,10.526798547381,10.7191360213269,20.2579933238751
336,12,"M",4,"fair",43.6690732828456,73.4543971349322,1.79964010358831,2.13163326579298,10.2596537218493,10.5495350477955,19.3163015457489
336,12,"F",5,"fair",44.2376946708905,68.7639623941165,1.72670708549717,1.73850589806359,8.70537938320222,11.0018798277196,18.5444046030211
336,12,"F",6,"fair",42.4523111116081,68.0786678739908,2.1887437055661,2.09974612024673,9.15262172774295,10.59077419457,17.8132919728237
336,12,"F",7,"fair",44.0987156705789,69.6800581739529,1.97534062443328,1.95715265547317,9.88073648355559,10.1412928806962,17.2080630465763
336,12,"F",8,"fair",44.3201866572158,66.5671471523897,3.35680844860925,1.89486668070952,9.64732017560856,12.412629064904,23.5232179086009
337,1,"M",1,"good",56.9056921556939,78.7158139825374,7.50198624737086,3.53222147274081,13.5404805865875,10.099451224716,18.5746572237837
337,1,"F",2,"good",52.8707717740186,76.8255266720758,4.37340144954281,2.73869400872392,12.6359209202264,9.80740103328126,13.2096219646692
338,2,"F",1,"good",57.8718827876273,75.4508420521089,4.93494608264107,3.13419687383618,14.0646060307378,9.2350765114416,8.40914872066701
338,2,"F",2,"good",54.7847738091274,81.1752801587128,5.38525566509027,2.73232846141447,14.5554900151186,7.28454567850744,12.4936119110018
338,2,"F",3,"good",52.8712397442617,74.5072728988908,6.07658284943515,2.75099088886833,13.3385052348356,10.2453554133775,14.5450497697493
338,2,"F",4,"good",59.5341467644951,80.7459705090877,6.04469423875084,3.39324064075396,14.6194529226275,6.83344099419408,8.4145695441217
339,3,"F",1,"good",49.6700097634501,71.0619927781729,3.63470017054558,2.00998293022696,11.6510038047017,11.888156952233,15.6359316840559
339,3,"M",2,"good",49.6326428418946,69.4490693759611,5.41317934704304,2.36626744613138,10.9635180873135,11.053663603183,16.0618380045258
339,3,"M",3,"good",50.3622305528749,73.807863309599,2.98290201081637,2.05118669254315,10.5680983291582,9.99095589106307,20.8768182964294
339,3,"F",4,"good",48.163115853887,70.4979717019271,4.93380131144136,2.05703215015974,10.5653406735224,11.3475002257326,18.9119268993611
340,4,"F",1,"good",49.3060841539519,71.1590225921062,3.22368875162117,1.86949849954977,10.5605410378714,12.6433679500106,20.0372661412864
340,4,"F",2,"good",47.5845772919992,70.6686305453514,4.27029635658649,2.04767474305794,10.0050275036271,11.6419990379883,15.327696876244
340,4,"F",3,"good",44.5796349528983,69.3118573183614,3.08838058940513,1.64955332925082,7.97050509875569,12.7056373094193,24.9549215822532
340,4,"F",4,"good",43.1657706910198,70.0195729895118,3.62902611496924,1.92088338092959,9.97947120170932,NA,23.300616758851
341,5,"M",1,"good",45.8533137770291,72.5966737409601,5.2366151804839,1.88452477769687,8.56667671796518,13.8300131186024,20.5729203264922
341,5,"F",2,"good",47.4143399559233,74.9065393636523,NA,2.08554206841774,9.96177097468384,10.5433771197986,14.6282623885665
342,6,"F",1,"good",54.5703862279793,76.6319387729913,5.33480694221615,3.14987570339183,12.4111347536478,6.92288066993043,15.0256898540561
342,6,"F",2,"good",53.2498394097945,74.8039215783982,4.07851372281985,3.03693189639989,12.9946973536168,10.0144123401766,10.2499164952386
342,6,"M",3,"good",52.3152715855392,78.1491096668749,4.7302877277531,3.13232040430455,14.6228959041657,7.29681969644773,8.31553503275153
342,6,"M",4,"good",53.576002217014,76.3380405903544,5.80309485034099,3.16615355091619,12.9606727011016,7.47831893016853,5.92052744928245
342,6,"F",5,"good",54.6394614382605,78.4434688882078,5.57006867466434,3.4501636605648,13.1366831874067,8.8238839873807,11.3092063642716
343,7,"F",1,"good",43.969228593832,68.2758479607015,1.87022212893379,2.5263717281884,11.1716262508969,11.2530385590554,15.9343639827779
344,8,"F",1,"good",42.9556949202192,72.472910356808,3.45946159755855,2.19407443144692,10.9083575049274,9.73468777968695,12.2357363689544
344,8,"M",2,"good",46.2067156067078,70.7621420800258,3.02645613104993,2.44248519579013,11.3667086138184,8.40845255071911,16.9726779498476
344,8,"F",3,"good",45.1946587474487,71.8157383475141,3.52208462499002,2.33347868104852,12.6839901660925,8.78175257965638,16.6053787050267
344,8,"M",4,"good",41.5799495574431,71.6286094356685,4.1012640566566,NA,10.9033074401015,8.14397881178498,20.4407030500269
344,8,"F",5,"good",45.2429407126113,72.7441294545355,2.86408133722604,2.6880714767281,13.0801170023043,7.84954092950661,10.7230598477014
344,8,"F",6,"good",47.5950304810737,70.2305436622178,2.70112754220865,2.53961060382509,11.695482719051,NA,NA
344,8,"M",7,"good",45.1792779014795,71.0263190260474,2.33163436690603,2.54577482583801,9.91579561444982,10.5034035619724,13.1061308004784
345,9,"F",1,"fair",45.060297122761,65.226880623617,1.76098048148775,1.86567552663296,9.97752873386737,12.2497515757393,17.5555137580223
345,9,"F",2,"fair",42.9011155129816,67.35093494163,3.10822921567487,1.86795976230276,9.85466543364654,11.1012612764352,15.5508319899583
345,9,"M",3,"fair",41.3938130266755,66.687005509162,1.26030089870626,1.78275883161145,7.62765956347344,15.2421884310733,18.6479229522701
345,9,"F",4,"fair",41.6984714407632,68.8176515060888,2.39562873782949,1.8909220135276,8.82407827051891,12.0937189538655,19.6434776417149
345,9,"F",5,"fair",42.7770455622663,72.281011047453,3.18364590632663,NA,9.65269995504655,10.2590135668911,17.0885773499602
345,9,"M",6,"fair",41.1155631815458,68.2718795076798,3.08535487400222,2.1831416538046,10.4804611035052,13.4783621029282,20.9426915408544
346,10,"F",1,"good",47.091495260855,73.0105870766889,NA,1.68175287023003,6.77012985382685,13.9432322092856,24.11484226684
346,10,"F",2,"good",49.2672895085987,74.7703570119439,4.4040624658089,1.56671137722596,8.09875563002413,14.0380559631787,21.0816967419998
346,10,"F",3,"good",45.9039492623143,69.0372650494416,2.7374371632707,1.5243835710349,7.30526403447554,13.1403638116682,22.0206522626008
346,10,"M",4,"good",45.469733504087,74.7539312418524,4.91883039271907,NA,6.99308437074176,12.5277562053703,19.0838489191595
347,11,"M",1,"good",50.0196759647114,71.0835033968125,2.94980599286845,1.80789517914304,8.79102217828437,12.5617299989514,21.0504689504427
347,11,"M",2,"good",49.7885966455745,76.6238481997468,5.10169691448491,1.84240905923185,9.1448335424944,11.8027383017152,23.1174274332534
347,11,"M",3,"good",49.2977196017922,70.366865897305,2.2590991736369,1.52230699136933,8.08534114554714,10.5528832769863,14.373391948135
347,11,"F",4,"good",49.8895998914682,73.7184213654081,3.24114745410159,1.5315068873735,7.9799193697806,12.0684311179714,17.7903656175746
348,12,"M",1,"good",52.0757644799881,76.7018916262595,5.82060914494855,2.77796096530952,11.4591238047503,8.41373610250129,8.40419619817996
348,12,"F",2,"good",51.4032541834946,76.5159915642612,3.80126122691532,2.65876754243732,13.5223358419939,7.21590469267965,12.6336763447553
348,12,"M",3,"good",49.0149499333119,73.5312486785473,NA,2.38018905357678,13.7531759928033,9.86469618323705,16.8906952759876
348,12,"F",4,"good",48.4064615164151,74.9154204934953,5.8432040404849,2.78056631943195,11.1873510455726,10.1561618320685,14.3552549162424
349,1,"F",1,"good",57.0888324960578,80.0409161611929,5.33604730155662,2.26914344353424,9.80091969370272,NA,18.6187730391724
349,1,"M",2,"good",60.2721284098523,79.5336952476046,6.38957715170862,2.30607258901118,11.0216937553011,9.99294744584594,17.5842229480524
349,1,"F",3,"good",57.6533040411005,75.8170769216573,7.01450281881038,2.16298182939143,11.365244056269,12.0701935946974,17.4510961597087
349,1,"F",4,"good",55.7035747132305,78.06095497273,5.98541183133848,2.27625029479281,11.1053737381976,10.8613890463198,16.0565903971139
350,2,"M",1,"good",45.0194758832844,73.3294619617825,3.74937345282081,2.79620287367587,12.8137782052253,NA,12.5507576473113
351,3,"M",1,"good",44.8872281894083,69.1218855061344,3.20907880495242,1.85492214435081,8.88870590120698,10.9850619914126,22.9534393862546
352,4,"F",1,"poor",34.3292729439989,62.8562842319014,0.624146582172769,0.9023946203442,2.61741085700372,13.8992035775702,28.820552407758
352,4,"F",2,"poor",33.4512849030787,59.1219543148179,1.4072584897174,NA,3.59961809172474,14.9940119605663,29.1776439114109
352,4,"M",3,"poor",33.6714740477635,60.1186030631209,0,0.954903006047569,3.90167209565091,13.700466797442,29.1020526041014
352,4,"F",4,"poor",31.4608671768929,61.6681909905581,0,0.759835736229294,4.68849397266712,14.9222823575523,28.4971751922179
352,4,"M",5,"poor",33.8350886757737,62.5627518347586,0.884749008955683,0.940719815284097,3.71659666341772,16.5169901976426,26.1177661471288
352,4,"M",6,"poor",32.0060229282466,59.2387324152057,0,0.835195681527377,4.44458710901681,13.5090248269766,31.9683298980125
353,5,"M",1,"good",48.0928340422213,71.6937028441078,2.8885582870805,1.5153654302518,5.91266524381959,12.6920442068384,24.2004950407511
353,5,"F",2,"good",47.338303048729,67.3411777911732,3.49170945888117,0.897552472345725,8.18822069409369,13.2876953327099,22.6553891690348
353,5,"M",3,"good",45.399298984514,70.3606778942014,3.33375504481898,1.13772296527414,5.79401104602351,13.1154708935495,NA
353,5,"F",4,"good",46.1957126421006,70.9717531129701,2.06859377224383,NA,7.21838197159114,14.0609408353644,20.7997626457783
353,5,"M",5,"good",44.6503726170959,71.5870083065101,1.19930899986222,0.658744701126226,6.17241232856156,15.313257898597,25.7363587655206
354,6,"F",1,"good",43.0272078918912,70.1240091617795,3.44382378215436,1.81805296546456,8.33675794831552,12.174299936466,21.100703454067
354,6,"F",2,"good",44.9864463185569,73.7253323976284,4.36712132124828,2.21476469632265,8.72273605629522,14.2290557720002,18.0350532040615
354,6,"F",3,"good",42.80036649707,70.4889868907427,2.69628405671895,1.96119963759082,9.57022630593183,12.0814985504557,20.6877567867359
355,7,"M",1,"fair",47.1294614593775,71.9699666672254,2.34711013723443,2.00347846288733,8.94367206586204,9.90501728544074,21.3749227845905
355,7,"M",2,"fair",47.8027048774615,70.8874143078591,3.55216832152281,2.29767347089024,10.4973680790771,10.0241250653155,13.8011387940072
356,8,"F",1,"fair",44.9011931223342,72.0488104709436,3.01597498317912,2.1974015087623,10.1847748145279,10.1072135203239,20.2521875239301
357,9,"F",1,"poor",40.4725626843876,69.4832724628198,3.25428054101159,2.47170727218128,11.3067114223056,12.2135999807917,21.0268162377998
357,9,"M",2,"poor",44.5064606874071,67.4885055321481,2.24056503374835,2.38599760029313,8.64704208883898,13.2549089245871,19.8822616514947
357,9,"F",3,"poor",46.2506263743601,68.3822442523168,2.69674077056356,2.04257710925611,8.99546532105205,11.0256774644778,19.1750947001689
357,9,"M",4,"poor",45.2653909891632,69.5974154820251,2.82518144216713,2.2145827215371,9.53947394923286,11.643861597614,16.497634435041
358,10,"F",1,"good",55.5740777393441,79.2907553032403,6.65810260135533,2.66092602128871,11.1167699432464,8.87620291273531,14.5526133455242
359,11,"M",1,"good",52.8452499712009,74.9305815225382,4.93907019477986,1.61602059897465,6.4693998342837,13.6665082995031,22.8637693228363
359,11,"M",2,"good",49.9986942072432,76.5005968535184,5.17526088528158,2.36433538587928,8.09591954968068,13.1181820579161,18.1239156815041
360,12,"F",1,"fair",53.7471780813886,71.1507364926529,4.91991934329663,2.19157073053491,9.78868125425571,9.91510033848324,14.2391002668644
360,12,"M",2,"fair",50.4748255561795,71.4220980351069,4.06445095046654,2.27744802462318,10.3543972842176,10.6398219498314,17.1242884448563
360,12,"F",3,"fair",50.6304030490802,76.6493829796456,4.50931314751799,2.48171099282518,12.0668083901279,10.794517959287,15.3482442643667
360,12,"F",4,"fair",51.769183911518,74.4607005255076,NA,2.0067112232428,10.1961468097816,10.5695647358085,17.6160124344126
360,12,"M",5,"fair",52.8003052634837,73.4919189341514,5.28841529000304,2.61650103063882,10.7345111591267,8.68418154298515,15.2391213980998
360,12,"M",6,"fair",46.1315662618401,72.6671267587268,4.08495915249089,1.80713630971804,10.3505539116851,11.1453614870954,21.6651381439504
361,1,"F",1,"good",50.5137799289089,72.5342157113677,4.67766307293098,1.49437998384392,9.64766130559627,12.3947858493278,19.1612694769261
361,1,"F",2,"good",52.1061607670916,72.5013951993495,NA,1.70031205817529,10.0483311504752,11.7255586958344,17.543730000036
361,1,"M",3,"good",49.5923420610551,71.2966159916014,5.15191471292927,1.89745041239132,7.84443017037037,12.9498122824506,17.5875407590354
361,1,"M",4,"good",52.2311914001242,76.0687663829319,5.55981988884303,2.08836763278816,10.9547268942365,12.3613528970436,18.339186035333
362,2,"M",1,"good",50.774232736327,76.8927524865207,5.10174135413447,2.13955436383243,11.1227511123021,13.831171657129,18.3354078149553
362,2,"F",2,"good",53.7412689198209,80.0123070189543,5.29752870651363,2.08045676325244,10.085692349446,11.589444037767,17.7745217984431
362,2,"M",3,"good",55.4750278121285,76.9149619645995,NA,2.26068411418206,10.66997279238,12.1174704162934,20.9017491177712
363,3,"F",1,"fair",47.4790286009681,71.8973602291255,2.80213169730097,2.46079233124437,11.1869578619069,7.47949924963556,7.10184417203573
363,3,"M",2,"fair",46.6086064664848,71.6479194965073,2.76771527354932,2.61235990766452,13.4190226817209,10.5986117793895,NA
363,3,"F",3,"fair",48.8258127286302,72.1901009526228,4.19949921095586,3.03436068126483,12.7689629535111,7.96098900029841,13.7816235689579
363,3,"F",4,"fair",42.7448793860757,72.4660036208042,5.03680646415057,2.88152906182974,13.8399671292479,10.5402580657722,7.89473253221596
364,4,"M",1,"good",48.5197562389533,72.9201208499761,2.7370252163428,2.55808821613546,13.8735216794446,NA,8.06411321891729
364,4,"F",2,"good",50.1069165716978,69.6263052386037,4.5882436129988,2.63673312476306,12.576577667095,10.0866789915067,15.594628769451
364,4,"F",3,"good",45.5628626517776,70.6341686317129,3.47859854945615,2.62585790304565,12.909810316614,9.47189230359195,15.512457263525
364,4,"M",4,"good",45.6302473889151,71.7253638512222,3.17771851281808,2.7096273133816,11.6522578701011,9.2194591394438,11.2114574138361
365,5,"M",1,"good",54.4424912272224,75.1709900650741,4.38290261857985,3.26844009425786,15.7060967575244,8.64309354877119,10.4617400602214
365,5,"F",2,"good",47.5086343341756,74.6897740028019,5.12970123965816,2.96640115136835,14.3666449154671,9.92718010136881,11.6416279605259
365,5,"F",3,"good",50.760986670597,73.4548819804942,4.01452148404584,3.10378563907501,14.3513005525774,7.13394809101511,12.6553524502471
365,5,"F",4,"good",48.4437468415023,75.47687469705,NA,3.14017165703478,15.6734380474499,8.27083692299328,12.4165130471997
366,6,"M",1,"good",49.0617956662623,68.8305265516786,3.09875555347843,1.92090165648618,10.0929130294024,10.9164326983632,18.8126442103594
366,6,"M",2,"good",49.0665320360785,76.1639639346834,4.88420053851177,2.35462536453599,8.97436279850516,10.4477690238587,18.4137371952031
366,6,"M",3,"good",46.0836340054744,71.5883986587599,4.30821114187185,1.7244349935297,8.96821859733707,11.8035174485693,20.7583775440322
366,6,"F",4,"good",50.0372600444926,73.0385683095811,3.85629376544452,NA,8.53640928432671,12.9204645826681,18.1083053336093
367,7,"M",1,"fair",47.9779372437391,76.7263000213014,3.13574555952682,2.37681359907776,13.0501627680885,11.6528196806104,11.9581068451409
367,7,"F",2,"fair",45.2430829733096,71.4897056220429,5.35179903274759,2.25362863409635,10.5363067119904,11.4372265066557,16.627501301284
367,7,"F",3,"fair",42.9355924079089,68.5674502605253,2.50295944827852,2.53060559268551,10.3000995789395,10.6666132116821,19.0840358276578
367,7,"M",4,"fair",48.8614844603691,67.3995224334774,3.11537675231111,2.357729751524,11.1079145659258,11.1672863294977,16.0808912087301
367,7,"F",5,"fair",46.3729321108724,69.1960861158899,2.27677938693407,2.32944408771974,11.9781691400407,9.19070355066544,22.5858277757751
367,7,"F",6,"fair",45.2583979327292,72.2895892736193,3.8873714943058,2.13030614327619,10.8390810290243,11.8105984833579,18.966666238203
367,7,"M",7,"fair",47.1212383399692,71.0030443886214,4.13539399938925,2.49905726220533,10.7892070290971,8.67566626348785,17.8116101222628
367,7,"F",8,"fair",48.075487967441,71.5847426565959,2.95998925780966,2.32124028736738,13.2553006333204,9.20826104160506,NA
367,7,"M",9,"fair",48.4786528250257,70.7484572834309,4.15214209207313,2.81832036483538,11.2431071090461,10.4264919920488,15.1667053614056
367,7,"M",10,"fair",48.6832031348828,72.7168002785303,4.17867833234604,2.67541080865037,12.6539234865659,NA,13.6232549928418
367,7,"M",11,"fair",42.3754130473485,73.296097571411,3.44806922199544,2.43603198470254,12.0653397744518,10.9303424888058,NA
368,8,"F",1,"poor",43.6686545037347,69.0416703698491,2.94488750026348,1.28793288207532,6.64084096823106,13.9509957475727,23.4397242772382
368,8,"M",2,"poor",40.5162241497792,67.6643782100155,1.17082073968323,1.28220416909127,8.88479772059878,11.3023705800022,NA
368,8,"M",3,"poor",46.2843327565867,67.6287412870655,2.73734435582536,1.63647956560068,7.84485422886765,12.4098747533424,23.3527904401458
369,9,"M",1,"good",49.4420193565734,75.6914561068276,3.0506991787349,1.91424826994851,9.46718444789741,12.2673271593301,NA
369,9,"F",2,"good",45.0191062106113,72.8197309591649,3.51694216176098,1.60914233813148,9.01933347357525,13.0884024115674,19.4145529623052
369,9,"M",3,"good",47.216492710208,69.4327182338865,3.55296368606045,1.56246968450283,7.4896000091546,11.429266992611,21.6496683793069
369,9,"M",4,"good",50.1061946228346,71.0117549168734,3.07806087070397,1.94802905103563,7.79042367883158,NA,19.887634788171
370,10,"M",1,"fair",43.7715379208315,69.7040650764904,1.89518007017927,1.66084267900596,8.67548504070923,14.8621108400772,18.838346436055
371,11,"M",1,"fair",51.8110864340044,72.1397892969014,4.63027335808552,1.28105262393565,6.7302966045771,13.3431819944558,20.4532297473377
371,11,"F",2,"fair",54.1389953706683,78.84706593836,6.80534966836678,1.28503980340231,8.25399139187374,12.0370601692346,20.2653669624283
371,11,"F",3,"fair",55.4947735325695,76.38168490825,6.01191812054492,1.41120233970339,5.55550020251098,12.1746724975135,22.2075917061594
372,12,"F",1,"good",46.9146699211032,72.5248046409933,4.03679553230158,1.93608405733137,9.0518035508444,10.5653700520282,19.6250449463108
372,12,"M",2,"good",48.4294912421706,71.5043149898653,3.87552226121605,1.84920898994825,9.18126077390609,10.3938399224504,18.6694638245996
372,12,"M",3,"good",55.0252016480167,77.9378812287874,3.81649524957753,2.13898002633238,9.38012833460508,11.5449810986322,17.0061855438685
373,1,"M",1,"poor",35.5219886550531,60.8293503248984,0.256362594926078,0.0907917472188002,3.09438396628419,15.7638103783816,26.9613602103741
373,1,"F",2,"poor",30.2856883607622,61.6278135924491,0.741175303991286,0.150465890858372,1.21578757009909,17.3563180683368,NA
373,1,"M",3,"poor",33.3381113124556,60.1345247022178,1.14406581315142,0.395268817487536,1.17322571514657,17.0167631961053,32.1342913050036
373,1,"M",4,"poor",32.0302441270117,59.7835427408192,0.482048907324894,0.0869365997146204,1.50127742454741,16.8823366389007,30.2957486621718
374,2,"M",1,"good",47.3674186425808,72.6813292160052,3.28645789523387,2.61391056379216,11.5639688599619,9.77287651442921,11.9079743312128
374,2,"M",2,"good",43.6737760432246,71.8866459509309,2.52369520975287,2.34652487634563,12.5579988943148,9.82979598320191,12.4303922273313
374,2,"F",3,"good",46.0578003152592,72.4232598210418,3.82816682833541,2.37280600899776,11.0897626010439,9.21439221809899,18.312543615068
374,2,"M",4,"good",49.0112975325781,72.2721577720892,3.72747590453147,2.98726059110825,13.7670293824916,9.90889942254076,14.8810196969528
374,2,"F",5,"good",48.5430386699494,73.6883905258083,NA,2.54643926559969,11.9203326619464,8.8833285025958,13.0586013652869
374,2,"F",6,"good",48.611747108312,73.4812161870837,NA,2.34733743900301,12.9936973386876,8.23727754955309,7.67941007993957
375,3,"M",1,"fair",40.9806024678943,68.6398515029883,1.53788157118586,2.35406721186334,11.5809039581052,10.9950138768776,18.2756709923417
376,4,"M",1,"good",51.657379250584,72.0599965453756,5.00722397389614,3.19420022559363,14.7737338619464,9.48189342492185,12.8292524856947
376,4,"F",2,"good",51.9347326469446,71.9438826536156,6.66433287539357,2.86347917549952,14.0368915287731,7.68476329314966,11.5732338471679
376,4,"F",3,"good",52.8188277529133,76.607703490931,5.20670507690233,3.13696407668142,14.5526071504345,NA,10.5626438600848
376,4,"F",4,"good",52.1287537095254,78.090434480096,NA,NA,15.0316508648637,7.19893973469986,6.98124901859923
376,4,"M",5,"good",48.7922661668266,75.7300964989961,3.3737541914528,2.98931088332017,14.105471949041,7.48094191492177,15.9970540035713
376,4,"M",6,"good",52.4008757473857,78.4303266633856,NA,2.63800963955665,14.0672206083055,7.94023156030085,14.1342112670303
376,4,"M",7,"good",53.5341835904424,73.6301361432152,3.94624420500876,3.04217147181959,12.7956461398178,7.83682903498304,15.4957690934291
377,5,"F",1,"fair",48.2557153660397,71.4715926235255,4.23640223203092,2.37526354039673,11.4373948712228,12.6043154298888,17.3969861098919
377,5,"M",2,"fair",46.9867962836681,68.5440027535144,3.08601587256372,1.83859788405013,10.8519849374317,11.3367630945446,18.025025659976
377,5,"M",3,"fair",48.9415265613573,73.0516513503117,4.20047304477975,2.55715828349473,11.5483095725613,11.7232793455669,17.5775270333609
377,5,"M",4,"fair",45.0366787526208,73.0808791551311,3.93346338390809,2.53650387731101,11.5399662124408,10.9039468545545,18.689403854192
378,6,"F",1,"good",49.3565506455191,78.2204658496795,3.16929301494027,NA,14.5777273559019,8.17514817499712,15.2656299824487
378,6,"F",2,"good",47.7321702333144,72.3819113631168,3.86463933999234,2.79807466393715,11.8374104224808,10.4356890199914,11.9527406389839
378,6,"F",3,"good",50.2459089427465,75.0712785665435,4.81072705399217,2.37216621638937,12.3446611762075,8.23163357064973,15.3410131546696
378,6,"F",4,"good",53.102439400511,74.1273994086032,4.2880728890335,2.89917217033471,13.6496315634739,8.57509732014974,15.5841990017918
379,7,"M",1,"good",50.1282303085743,71.766567186211,5.24261291573803,2.6515706452941,11.1343376343304,8.47685506348899,14.2780603031195
379,7,"M",2,"good",48.0441055297818,74.2428006782152,5.21520225818282,2.48785634582707,13.0019297855244,10.6194130168045,NA
380,8,"M",1,"good",62.293875124093,80.4648926716893,6.44150693497054,NA,8.59644376363286,12.4342792273272,18.1494460498843
380,8,"M",2,"good",55.5999020030185,79.6982306732686,7.08418997890036,1.68394789248052,9.76155762733789,12.1980369072374,21.7625592669995
380,8,"F",3,"good",57.927073598976,80.5850581030187,7.04285487914295,1.91633773395773,7.67573540150417,11.8858159390876,18.6802664079792
380,8,"M",4,"good",60.8028838656206,78.5624491434205,5.65009241292194,1.35615739439265,9.16194282603958,12.7068478427035,19.9545394461414
380,8,"F",5,"good",53.2417182211333,75.4267369077005,4.96824751796537,1.54091099086146,9.98128021494697,11.4465905177183,18.3538253268239
381,9,"F",1,"fair",48.1574252970907,71.8416491209754,NA,2.17988272310553,10.0408239149434,9.56233666362836,14.9404844049863
381,9,"F",2,"fair",46.0141036113163,70.0082477829766,0.87362248277352,2.06553533666786,9.86634734038381,11.4317793909742,24.8289026236
381,9,"F",3,"fair",48.826817887221,70.3425090430531,4.78628693742886,2.17399273553529,11.6295750231018,11.8417261039094,19.9229134164046
381,9,"F",4,"fair",50.0192136972094,73.9532096649681,6.44384446364129,2.84360400527063,10.6182377985956,10.112533494586,10.6037435915771
382,10,"M",1,"fair",52.5273578136258,77.6522551875833,5.51136436177751,2.80613030764992,12.1402131533704,9.59726702330094,10.8144362153742
382,10,"M",2,"fair",50.5104651405221,75.084667803418,3.09336773565127,2.08302436038098,11.3489895923591,8.43680207937087,15.8792321957515
382,10,"F",3,"fair",54.4156683484746,78.1855999090563,NA,2.77427617253484,12.0994005959868,8.13881775571579,18.2928878835207
382,10,"F",4,"fair",54.3296624851765,74.34556527798,4.04019308879681,2.45630029666549,12.3158718181768,10.1097624667645,14.4601468530691
382,10,"F",5,"fair",54.1684542763413,72.8329104608731,5.41505663174237,2.61850440950009,13.147673464882,8.49268482046894,15.8789352015629
382,10,"F",6,"fair",51.3997106489226,77.8245296765264,4.78698145113792,2.56850566116798,12.1932758553419,11.692094368124,14.1334119247994
383,11,"F",1,"good",51.2269525889512,74.0138899772552,5.53327071976219,1.76635880314751,10.0985263955693,12.2647441001475,20.5854123909534
383,11,"F",2,"good",52.2177835654202,75.1084091277769,4.68693415998787,1.78130865083951,10.5892025659156,11.9923095277241,17.5161149693141
383,11,"M",3,"good",55.1627976129415,76.3849407107891,4.10607435655814,2.01797182695288,9.32511390819512,9.94887526264214,NA
383,11,"F",4,"good",50.2899793368749,74.6313443316269,NA,1.87135792406198,10.3428518375798,12.8557295309093,18.0928074784808
383,11,"F",5,"good",49.0150646669449,76.2049607130109,3.91324322173794,2.20290544347007,11.8560359947142,10.7705319709053,20.3291411537265
383,11,"M",6,"good",51.3301061541465,78.3615593980411,4.49801241589686,2.00660904966779,11.3226149935177,13.0412654948924,15.0680497599859
384,12,"M",1,"good",46.6934482039289,71.3925915719876,1.79398908567925,2.84265972900075,12.7057220678062,10.6458932200197,11.4738364333604
384,12,"F",2,"good",46.6754575279871,69.7748564820981,3.12869526528162,2.71262860292879,12.9256604956854,8.1738079044842,13.2545586661788
384,12,"M",3,"good",49.1380048088541,71.1012352733871,NA,2.88532352937784,14.0186171223325,8.53978295571964,15.7837237704474
384,12,"F",4,"good",49.5974801071799,71.4029434138541,3.52654358803761,3.05661581339667,13.5740208543491,10.8613680593646,14.4435758946586
385,1,"F",1,"poor",31.0511424681221,62.1426946942131,0,1.83282245513846,6.90738453406115,14.345077610052,NA
385,1,"F",2,"poor",34.7517963349307,60.8960826307368,0,1.87109858888665,7.4163615909322,13.2720162684664,22.4038970651591
385,1,"M",3,"poor",31.2500943937264,62.0818988624496,0,1.75991849926865,7.77161614149278,12.4436090206287,23.9239803057475
386,2,"F",1,"fair",37.9268199440588,66.7732630963771,0.28237998173059,1.88538859358973,9.87651160994569,12.702121586297,20.6968989511459
386,2,"F",2,"fair",36.1680222794673,63.1394063950764,0.395088652600961,1.70638300550121,7.24769053809378,12.50915606787,17.572608108585
386,2,"F",3,"fair",34.4540279412393,61.8521332481426,0.17917247423088,1.54934694915452,8.23136878819617,12.3276756945885,21.7064311996219
386,2,"F",4,"fair",34.8024712690644,64.8024548667688,0.881732224883043,1.70595896108118,6.66667383294518,12.3491301993004,NA
387,3,"F",1,"fair",41.3085057344997,67.5845358183199,2.29331618836559,2.25550415820996,10.6200474430372,10.3419297073374,16.6683982846961
387,3,"M",2,"fair",46.9731033234863,71.12676176053,3.65553033604721,2.1248171288244,9.12863650341157,12.8451172896635,NA
387,3,"M",3,"fair",44.7210638387768,70.2050637728244,3.95786679872438,2.21432190538128,10.4165461797406,11.5081218362254,21.425460567952
387,3,"F",4,"fair",44.808350779088,69.7251761058912,2.93316852857364,2.14177760879143,8.52483353616655,11.4365409316659,NA
387,3,"M",5,"fair",44.6995158651684,67.7443040875478,2.66451772071263,1.91485002362988,9.44584400652464,12.0791613846175,19.5885725022647
388,4,"M",1,"good",50.8679182244179,74.3965545684659,NA,NA,10.2476476746338,10.016246252859,14.0586926683825
388,4,"M",2,"good",53.2060465112756,78.4451826844179,5.90824346248725,2.62158256568617,12.4128140198018,8.47033951746855,13.732352149559
388,4,"M",3,"good",63.2700303161558,74.5918087979491,5.73446069716198,2.90281664669975,14.8619040469915,9.96198563496471,10.9678496646304
388,4,"F",4,"good",54.1026430409621,76.3146826559695,5.24473482197541,2.83338896826074,13.7912208509332,10.6686849072958,16.8829107310786
388,4,"M",5,"good",55.6077733803533,78.0551880204028,6.46747954766784,2.98288079258311,13.280316542717,9.45073990787609,12.2589575921961
388,4,"M",6,"good",50.726285461436,76.1082780975936,4.92031726068061,2.6017416613289,10.0519250196369,9.25045230566199,15.2997127082632
388,4,"F",7,"good",53.7832128938375,73.2080959993968,5.45888413557081,2.37310507344198,13.6280100759211,8.27709755873223,16.1627402795468
389,5,"M",1,"good",45.4821657016257,73.0895146692872,4.63863042354154,1.06852091756813,8.19066392734878,12.7835317688376,NA
389,5,"F",2,"good",47.6471077134152,72.0378556804722,3.19228380360728,1.2823763617953,6.67687894036755,13.9597240537401,16.2732637096074
389,5,"F",3,"good",46.247461948525,72.6090763069901,5.37860943637769,1.35724980820471,8.60243043047675,12.645415706209,23.9946587661098
389,5,"F",4,"good",49.8524907757797,76.7556449067103,4.58875972698904,NA,6.18931602411426,NA,25.260165097468
390,6,"F",1,"good",59.0314761825448,81.0098846936487,6.67058032327599,2.60307567144625,16.1768934521364,5.64864215391026,11.4162114965437
390,6,"M",2,"good",55.4310951044279,79.261194788311,6.36092715538627,2.68991328827598,11.8304948685637,9.37649109765787,9.21326227018645
390,6,"F",3,"good",55.9310032731157,79.6605447724105,6.85780345181075,3.3125100853671,14.2960289807145,6.84617246810704,7.18944087424358
391,7,"F",1,"poor",34.4389844510809,64.6310178312252,0,0.839793169912576,5.23497924282357,17.0826239673867,27.3145885506242
391,7,"M",2,"poor",34.8097176948243,63.6915617860887,0.857099238916876,0.523220741020798,4.87554668304796,16.056399538141,25.7404837005468
391,7,"F",3,"poor",40.2583881898511,64.6723842068211,0.999551000491392,0.604794436304469,3.73299538495687,14.1368753014331,26.4898195382311
391,7,"F",4,"poor",38.2845169779062,64.8864694447678,0.636034408514097,0.70894363347726,4.66123452943873,14.5268258604811,25.6851656532606
391,7,"F",5,"poor",40.2947954824935,66.3781509161613,1.12148427251767,0.973572895013268,3.66506077978636,14.03911450669,NA
391,7,"F",6,"poor",38.3391485368846,63.7645006139444,2.07618468525306,0.804796638785671,3.73563655922695,16.6286151848697,33.0377667737523
391,7,"M",7,"poor",37.1490197473169,66.4959228687476,0.765626829239272,0.654114378844536,5.19866676015775,13.3864335349244,25.0142833598759
391,7,"F",8,"poor",37.2584918621814,63.3774294006518,0.588655584216898,0.640370951929481,2.97440164101423,17.3616055815626,28.7073981694278
391,7,"F",9,"poor",40.249640988225,62.814572586095,1.67134235653303,0.535676097954156,5.06364879077578,17.0526922605491,27.5850508374309
392,8,"M",1,"fair",47.9417288243077,67.9909843764144,3.40198619911872,2.17692346031074,9.90808511658389,12.0255175887816,18.6035116398368
392,8,"F",2,"fair",46.4426181808449,70.1677607107967,4.37577812021785,2.20655515319182,9.02471415952436,12.2314490983771,19.4953219727965
392,8,"M",3,"fair",45.73054945997,73.7473941624473,3.60077362159107,2.31748073346929,11.103345921145,NA,13.6660573066848
392,8,"M",4,"fair",44.8260027026953,72.8862920004007,2.38626712791125,2.25635166122009,9.21661803279208,11.7306129488126,20.3278764216946
393,9,"F",1,"good",51.5016537259168,74.1677453290912,4.02270075216535,3.14485250176547,15.4565288034212,8.931321787535,13.42044137207
393,9,"M",2,"good",53.1160496775304,78.4266633382073,5.55930408478447,3.7464979229697,15.4231051836662,8.60579103561924,9.42016048848838
393,9,"F",3,"good",56.8222188316247,78.6391169733102,6.23987459667408,3.63241611278421,14.6087408620059,7.2094469702228,5.00721303563694
393,9,"M",4,"good",55.7584673013272,73.6833554536631,5.44383550105008,3.41425078624488,16.2676198878834,6.77675490767987,5.01498917833673
393,9,"F",5,"good",56.180893718157,76.7659037001634,4.28639831742632,3.76224570372629,16.3639285091728,7.45463920446314,8.66467458462827
393,9,"M",6,"good",55.7979901704535,78.0835049599608,NA,3.17485088583363,14.3612868754606,6.27933702979814,9.63634307694095
393,9,"M",7,"good",58.1340153544325,75.653599390305,4.93169973934942,NA,16.7402441025068,6.70254184496438,7.33141218198395
394,10,"F",1,"good",52.8659704766547,72.242179866254,3.07738567213697,1.9627547869902,8.98679799424852,NA,16.186024510566
394,10,"F",2,"good",47.6411242946903,73.2879227533381,4.40192998024739,1.79949145234746,10.7624052370274,11.239026345676,16.9612927398992
394,10,"F",3,"good",51.3746541513158,76.2811398334624,4.67856658737452,1.96728786869827,10.6407522704719,9.29854497037898,20.8309471282021
395,11,"M",1,"good",54.2750849220867,76.5077132253814,6.73284465553426,2.24778121482788,12.9219859654653,9.06878898176397,13.9136620728567
395,11,"M",2,"good",52.3545659941273,76.215177151734,4.71561327121899,2.47194117731253,10.3765536700954,11.5314226183108,18.3243913079518
395,11,"F",3,"good",56.3817739813346,80.0413067175024,4.35608999930186,1.83805916923949,10.1951444133836,9.80353477096755,13.6613177232905
395,11,"F",4,"good",56.2125517076159,74.636654343969,5.85129767187513,2.34179081573152,10.9539980311306,10.7258348730434,12.9809088152683
395,11,"M",5,"good",54.0934229873265,75.7708927581561,5.27606841890432,NA,11.9395412098535,9.67228923960512,11.8737261655436
396,12,"F",1,"fair",49.976930290378,74.0632764404632,4.6175868681442,1.87375132186457,10.076706836728,9.7727809511254,18.8023603107546
396,12,"M",2,"fair",50.6581853451861,72.785798732653,4.3791803922075,1.97872027598631,9.05652434552069,NA,23.0830353367066
396,12,"F",3,"fair",46.5028341821019,74.5975860368787,4.10877101435474,2.02968318321255,9.46310202323119,NA,16.3614841681298
397,1,"F",1,"good",45.8956382179675,74.2652294714705,2.7776724209989,2.44637756372279,11.7428809247468,10.9686800724394,19.2489522441742
397,1,"F",2,"good",45.0656225134252,73.7039280637286,3.36128854134818,2.11239075351136,10.6138892230116,9.28472753166838,21.3199362105597
398,2,"F",1,"fair",47.8293636380653,71.7490755858215,3.65374810177752,1.73590049830725,8.52745524185892,14.4659896047358,15.7504818551715
398,2,"M",2,"fair",45.0782808928886,72.1321299200312,4.98582301430204,NA,10.0014642553894,11.0221578219016,24.2705613175716
398,2,"F",3,"fair",46.1259281798666,73.3771991445405,2.66716619909906,2.00681392135438,7.44403833315237,11.2938355961166,16.9157165191082
398,2,"M",4,"fair",47.1812039595171,72.1561378026585,3.44916470996595,2.14193204569669,9.07088574261191,12.6524934888064,22.1096857188135
399,3,"F",1,"good",45.0570002502843,73.8936159127149,2.97768133643937,1.83124382998651,10.3728255085267,12.2585597188143,18.6176788083706
399,3,"F",2,"good",45.9757168154608,71.5930533331196,2.28347501436665,1.93801477454985,9.31973816002226,12.1272921691821,20.9375184330067
399,3,"M",3,"good",45.1937149442146,70.0593708411034,1.26529126697115,NA,8.09072349074594,12.9543568093685,14.3525374483003
399,3,"F",4,"good",44.5876605562056,71.2392947696501,4.46848303522081,2.1457822012766,10.0356906861198,10.9173429626669,16.1013343619667
399,3,"F",5,"good",46.4551151798034,72.7026555432375,3.4179997865411,1.88163390635351,9.51390268295552,NA,21.8157301442226
399,3,"M",6,"good",47.0805773333296,70.7293212532137,1.07091271457687,1.5544596262437,11.0322699004506,10.6245682453156,23.2561976244092
399,3,"F",7,"good",50.0001336079782,71.5226429471677,NA,2.02988904298662,10.3383254662296,12.7274646786367,13.022565799857
399,3,"M",8,"good",50.2949703776202,71.2992683787821,2.98427002311145,1.71840684471669,10.125474162321,13.0155030970894,18.2227295500055
400,4,"M",1,"good",45.7988238719928,71.5886339307778,5.08186019933287,2.10791097305101,11.9922879544408,11.2003243010463,17.530538750745
400,4,"F",2,"good",43.9402118992176,73.1616625614217,3.80063894795738,2.56106163890787,10.3766115208878,11.9565981074399,18.0634320070968
401,5,"M",1,"good",46.3814012818651,70.9196567645541,4.2680423148912,2.15012714035647,11.069206752605,11.2055858447301,12.3026818519057
401,5,"M",2,"good",46.1421698179723,72.1399724792137,3.50165274734306,2.16235795129441,12.8005439293209,8.41089196178338,9.52075039690735
401,5,"M",3,"good",49.7370176327611,72.8403603916583,4.8711400182292,2.47802801616781,13.0135577959393,8.64304293977283,17.2407199516071
401,5,"F",4,"good",44.6731461087357,72.6895668789104,4.69521760329595,NA,10.6927547276928,7.89467266179361,13.5520652664748
401,5,"F",5,"good",49.9191021462344,72.1180209323444,4.46692259422981,2.22939748391921,9.9438643275892,10.3163201841875,NA
401,5,"F",6,"good",49.4080133982337,71.8172081940074,3.20167574189139,NA,13.1103783676378,11.0803940257175,NA
402,6,"F",1,"good",58.2716344562733,75.6587792912256,6.46753361769148,2.08802025460787,11.3429604431872,10.2176918838036,14.5880175883932
402,6,"F",2,"good",51.0946994110624,75.7663091493516,4.59255010349511,1.90641035062513,9.53966643304158,13.9563676455912,15.2754188335599
402,6,"M",3,"good",52.1330841885045,75.3955830406254,5.05939874281425,2.12742041850522,12.1827670301588,12.1086811885523,16.8548672394218
402,6,"F",4,"good",52.185104304249,75.774402376828,4.51624802454809,2.36481090829786,10.4876547961831,12.0738953035583,15.9778831618114
402,6,"F",5,"good",52.0089798951869,76.5296812775161,5.15652670082369,NA,11.7117469651445,10.2797791491226,18.6249472101647
403,7,"M",1,"fair",39.1029610951651,71.8355231426089,3.00118050931301,1.59811581513091,7.21582335964564,14.4642269465564,25.3494645317997
403,7,"M",2,"fair",41.0812770818424,66.8761799210409,3.02935955345701,1.7275104822498,9.10573823647185,14.8343893452816,NA
403,7,"M",3,"fair",40.838487554945,70.6819674880878,0.581314957562637,1.28570064574014,5.93693764795578,13.7694088921151,17.4037877871441
403,7,"M",4,"fair",46.6619506343605,67.0269869902524,2.10127804251018,1.51138381508265,7.31852755236445,12.4539744313028,19.4057562217198
404,8,"F",1,"good",49.0884278455505,68.2318847192453,2.50307770249861,1.98400642773464,9.58127337630859,11.1129957622424,16.9813525621595
404,8,"M",2,"good",49.5146944407442,75.2635234013022,3.48123633091767,1.56939139508632,10.7580920565668,9.50672042962239,12.6644982704994
405,9,"M",1,"good",49.4168924315333,75.1461876432857,3.33736135542633,2.10705601106219,10.2965707168739,11.1838043600835,NA
405,9,"F",2,"good",50.8512743290158,71.7694019114477,2.97749710187388,1.95403575949772,11.4684734867765,11.0982042606938,15.3039856549789
405,9,"M",3,"good",48.3005251640456,71.3162069060379,4.98092529486528,1.87413908322438,10.0044637991193,12.1402688071072,18.1385750372445
406,10,"M",1,"good",44.8263610558607,69.6520512907272,2.75338817607486,1.89838233311691,10.0877885610193,9.15497083270357,13.6765762805314
406,10,"M",2,"good",43.7035971837625,72.5447438497249,NA,2.12272194526693,10.6123030770993,9.57661561186745,13.9451615485538
406,10,"F",3,"good",45.1302002108477,73.2991379562801,4.0785479884368,2.22991465467829,10.3286025531936,7.23993541799209,14.4712797363233
406,10,"F",4,"good",47.7462322690061,71.7533615505819,3.81374872313177,2.25315945682369,13.2192077242995,11.1691202364835,13.6530575692216
406,10,"F",5,"good",47.8859185163215,73.5993980744568,2.55214757801267,1.96746749039111,11.8492348568627,11.8259192459325,16.0542276827854
407,11,"M",1,"good",49.6478800853436,76.34315977403,4.37010058787723,2.92149368976105,10.790431623612,9.28185874650508,15.6969129896444
407,11,"M",2,"good",48.1269500227927,73.8420613641076,3.66452939481115,2.31234466637943,10.2122715944732,9.61694805458643,NA
408,12,"F",1,"good",55.5315879425661,75.318275817949,5.70583227878276,1.89567661008017,8.17643204982899,9.72230357969434,18.2459331487188
408,12,"M",2,"good",57.1200012094605,74.8727370103828,NA,1.83400867136717,8.97023682997507,11.4970526924554,17.6145670263007
408,12,"F",3,"good",53.2855730541078,76.5251033734325,4.30268334525053,1.98043941377549,9.133356060112,11.5673027538832,20.9155429679856
408,12,"F",4,"good",57.205126142766,77.939754580186,6.10702934652673,1.63728004669106,9.40192317726805,9.50920537345263,19.3285547072219
408,12,"M",5,"good",53.6745672580565,76.643285888867,5.47007797369151,NA,8.87720396077013,12.0178295458125,19.6247091225732
408,12,"F",6,"good",54.7839291916927,74.9691025775069,5.97229150848551,1.78667284932189,10.6139260551079,11.5848247539686,19.2446954096346
409,1,"M",1,"good",52.2470703782852,78.9711312236111,6.04941902615012,2.45876803761669,13.8262728252776,6.93247199417592,14.0716681254215
409,1,"F",2,"good",52.0896558792652,74.1393196004536,3.6845105595759,2.37346446617968,11.2174163947396,9.90909425865112,16.5833434102955
409,1,"M",3,"good",50.0154163854465,74.4097613070941,5.07091229462544,3.03198680736682,13.6946723240558,9.95052992423233,19.364263265653
409,1,"M",4,"good",52.6877475378728,74.677257876839,4.62965844396222,2.28128545323183,11.4109001341804,8.59810785045436,18.2232585052948
410,2,"F",1,"fair",37.236078109212,62.1025576808441,0,0.624335678945225,4.37726225223453,NA,29.5140567740804
410,2,"M",2,"fair",34.5301598528131,63.4125634935518,0.487899413921836,0.911279775821795,6.15454661713995,NA,24.9002406532279
410,2,"F",3,"fair",38.7944063040996,64.5878851289315,0.664526294952388,1.37644907222818,6.74948020313583,15.7708543354898,25.7033618589453
411,3,"F",1,"poor",34.4622023710745,63.8975022932929,1.28261867470967,0.604097107348773,2.98606122496272,16.3894178427397,29.2120611190662
411,3,"M",2,"poor",33.9753273570375,64.4379916924854,0,0.994870378970946,3.67671960034548,14.1669750393795,NA
411,3,"M",3,"poor",34.3177114934418,65.0445599059236,1.56403066174151,0.721025007991059,4.45108837260805,NA,26.2493439473132
411,3,"F",4,"poor",30.3892937340139,56.7156701191342,0,0.15476428460792,2.2471773470915,17.1479997791173,34.5925431277457
411,3,"F",5,"poor",36.1978427673886,63.6870789583264,1.7438703198843,0.804071520647973,3.37108646539589,13.2145166114254,29.284351549737
411,3,"M",6,"poor",34.6812491475783,60.6951022005817,1.02228654443509,0.605577393798628,2.67484899112077,16.8116950563179,26.3441013480505
411,3,"M",7,"poor",35.2836437060607,62.7645938151731,0,0.375487128993947,3.18479489808813,14.4965432392005,26.4284863233168
412,4,"M",1,"good",57.9943739312083,81.7880848956492,8.36953456915351,3.49640897119661,14.2901558081317,6.62677013726103,8.19904799076032
412,4,"M",2,"good",60.0887940785246,81.0148100234915,6.98336810765612,3.62233835629383,17.0498859565733,7.14233861291091,8.1853992543187
412,4,"M",3,"good",62.319266571281,80.45890140721,5.1054630480223,3.34397664244976,16.1891193282876,5.58309669894487,5.39532342755681
413,5,"F",1,"good",50.1853341631732,76.5782948677222,3.51086777136069,2.78853737879763,13.7100400258103,7.90894429528399,11.2555972963901
413,5,"M",2,"good",53.3792326944998,76.4196785649698,4.05661472529804,2.95432049325737,13.0281124259219,9.39626411486732,NA
414,6,"M",1,"fair",43.8656797033475,67.8273484434457,2.17211815202234,1.4747221034676,6.56925070191096,11.7208439547563,21.4768606720064
414,6,"M",2,"fair",46.1130062675282,70.7571821647746,4.83028756094027,1.88387634136448,8.51977748919104,11.8469872838121,17.9670965216486
414,6,"M",3,"fair",48.3226527204417,70.6578376319646,3.07143142151831,1.64330583419137,8.41368882121118,10.4984486126552,12.7903429512998
414,6,"F",4,"fair",48.08872612977,69.5965824459094,5.03599090442012,1.89014548260569,7.67384295468472,11.4124942249336,24.3679435842821
414,6,"F",5,"fair",46.0724189442341,69.2159444009259,4.1815656079741,1.56987235830278,7.41147411921754,14.6233481127619,29.2676865626154
415,7,"F",1,"good",53.5766970427597,74.6595367584806,6.21647310144683,1.76900153768716,9.25176705446168,13.4343072570343,16.4318262729272
415,7,"M",2,"good",54.8494751255901,76.3600740258368,4.69330857076881,1.64917483046292,9.23717561181336,11.3482750594987,22.0727297196115
415,7,"F",3,"good",57.1117250211062,77.1309133139889,5.10700845301119,1.96950145447454,9.63350191152953,14.1271821410183,18.8578109107481
416,8,"F",1,"good",55.9427986540827,75.4494591152619,5.03700335067428,3.52348409335863,13.6109962080954,9.18706847932445,4.19334498040452
416,8,"F",2,"good",53.4934424630525,73.8941550372131,5.6492147336672,NA,13.9386764964706,9.35530284762016,9.66670465234647
416,8,"F",3,"good",55.3669755318471,74.4610254490291,6.27337407599074,3.89249990336125,15.6091753972183,6.19086476790185,9.4452561893375
416,8,"M",4,"good",53.388013128049,77.6312408910087,4.87623000777567,3.33456542727056,15.4117803657576,9.60137059299111,6.00983192212281
417,9,"F",1,"good",49.5206355400621,68.948733189986,3.45783829709071,1.74085738638844,7.0124993914252,12.0782435365109,21.0299609823602
417,9,"F",2,"good",46.9974635773091,72.399904581759,3.42532540340715,1.84571454005784,8.42452085475423,NA,18.8649124541383
417,9,"M",3,"good",44.8673365262796,72.1836908321541,4.73718319481325,1.59096607471456,10.2906464215723,10.1704403191009,20.0429691322915
417,9,"F",4,"good",47.9734752652989,73.0921294853582,5.13602750458605,1.85177905984724,9.33815622685113,11.57070606225,18.9515258088841
418,10,"F",1,"good",52.4382615845177,74.8517784517343,NA,2.06653987099871,9.5262407093564,11.2932147433546,20.1775351400743
418,10,"M",2,"good",55.2973391366684,80.2698768300017,7.26339756647415,2.04069317446088,10.0975915022607,12.2892432967682,17.3362674036642
418,10,"F",3,"good",54.7858448830527,76.4067497081874,5.8847289092146,2.21483875886063,10.7432319503724,8.82971648450034,18.7014756021646
418,10,"M",4,"good",55.7359145880021,81.5536118348588,5.68165186362063,2.20996882085772,9.53756429361355,11.979655850803,17.1923644304278
418,10,"F",5,"good",55.0553951579153,73.9221701685221,5.66898473555489,2.1872605390508,10.9300806583438,9.67454083807564,23.4525103683585
418,10,"F",6,"good",57.1385543343773,76.5269315936346,5.33224519514804,2.27475174846131,9.61057548572175,10.6603609220713,14.5755437907832
418,10,"M",7,"good",56.9359844109586,76.9433113481463,6.73482466396739,1.7672627572548,9.98908641340631,11.4889512212711,17.0158411041712
419,11,"F",1,"poor",36.0211727931268,66.1826475422596,0.392679324266931,2.01099765517236,7.46697102597212,NA,26.0413505621652
419,11,"M",2,"poor",41.1459218369216,62.0627257249356,1.9422659579286,1.91725808339369,7.07915999170879,13.4606492284609,NA
419,11,"M",3,"poor",38.1997432509533,67.0667287592569,1.56301584587252,1.66495935762997,7.51069432367977,12.8412691127537,NA
419,11,"F",4,"poor",36.3050790889572,66.7315370998796,2.06303583111311,1.34455858822197,6.50565886365916,NA,27.3474663424345
419,11,"M",5,"poor",38.9421932397457,65.1074593806272,1.49924124781402,1.67448260944632,9.05311847360395,11.7062105075248,21.0650911765311
419,11,"F",6,"poor",38.864400232986,63.4698438386677,0.536141789184558,1.10968176539532,6.66164082459701,12.2983965371614,20.7646716172914
420,12,"M",1,"good",54.7876098758409,78.6917812304464,NA,NA,13.1898698723816,9.36719592730533,14.8485840417893
420,12,"M",2,"good",56.177698148607,74.5356322788871,5.8027355979968,NA,12.3643141536446,11.3404991799471,10.3470362408016
421,1,"F",1,"good",46.7115631587777,68.5644599639779,3.57609617405738,2.09411738822285,10.653660811762,10.7472159109289,15.2957662144217
421,1,"M",2,"good",49.5424657236925,69.1881195832414,4.03471514978313,1.6402172195132,9.09462357457202,8.84749446951369,18.35783243812
421,1,"M",3,"good",46.5502189676639,72.0683134178337,3.61745270067645,1.47316752582963,8.28334456279256,8.43456883565957,18.3071934934718
421,1,"M",4,"good",47.4377529665367,74.9141475829367,NA,1.63838395853958,8.02267066780808,12.9708814029498,NA
422,2,"M",1,"good",44.7624298370496,72.2667398820666,3.19822151452615,2.27151855317312,11.801855878286,11.3274316049231,15.748016271859
422,2,"F",2,"good",45.2031222752841,71.0471719230798,NA,1.59694514587306,8.77640712008598,12.0104759123432,18.1420440437115
422,2,"M",3,"good",42.6763879278516,68.5497252447614,2.36086622309848,1.7180347333575,10.4472467789584,10.9743658690115,18.9442022146088
422,2,"M",4,"good",44.4669033192186,70.1210523344828,1.97157252159418,2.0224810507582,11.4456435904746,10.3904855542868,12.3190133456232
422,2,"M",5,"good",45.8959256824804,69.0568437562144,3.71422471704117,1.96130141936702,11.3762593445541,10.2353193572141,16.0868255669569
423,3,"F",1,"fair",39.8527154835687,64.6071188119726,0.402952798032471,0.956903434835857,7.93166153202017,12.1461792492326,25.8850065164283
423,3,"M",2,"fair",40.9271628261767,66.3423820877996,NA,1.1825775503566,7.9642841712668,14.0739985605308,23.7253958283037
423,3,"F",3,"fair",39.8328346356542,70.2088402603385,1.71421717215753,1.47973233181956,9.24049920283629,14.8929144641085,21.0444138676584
423,3,"M",4,"fair",41.6246048442916,68.5560276690529,2.02089224731944,0.89888078466457,7.97732212378372,12.8907069656246,21.1296222601142
423,3,"F",5,"fair",42.5576000424124,65.6869400061258,2.11952548692463,1.14186639799461,7.9863120838492,11.9215088104664,NA
424,4,"F",1,"good",48.3968439240239,74.435860230525,3.84989643011905,1.63146424896862,8.69382361882183,11.3269916131295,NA
425,5,"F",1,"good",53.7842842026125,72.0461167225774,NA,3.11563087134807,13.9308709404544,7.29250795035602,10.4204789614537
425,5,"M",2,"good",52.4774749460543,70.5827190004564,4.30770539563255,NA,16.0510462463591,8.79120786556129,12.6519759256866
426,6,"F",1,"good",43.3416684183688,68.484474011388,2.81071828860315,1.89453490524454,9.51725558387677,12.2643301581436,18.0744779004758
426,6,"M",2,"good",45.4623069483054,70.9191903805258,3.61149485085082,1.96929479048118,9.88296504448111,9.9237933333484,16.9700893008339
426,6,"F",3,"good",45.9577885323215,71.7774483909664,4.02217762220715,1.89175919519623,11.3753114164757,9.98315598375094,19.7609658895579
427,7,"M",1,"good",45.0090013876146,69.9443844802663,4.56087034601079,2.22940993024867,12.9854671542417,10.8533324838916,16.9078350054467
427,7,"F",2,"good",46.4679114076791,72.5916073997822,3.57902084195419,2.15809826142826,10.0275203315474,10.57456671502,19.0150876607319
427,7,"M",3,"good",47.4024521120504,70.10453599018,4.85286801237183,2.1484581869693,8.36074490588188,10.1077427505951,13.8676420717806
427,7,"F",4,"good",47.8424760192557,71.1045878125312,2.28274111021411,2.02883226706189,11.0464749902101,8.99167365043483,18.1740558334885
428,8,"F",1,"good",55.0257913241953,74.777711796435,4.63748114840022,2.58277118445422,13.285785783094,9.07776627271585,8.40187984230803
428,8,"M",2,"good",49.3524430896518,77.1612994170827,4.53600863905796,NA,11.9708558702204,10.3086039411219,24.2391583882152
428,8,"M",3,"good",53.2860897041585,74.3966975762193,4.53810828115619,2.78984143599246,12.8904750823071,8.44616453737934,15.2157004729048
429,9,"M",1,"good",56.0864620032956,79.5472559848581,4.86028497287882,NA,11.487906607391,10.1536680694872,14.6628858227637
429,9,"F",2,"good",55.5970569095046,81.2856479804099,6.78801922434532,2.15881759725579,11.6426515263798,10.6682884567831,11.7118843452315
429,9,"M",3,"good",57.2648104379655,79.2322182666656,5.91227438892039,2.56739008803475,11.3272339269424,NA,17.41250429884
429,9,"M",4,"good",57.6984369215952,76.7070060577227,6.39698181984572,2.18064929076999,11.7898683354233,NA,12.5279031197762
429,9,"M",5,"good",52.7355552760109,77.6411970588617,6.41514672155798,2.0422504287389,11.181523989116,10.7793527930983,16.5344891032109
430,10,"F",1,"fair",36.3245927585474,71.4137291299602,NA,1.28014773428766,6.73076147010052,13.1255595935712,25.8412252554576
430,10,"M",2,"fair",38.8908844881058,64.9885774598809,2.64003067051131,1.42423545019271,7.14600222549396,13.681067316208,22.1005097873926
430,10,"F",3,"fair",37.707015481836,65.3086447014375,0.63450769173752,1.02112550557731,6.24756869517809,14.0373361205019,28.510757817975
430,10,"F",4,"fair",34.2304477253825,65.5557894876152,0,0.871838668792873,4.4611452987176,13.9254607076986,26.253478329033
430,10,"M",5,"fair",36.388366393663,67.465727628733,0,1.05342302881545,5.4656169981887,15.7041618192223,21.6555244439776
431,11,"F",1,"fair",47.6401394394984,70.2729972476966,4.23549688426251,2.17900859171512,8.33041825485493,13.5579989950785,21.5022723103806
431,11,"M",2,"fair",49.9080447726089,74.60162797923,2.44103201551713,1.9163193290944,9.92331956689854,10.6547514912585,22.5817465238451
432,12,"M",1,"good",57.675717414936,77.1122159651919,NA,2.09616245985472,10.9681500960364,9.10918663014606,15.485838649027
432,12,"M",2,"good",53.4805240655864,78.4347690342417,6.42944218635909,2.36483746658606,10.8875090663402,7.76031064981846,15.851835856723
432,12,"F",3,"good",59.3327523814173,76.235027936194,6.54390494698526,2.05478046532508,10.7479360238902,9.19842676473607,16.6298909244511
432,12,"F",4,"good",57.0733405912345,81.1116859497654,NA,2.2742502749333,11.2963347270807,9.43321997293316,15.3642174040962
432,12,"M",5,"good",52.9395367684524,75.7721840539875,NA,2.20057525642229,10.149959409757,8.86134554040045,15.5489082206438
432,12,"F",6,"good",56.6296950813355,76.3912034733909,5.22378170231555,2.70708511955108,10.7567538624054,10.9454368850051,15.8594873448882
432,12,"M",7,"good",55.1919646904471,79.9087603352165,6.02753512395573,2.4250117489972,12.4007060774966,11.0417141047747,16.5933200802566
433,1,"M",1,"fair",46.6853840789116,71.5783618014847,3.96959007149963,1.67112836842428,9.5165010283619,12.6072677959318,24.5996482039835
434,2,"F",1,"good",44.1721124861805,70.1572886326715,3.27408650886299,0.859293750669156,8.52577885117104,12.8039854133396,22.1126226612821
434,2,"F",2,"good",44.108862324697,72.5722078429625,3.62665793211826,0.975301699714036,6.88622935838207,12.7499209216551,23.4654267500955
434,2,"F",3,"good",41.4343544805814,70.4610186637663,2.09392021309074,0.882421521829631,7.1021954297763,14.3037768881872,NA
434,2,"F",4,"good",42.9162807583273,67.2893570833528,1.06603079942972,1.48435912205663,8.00012539110423,13.545860155442,NA
435,3,"F",1,"fair",50.1989365553365,68.8003614999506,3.95473149642011,0.927745592290494,6.29370073225217,13.2494343345734,21.6606782116066
435,3,"F",2,"fair",45.7929076225535,72.6792126797594,3.99013057568481,1.42940358603292,5.92323132503137,15.0470676236964,21.5622983693438
436,4,"F",1,"good",57.7139564354188,82.7417130914163,7.19959535333884,3.13674957574111,13.7731961474479,7.29581814658428,8.53348046784289
436,4,"F",2,"good",57.8326482706147,79.6436450141207,5.96926416207643,3.06497705311625,13.2781317426389,6.49220219851408,11.1746603483043
437,5,"F",1,"fair",43.2316512367207,65.0307850165722,2.5732126414496,1.33420136907734,6.9914776864469,14.7081153809789,NA
437,5,"M",2,"fair",45.0209153782169,69.4879164059394,1.5270354014429,1.41747265304084,6.32550375517313,11.8688678304131,24.0295567812413
437,5,"F",3,"fair",42.676468496221,71.5357096219367,1.36984968880702,1.5366569243686,7.04245913005431,12.5465942912801,18.9783000647041
437,5,"M",4,"fair",41.7799054353565,65.6149410097534,2.86802332716595,1.52095096532416,8.0209922475766,13.5903806142192,29.7374232842285
438,6,"F",1,"good",54.9350457788125,78.7657288740837,5.09951962773875,3.16133325297788,12.5326453202196,8.99061829588826,18.5524377973145
438,6,"F",2,"good",50.7472198711025,73.4506600298287,5.67977362062928,2.29363481836688,12.3590124272503,8.63269896791583,19.5925208118705
438,6,"F",3,"good",47.0625264070718,72.8482460674368,5.04507512103696,2.19255030236222,11.4354193784153,10.1268678186708,13.8748449232299
438,6,"F",4,"good",53.3203455810595,72.3872895338186,3.5805743715312,2.69281229787617,12.688702829533,7.13459972813335,NA
438,6,"M",5,"good",51.3991938843552,72.3409472408941,5.28198909198643,2.9740119335706,12.3750005536907,8.82729521760421,13.9486066189993
438,6,"M",6,"good",50.8180358735407,74.7004710051777,4.27915208399062,2.83159269417366,12.9918494079219,10.7687259496823,18.3825923228555
439,7,"M",1,"poor",38.3235607187328,68.3858602997487,0.202428225327727,0.320128372985586,3.22647206908256,NA,23.2213799174737
439,7,"M",2,"poor",41.0728151139732,68.4832264278735,NA,0.0701474933253032,4.63774085615802,14.0666646397788,23.5858860235551
439,7,"M",3,"poor",41.0402913639194,68.1747011835987,1.52734673502275,0.712821288884704,4.40463903573678,15.9662021907645,29.5870822412874
440,8,"M",1,"good",47.4912797442859,73.8756620688574,4.16130115917742,2.33600297607265,12.4760267572806,11.0614001980641,11.9224350895843
440,8,"M",2,"good",47.6398897433442,71.5523031228185,4.19443448476076,2.53653244765697,11.3764082727476,8.81145558346327,15.1723487446057
441,9,"F",1,"good",54.157773452583,79.7469547074346,4.80589745318611,2.89444805956839,15.4990843661118,6.35044928715043,10.4608730355241
441,9,"F",2,"good",56.5553368325244,76.9546527461526,7.54447632574009,3.20412369208436,15.6981860503241,6.18979925287215,12.5079623924155
441,9,"F",3,"good",56.3354233068947,77.8805802657202,6.15440022250078,3.31774631545466,14.8236630062385,7.96347357845486,7.14799688848749
441,9,"F",4,"good",55.0743568377568,79.0063556332211,5.54042395650918,2.99276716420117,13.1376455459804,7.49163733808749,9.77062116498583
442,10,"M",1,"good",51.392749417579,74.4886146447822,5.08377364843418,2.25604194600772,10.2311083035592,10.7484368451826,16.4705523651529
442,10,"F",2,"good",51.2531894111709,78.883037631024,6.09317687516045,2.47190289680741,11.374190160308,10.0452007461678,15.1246208879712
442,10,"M",3,"good",51.6666907772647,78.5644770389293,6.0761835567376,2.41645305703827,9.86336859422446,10.2603770590575,15.0870539052871
442,10,"F",4,"good",53.9580040647575,74.1340737734075,5.63140011056591,2.1452039600325,9.59877202136902,11.0461167647767,13.4132355601628
443,11,"M",1,"good",51.6424146844363,77.4533885499463,4.95674393436625,3.21206631718739,14.407719391404,9.65161733237396,11.9086347063061
443,11,"M",2,"good",53.7418233139427,74.7580170360527,4.85081507404878,3.0728166236881,14.8029935359566,10.3996329307356,10.3218107251418
443,11,"M",3,"good",52.3889059357282,78.0417059797791,5.66490026012753,2.97497858183279,13.607471029952,9.782750780646,11.1228688698856
444,12,"M",1,"good",50.5216951752559,76.6387074757349,3.9951771375286,2.61088016377176,13.0873639871524,NA,16.7366218016311
444,12,"M",2,"good",50.5561642914259,74.1544604233572,3.66573917949705,1.92435555011684,11.5124967094727,9.02685268619822,11.5503125584519
444,12,"M",3,"good",53.8016594155914,75.7457095335943,3.6608988018981,2.28204278530539,11.2520741944211,10.1577660126681,12.6781103576486
444,12,"M",4,"good",51.2382786940987,75.5518530369042,4.65761521177999,2.62648133757097,13.339161176374,7.07913937008908,17.1673848252766
444,12,"M",5,"good",49.9296136412505,72.3779464070576,5.02948765319589,2.50839617477829,12.2902611866763,8.92327475548115,10.336735777096
444,12,"M",6,"good",51.0536854836352,77.7434669934842,4.53213303945105,NA,11.5908181068366,9.71728391552104,15.8706543281381
444,12,"M",7,"good",51.7233577712009,72.8445860792434,3.90633279385339,2.40283343470636,11.1566363704092,11.0312581686321,13.0764591508242
444,12,"F",8,"good",48.1001109159328,74.5673366103677,5.23292073363066,2.42073193412501,8.80031053867287,10.5232359454895,14.7660563519763
445,1,"F",1,"good",59.2400566530801,82.739774523926,6.80240203415928,2.19539644267389,8.7196366046883,10.7708640299654,16.6110982161746
446,2,"F",1,"fair",45.4546305403426,70.0006764070627,2.80092016833844,2.04623489338164,8.40362731199849,11.2888398949561,20.1887881550793
446,2,"F",2,"fair",46.3963485299279,69.8268454343983,3.4339817376512,1.7796310926203,8.98117041662337,12.0326763449405,21.6274559254705
446,2,"M",3,"fair",45.5024435558758,71.1665324655215,2.7125256435728,2.05071789066724,9.45001961786275,11.0918555326867,19.7436407239839
447,3,"M",1,"good",46.2943076470632,69.4928206223174,3.20834740244335,2.27917983776654,10.8677864443344,7.85432302630038,18.9493936418674
448,4,"F",1,"good",43.2017826573191,68.0700698832218,1.37427790367718,1.9527240269816,11.3907849777303,11.6269487979596,18.2083769669311
448,4,"M",2,"good",44.9314586246128,71.9169925222453,2.42055562555875,1.84209601360136,11.1627423325202,12.344876891679,17.0321529560079
448,4,"M",3,"good",47.3238573811698,72.5421968714569,2.95196828819336,1.96734149358366,10.3383377294596,10.2486934110096,20.1967896321623
448,4,"M",4,"good",41.9697747399382,71.0660241873205,3.71462444817092,2.4721543639879,8.78180987923242,12.5325119691231,21.0955691703828
448,4,"F",5,"good",47.9435432056161,69.2055133127025,2.77469770736837,NA,9.67076372877794,12.2334833148749,19.4204243225123
448,4,"M",6,"good",44.53096777304,69.8242720379809,3.01588178945107,2.09583529392316,9.62194129842747,12.4642760545391,14.1983409171883
448,4,"M",7,"good",44.3451732146039,66.7036951121861,2.44760344914894,1.75804217153466,10.4031778075487,8.62859680354359,23.2354075223195
449,5,"F",1,"good",53.0622545262255,70.9164040308689,6.62676174070954,2.15499974848611,10.3062640145601,9.17557055225667,17.3185308755414
450,6,"M",1,"good",50.2171506522207,75.6295021051554,6.08359706864487,2.23763379281439,11.2759820552655,10.5807137071193,11.7706488764282
450,6,"F",2,"good",54.8458169534993,79.4299117525772,5.0472296300944,2.40967619817241,12.3394869147033,NA,19.6950262079132
450,6,"M",3,"good",50.8242582349005,73.7460695366828,4.17105136365557,2.51742481865347,11.8834584270138,10.7957405842435,14.7291522183773
450,6,"F",4,"good",54.9347089287023,74.5469209122307,4.00799382176069,2.25743297961803,10.4056657700591,10.9396001692773,19.3234729521798
450,6,"F",5,"good",55.9970600006154,75.906634982798,6.54745264880308,2.9138035728132,12.7222202727814,8.76521161036063,12.9328820211196
450,6,"F",6,"good",54.875901087676,74.5598602213492,6.09285655364596,2.37125687666512,11.7089327180414,12.0458162225643,16.084027309592
450,6,"F",7,"good",54.6639655533691,72.4634911749658,4.73469678720024,2.32592009057002,10.2892672802829,9.20093411884057,13.2350584653163
451,7,"F",1,"fair",45.6520416881206,67.3495185021718,1.7529989727462,1.41048073444702,8.68379325793907,11.1181069357839,18.8829436446584
451,7,"M",2,"fair",42.6012177830469,70.7032481150297,2.49010203346636,1.61460355575204,7.48852652610717,11.9157073694965,21.3183210821784
452,8,"M",1,"good",50.5308529878122,74.3843008727543,3.88812681125749,2.58596873377653,13.2825645928302,6.68553620575413,7.49990619809536
452,8,"M",2,"good",54.9061788205424,75.5690532934146,NA,2.68270687028934,11.5467529648671,7.73215516725747,16.5784738480536
452,8,"F",3,"good",48.0373574297344,73.4659421507193,4.05953141593617,2.4915750307126,12.1670683050426,9.82633055809264,12.7618668398511
452,8,"F",4,"good",50.6562101087569,78.4496971908781,4.9785167053132,2.66083983197423,13.1733244322086,NA,10.8015596525027
452,8,"F",5,"good",52.5371565349802,72.6194900778517,4.28490075986738,2.74256717038463,13.1401944826221,9.85983693377752,17.8334658632219
452,8,"M",6,"good",49.0077180531729,74.8480904854115,3.00157535792805,NA,13.9915179317419,9.83349943008646,NA
452,8,"M",7,"good",48.8141401852011,71.1646298647322,4.33732208441503,2.5636405981318,12.2134053949051,9.4703745178698,13.8537542486256
453,9,"M",1,"good",50.094452667643,69.664699748945,3.24682290617283,2.56009681152331,12.045789416986,11.2882821053603,NA
453,9,"F",2,"good",52.8178407637199,72.5016370240206,5.10267184481639,2.12595448826204,11.7038846030769,11.1033926859277,20.0716145090381
453,9,"M",3,"good",49.4765565014195,75.930954769563,4.76317501843514,2.55331270267607,10.4136039142241,9.97618843912237,NA
453,9,"M",4,"good",49.57224896922,70.9319169373744,5.78533691058184,2.4312246110419,9.50055480535217,9.39055380123423,16.1545090504878
454,10,"M",1,"fair",46.4121666882938,71.1394178720146,3.18806967831077,2.25796315956906,10.5795654218474,9.96105741885029,14.7327067299045
455,11,"F",1,"good",55.4646210690937,79.8069364085904,NA,2.49247860206128,11.2633170392356,10.9375397463895,15.3345305086769
456,12,"F",1,"good",48.4300104078788,73.7356450025451,4.66608195627742,1.87556213186035,9.85166028266613,NA,16.6044766150274
456,12,"M",2,"good",44.8110519932627,72.5995609118853,2.88941183346426,1.79854649387246,10.3003602239524,11.4413303003016,18.8591169250015
456,12,"F",3,"good",48.1344521924585,69.3074339474997,3.0607168348591,1.99510925308181,9.96098447535764,12.8089134622259,19.1060357525591
456,12,"M",4,"good",46.889815103984,68.373360781444,4.65201079854033,1.87578182562114,8.8550322083834,14.5639614278872,20.6107211327271
457,1,"M",1,"fair",40.5577972832596,68.0706365116305,NA,0.958692385452088,6.2391030914062,14.019185174753,19.8575945109012
457,1,"F",2,"fair",41.1977589800038,71.9471920871771,1.40787773975647,0.845546567088735,6.09188082124208,14.9086032827699,27.8907751600941
457,1,"F",3,"fair",43.6763059578883,70.8268785389679,3.163840218054,1.13556519692503,6.86386199737748,12.5342317528607,20.9868476423285
457,1,"M",4,"fair",40.949610949457,72.1502239214747,2.02716192720452,1.06196515879844,6.43350748792692,NA,19.9003489341593
457,1,"F",5,"fair",44.3084047761461,68.729940624924,2.2281481077251,0.90943420366681,5.63877637876517,13.6684650671152,26.8808484598153
457,1,"M",6,"fair",45.3746054684607,69.9108536225655,2.07836647930858,1.01533080684058,5.8067902019039,14.3626599395291,18.5716722742263
457,1,"F",7,"fair",43.8607714881349,72.7405974728993,2.21330652916779,1.13164539128257,5.38269673385254,11.3937075960057,19.7623251931891
458,2,"M",1,"fair",48.4492787679004,68.1479044374003,3.65244338344174,2.25400392633994,10.174931100764,NA,24.7784026372139
459,3,"M",1,"fair",41.5100256078912,66.8562492374141,2.58152872005342,1.05745276225846,6.49984874867221,15.0154493671343,25.2427980887707
460,4,"M",1,"fair",39.3018597460698,64.6084849919381,1.26564243496463,1.36138135751148,7.05699331724514,13.5321855912881,26.0116368257602
461,5,"F",1,"good",50.1099458328777,75.3311233049833,4.77938353639589,2.97881381521197,13.2357400057214,8.58271292879598,7.51965823630069
461,5,"F",2,"good",51.2282100024924,71.5390187912774,5.65548313116392,2.89824399295327,12.4792538803919,NA,15.4053999068326
461,5,"M",3,"good",49.6182913935126,72.1011643506336,3.78774025173842,2.59404891755873,14.4720524057578,9.2887529130088,9.96600361360813
461,5,"M",4,"good",47.5251242316777,72.7106683697222,3.36287430236801,2.79064579291164,13.93963957089,9.09687620666663,18.1566515768451
462,6,"F",1,"fair",41.5106100847866,66.3538377709992,2.74666453298956,1.37466132801142,7.87794861028262,NA,NA
462,6,"F",2,"fair",46.183348617403,67.3169351043748,3.03740280818459,NA,6.79978373777125,11.9053109748477,21.9741339387645
462,6,"F",3,"fair",38.2485044807491,67.914154674254,1.26160440882245,1.46355063388146,5.39222328631397,14.6316039622401,22.8748682621972
463,7,"M",1,"fair",48.6949434021132,69.4083337603903,2.03992781633157,1.65120812529208,7.56960067501274,12.2800301940618,20.9499217744912
464,8,"M",1,"good",55.9238192228395,81.4390714167092,6.0916020644064,3.22953026072093,14.6293526132274,7.93808752873617,7.26940046699135
464,8,"F",2,"good",59.3912357939933,76.8198790262631,5.58154655528515,2.95519044422502,16.2363013649436,7.40272036897081,11.5810911128263
464,8,"M",3,"good",56.1303900973034,75.6911529632739,NA,3.05383488826382,14.2713552863812,6.44978564896652,13.5096406091877
465,9,"F",1,"fair",39.6387469360022,69.5919009661055,0.716637173553735,NA,7.73409635577963,11.8214364636607,19.9609349587479
465,9,"F",2,"fair",39.6190573885954,67.6031788859087,1.57925530654242,1.76728151689566,9.19279861993143,13.6512378044615,20.644265420773
465,9,"F",3,"fair",42.031244535219,67.4770844148337,1.78962574685033,1.39134052157219,7.63069977005378,11.8598368267075,21.5149006823705
465,9,"M",4,"fair",44.4715105406956,70.3196461440351,2.48966050657821,NA,8.83957525884131,NA,22.5714131557345
465,9,"F",5,"fair",40.1262574349378,68.8503860802115,1.67081705983553,1.37809940337705,7.94137195743742,13.3664884774327,16.6274789162044
465,9,"M",6,"fair",41.38206783248,70.0106315782137,1.79731121866898,1.51907925909097,6.83119868562632,12.280760445011,18.2226069298943
466,10,"F",1,"good",48.3693216234659,71.6506781640944,4.458028298314,2.10058087378873,10.497252811569,11.9700482199353,NA
466,10,"F",2,"good",43.3936565613474,68.1359296855267,4.76477787085609,1.65596719903645,9.657120163249,12.3978352695384,23.5544711925566
466,10,"M",3,"good",48.0806201175375,71.6197771775047,NA,1.82147823698518,8.99343876966807,NA,23.3739709464483
466,10,"F",4,"good",51.9632706810971,75.0550263079052,4.29667569250798,1.88608068136277,9.13208388903817,11.7247026195515,21.2834277459948
467,11,"F",1,"fair",33.8417478652856,61.6968062955542,0,0.404831602507698,3.13810246845963,15.9132919983901,28.5615711020015
467,11,"F",2,"fair",34.390136800089,61.7338438132604,0,0.76627998103115,4.30773242934105,13.7681095098797,29.1286215672329
467,11,"M",3,"fair",34.5469264855478,64.4114590521014,1.12317624395117,0.937886776498407,3.81809159978125,14.4858570233331,27.7651385827053
467,11,"F",4,"fair",35.559680289025,62.5843112808519,0,0.546254193012293,4.9347788229562,15.5436975154246,22.2147659466472
467,11,"M",5,"fair",35.9346222681389,63.1829656032891,1.00829296032019,0.696304580560734,4.40144879707469,14.4203933756186,23.7838710335797
468,12,"M",1,"good",56.9552499504792,75.9407863503537,5.45029973359817,1.82428201259965,9.20925335060003,12.0954345888186,20.4916425141729
468,12,"F",2,"good",54.1630912065465,77.8377648732,6.55790374803541,2.10719511004567,10.129794643628,10.5023657865661,15.7170388171983
468,12,"F",3,"good",53.2243742047359,78.4132393584613,6.89911654643077,1.61583703305085,10.0914499596246,13.3880164673082,20.9458693950325
468,12,"M",4,"good",51.4187933549386,75.8474252421084,4.8999570087371,2.02750399964525,9.48458495059648,11.4634484834223,14.7856505076356
468,12,"M",5,"good",51.4859155520642,76.2221368027916,5.49815848882024,2.01232585065642,9.14031709256893,10.8681184408129,20.3259655767767
468,12,"F",6,"good",52.7722983223289,75.4868924896221,6.15977738045991,1.587454945238,9.42672448601126,11.7463983878745,19.2588681582224
468,12,"M",7,"good",55.5374985623548,77.1425872300757,6.83413010742534,1.97926152307451,10.660654868424,10.9874758791216,18.8385957795982
469,1,"M",1,"good",51.5903501081757,73.2880225625916,NA,2.95175253051922,13.6723738201605,7.46055961659191,13.3479152143664
469,1,"F",2,"good",51.4631350909048,77.4483035078143,4.56732629278604,3.10270341730793,15.9455843355726,9.44045808920541,10.1674925578117
469,1,"M",3,"good",50.8026796974588,76.6936950455881,4.73231030633622,3.40340838763557,14.4822215547119,9.10996699465006,14.8924059251019
469,1,"M",4,"good",51.8520303044813,75.0912691607434,4.74105608206242,3.07013996420412,14.6284425449822,9.04881042443685,11.4805522165448
470,2,"M",1,"good",57.4327734217491,81.7812120468952,5.55464885404788,2.81072856518839,13.0087601375851,8.2638992305118,10.1736476272507
470,2,"F",2,"good",56.0863828917488,77.2313852755946,6.37916764066675,2.99401198940965,12.4621722814829,8.33573478208467,14.0785707506367
470,2,"F",3,"good",55.6503007553461,81.3682214927016,6.04716460924915,2.84439220208641,13.5800812581544,8.56757021359991,9.0072235142221
471,3,"M",1,"fair",44.5334330188116,71.2204208768343,3.88659928565319,2.08502962322969,8.66206172292626,11.2275782753992,24.3311284724619
471,3,"F",2,"fair",41.8657741110815,70.0314916771461,1.41720648769798,1.81157781164874,7.73385315073724,13.828142150099,19.5323840803456
471,3,"F",3,"fair",44.3674354491122,69.2310397846825,1.57914455938512,1.60739853676185,9.19845942824797,NA,20.1731933855089
472,4,"F",1,"good",47.4653227121571,72.5209817728013,3.41949218787998,2.30622303076356,12.1602610582655,10.2808176497685,16.7075127296122
472,4,"F",2,"good",49.8697248400959,72.6423898441726,3.64715527468498,2.85406605117788,12.5766695062134,10.7504067762932,12.7432756172677
473,5,"M",1,"good",53.7431592460108,76.7487194677353,6.37388675824696,2.83749119009494,14.2387664631526,9.46336224451626,14.7311660381154
473,5,"F",2,"good",53.2633460239527,73.0678340644398,5.06331283333251,2.4097631891855,10.9917381100719,11.1209566082615,13.1119780310381
473,5,"M",3,"good",50.6740658478843,74.395390050582,5.4181706314425,2.57062196349918,11.6937223326241,10.4976399023459,8.93232045965767
473,5,"F",4,"good",50.6799386576536,76.0044849526167,4.10922638673368,2.21932178318948,10.5089714742049,10.5240615305233,13.0288304355855
473,5,"F",5,"good",51.5105894984153,76.0955454269682,4.28556902545161,2.47865481420376,11.0847483934646,NA,16.0907710364898
473,5,"M",6,"good",52.8023004426554,75.8048277224585,5.76077347653043,NA,12.6582194088284,10.6950185091836,15.8556737067744
473,5,"M",7,"good",50.8436302175136,75.8643260912042,NA,2.14379186670017,10.7157341528022,9.60583022196682,17.5636353264664
473,5,"M",8,"good",50.669960682911,75.2565843638033,5.45354633802916,2.70515904618666,11.3352498358919,10.9178198201131,18.1523053223409
473,5,"F",9,"good",50.9178303166337,74.0628627464179,4.50769000399463,NA,11.3754753535688,9.49499254723595,12.3791963677962
474,6,"F",1,"good",46.5127428604666,74.1889197795955,4.39119888360206,2.50647654492422,11.3277182531744,10.0084659543826,15.3474433353236
474,6,"M",2,"good",45.8364157658699,74.1191091000351,3.05330563302329,2.48847358656326,11.6800339328055,9.65135829756012,16.5161629595379
474,6,"M",3,"good",48.0971760039686,71.9167704107729,NA,2.57257301462564,11.319964433448,9.80985632613772,21.1396708601055
474,6,"M",4,"good",45.172895557722,72.1755744875976,3.34338369952596,2.11933946197862,10.4394101593312,11.1629341039211,14.7601819603517
474,6,"F",5,"good",47.9093951821612,69.6215271783835,2.12389088312206,2.5331731218874,10.7609864880628,11.3984993402573,15.6232686010458
475,7,"M",1,"fair",41.783122444103,68.7922126208968,3.00619984038139,2.10350577538823,12.367594632725,11.3324292824912,NA
475,7,"M",2,"fair",44.5687485968526,70.73768261427,2.81669053070882,2.178273506158,9.21877228015237,NA,20.1975036801823
476,8,"F",1,"fair",45.8245623340005,70.3856251626957,2.81647068967812,1.33959691363689,6.51851262986468,13.1152519576446,20.4343007136902
476,8,"M",2,"fair",44.4586389001996,70.6865661756434,2.30511087042172,1.13244319747323,7.02187991710465,14.2544873003515,25.4443060092911
476,8,"M",3,"fair",45.2174513142815,69.5764417234294,1.08644522997501,1.12878552719963,5.66514349698897,11.9401831823485,24.5548173341657
476,8,"M",4,"fair",43.5916214502813,69.9267059713268,NA,0.997684299413614,7.03034025527461,12.2261709812019,23.0810314287041
476,8,"F",5,"fair",44.8134829432076,72.7861910963341,2.35242515108625,1.32382176689429,5.29968233305582,13.7694157867088,23.3266735357703
477,9,"F",1,"fair",45.2526385139269,70.7539967713311,2.95753986570565,1.97368023054636,12.3979841054136,10.4669820215569,24.7524787748827
477,9,"M",2,"fair",47.6100996090849,73.0244647935542,5.01705272161519,2.16144804951313,10.1101116238048,11.4209787826036,18.2709895056946
477,9,"F",3,"fair",43.7044541626028,71.0946156587364,2.75840729738181,2.14409395787648,10.3159334825343,12.5547479900196,18.7887132017233
477,9,"M",4,"fair",45.5528660136275,72.9840267848713,1.808668693057,2.57363645657694,10.149978075773,11.3336903422529,18.7675306739284
477,9,"M",5,"fair",45.1812322184957,71.6256007902847,3.02983977997956,2.45736704121816,10.0372290954891,10.242092881017,16.8974653753394
478,10,"F",1,"good",52.468019356564,75.1737767778905,6.1102002583954,2.61741480939512,11.1152576695949,8.29297769301955,14.3893902886712
478,10,"F",2,"good",54.2464872684098,76.8954203981529,4.83032167258362,2.04279944478796,11.6021782415804,10.7828913186107,15.6523781068962
479,11,"M",1,"poor",39.6227403399439,64.407975319105,1.19774452896752,1.77903843814388,8.0235416725403,13.6065529587021,21.9951716989749
479,11,"M",2,"poor",36.5258576012479,63.1370856574485,0.113655763515269,1.87758169307823,9.20797410853806,12.385636159646,21.5826273249658
479,11,"M",3,"poor",36.5288619091249,67.3888174389947,NA,1.73812056053693,9.12552148632046,11.4739146686581,19.2760221767674
479,11,"F",4,"poor",32.7628674628805,61.5529423912378,0.901309756659093,1.71072465603958,7.90807148718333,10.2582939451608,21.6048818259448
480,12,"F",1,"fair",47.7903982284404,72.592161879722,4.53386841085346,2.14266246945994,9.81556918624517,10.2849826955823,14.5027950693082
480,12,"M",2,"fair",46.6616926162621,76.6785114481789,3.51217950993664,1.85381220641656,10.3194855325935,11.3686561416774,21.0537973305836
480,12,"M",3,"fair",48.601986647747,74.5430350938483,3.57853284067464,2.36721485986625,9.3873914236556,11.7167928983463,17.1906588463184
481,1,"M",1,"good",46.6109495457167,67.3896431630723,3.36479880606802,1.39268104727676,6.91924065987452,12.7167117131692,NA
481,1,"M",2,"good",44.2815888982408,68.4600112614885,4.36555847763794,1.5027223079582,6.29543925471,13.1364365443246,23.7092220649996
481,1,"F",3,"good",44.4827582113386,73.0593533063688,4.16403944427952,1.49947202913974,7.94819108506332,12.0820422950156,22.7814693757916
481,1,"F",4,"good",45.3295383221926,71.7141506241428,2.55961107296482,1.32358995415427,7.92158590447098,14.0587504560135,18.6298211011872
481,1,"M",5,"good",45.267552887302,71.4127547013544,3.03198350576344,NA,8.23181177663466,12.8011360299014,21.7491507328698
481,1,"F",6,"good",49.7451291221292,69.1019803495346,1.86728080732472,1.6878288558665,6.69761620970134,12.3842057614805,20.296090996173
481,1,"M",7,"good",45.7956253080463,70.9538272582303,3.8915412131824,1.6386229201032,7.66926242045457,12.4416580042398,20.5135052516732
481,1,"M",8,"good",45.4102646068088,73.0386856597044,3.61649823283708,1.10984311583271,7.45065253329038,11.7961007729138,20.4570174229098
482,2,"F",1,"good",50.8538719845483,74.6142315869826,6.39975279818895,2.01234534828147,11.2891594255655,11.5703132264118,14.9116646759612
482,2,"F",2,"good",56.8717908565305,76.975674431035,6.65774851268718,2.50988731124522,12.6641996191197,9.47536942633967,15.731269323038
482,2,"M",3,"good",55.4354639323366,78.5731157494137,4.58406155333561,2.43584293299937,11.6797080998253,10.6056538699795,14.0540125723075
483,3,"M",1,"good",57.1504764169942,79.6936366642518,6.44198617459838,2.01418928216624,8.98815987265394,12.411385540113,21.7545035066589
483,3,"M",2,"good",59.7101150607571,78.3953393680955,6.03280728813752,1.72571911807031,9.33736058664251,10.078611426254,15.2168540572154
484,4,"M",1,"good",43.027928596564,72.6697640018365,3.3182848522955,2.25706663036955,9.95400009736687,11.7274092802973,12.0019698610756
484,4,"M",2,"good",43.8690160307424,68.6908402826618,2.28335729751073,2.07957805422314,11.1481602708931,12.2935216454979,18.9952791176823
485,5,"F",1,"fair",46.5465289066711,70.329513900521,3.00175401698118,1.77405796119996,10.0338256084338,10.4061366487036,17.2946011450099
485,5,"F",2,"fair",44.0176545558877,74.1016906121405,3.51370983077802,1.54372935948617,7.19498687557335,12.7298423249692,22.8832876053593
485,5,"M",3,"fair",44.5798350988644,69.7117266372019,3.52734247503394,2.01217378859529,10.4931187099974,11.7952949454347,13.4932009708311
485,5,"M",4,"fair",47.6981851711591,71.9134651693906,2.75022382498114,NA,9.56167962738384,NA,19.5274149911053
485,5,"F",5,"fair",48.2390522794767,73.7791674232579,4.07724346178258,1.78097125837938,7.68179123762056,11.3945564378575,21.5353560369972
485,5,"M",6,"fair",46.7008486601988,69.6696288683987,3.89387187174156,2.01801717964154,9.73700038633338,10.3856114731987,21.6742054066126
485,5,"M",7,"fair",46.8824741803354,67.9403386382356,4.30681611342416,1.86365700608639,9.23708959975176,11.537030103583,17.1755455144926
486,6,"M",1,"fair",43.5507431366425,69.3094221171808,3.27610876665383,NA,6.52300529123258,14.7475986623269,24.6413440345273
486,6,"M",2,"fair",40.6585210055999,65.6050476602052,2.29515002133517,0.927290686185234,5.13763367531793,15.8008209558891,23.4829052723223
486,6,"F",3,"fair",43.7359769187713,69.5061677438824,NA,1.38899314311528,5.29278158990113,14.5882426568331,23.0589836357626
486,6,"M",4,"fair",45.6450810934438,65.8864877211406,3.06137788236551,0.691045048269594,5.79316664712589,13.4615987667059,25.3004071775045
487,7,"F",1,"fair",45.3353463818747,70.5118462662265,2.96599654849624,2.00218681159221,7.76426433607899,12.1830380941731,21.3691913683148
487,7,"F",2,"fair",45.0628103028803,70.289733684198,1.9989295220001,NA,8.59593966701042,10.1782833441305,21.5284702355062
487,7,"M",3,"fair",42.7326681772162,72.8415697802548,4.03556474846923,2.26884278220063,9.14610385049076,11.9690587340713,17.9011370246218
487,7,"F",4,"fair",46.5678269567393,69.0390255728111,3.55284663752224,1.60715509377664,8.63830805971295,12.6031262689308,22.7020751165776
488,8,"F",1,"good",46.4481641199321,72.0979682916395,NA,2.58570887889168,10.1312136252968,7.90932398151174,14.3623595158367
488,8,"F",2,"good",43.0925219614986,72.6741196058528,3.68714002533361,2.70203268986447,13.5139032532231,10.2285510046538,NA
488,8,"F",3,"good",48.0889562545763,72.5911499496131,3.82124830271842,3.08710776813215,12.4964295246539,10.1800410073668,12.6494466448693
489,9,"M",1,"good",51.6594924851396,72.9717124127009,5.34115031125242,1.93455665052797,9.93890448350495,11.261378625531,17.6336195066173
489,9,"M",2,"good",51.4447909923579,74.3745096535141,3.73731884251321,1.64767998123003,9.99690778431875,11.439026381366,20.6740388337585
489,9,"F",3,"good",52.6318859532959,77.0667826787486,3.51304951006603,NA,7.93276247787633,12.8455435651063,21.3565091213915
490,10,"F",1,"fair",53.738436718861,75.1082638107617,5.96428061944016,1.47856557348021,8.67692518504842,13.7784977030279,NA
491,11,"F",1,"good",50.9015326894556,73.7301314059034,4.35802687253229,2.32526886103356,9.15888865443262,9.60814758999603,15.097714044797
491,11,"M",2,"good",54.9846313092435,76.1793565993876,5.12431388263849,2.22446353549607,11.0062662248994,NA,18.7004252730577
491,11,"M",3,"good",52.5952773017534,73.1896330351283,6.09109242234717,2.12171652382347,10.016984839495,9.07214597013609,19.5088202335271
491,11,"F",4,"good",51.4696192985322,78.3175163314768,5.63411054190465,2.37345121495942,11.0878135914966,9.72824891707815,14.0155159360875
491,11,"F",5,"good",54.2113979180565,73.6473642407635,NA,1.99075453273146,11.813970036715,10.8564955936866,NA
491,11,"F",6,"good",50.7044373579152,73.8918525808478,5.2321409107137,1.87203265323564,10.7648149976118,10.9518833780541,14.250908228166
491,11,"F",7,"good",48.6536038321015,73.1342453456296,4.57885728741151,1.98872564106751,10.6273560635022,11.4080385575819,19.0467928784656
492,12,"M",1,"good",52.2973983410388,76.2546117315057,4.32973962784286,2.25783012069997,11.4677195794352,10.7835221618408,17.7930911917638
492,12,"M",2,"good",45.7214834328831,69.7560441745636,3.21102260167912,2.03845889033912,11.6063246187456,9.48032719326284,18.4557651379215
492,12,"F",3,"good",46.4537989560123,76.0196108195274,2.9737690455194,2.11246621111609,11.1338529597391,12.6192690067296,21.0103261099482
493,1,"M",1,"good",52.5991266492641,74.293748175423,4.71873811258961,2.27299056001782,10.2166542243937,8.90636673705126,18.8706414712825
493,1,"M",2,"good",49.9900199502667,78.2269009029539,5.26111748438774,2.37888307099408,11.4308353972312,9.49322105881774,14.8701729653699
493,1,"F",3,"good",53.9730218054923,71.5926622118235,4.53763295881517,2.41838726987297,10.903597959664,8.87454342186558,8.94186237410025
493,1,"F",4,"good",49.2973087276171,69.7222214128606,5.07365114355906,2.33892963552472,10.4906414575375,10.9446835650675,17.0729110841577
493,1,"F",5,"good",48.744423232944,75.8078190785934,4.46147511440212,1.79323921600569,10.1124579977585,10.2076332346011,15.493066586348
493,1,"F",6,"good",47.9247942414647,73.641640563616,4.44701201691399,1.96673441383444,8.72979548020685,13.0733702463242,14.2519340685472
493,1,"F",7,"good",50.4036461497883,71.9578584572484,6.99151502306334,2.44538785942273,12.4358312264852,NA,19.894999773928
494,2,"F",1,"fair",42.200407380145,65.2112412750519,3.22583901904841,1.85921339424518,9.26651784022085,11.1245741216509,17.876474181085
495,3,"F",1,"good",52.1620609938387,72.3256904011959,5.04314629666556,NA,10.874726026844,NA,16.0130579518324
495,3,"F",2,"good",48.5588558025308,77.9150075806573,2.5402710200378,1.84843158969878,8.71275871339772,8.9250506705075,25.6543515594056
495,3,"F",3,"good",50.2909636326744,73.524103616469,3.33797989076508,2.36848850628299,9.83153528907978,10.8488612380402,13.8343900117883
496,4,"M",1,"good",46.4970708254363,75.3208930362055,3.74295077831038,1.96624850286152,10.9957086646266,13.4047195025305,16.2263466180371
496,4,"F",2,"good",47.0259042130412,69.4360950360077,5.05045418253415,NA,11.4006838550351,11.189573612895,19.4823956661924
497,5,"M",1,"fair",42.8088718731252,69.2161138941725,3.28972208402867,1.25277269232792,6.63355338957545,12.6060061062029,20.3390849010155
497,5,"F",2,"fair",43.8290751392359,68.7319481766149,3.05287759643216,1.12657179085148,8.60046571369497,13.448364660677,21.7391761196722
497,5,"M",3,"fair",43.7830893951789,69.6775357412572,3.8137135030499,1.24901291325988,5.68083569613526,13.6445640830556,23.5620648446933
498,6,"M",1,"fair",44.2943004230591,70.2415691846843,0.839530279134212,2.61184833298738,11.8591023295732,NA,17.4233676294719
498,6,"F",2,"fair",43.4325379819888,70.540637758338,2.46120535329981,2.21563134091948,9.54120015769225,8.93576563618385,19.0092540745769
498,6,"M",3,"fair",46.882211205812,70.7737525847505,1.51125345559234,2.1919102770893,12.4643175402682,11.8977197904503,14.5566372415363
498,6,"F",4,"fair",44.6218992978203,71.2631595363596,NA,2.34275056021686,11.1843519857486,10.8054050649949,17.3110190796529
498,6,"M",5,"fair",45.2322568027688,71.4386647391003,1.97661933688352,2.02761928379783,10.3101622898932,10.9587677742221,18.7160454807306
499,7,"M",1,"good",49.7421560866112,70.9691567259846,NA,2.29538177606979,9.07209379464027,8.18229800274543,NA
499,7,"M",2,"good",46.8184299057716,71.7724657183965,NA,1.86712413209211,8.35878029450783,11.0471287070573,20.0039289511914
500,8,"M",1,"fair",41.6862132372706,68.7905225970305,1.19182002772924,2.09172653604094,7.98381522781666,11.2332253076919,19.8181621543781
500,8,"M",2,"fair",34.9289958603071,67.1686931883407,2.37844123452901,NA,7.09916895477802,14.1425180465798,21.5097280292059
500,8,"M",3,"fair",40.751713212107,68.1492868831044,1.09718765626595,1.08047516720367,6.69028599479114,12.4739749733652,20.6516348375057
501,9,"F",1,"good",50.0629266731577,71.7601730591161,NA,1.71693239031785,8.30102047966911,11.8115634410943,18.6639012962782
501,9,"M",2,"good",50.1687261745661,75.3009675085658,4.42410647452678,1.75181276553827,8.80686238185961,11.8236192949731,19.5672649931415
501,9,"M",3,"good",52.0138689790456,76.7095288587995,2.5141610509131,NA,10.0639607087067,11.7216510896633,21.7233687785339
502,10,"F",1,"fair",41.0903182731232,67.3902022419644,2.08833379616614,1.49722993756649,9.60870180077125,11.4213640937791,18.3713275590169
502,10,"F",2,"fair",47.9768215026819,69.5324814071365,2.85033089201228,1.70463831283434,8.71456512568666,NA,17.726774348929
502,10,"F",3,"fair",45.9068559751079,71.7618357359336,3.97044941729436,1.97745339212374,10.1900413663768,8.54360128481634,23.0405702352403
503,11,"F",1,"fair",45.223641917183,72.4267251912318,3.12288274529088,1.14195796889472,4.31969434388906,13.1216002152701,21.8768275893629
503,11,"F",2,"fair",45.5881426957382,70.0957458926032,2.68867865921371,0.864010148634001,5.57964762601736,14.7657807150538,20.3549001311604
503,11,"F",3,"fair",46.3452128520255,67.4541924857333,3.27185201911876,1.22553203488465,6.63042201531261,14.2839655427699,20.8980734524464
504,12,"F",1,"good",54.6694152632038,75.3019790147507,5.13273775198921,3.3511854584444,15.4251754995392,8.87112039130866,13.7889576597928
504,12,"M",2,"good",57.357053826818,77.1878857634663,5.59506121292823,3.1500859300073,14.2090560580576,10.754402445791,NA
504,12,"F",3,"good",54.1053548181743,75.1649610342434,3.50079791371693,3.40167897947416,14.1864131088422,10.0163695140758,16.4722559099412
504,12,"F",4,"good",53.0843294046481,78.8890903975302,6.49600699625863,3.07695824254647,14.327988352354,8.75329186926305,17.3159419335919
504,12,"M",5,"good",54.2455828969647,78.587439130534,5.32294552473656,3.21417459647949,13.7508204716845,9.35242517308798,NA
504,12,"M",6,"good",55.6784358109273,78.8998215777316,4.63497787933368,2.93254405835972,12.354922742123,9.08796497971865,14.886144981548
505,1,"F",1,"good",48.9551493359579,72.8793385719519,5.19110110289972,2.4473372969998,10.5909394808925,11.2198874891798,14.2187045227272
505,1,"F",2,"good",50.0742755386577,78.0177300196257,4.44287975771846,2.6112404409615,12.482511252976,8.84091664728646,15.5295596734283
505,1,"F",3,"good",50.8813364294873,73.936232921288,5.09852902880558,2.869408525604,12.3497703785152,8.97118683972071,16.7333096866897
505,1,"F",4,"good",54.2660118469379,73.7892046686205,4.12003091474272,2.78011325863818,11.8469583463933,12.6792280973857,11.137317124444
506,2,"M",1,"good",52.3209611911868,78.4359549911794,4.85973083581359,1.69537005003272,9.66695799720535,NA,11.4556371144981
506,2,"F",2,"good",52.7614173668672,76.4756058111525,6.04684263578009,2.20038529806778,11.4821077028777,9.98411134513527,17.2637745040568
506,2,"F",3,"good",50.5748415105669,75.7253802908501,3.33125851160418,1.65358673911873,8.53927137504678,NA,15.7128303207747
506,2,"F",4,"good",52.2600530380864,76.6871881759026,6.45899546006643,2.11918151442355,13.0044090184595,11.4653163159739,18.7309040268192
506,2,"F",5,"good",51.6469426890452,75.1955212265938,4.32739281857052,2.07942481075483,9.02360631974488,12.0960832217022,16.9135472781218
507,3,"M",1,"good",49.2429335341918,72.3357857990098,3.85578826338672,1.87383459649438,9.80951083222965,10.7933363135992,21.4419126900746
507,3,"F",2,"good",45.9038210627369,71.1384648674565,4.89097689720263,1.59307856215683,8.51356536775867,11.3592513871784,20.5818532328222
507,3,"F",3,"good",46.0538765000745,71.2983777468686,4.5957274793278,1.89627867577457,9.21262344246169,NA,23.1236123449887
507,3,"M",4,"good",47.8442179543304,70.6798914755106,3.77441627779607,1.71765674510594,9.59043938505845,12.6301759783624,23.1164449157947
507,3,"F",5,"good",43.2009622976079,69.1027749096813,2.74875901387769,1.77530460786917,6.34417291725506,14.1719910905387,18.7419299922336
507,3,"M",6,"good",46.4516787266702,72.6892554066025,4.06182522981885,1.68627725820095,7.82598898507418,10.768193425531,18.8199486161303
508,4,"M",1,"fair",44.716370733468,70.1364555751642,2.62429535569698,2.08274015815088,9.96718316760728,13.1429394358993,NA
508,4,"F",2,"fair",46.8540364912965,68.6656824423651,2.60818027867132,1.60242818782805,9.34354948784474,9.49065297325011,NA
508,4,"M",3,"fair",44.8655494662138,71.1965770013009,2.59775381618708,1.64196806675012,9.78465202955791,11.9699898873339,22.6367895156466
508,4,"M",4,"fair",44.6696022253121,73.3087829754264,2.7158419823966,1.85097077827222,10.5085356349045,10.8933471705179,NA
509,5,"M",1,"poor",45.5210952660638,70.3657905413934,2.73733850371873,1.32993956754081,7.33978109826816,14.9861803633791,20.3982342767155
509,5,"F",2,"poor",45.5488801153397,69.7628767286335,1.62981708348331,1.40838947096281,7.0782949739519,15.8350344295836,29.9406434718776
509,5,"F",3,"poor",43.1394458505736,66.1987977070539,3.87923619851403,1.95347385348744,6.51373111860069,NA,16.8797479097351
509,5,"M",4,"poor",42.4099893685843,71.9890189196736,3.08049906680715,1.55770605428979,8.74314775597081,14.8295080123978,20.7660482278841
510,6,"M",1,"good",57.6899972860036,79.9033665483601,5.85621624594834,3.16749451962791,15.4534158000277,NA,13.5370103979335
510,6,"M",2,"good",57.5777425351911,80.1138775153934,7.31471738539639,2.7906076491205,13.2836812825812,8.01449446655149,10.1196138810618
510,6,"M",3,"good",57.9108538166629,81.4246779157931,5.65544346738088,2.98639646295348,13.8984997256785,8.22998428989996,10.6160567984858
511,7,"F",1,"good",46.5037796109634,71.2276609588269,2.27371814767935,2.1779777723622,9.59271095375812,11.4288831476327,22.1392919277718
511,7,"M",2,"good",41.0169844780835,68.2167120951657,2.94748636178675,1.82249941760856,7.40054175537803,11.5314778331284,19.1522549900212
511,7,"M",3,"good",47.4166701104415,73.5905782552217,3.00112744831445,1.92514739993414,10.8081193829056,10.3199673094977,18.8180060539334
511,7,"F",4,"good",43.0241725274398,68.9006621619783,3.00239969628546,1.76755518637692,9.98356735819348,10.5561140822866,14.4270617610588
512,8,"F",1,"good",45.9145456405146,69.9740684676713,4.91503127712472,1.65318026058517,9.94275505169378,13.1719971687959,NA
512,8,"F",2,"good",46.5888165230449,70.1736367684911,NA,1.79162882024559,8.78890775950501,12.423214603055,22.2294126416037
513,9,"F",1,"good",51.8449411909136,74.526196163839,3.48441841089381,NA,12.127567788424,9.79814315407135,16.6753665868574
514,10,"M",1,"good",48.9845412939763,74.510528465267,6.13394848765379,1.97456015273638,9.91277438240529,11.6259150856186,NA
514,10,"M",2,"good",55.0228554850012,79.2317519046146,6.09399939570141,2.17814250442875,10.9427890636528,13.0528938981037,15.5788750337872
514,10,"F",3,"good",53.6938873906251,79.527116635211,5.68237179797322,1.74718628404281,10.0989084087855,12.4659698151075,17.4315249220791
514,10,"F",4,"good",50.3422048002163,73.6101448882912,4.61300598461099,1.76344604174359,9.17106150606216,11.6883094109916,17.4987795523288
514,10,"F",5,"good",53.971135064844,74.3441986530616,4.15474915890985,2.14334761969433,11.5200903850056,12.5854474569795,13.4041533897359
514,10,"F",6,"good",51.1199013992969,78.5864893938011,6.45968922673399,2.16847143064104,10.4914787718569,10.5021185663956,22.076546729386
514,10,"M",7,"good",54.8064709875119,72.1309270999561,3.62230859831986,2.14581735898371,9.17863703648347,13.3566894439803,13.3752145837712
514,10,"F",8,"good",53.2293243289202,76.2472418618037,4.60902060392299,NA,10.252407547986,12.1203365527274,15.5624626962458
514,10,"M",9,"good",52.5070776765835,74.8693476473753,4.18326814472138,2.22166185061803,11.1669532697473,12.7703420298484,17.6107552084878
515,11,"F",1,"poor",34.8556318775284,60.8029726621538,0.92434956288691,0.56825190896326,4.28138146165554,15.191395518289,23.5848652942788
516,12,"F",1,"good",44.6467917296737,71.5601091650566,5.1154990401003,2.36616828432723,11.7887875435183,9.96774939808868,17.2635301216166
516,12,"F",2,"good",50.9394840456442,72.9944005918489,4.31895353171244,2.40500570825747,13.0016626654044,6.85819874299971,12.1899101035697
516,12,"M",3,"good",46.7486253910893,70.1175926057684,3.37349560299796,2.46914846427362,12.441161646297,8.66008758422339,11.9054807125326
516,12,"M",4,"good",50.1218974147078,71.2706353653198,1.91053148221186,2.5336418780508,10.6692327365842,11.3212512403697,14.187070022978
516,12,"M",5,"good",48.1266164576611,72.8536076922673,3.14559842748023,NA,11.0950662290909,8.61405047526873,12.2949718533366
516,12,"M",6,"good",49.3328323994713,71.6195518983752,5.3455177252218,2.53529321449176,12.675283177066,8.7805796754812,12.4396496195597
516,12,"F",7,"good",46.0918679464597,71.8944896319321,NA,2.29153214586065,11.6916044287995,12.5035514740622,13.9748598709459
516,12,"F",8,"good",50.0782713070857,75.0769465039156,4.8747091400933,2.55254060205406,14.2073350454739,8.08418478293879,8.24177761496886
517,1,"F",1,"good",48.0975286202245,72.1838241936687,3.9247687603662,3.57873175067108,16.1297582206812,8.34146071263246,5.73739402163963
517,1,"F",2,"good",50.2038302057033,72.629014083618,5.04311603247233,3.56167295425161,15.2125239686239,5.7392188181779,14.9024270206016
517,1,"M",3,"good",47.6598779410672,73.4587386380288,5.18291536879238,3.10039576863045,15.01529589679,5.94635998041721,10.4062247993587
518,2,"M",1,"fair",40.1961521962377,67.8432045194026,1.59864139361131,1.39729541581206,9.32802609686052,12.350718946671,20.693987254595
518,2,"M",2,"fair",44.1247079304739,69.7975455143139,4.00870849391228,1.95698522395149,9.15928546493419,12.24489710304,22.2496655352254
519,3,"F",1,"good",45.8167266188534,71.1492671547536,3.32149012610917,2.42130768904878,11.498259971537,NA,15.8416096564839
519,3,"M",2,"good",48.3620791647629,67.8304256049127,3.72391637788797,2.53292521868997,9.46421662853187,NA,17.428248270792
519,3,"F",3,"good",44.7322279671443,70.8284806098128,3.63927405769031,2.27455380311722,9.60760845307264,11.5843633553444,13.7155399868601
519,3,"M",4,"good",48.5488027538915,72.1723320825946,3.52958092515433,1.68261598850498,13.0714648665768,10.4994723691282,10.855092483237
519,3,"F",5,"good",46.469733724393,72.1997742762328,3.56064144994461,1.99772842035871,11.0449292662038,10.6756706395997,12.5540841340259
520,4,"M",1,"good",50.0455617420743,74.1265934948086,4.48507026367304,2.26307438004718,9.49315906731507,11.2683631305137,14.3696797630874
520,4,"M",2,"good",52.7575590184121,74.814408183385,NA,2.20414689553085,9.05987665283599,12.0613958274332,13.7620084867584
520,4,"F",3,"good",46.4398487494698,72.5491221355031,4.23704208680649,2.24082217211775,10.4644249950023,11.4078752400735,20.1387686978032
520,4,"F",4,"good",49.4795640024364,71.7274322035802,3.47016272859145,1.95234433798819,10.6667957636264,10.0091051102677,16.6895596504339
521,5,"F",1,"good",49.5748142338728,69.1881829949982,3.9522430954866,3.04249985923567,14.6139807337063,9.64352258528993,9.17905314928251
521,5,"M",2,"good",49.9287383885799,73.7941795384047,3.55300876262071,2.93493978467778,13.2373495899917,8.87959644141641,12.0313551912291
521,5,"M",3,"good",46.6465128137253,74.1187291921699,3.45137618739068,2.75886038392686,14.0160324335229,8.88140412221673,6.44654204029293
521,5,"F",4,"good",49.3133885523075,73.8099363864536,4.83824722848932,2.97016474520599,12.499013957953,7.98417506955483,17.8928009132155
521,5,"F",5,"good",46.0277870900122,72.8848142089821,5.56304525926661,2.74081275051397,13.7987199776543,8.38779525930882,11.8699841990972
522,6,"F",1,"poor",33.9457071247579,60.9563147871929,0,0.386504373888958,3.83648608646928,14.3114088769707,28.3931257923652
522,6,"M",2,"poor",30.7758293952625,60.4190505279683,0,0.6213357183064,3.95491870841653,14.7278975468442,30.2066420807433
522,6,"F",3,"poor",30.4109889699679,59.3374665277439,0,NA,6.54575059066296,15.9765857199873,29.7746353150068
522,6,"M",4,"poor",27.8247162151458,58.2087370449164,0,0.289702646541377,4.39972393275393,16.4082072986637,28.178060213863
522,6,"F",5,"poor",33.0744183977061,60.5237883773552,0,1.06325462483588,4.99224207549137,12.6980543862625,NA
522,6,"M",6,"poor",29.0578323888337,58.7046032649758,0,0.887987743249452,3.72413241778703,16.5950936968611,29.1531223164775
523,7,"F",1,"fair",46.1988837439172,67.5490319144612,3.18212162773517,1.77878372682243,8.67821692195771,13.3690874399385,NA
523,7,"M",2,"fair",44.0865429936593,70.6539242101204,2.4296153756448,2.17114195474965,11.5907222814139,10.7019839336534,16.0487310553738
523,7,"M",3,"fair",41.5693918383544,69.1004814563589,2.73112207469128,1.80246498625112,8.73216948080104,NA,20.1637218711822
523,7,"M",4,"fair",39.1662110371549,70.605495091844,2.43515214551349,1.79324279391284,8.81606007415194,12.6333290215894,17.6727705794751
523,7,"F",5,"fair",41.8960995822993,68.2457863734813,4.02268652843262,1.71701707942291,10.0936004204456,12.6042276990505,21.7224873212555
523,7,"F",6,"fair",46.8954617897928,70.1597251856313,3.28148008202785,1.91312050007281,11.5044530038398,11.0524359799287,15.9276948439764
523,7,"M",7,"fair",43.7568944672363,71.0927413933422,4.63709688606841,2.14607493817602,9.27351373238207,11.5089404747011,22.8955443314698
523,7,"M",8,"fair",43.9285173868357,71.043599504826,2.09618278741592,2.06450505327627,8.00399357985855,11.2657619036696,17.8126804030388
523,7,"M",9,"fair",46.2987301128559,69.9931700205982,NA,2.09962085027221,10.4384432953468,12.4340913451257,21.0329557358493
524,8,"F",1,"fair",48.6249177987018,71.6766896098459,2.89463974476706,2.43850265250158,10.6943734272437,12.1396564047541,19.52221079487
524,8,"M",2,"fair",42.500393731004,69.1385634272455,1.34892854466781,2.13158691048354,11.5667974297542,NA,18.1813153077223
524,8,"M",3,"fair",44.6324370228595,69.8660551791238,2.28481911381041,2.1565488160889,10.6677490021545,10.9212476840211,19.5397284848112
524,8,"F",4,"fair",44.1372848180159,71.7666162304626,4.04880159599802,2.29771600360315,10.4981641908322,NA,23.2601246577711
524,8,"F",5,"fair",44.5608947484155,68.3802326666911,3.15138082295425,2.15442479736095,10.6225966360186,12.5323946853868,15.4729015870364
525,9,"F",1,"good",47.7616927894393,71.5689903814554,2.49002198353391,3.04761231104962,15.3413788200191,6.46148028612935,7.6375010916947
525,9,"F",2,"good",49.4609186612171,71.6993081499252,5.00189148514957,3.15373918438458,14.2113094949588,8.87227316198624,6.64151042470262
525,9,"M",3,"good",46.4450132475587,72.733985956475,4.94714287694177,2.95087091486538,15.0359123854452,9.57251006735173,10.7359936228279
525,9,"M",4,"good",45.0724503968176,70.2235595922478,NA,2.99643495440236,13.8204687983833,6.30157602787045,6.88120347853488
525,9,"F",5,"good",46.7472369910828,72.119131465324,4.60466538042781,2.63636774428738,14.4481816656635,8.19679886588072,6.7272901065812
526,10,"M",1,"fair",45.7272889242401,74.1821090074087,3.56238089886319,1.80326755853943,9.38504877081436,12.732635196134,19.7874119233474
526,10,"F",2,"fair",42.7174272015265,69.3995169526246,1.88314224362973,1.43949196260905,7.8196847996637,12.4585048655603,22.9651307996888
526,10,"M",3,"fair",46.0948371085926,72.7401542877591,2.76854111428129,1.33169995292648,7.1178024773955,10.0025345320732,21.303110142496
526,10,"F",4,"fair",42.2613284038837,70.5970266007916,NA,1.65991946482307,8.09122280227977,11.7253128810828,21.2876484024338
526,10,"F",5,"fair",49.2274718351795,71.9168955436724,2.78701568783334,1.08673408529238,8.52554786360906,13.5263850828425,25.2957183344818
527,11,"F",1,"good",55.2780728358618,79.0915367646391,6.43247702596883,2.24005053104118,11.5765415298482,6.83934294570445,14.9897520091218
527,11,"F",2,"good",56.4517769050758,78.1604165736729,6.60050026633873,1.97841312878118,11.2445952836231,11.1780762144255,20.4091116479575
527,11,"F",3,"good",56.2604832241254,78.6710270814166,7.57892284173199,2.08730972244264,12.1568374160576,8.65469917083793,18.1267190055526
527,11,"M",4,"good",53.8865721010577,78.1090653865942,7.29237864584493,2.1439485916686,12.2764262401094,9.8421459120042,14.9904958303794
527,11,"M",5,"good",58.1098305207466,81.246294185429,7.12822023152382,2.31458506640391,12.0599091027571,9.86786268203532,14.432518762958
528,12,"F",1,"good",45.1435784201009,72.7613557258213,3.84202982316702,1.77258031784022,9.76890999779599,9.30950659216641,18.144552124438
529,1,"F",1,"good",44.5927851962516,70.5754217526279,4.10499971822053,2.3628250581229,9.91032426287046,9.74355665791312,13.9112156305801
529,1,"M",2,"good",46.7485177029373,72.900918287433,3.10182828415197,3.04505043818801,12.4861036082831,9.69429577386694,14.2690683200259
530,2,"M",1,"good",47.5337892390738,70.0324105976645,3.60882841958195,2.42036391326355,13.3453110600494,10.3617871131878,9.7475153309396
530,2,"F",2,"good",46.8482575336156,70.9465100729637,2.14821483569914,2.57150585100925,12.3792064704608,NA,12.3502448600713
531,3,"M",1,"good",47.1472963130781,72.9437357722075,3.28499579585142,NA,15.9471893270569,9.12465955837389,8.0689119323648
531,3,"F",2,"good",47.023394939717,71.8115364109728,3.54073811319152,3.30738091088748,13.3204515153998,6.16958018330165,10.5418668736638
531,3,"F",3,"good",46.692166408066,71.2469250515574,4.06494143674967,3.18774097721953,14.0627226360676,9.08566533747045,8.71185068160624
532,4,"M",1,"good",47.7086165627324,72.4748246758582,3.98987892304912,1.8376712724982,8.7281476049171,12.5021922159647,15.3137518473625
532,4,"F",2,"good",43.8610804898425,69.6650599789869,3.47881319528258,1.56802168273105,8.55929338011917,11.8358232988796,20.2569127223461
532,4,"M",3,"good",46.1456409458156,70.8782631662076,3.11070850259265,1.70627763594528,9.1441868429877,9.44998259343687,NA
532,4,"M",4,"good",46.3901106210621,70.1420432119431,3.83192782942365,1.91854438769215,10.5852248396398,12.2099587713156,17.8835989021284
532,4,"M",5,"good",48.5538852125885,73.6377744327466,2.59175379200857,1.91156508133935,8.02319254036105,13.1376185853177,17.1517157857925
532,4,"M",6,"good",43.6982453501264,69.9022903543333,3.4015514208562,1.60646884239405,8.47278778957494,12.4717786105562,15.6995218193679
532,4,"M",7,"good",43.200562461979,68.8765088634254,2.82799072519783,NA,8.05867561563407,12.8026596672783,16.4434421262299
533,5,"F",1,"good",53.9990951866102,73.3964947314717,5.56682579669889,1.58355928694563,8.29833018184099,9.00776272162351,18.0162223397709
533,5,"F",2,"good",48.4664601734023,75.0374017336839,5.33815027993667,NA,8.92565333941859,12.1489661926582,25.9438286113151
533,5,"M",3,"good",52.5885179871821,72.8112609190553,4.74874719544592,1.79883556641581,8.03465251757726,14.1359355569003,19.6291619323706
533,5,"F",4,"good",51.8389410928435,76.1647839096562,4.9443710568587,1.29318277915583,8.39027490129876,12.1689195774645,21.9647650898323
533,5,"M",5,"good",53.5643054839693,73.0342729287991,3.83310769886208,1.47164737444084,9.52304342997216,13.5089504242832,17.6592972974091
534,6,"F",1,"good",50.9673022420224,73.6209284176064,3.27162311734222,2.0329821860027,11.301574621313,10.6469799106359,13.005318571219
535,7,"F",1,"poor",35.5470635704211,62.4898998064718,0.569477312015914,1.26785990202033,6.55085192613818,16.3191936508378,27.4231252041814
535,7,"M",2,"poor",35.048802955121,60.6006690737802,2.3123442112394,1.32402148090872,6.92996218170488,18.1888846553101,25.1022475729114
535,7,"F",3,"poor",33.5535654287834,59.8297235422328,0,1.24709604667204,4.08368483845666,15.495625039312,25.0826949583859
535,7,"M",4,"poor",33.4502167751257,62.8443734388481,0.139839739554613,1.34473283336954,5.80330502220275,NA,25.72427959121
536,8,"M",1,"good",47.8223806463356,72.0215516644011,4.30486388912172,2.82512602931969,13.4722781699404,NA,13.4983124148014
536,8,"M",2,"good",46.7443264094348,72.4300697610389,3.18666512306838,2.77037084940556,12.1648045334214,7.94343341043232,12.9814101642658
536,8,"F",3,"good",47.2264792029833,72.7529778480867,3.19010809018588,2.70700718658595,13.0591873361535,8.95256354060584,13.5122412522636
536,8,"F",4,"good",43.6108309948899,69.9326139750537,2.34773001601088,2.61143251938744,12.8996876496291,9.81594103143072,12.7972343753175
536,8,"F",5,"good",46.5923678835972,71.0431178548187,1.86939046645011,2.59622707526058,13.4913440442493,10.7675756684951,NA
537,9,"F",1,"fair",45.0423169011532,69.2955743820183,4.30589977795553,1.3035519306296,8.90509544864099,13.2263672361874,22.9407071456756
537,9,"M",2,"fair",48.9908350881521,73.060888148736,3.64177093893198,1.7746099726887,8.03377279268754,NA,NA
537,9,"M",3,"fair",49.6831284888326,72.3976142540342,4.01833024020091,1.64386030840651,8.23737794269544,NA,22.7263983435333
537,9,"F",4,"fair",50.7195434294365,71.8210509610841,4.172094109608,1.56959311787343,8.01348094829873,11.0631454341277,17.0824620426615
537,9,"F",5,"fair",45.9265771806811,68.1527853040792,4.55375203005311,1.37585783474714,7.00275372074806,12.7237914881415,20.8644183925025
537,9,"M",6,"fair",45.5875399116264,69.4649092979852,3.15115780338384,1.25294500118674,7.75368361165404,12.161264780311,22.5892311990567
538,10,"M",1,"good",49.4492422338455,71.7417753751961,2.80462431032478,1.6822352668422,10.2664528976679,13.1775192740235,NA
538,10,"M",2,"good",52.6321188683317,73.633554473229,4.07581346927754,1.80864775341381,10.2045462549323,12.4249195043613,18.2051878269691
538,10,"F",3,"good",49.9923799635967,75.3374853223642,4.49847654062157,1.78444040218376,8.81461879694892,12.1791285129629,18.6301835519567
538,10,"M",4,"good",48.3740192459499,73.8208367889855,3.73936700567692,1.68182091326265,8.67770700012053,11.5942978296151,22.210665238111
539,11,"F",1,"good",46.256938764534,69.1002948582825,3.23455959113554,3.33247155428079,14.5794555266558,7.56876071037207,10.5764632203993
539,11,"F",2,"good",45.4248832033279,71.857261653677,3.94663434247869,3.09763968131033,14.2754286351558,8.2218098200711,8.76663978013779
539,11,"F",3,"good",47.2254011828068,70.5237515123491,4.20837942111751,2.99321113839336,14.6314861726047,9.66263262913816,11.7890827562002
540,12,"F",1,"good",46.1056401623292,69.9331411159541,NA,1.87753553120857,9.12910167838125,11.1021869068067,18.0921256986675
540,12,"F",2,"good",45.1229039245924,71.7872480086139,3.34221747075988,1.70403015881854,9.32682432478555,14.6575692769385,NA
540,12,"F",3,"good",45.687887482378,67.6303242542891,2.47512135589266,1.73650727317081,7.90118467433061,NA,19.9612521371293
540,12,"M",4,"good",46.3909642452861,70.0551709800417,3.8450257283933,2.00501631469081,9.99252165589126,10.5649025222237,15.7371401422934
540,12,"F",5,"good",47.7428341575526,71.5057774685967,3.25179978616245,1.85899142088655,8.88078468090259,10.2880230799785,21.1454974656178
540,12,"M",6,"good",44.8513256462139,73.1181257606529,3.48743026677679,1.64934856709535,11.0798782904269,11.5468527985615,18.4610836639982
541,1,"F",1,"fair",40.7168746333862,67.039861662432,1.13400338438226,0.860261965735598,5.70595168736044,14.9005150976258,28.5826977743329
541,1,"M",2,"fair",40.5033369468684,66.727137000351,0.379062481749787,1.38256509929798,7.36372141495884,14.1173536565076,26.8544984695233
541,1,"M",3,"fair",44.0188320787319,65.3540883001755,NA,1.15214264455472,6.44889642402203,13.9806812915565,28.186769350585
541,1,"M",4,"fair",39.8946562271655,68.3063528615299,1.4373274235923,NA,5.05525389544546,12.3939097038707,NA
541,1,"F",5,"fair",43.9044324124755,68.3624266705442,2.98399097979988,NA,6.23807244575763,12.1399263302863,17.9959285978146
542,2,"M",1,"fair",43.1729622023972,65.868322740343,1.80800173486644,1.65236179219591,8.09198054896836,12.6336261538884,20.144165987242
542,2,"F",2,"fair",39.5686257546211,68.4103362260721,1.98729823722918,1.46560936567074,7.25313261698913,NA,21.4291123613631
542,2,"F",3,"fair",43.6825853248241,73.0949430323899,4.0770726438424,1.39109430503087,7.68549548912855,11.5634106689725,23.1601728680996
542,2,"M",4,"fair",43.9440191645843,66.1982989175735,1.91675927154227,1.44228750460575,7.18427354243885,12.0416713915102,17.1833063280632
542,2,"M",5,"fair",44.1825520205297,68.6192030699986,3.4329605377232,1.24594546325069,7.42345251858722,14.0777533428063,23.1955579252191
542,2,"M",6,"fair",42.5933921362725,72.9476182172072,2.31107897171971,1.26553878725033,6.08808412287886,13.8506376831904,23.8283740762692
543,3,"F",1,"good",43.1616066732824,67.4464991057148,1.75397104432258,1.32095705619278,7.31218832239122,11.8252120524749,24.9609425810121
543,3,"M",2,"good",46.1664537106803,70.1406244552227,3.17870077518458,1.33092094740795,7.59071803323447,12.681581942243,19.9944843574283
543,3,"F",3,"good",45.5975642159702,70.9159775450619,NA,1.36841987980149,8.28107515633387,12.4128673804599,20.724304625586
543,3,"F",4,"good",45.0455823493125,69.7852207713595,3.27581822044934,1.44882957409877,7.94681767247337,11.7275723052652,20.5263769020541
543,3,"F",5,"good",46.5794921364284,72.1550976091818,2.52402721440706,1.29024752624444,8.63210499072523,13.5957927076381,21.6935891893279
543,3,"F",6,"good",47.1521996843772,71.8867292263351,1.75146065743741,1.4522408446153,6.8575311829365,12.8372430687777,19.5152275797917
544,4,"M",1,"fair",45.5180174414533,74.2578453164219,3.39101007510193,1.54079331443155,8.49505563974193,NA,23.2321102927344
544,4,"F",2,"fair",45.8319288952866,73.6808321697094,1.90302719914426,1.45144606872769,8.16182810804638,12.1766977401025,16.5109156151808
544,4,"F",3,"fair",48.617185422031,72.5617470893813,2.93324607272882,NA,10.2638461582784,10.8719288474729,NA
544,4,"M",4,"fair",48.4410596564941,74.8446118190878,2.70316417169178,1.47352059833838,8.59406622077931,12.2605066599179,20.8410996244815
544,4,"F",5,"fair",41.8356259760652,72.1061081316902,1.94179440773973,1.69695258398366,6.80956235113047,13.2382098503032,24.6613241214481
545,5,"F",1,"good",56.417268288762,80.679194683836,4.84752469436718,2.76161575145017,13.4016845290081,9.5839367238674,17.3272818661673
545,5,"F",2,"good",51.9576776836345,73.6226159416895,4.10432808757048,2.59243880536835,12.268458580202,11.4597832953736,17.5838701415229
545,5,"M",3,"good",53.4198746773022,80.1616625804343,6.49871673470013,2.51944157900056,11.9512996758823,9.9379155405741,19.4614104550542
545,5,"M",4,"good",53.2302485896111,73.5248883617656,5.32872045643337,2.8062573757874,12.486493647872,9.88943338098694,16.3320697463582
545,5,"F",5,"good",56.878423563182,78.2529348467314,5.6847564111126,2.48465781287177,12.7570112006485,11.497372912241,NA
545,5,"F",6,"good",55.3073320293516,79.6842945125019,6.1445380750727,2.61072632204691,10.7908257490853,9.28907779365399,18.3229388645952
546,6,"F",1,"good",45.7677424817207,71.2494871736016,2.24989790810572,1.82364538358332,8.52817154122825,12.0443392305928,NA
546,6,"M",2,"good",47.3275574721425,72.3804262041463,NA,1.93360657978848,10.2198616043638,9.4903738288665,15.1773692689104
546,6,"F",3,"good",50.0676674121496,70.6966276982698,3.91601445376012,1.53972327703341,8.80704876468939,10.9305201715042,19.160295798046
546,6,"M",4,"good",48.8472755788291,68.8684820762422,3.07930713791518,2.17799577991781,8.58188519375669,11.480658053324,17.6421526189836
547,7,"F",1,"fair",42.1415883099836,64.6696510499042,1.93807743366297,NA,6.40370884300854,NA,26.1359453406819
547,7,"M",2,"fair",42.1167053075888,67.3188998068809,1.81768578289342,0.896009277863499,5.42001843150685,13.7476992653097,21.9781926088127
547,7,"M",3,"fair",46.8602337788209,69.3717529055212,3.50057664373656,0.862022081412503,6.5050802828802,NA,23.9973865619533
547,7,"M",4,"fair",42.7845428959723,65.7129899885839,1.96052995789715,NA,5.75070405252383,15.4863756292707,23.1392981181665
547,7,"F",5,"fair",42.6272570555084,66.6310665717299,2.08915495361901,0.663466805478072,4.41580167107585,14.8319094271005,NA
548,8,"M",1,"good",56.4798858605741,79.8025138505319,4.99093352538555,2.15938925441448,11.169685568432,12.2566291344845,18.1699041845901
548,8,"F",2,"good",53.7820201249296,75.2378779323013,NA,2.13011888987034,9.59904591073752,11.3186064881247,19.2166528492565
548,8,"M",3,"good",49.8821873902431,73.9846135305706,4.43537400209649,1.99432198964639,11.0794224840319,10.6446398817583,21.6663614548614
548,8,"F",4,"good",50.9687302720259,73.9064604654519,6.35968081490655,2.18310995663395,10.1885220229765,11.8638253808171,21.2855841173145
549,9,"F",1,"fair",49.8708915847541,71.1972395252901,6.34124680902764,1.34407128568408,7.23057329489352,13.1097443232404,23.4355028553558
549,9,"F",2,"fair",52.5266883496989,74.2121383679412,4.20946667807405,1.38226640803533,9.13514181383022,10.3580905914833,19.695992066621
549,9,"M",3,"fair",50.0790285793264,71.7983471208322,5.88372805654813,1.3151629887384,7.44018278467055,13.5164347035387,NA
549,9,"M",4,"fair",48.8916436461499,72.0123187630905,4.42483828513372,1.03414988741554,5.9207989437675,12.2619885903486,24.1630721439053
550,10,"F",1,"good",56.8542877402295,82.2542245858312,6.55066310811824,2.72641418117755,12.9709331223815,NA,8.20645968510668
550,10,"M",2,"good",56.8550437496874,78.3520681329606,5.60213856084685,2.87442358261668,13.6718124163427,7.78872061347225,11.3191600542554
551,11,"F",1,"fair",52.8730874220618,74.5129393412719,5.46417709486748,2.37536018178921,10.9574255372678,9.93634847287481,16.6523636949539
551,11,"F",2,"fair",45.0904529479265,75.9218209068963,4.75055293766395,2.31573476115275,11.2779207363897,9.04517551907496,16.5045442814698
551,11,"M",3,"fair",50.0756774567466,74.0844199271395,3.84094735724693,2.40921229148601,11.8333337652839,9.78112079060714,16.2297723391096
552,12,"F",1,"good",49.7076817748829,77.0362479441169,3.48555207140302,2.71087768758843,13.4244447839312,8.204513155389,15.0062921476285
552,12,"M",2,"good",47.5069144031584,73.4034086328154,4.00731240879462,2.61736044447422,12.1800787201799,7.47572345036484,11.6930875940283
552,12,"M",3,"good",47.3804961790283,71.4032537853131,3.67692162870672,2.74517662607163,13.1337635089148,9.48419673547106,11.3584236062443
553,1,"M",1,"fair",43.8078703241757,70.9996117044676,2.14842214456201,1.15825277595443,5.93477876936228,12.2132647282171,21.2180623192645
554,2,"M",1,"good",51.5647730154579,71.9766892482684,3.8985048591491,3.00282522030183,14.3045109498429,10.4897514667221,11.6393517206888
554,2,"F",2,"good",51.5558195967089,74.2357397086531,3.24387924055147,2.90643975508007,13.977399791296,10.9743756836615,10.498160683424
554,2,"M",3,"good",53.4009584081972,75.7168991694792,4.93496069560304,3.17882593970244,16.1493095530261,6.81884228710834,10.9508104620674
554,2,"M",4,"good",52.8478282798212,74.8177728093719,4.58262484300012,3.24020013189022,12.6644094449658,7.98823999507424,11.1029001378519
554,2,"F",5,"good",50.1731332285509,75.6252348355357,4.87375421585734,2.98711088253453,11.9661917294029,7.83366885894111,12.3234700401419
554,2,"M",6,"good",52.2204709916362,73.9550726345902,3.94710321850335,2.69562132522165,12.3443726290958,10.8168037694212,15.7428560698959
554,2,"M",7,"good",51.0050064723597,72.015391195229,3.87288047021449,2.91963924742394,12.2239693280516,8.7606916903276,14.7031296506674
554,2,"F",8,"good",48.5943648181695,80.4635748643485,6.10974714312554,NA,14.0321429033611,8.52289359371244,14.8246310463412
555,3,"F",1,"good",55.1567185897022,79.5919987524889,5.68298831677899,2.57260877891626,11.9212904508612,NA,NA
555,3,"F",2,"good",54.5530206910486,77.896362040552,5.19128379568589,2.40099086151324,9.99756631349598,9.22932057502487,14.408164741599
555,3,"M",3,"good",57.3875315613127,78.8696775764271,4.74241854994197,2.52052124891976,11.0100725378969,12.0588067308709,NA
555,3,"M",4,"good",54.6368336948742,80.7315486960511,4.70644565753127,2.37626906170902,13.3249144943161,11.2238620906708,16.6803765834099
555,3,"F",5,"good",53.6018786957365,74.1472948962111,5.25039567091305,2.31670460509409,10.9478783278013,10.7618544366549,14.6219781969334
555,3,"M",6,"good",52.8996541768596,76.1181674659865,6.70349883475765,2.14055363668313,10.6508391040528,10.713952773609,NA
556,4,"F",1,"good",45.6948504654474,70.7368603432223,NA,2.10510638475083,12.4648005868945,11.5237477503637,18.5225595251425
556,4,"M",2,"good",44.3940955618087,69.2514179135288,3.00082265024028,2.40846131803673,11.8228714014066,10.7643601829444,NA
556,4,"M",3,"good",44.4066013325206,68.5231898708203,5.06105433948373,2.55025989023978,11.0195670903988,10.1310214511351,18.669256105371
556,4,"F",4,"good",44.5896698010278,68.5343623234785,2.72511587536903,2.19273964890819,11.5234763830709,12.9504488955994,19.4098639149014
556,4,"M",5,"good",47.0897005984747,68.0618535768069,3.51405732752899,2.45697061426523,9.83206459031528,11.3519731162471,20.4556490296545
556,4,"F",6,"good",43.5950747732039,71.5388544244815,4.06162403364078,NA,11.3879053010723,11.7807723904224,18.3560705837688
557,5,"F",1,"good",56.9349924688363,78.4583343835406,5.12897231711378,2.76101351783131,13.8534388155639,6.93449139452527,10.9701886336184
557,5,"M",2,"good",54.1494702382547,77.2215115927586,5.40139646896613,2.8413643273952,12.1644965387483,9.19988149845258,11.1598918145581
557,5,"M",3,"good",55.9613457795843,83.5526702227367,4.93482620047395,2.74358312858828,12.806175320171,10.032602080236,8.05850464755254
557,5,"M",4,"good",57.3603965900412,72.0051489020813,5.41256986417832,NA,14.6371704773216,NA,15.434611287396
557,5,"F",5,"good",57.6605436733503,80.0850873378413,6.27086979210268,2.9406876877508,14.4200269426401,6.33110608393638,7.60283577933544
557,5,"M",6,"good",51.9269858789641,76.2267306440338,5.49546922636084,NA,13.2271331737349,10.0903291159879,9.40307673530649
557,5,"M",7,"good",56.6913695991249,79.2833431447008,6.89547084455419,2.78634824346927,14.7393747495675,9.10483116665671,11.8453675834648
557,5,"F",8,"good",55.1016581400311,76.1613550341689,5.43831598778089,2.68588175188977,12.4208964405609,8.31869220864291,9.60414041353358
558,6,"M",1,"fair",45.3881186054764,72.4597244899857,2.49252034487064,0.896853276161002,8.00431675444433,12.9530911808141,20.7003923571634
558,6,"F",2,"fair",48.4084785562637,70.8383918128631,3.3607900101215,1.27468733664475,8.08432865128397,13.3586956445736,25.2904764286293
558,6,"M",3,"fair",42.4882448865083,70.258821198503,2.35213758613047,1.07914420791032,7.3607268102644,13.9512254403164,23.9579556355489
558,6,"F",4,"fair",44.4417129828122,69.6065995742646,NA,NA,6.52018143653621,13.9191751500545,19.7643545470475
558,6,"M",5,"fair",46.3696516760433,71.8773273251777,3.65494787065739,1.06511602789546,5.51736307489234,11.9907870572622,20.5711324546671
559,7,"M",1,"good",54.0332726763215,78.4840755225008,4.54312019067673,2.28317982983121,11.7733028199207,11.6325810042823,16.2157941052158
559,7,"F",2,"good",50.4168158868568,77.4351483532896,4.71663788613199,2.1822244183433,11.2423792468225,10.4354286242505,18.3457279162496
559,7,"F",3,"good",51.1435729749002,76.1823704158757,5.04374494135348,2.1911124323572,10.4978934000887,11.2012789391504,16.4386255134808
559,7,"F",4,"good",50.7814148373535,73.0850184739749,6.56234546990184,2.00432289905182,8.82235598534199,11.3839896417213,21.5987206774381
560,8,"F",1,"good",54.8222858562743,78.1148764729922,6.49034541320097,2.76710712984517,12.8116638996882,9.61551294165268,15.1825424427487
560,8,"M",2,"good",52.6335470985092,78.3979198880726,5.08319926591614,2.49302870818886,12.1865223507566,9.10313261322855,NA
560,8,"F",3,"good",56.076325569383,78.9561373557187,NA,2.6957462180217,13.4081170454377,9.24602278403597,11.4778157209845
561,9,"F",1,"fair",42.2070173968965,67.6265797967275,2.57069076206132,1.47409385621219,9.2727362392262,12.6381797345651,18.5792846116466
561,9,"F",2,"fair",44.0056671756546,68.1835426848331,2.44045551640665,1.49501576603104,7.60099758524342,NA,NA
561,9,"M",3,"fair",45.89490094472,69.8132967946409,3.44071489963404,1.46244956247092,7.84082478030152,11.7774641959811,21.5386755131141
561,9,"F",4,"fair",47.0893933189444,67.3593039948711,2.515927296882,1.56644481825876,9.96480039965594,12.520291706138,21.1278438879209
561,9,"F",5,"fair",44.035427972451,71.675874668591,2.34950830309201,2.07982431754155,9.76302644485163,NA,21.3377753244084
561,9,"F",6,"fair",45.3695727176277,71.0582290807614,2.50987752785855,1.61295135591126,8.54932528015317,11.1649451073241,20.468956753129
561,9,"M",7,"fair",46.8017030829775,65.3272398197999,1.86670196399967,1.6013799515264,10.0203615186586,14.0462556686799,25.2891397689258
562,10,"F",1,"fair",47.1302662846872,69.134614709074,2.82516823219688,NA,11.3396895219426,10.1989930229589,18.3503134312047
562,10,"M",2,"fair",42.7241016200753,68.1717903027732,1.68163968019193,2.0706219903663,10.9189569105618,12.0830400143702,16.0147801057307
562,10,"F",3,"fair",45.3396809011848,71.5009414803446,3.57493952021262,2.11344827008414,10.3906923597356,13.6733971249417,18.3322902285262
562,10,"M",4,"fair",42.7630065052458,69.211492793926,2.97778195629639,1.92921428479651,10.1216855784167,10.399594317353,12.0997205502138
563,11,"F",1,"fair",38.8206984317949,67.9175182510067,1.44454378900046,1.79491869894745,8.12531071277014,12.6594168914937,22.0889624309232
564,12,"F",1,"good",42.8743745627803,71.1687610653056,2.34593349275334,NA,8.05308241443127,12.0709883095518,22.5806695125327
564,12,"M",2,"good",43.9382154673148,67.7396969038623,3.02134850516101,1.58983591658994,7.89539662977943,12.194570106734,24.8307211565875
564,12,"F",3,"good",45.1545034373621,69.2068120100639,1.84552816617336,1.69028408828337,8.77290526653028,10.4381276129729,17.5845094063199
565,1,"M",1,"good",50.0052686405991,75.9535208741824,2.58782574641436,NA,8.15522449266958,11.8880949825623,22.7495861105968
566,2,"F",1,"good",47.9685050120266,69.955702411502,2.99323324436357,1.92202091257827,9.90370839239088,12.8904278784473,NA
566,2,"F",2,"good",50.3033465636966,70.7597068066185,4.33754079157934,1.86347087010922,9.18460642979379,9.78119822453018,18.5114122402723
566,2,"F",3,"good",49.5412336856162,73.088412745978,5.65630089971251,2.31994665990046,9.60387092922596,11.577953201201,15.1557039594036
567,3,"F",1,"good",46.9767709237137,70.4115449184832,3.57621455351343,2.55994394341795,13.1797747012717,9.00123420756104,17.2136146763599
567,3,"F",2,"good",44.1399112275265,69.3959129089011,NA,2.27755050898659,12.8869343747115,8.52344451668839,15.7260275598584
567,3,"M",3,"good",47.4629301403331,72.1212093994313,2.60875123705431,2.5578177818269,10.2627865753398,NA,19.0568675003387
567,3,"F",4,"good",46.9110570841959,66.1409664257787,3.66266795629085,2.27197205412263,11.5074187989815,8.96220001722163,NA
568,4,"F",1,"good",47.3490144685048,72.4238255944,2.37117048265109,3.20270205133853,13.2640752936088,8.60840339541535,16.4067611282398
568,4,"F",2,"good",46.3036318624218,69.4942495039638,4.34767817247087,2.89510842291236,13.2799136770788,9.81329139557055,9.69463996511948
568,4,"M",3,"good",49.3662529640724,71.1925250218697,2.04551421008977,3.11615640089247,13.0221142993449,9.31625971481087,12.615019686991
568,4,"F",4,"good",45.8030894904361,74.5083226747748,4.3486837053899,NA,14.7119550876736,11.6787703933501,9.30637285343951
568,4,"F",5,"good",44.6230452872169,71.4955368239239,3.32263229016874,3.17895126418195,13.1902851517525,7.98564989753441,9.30160617076316
568,4,"F",6,"good",49.6350324777309,74.1909867317387,3.5539766201751,3.32212444510627,14.7339271788049,9.75591906983023,12.9625565911811
569,5,"M",1,"fair",44.6149742559769,68.0517888114379,1.71494140236798,2.32451213831288,7.0861271433426,11.1289472353186,20.3121733762928
569,5,"M",2,"fair",42.3360271551811,65.5787567248378,1.22490535290575,2.22461880425167,10.1603252309066,12.3526277277163,17.0573571178791
569,5,"F",3,"fair",44.5717853323784,67.704828872604,3.06210815956283,2.13676021968673,10.9483364745908,12.0626037391408,16.6414171198456
569,5,"F",4,"fair",42.2539628220468,70.821097673232,2.59092028894145,2.27716049588068,10.090713831252,10.6739118755665,15.5634761988565
570,6,"F",1,"good",46.9260652635277,72.3701305451999,3.74805049265191,1.86366176119621,9.28357983152429,11.5863790038803,14.5568979301281
570,6,"M",2,"good",48.4353654101518,70.5093635228298,3.63624358676019,2.03149300228332,9.74950130519684,10.5699501232809,18.9788173089229
570,6,"M",3,"good",43.1283620449102,69.0614699146778,2.05121156398321,1.82237093129469,11.5725350283156,11.2280892332469,19.2928847087073
570,6,"F",4,"good",48.1850848109025,70.9694171478069,NA,1.77351323743108,7.56905996453426,8.91189458163192,17.2182154748828
570,6,"M",5,"good",44.4044542223139,70.8756824249741,2.01319093590092,1.79624401740956,10.9976244407517,10.1599688467829,21.6857395533504
570,6,"F",6,"good",42.3749273725915,68.6105126497888,3.62338828773972,1.65061944628835,8.15039861177006,NA,18.4857166947579
571,7,"F",1,"good",50.8813142467885,75.0502031316762,5.17305267586769,1.31222596324573,8.65788932116099,11.0867348689202,NA
571,7,"M",2,"good",48.7874683886826,74.2502068287076,4.80672439385339,1.58365454489743,8.49990328932601,13.2885548487838,18.5853981914522
571,7,"F",3,"good",51.1048436575205,74.8863490384353,5.02118210642703,1.28990956097787,9.5453543387425,12.0661053613712,19.810735821299
571,7,"F",4,"good",55.1978800889169,74.3136228795574,6.10212334022471,1.32290191706756,8.69715790792323,9.97740900777708,21.8154801897612
572,8,"M",1,"fair",43.0485573789763,68.3632715768055,2.35451642762154,2.25997946857773,9.34192966890021,10.9639961731065,13.5780786763442
572,8,"F",2,"fair",43.6394850623497,67.2195701582635,2.40125277073605,1.81604904856431,9.82474510744214,10.3258986793725,15.0376796484254
572,8,"F",3,"fair",42.2034260122363,69.819855641632,2.19604476513932,NA,10.2361975454731,10.9299953667419,22.0806120411963
573,9,"M",1,"good",50.2696541696885,72.9847505548375,3.61597427072643,2.50248033611204,11.6674582265393,8.90332023558032,16.2652724855572
573,9,"F",2,"good",47.6691021709537,73.7812738707441,NA,2.83021172634096,11.6021485300123,10.445603053574,15.1785384205597
573,9,"M",3,"good",44.7862538930957,70.6140826860687,3.30826721908779,2.50269327807371,10.167080403379,10.7843951542795,14.8496635609565
574,10,"M",1,"good",50.4814470443758,74.4754329739478,2.34712194527749,2.64342527391923,10.2843033064867,9.12994919346132,14.9816797511524
574,10,"M",2,"good",48.1818265317396,73.901915187136,2.94575582783703,2.78107638109323,10.2641053698642,8.81465822767558,8.90894215594225
574,10,"M",3,"good",48.0450423864931,70.8716851415037,4.20324881007855,2.12749365017624,11.3424386171111,10.1245071140963,16.860683775371
575,11,"M",1,"good",50.2007029695793,76.4267747271114,5.45316923802895,2.06235508239119,11.3041110262291,10.446799413476,NA
575,11,"M",2,"good",52.8008486703864,73.280946603404,5.68989339278088,2.27779208147503,9.48621139538195,9.69923180402053,17.7669163191696
575,11,"M",3,"good",51.8596813235142,70.9091704253561,6.02924880119801,2.24503510426952,10.1467745790538,11.6011335269507,15.9267235575239
575,11,"M",4,"good",51.4478690016457,74.7472622110927,4.89877742916636,2.01502854653301,9.81667073465766,10.8695903884775,14.4021130279943
575,11,"F",5,"good",49.3685097676981,76.2494201698083,4.44631734368539,2.2132444862588,10.4781496613847,NA,14.2214829409388
575,11,"M",6,"good",53.2397937512949,76.0408599510212,5.19048228060501,2.16991944863632,9.95904117862183,10.6722236710254,18.3377341932956
575,11,"F",7,"good",53.2752725719615,75.7446303126846,5.67317748615139,2.11044986855386,11.3832087176306,12.2174767066869,NA
575,11,"F",8,"good",49.5069816679679,74.0066558015045,3.6453306178524,2.16420799409906,9.92793769810012,10.3637130713327,18.0653627438262
575,11,"F",9,"good",51.0621297776005,74.3185082613286,5.31476381420147,2.16565622683559,9.06110000309617,11.0067474893457,17.2616424222693
575,11,"F",10,"good",50.7600685712758,75.2156928033747,5.17110488920996,1.98385124802134,11.2478628135098,10.913767587931,20.5509647341142
576,12,"F",1,"good",46.4204665423972,72.1629150762356,4.16803289476986,2.71306720007032,10.9005933342087,11.2459601739407,14.4332880352577
576,12,"M",2,"good",45.6440436793007,68.2713852205936,3.1181360908058,2.28394844058023,11.5565450906949,NA,17.5342629356837
576,12,"M",3,"good",43.8131768576954,72.2006609564053,1.39169120721848,2.35818307564069,10.2968452981711,12.888064777981,16.3941043992508
576,12,"M",4,"good",47.9400828826704,72.5678188040465,2.9030044513321,1.96388562385465,10.7377836829899,9.12386618837184,17.0509643045723
576,12,"F",5,"good",45.4803844849274,68.9737320066389,3.71940428916105,2.41982435697577,10.8788874649973,10.2876438309781,14.7193230727239
577,1,"F",1,"fair",45.6741619808182,69.1673414050803,3.01981729604373,1.82582794345364,10.0627677428763,11.7994979187447,19.7052139342154
577,1,"M",2,"fair",46.3242466787708,68.8510852069465,2.23071103371775,1.80426815834564,10.1283364784298,12.0318244239593,NA
578,2,"M",1,"good",56.12832929181,77.6371186282529,5.93677914744151,NA,12.7802546086134,8.47265273902562,11.5400904457756
578,2,"F",2,"good",55.9608258713811,79.5493804937265,4.99821079879146,2.87755917691383,14.7090238303712,NA,12.8371677140536
578,2,"F",3,"good",52.0754150588693,75.7731437459322,5.72649070160924,2.83153461028446,12.0941761998232,8.85610992410128,10.7453404485143
579,3,"F",1,"good",46.5150379772811,75.1781870115734,2.95696853823463,2.04719718361562,10.1744307291111,11.8678248926235,16.2595272487219
579,3,"M",2,"good",46.6108197276182,72.8618058700491,NA,2.08837323229115,10.7294959349325,10.5506865900909,20.081458829061
580,4,"M",1,"fair",49.9508021097998,75.9240595253512,4.31143725935742,2.3943086643823,12.6771405980816,9.50983632395326,NA
580,4,"F",2,"fair",51.2505169704945,73.6932871284505,3.65308960968253,2.4956995581078,11.8059032268109,10.2659165100964,11.729874767783
580,4,"F",3,"fair",52.895467482714,74.8730497149082,5.32026185562239,2.90848760027445,12.3171426851885,8.27421672819992,11.9602967142046
580,4,"M",4,"fair",52.1562812720526,75.56509761361,4.19509319665674,2.5092165370783,12.1258804511709,8.72790966381646,15.9326706906786
580,4,"M",5,"fair",52.2352395549658,76.4264631176092,4.58523233232678,2.938230739158,13.0564477057708,9.14917233208956,13.0746467277162
581,5,"M",1,"fair",41.9186864611984,69.4161739615982,1.63665675163138,2.07040033019967,8.67161169967446,11.9028990658165,23.4407023647652
581,5,"M",2,"fair",47.9671973248493,68.3289320986783,1.18207597676734,1.85424770081996,9.65303425002805,12.9471900373735,21.0714206566399
581,5,"M",3,"fair",44.5985085406652,67.5147716446791,1.63042894076587,1.87786672754717,8.30311194978782,11.8765479289886,18.2101639512125
581,5,"M",4,"fair",38.9442849968796,67.2452643827373,3.34304939955028,2.07684012285665,9.33788256850367,12.782999044519,19.147416654265
581,5,"M",5,"fair",40.8501641741658,68.5500780687461,2.07791753214761,2.03432371632646,8.78492952606173,11.5999449535836,21.5891848505552
582,6,"M",1,"fair",46.0990544044533,70.6773433981982,3.37046165509564,1.32119130711236,7.79445350221141,13.9837199483394,19.1465177512543
582,6,"F",2,"fair",45.4741169421139,71.0903462144027,3.10886966999587,1.48292580482377,6.85474979238261,10.6923774727379,21.3460337376833
582,6,"F",3,"fair",43.3216678960599,69.6148553807261,3.98946260283371,1.44221668408931,7.04902494078901,11.9176981379854,18.7247559002215
582,6,"M",4,"fair",46.2298630183065,72.9175869446757,4.15981356955099,1.26531109208512,7.22496216715305,13.6669385274639,22.4664373531329
582,6,"M",5,"fair",46.6192150612795,70.8504748535313,3.04019377415684,1.10769652853777,9.18984573893228,12.0938667583292,23.3226189424933
582,6,"M",6,"fair",45.6102026877237,67.573237270379,2.71515412764959,NA,7.81346871035935,11.3129911807563,18.8684655037055
583,7,"F",1,"good",56.0049106300961,77.5292176364662,6.08823504866428,3.27454289976171,15.0366095852967,7.35410072066487,8.28157001590399
583,7,"M",2,"good",50.4958320123507,76.6353150213017,4.59977925660306,3.08359547460184,12.0564657458075,8.28839986255272,14.205441492631
583,7,"F",3,"good",55.9340700421168,75.9953227265779,5.64926366145538,NA,15.1420634559987,6.8092894343071,8.05061887833158
583,7,"F",4,"good",55.3766945108923,71.1907111336689,5.50145712559219,NA,12.5821423511949,7.02601345789162,12.3244690994618
584,8,"M",1,"good",47.7463344496563,74.8624953750293,6.29930916407508,1.54866979923816,6.96984260639295,12.7634131826578,20.2755921471098
584,8,"M",2,"good",51.8407687263021,77.123707264043,4.81250344900474,1.45065452010095,6.96763929174567,12.0499287874812,19.8177085833673
584,8,"M",3,"good",52.0479223270202,74.6154484223742,3.63046625153269,1.50569462378397,8.69508845319336,NA,16.3154433558596
584,8,"M",4,"good",48.5848889048625,72.3238601936475,4.99814049746127,1.2612583008562,7.28144538430194,12.1378026690156,NA
585,9,"M",1,"fair",45.6335618230182,73.8273896105644,3.09569959377807,1.9322322807443,10.2782895195329,10.6317421970059,18.4405041689311
586,10,"M",1,"good",50.0073961534137,73.1374003598952,3.85994631871597,2.73205007014495,12.5191172471617,8.83214079834874,16.5753763328374
586,10,"F",2,"good",48.7799561172017,76.1505341878569,3.85756453766471,2.51209712135063,11.7129216626799,11.4794193584535,15.4167791095508
587,11,"F",1,"fair",44.3041908115911,70.9034045232357,3.68387217520309,1.51691129694486,8.03683979242812,12.3864778430676,21.9679027630331
587,11,"F",2,"fair",44.8516288737707,71.4863754247119,3.05542715902324,NA,8.97715673941622,NA,17.6521374193682
587,11,"M",3,"fair",43.0596351557326,69.4468752764457,2.07400471158774,1.34293641092678,7.50008554814442,14.3224748406407,22.8212809482511
587,11,"F",4,"fair",41.6602477869584,64.7720591941001,1.56762784087927,NA,6.73250850722995,11.528326556582,21.6264369019218
587,11,"F",5,"fair",45.3470796825317,68.8598004554612,3.57246638284488,NA,6.09263063767571,13.4504663479765,23.1979225151658
588,12,"F",1,"fair",45.6568663062705,75.160258504933,3.59207460665796,NA,8.45840365983026,11.165668825175,21.0666470952197
588,12,"F",2,"fair",46.3973668368525,67.1279484404343,3.52141979694722,2.02232054944895,7.31445784330955,10.4564726315353,13.8089923147334
589,1,"F",1,"good",46.5032198697828,70.2199014915909,2.72019574897528,3.46902816898423,15.5545074547918,8.33898978134472,NA
589,1,"M",2,"good",45.1557720278459,71.3796858885261,2.73350334399627,3.40841006810178,15.0622023378738,9.04806464577807,7.1724608938343
589,1,"F",3,"good",45.582446834704,72.3888908795147,4.37604293636222,3.35990230519332,13.7735041833649,8.82242701476417,11.7132581494431
589,1,"F",4,"good",47.6798065973098,72.9224116652418,2.62951249697954,3.27495120985148,16.7806263272511,7.43983755057314,10.4220500980419
590,2,"F",1,"good",50.4477003106536,78.6729846295025,4.99724109110228,2.26494540120321,12.2089756108883,8.94205441908394,12.8930758079738
590,2,"F",2,"good",52.7080484029481,78.8685856417852,5.77507201671495,2.5672779424983,11.0274119058516,9.96525112241251,17.1255459102989
590,2,"M",3,"good",47.7828883729071,75.2373910068367,4.25302927586951,2.34953058247479,10.7911138050238,9.17581872012123,13.0297456505273
591,3,"M",1,"fair",35.9060690905177,68.6217781123398,0.918317032671672,1.21687134458553,7.65298815769553,12.6425204160331,26.0672507726926
591,3,"F",2,"fair",40.4646418018647,66.7741753351927,0.363167027598727,1.24636996924325,6.80128665693088,13.8032784242294,NA
591,3,"F",3,"fair",38.0975986794751,64.3043530812825,0.855754094468975,1.23522070227767,6.08421348349027,12.83624973659,22.6164221014678
591,3,"F",4,"fair",34.4447442077592,64.9528039028486,0.103895458698033,0.963321654379968,6.22068495019928,15.2017414204114,25.3732023267911
592,4,"M",1,"good",47.3884865232639,73.9571032842608,5.63065975116066,2.46567319987551,11.6569417084869,10.9516945041173,12.6385055319956
592,4,"M",2,"good",48.9103459413127,74.6730404082022,2.80361987192064,2.29516826099999,12.9520549078318,9.41560922755638,18.7761686326992
592,4,"M",3,"good",48.1906414414043,72.9563814632708,4.40425604693729,2.13485714351759,10.5215352962897,10.8140433000971,16.4977158333427
592,4,"M",4,"good",48.1623505043765,71.3278637798343,3.93624690678679,2.51236458682212,11.7824919819646,NA,NA
592,4,"F",5,"good",49.5184709992714,74.2135032482504,2.81911468689061,1.97441005273914,9.75761427836102,11.5678320129569,20.0062219436651
592,4,"M",6,"good",50.0905546054708,71.3290025858602,NA,2.54741258843773,11.5734429907604,9.38556719820137,13.7968272702267
592,4,"F",7,"good",47.8547519447958,74.3387277717269,3.87516594726261,2.19907413597256,10.0091200771731,10.1111475243774,15.0478062739367
593,5,"M",1,"good",53.2589935320207,76.6189652037029,3.12306107058819,2.26185845015163,10.6925096893475,8.94755052699926,18.3540703969046
593,5,"F",2,"good",48.9314622829731,76.5511296304358,5.22852510859934,2.25844944810976,8.01664182230425,9.3369731084207,18.1604733633958
593,5,"M",3,"good",52.7214469567267,71.5757173120162,5.61850273685643,2.32125908229654,10.097165834309,10.6223011566377,15.0242914720401
593,5,"F",4,"good",52.6936157113892,71.9713756827968,4.34902476129617,2.2005566982538,10.0613319344631,9.85956313161009,11.9682599305977
593,5,"M",5,"good",51.8215535540117,75.3088586553421,4.38719862163196,1.71024027933702,9.65712147910368,11.8784029159949,NA
594,6,"F",1,"good",51.5194911154227,74.5791277397263,4.97910164221846,2.24548913706824,11.03716596804,11.315662561328,18.830272616532
594,6,"F",2,"good",49.9333886139798,71.8609036125294,NA,2.37582360986636,8.95026494499185,NA,19.4100830462069
594,6,"F",3,"good",49.230838981989,73.6168823867949,5.0269503758204,2.26701394413109,10.4695859291267,9.29564949470918,17.0273677026103
594,6,"F",4,"good",48.9399974084643,73.935118811866,4.49740199479851,1.96699046882143,9.72408945662633,9.1129779671035,17.6102139257257
595,7,"F",1,"good",44.5665224980827,69.2295924381607,3.64887394161632,1.39541055525282,9.07792014773994,11.8540713617097,16.5701261043018
595,7,"F",2,"good",44.37497535196,72.9314180675972,2.46602469178741,1.66821656069624,10.3272247775949,12.4077163094343,19.1611538960243
595,7,"M",3,"good",43.8251282061271,71.1992402323965,2.4983516524879,1.85471672229731,8.55895639555188,10.925254045767,18.9222693430266
595,7,"F",4,"good",47.4097631337352,73.9572688511526,3.26392035705236,1.8362184660866,9.58706811256446,10.1633629707986,16.1034798620523
596,8,"F",1,"good",44.3024755607894,70.6869117649459,1.7158374622565,1.83232729627994,9.82230841677739,10.42884016168,17.9417374553157
596,8,"M",2,"good",42.9032431245233,69.1068403300222,3.97591218545491,1.95578549016017,10.2945274675655,NA,18.657265490474
597,9,"F",1,"good",47.1235265260412,72.6794441879467,3.43418028855142,2.76940599927169,13.6338057633843,8.9556435129236,15.3784615159567
597,9,"M",2,"good",44.0339723965338,70.5137949268968,3.45934261024089,2.47829635317362,12.7516414732778,10.4120308050855,13.8358612009254
597,9,"F",3,"good",49.2592834573502,74.4599393886853,5.26433724113037,3.46610385058651,13.4440141419887,9.49401188234589,14.2943733263094
597,9,"F",4,"good",50.7460707314129,77.0300361805713,3.96768699356481,2.86627748620607,12.2416708509299,8.50066547147471,15.1214452759388
598,10,"M",1,"poor",33.9790052019439,65.2660387678164,1.78813859128452,1.2208258963441,6.71833643609791,14.935903482563,26.6443403419162
598,10,"M",2,"poor",36.2844702794572,64.3794888729596,0,0.870853779877778,5.91677602997194,14.6214222318793,26.4354690566108
598,10,"F",3,"poor",34.5196639472446,61.8217778838369,0.97230604380679,1.37982451059022,5.53826348838419,14.2360107567503,25.1232349945685
599,11,"F",1,"good",52.291649114056,74.1449164243256,3.44784950285187,2.5943750178121,12.7842587851968,NA,8.40064473833402
599,11,"F",2,"good",51.8269732526372,73.533952972227,3.07448206792624,2.85895134624581,12.9389526354658,9.17251439902749,10.2830149265992
599,11,"F",3,"good",52.5576933060295,73.8590171344557,4.79350055354141,2.70992103175978,12.9268728556374,10.0903225303151,17.4953429484101
600,12,"M",1,"poor",30.771050199522,63.5903135742574,1.40045085346743,1.28417313430478,8.29822968718967,14.1495454698951,20.6016328928903
600,12,"M",2,"poor",35.6713185336165,64.571695328,0,1.4355864655945,7.35478293687616,13.6753177493819,22.5233004057238
600,12,"F",3,"poor",37.229277307773,64.6775471531586,0.479419334739107,1.29179254603156,7.25068374928525,10.452274451139,19.9956844173417
601,1,"M",1,"good",55.2546313488244,79.9255255372792,6.02586191166435,2.42867761486049,13.2427209811634,9.23942284887582,NA
601,1,"M",2,"good",53.5886818889609,78.4703004277171,6.97236342312572,2.71041631517421,11.6299515634832,9.46523741759422,14.0095952789573
601,1,"F",3,"good",58.0877088850878,76.6536177963432,4.84379190876296,2.89622541804251,14.2572784890302,9.82429016765018,7.5657468293393
601,1,"M",4,"good",58.2336483910182,76.2779664549768,6.55616451678752,2.73327352149065,13.8107611585285,7.25517180840325,7.43049977492839
601,1,"M",5,"good",58.57933275028,77.5198928412888,7.48979618501429,3.09505899978452,15.2668916105036,8.06968679178126,7.69009995000708
602,2,"F",1,"good",49.6626690365486,73.081353060907,4.38906046882267,2.14408095145942,9.63119906934484,10.6588322383359,19.7991138337006
602,2,"M",2,"good",50.5631570106364,75.4129756531027,4.24363982748123,2.0694296100549,9.58198463662583,10.2878766939515,16.5505072822337
603,3,"F",1,"good",52.1803042612605,75.5698333655944,4.2865021104355,1.51816984769805,9.92923767539497,NA,23.9223179947557
603,3,"M",2,"good",53.1548092226183,76.654129568053,5.35232751048655,NA,7.62611272334628,NA,23.1917413167426
603,3,"M",3,"good",52.5753615366763,77.5916118534582,3.91794233093504,1.49233406761956,9.28286401743425,12.3959826433132,20.805953443328
603,3,"M",4,"good",53.2680693380163,74.9534272590918,6.57994939739357,1.43680599329622,6.27276808392778,11.7406556689216,22.582838748385
603,3,"M",5,"good",50.1306640146323,77.1555492855948,4.43450789710956,1.38367283593918,7.74504903898372,11.8892368973611,20.9604158479634
603,3,"M",6,"good",51.6092124797438,72.7153552697466,3.80528977132328,1.14199739908422,6.97390561358858,12.7187833589064,16.7502788843933
603,3,"F",7,"good",51.9319309016238,79.8022364193486,5.63901235835996,1.41564714723887,8.64134965555957,12.4747298752772,21.3705283890685
603,3,"M",8,"good",52.2781321977479,76.8895112462529,5.39776270652348,1.3491541895106,9.2607257204872,11.6935970654076,20.4047401991177
603,3,"F",9,"good",52.420243053052,75.3052820067483,5.06483389814702,1.34683899119468,7.1915691833329,13.718863570771,18.9036997186506
603,3,"F",10,"good",51.3859192025725,75.4995481217598,5.64258895463929,1.47027945241341,8.33595752848927,NA,19.7445843901506
604,4,"F",1,"fair",43.2104480186424,70.2392172842492,NA,1.28412177116825,5.5829321733964,12.1934113017905,24.0060076431379
604,4,"M",2,"fair",47.9655479092126,67.6376016649444,2.50494410502376,1.31886419888963,5.23302996646734,11.9059946368267,23.5126216417697
605,5,"F",1,"good",48.0047096482246,73.669287882173,3.54988679436964,2.74268450885327,11.6193161025391,10.7120804949002,15.8136784675263
605,5,"F",2,"good",48.6870746669577,69.7468893370919,3.50073606465722,2.30017435814,12.7148857788168,9.72017803826125,14.4189050867437
605,5,"F",3,"good",49.4103711459093,72.9431977307761,3.46421076715922,2.73897888006251,11.7929213217531,8.88852097734704,16.4372676771404
606,6,"M",1,"good",51.5338451255109,73.7211676202539,5.65659943838832,1.75158353476501,9.72480696219579,12.9798259037256,21.0582834942217
606,6,"M",2,"good",49.7585924714171,73.576390000096,5.63776401307896,NA,7.43367288454928,9.6575222695301,20.780807262849
606,6,"F",3,"good",55.1102749701587,73.9435400358531,4.90156313277484,1.74256605199845,9.29793943825861,11.6967058862893,20.6815161223099
606,6,"M",4,"good",48.7454983656634,75.1836515875498,5.15474982831544,1.79511469734816,8.51646802198158,NA,17.7422309381648
606,6,"F",5,"good",51.9995592187851,77.3330505404541,5.60251322838421,1.73310422337104,8.94654132514785,13.097486123011,17.6750263541382
607,7,"M",1,"fair",44.9472008078501,70.1624175840194,4.42571626025704,NA,11.911927088746,10.0036460043361,19.5380313739892
607,7,"M",2,"fair",47.5231202044461,72.2001436407776,NA,1.97942391871231,7.21050863969598,9.6451368486898,18.7337309336408
607,7,"F",3,"fair",45.9995772728479,72.9525268329485,3.34129560511794,2.35163296867675,10.5534268054987,11.7783311532053,23.5065473890211
607,7,"M",4,"fair",43.0954632680728,72.2098418326354,2.40397538109354,1.9218829945224,11.0855275178169,11.9477792777959,21.7567668207329
607,7,"M",5,"fair",42.0480261849192,69.7971896502661,2.10254671135854,2.24543101558806,10.0167636415022,12.3639101280674,17.0307490038669
608,8,"F",1,"fair",49.555179909223,71.1329422043928,5.12274053759109,1.73569435535881,9.92610386207991,10.9975680623533,20.7275641756113
609,9,"F",1,"good",44.2428652569364,72.9228122847473,2.9626058845151,NA,9.27034859947305,11.3382871571509,18.7808275551941
609,9,"M",2,"good",44.9977270270483,74.6148056572154,3.53359560011235,1.42630760227331,7.71494166474165,13.1145816977061,26.0710939459755
609,9,"F",3,"good",49.6132992493458,70.1981718122082,2.10490103882934,1.3462191770424,7.94301026790196,12.7810937306846,21.7772616003847
609,9,"F",4,"good",47.376731458291,73.6035252460003,3.6825544785152,1.50728989696641,10.1959329349597,13.4264466798602,20.6972829086859
610,10,"M",1,"fair",43.4923261399306,70.5233391104029,2.93841747778092,1.54015412741445,7.8660246709633,12.179298803944,17.6321066777851
610,10,"M",2,"fair",44.5408842287207,68.0086798198875,3.81973997932744,1.34270683951377,7.22574032523075,12.2041468292283,23.2250468959823
610,10,"M",3,"fair",45.5022975929608,68.9450660418099,1.83338144464393,1.79601797954029,7.74012233136492,10.6389452703548,17.8473943461318
611,11,"M",1,"good",45.9789723221301,74.7115320309496,4.06958705160444,1.38771036524764,9.18584454084473,10.5360286692828,17.6632024224712
611,11,"M",2,"good",47.6318595871185,75.2605768425451,2.57922406998956,1.83165363194673,9.76150191044435,10.8618935703553,22.0004856409429
611,11,"M",3,"good",47.3455392819112,72.2388873805345,3.52948939452548,1.97003470823152,9.65898336708682,12.4375381821136,16.7246281757004
611,11,"F",4,"good",47.1619788638628,71.4140847396095,3.95246123466301,2.08630179744536,8.25081952998588,11.5721334968062,15.1987336572658
611,11,"M",5,"good",47.8726751834091,72.3956539790382,NA,1.68168454986696,10.5743889362633,10.3448800789979,19.3588040430626
611,11,"M",6,"good",49.7876849211795,76.6213323651483,3.61907957495463,1.84693006621933,9.25351706613756,10.6429255058715,15.207470147332
611,11,"M",7,"good",48.8270287351609,72.9336433546671,3.74900265850827,1.85044582991079,11.7273370007448,11.8355513991815,18.0428125109823
612,12,"F",1,"good",48.6765764839595,74.7157778777234,2.70537001939215,3.0449101065583,15.2404208720612,8.64898192992527,9.95541484915112
612,12,"M",2,"good",48.7083875178605,71.0396119015958,3.0919415325468,3.27447847131024,13.865911527753,6.69330853629279,8.37895674838696
612,12,"M",3,"good",45.5734431602698,72.3784932172465,3.41907752556907,3.58312507876342,17.7772903701089,9.41499452849006,8.28889680369373
612,12,"F",4,"good",47.9277039282285,73.3773585411827,3.81199221450854,3.15046164557332,14.0612295775454,7.36801643604502,10.4696608719116
612,12,"F",5,"good",45.4145761747536,71.7761004018084,3.91515279571879,3.31153805817637,15.0551606692842,7.48771415239096,13.7326878597486
612,12,"M",6,"good",47.9287640291145,74.6946543612803,4.91177934713006,3.16740134295214,13.8182942004858,9.59460942113796,8.76164869865977
613,1,"F",1,"good",51.8622811149907,76.9036494116866,6.94555596930537,2.09622174595874,10.4286056566847,NA,17.1469629841366
613,1,"M",2,"good",47.5999695150519,75.5343000155171,3.35568998422467,2.22587296458685,10.6030540577494,10.6336669050739,18.3393366262942
613,1,"M",3,"good",50.2710296945241,74.8583546787383,5.13827107703404,2.12941822019655,11.2186574985899,10.6599567318897,20.183178027651
613,1,"M",4,"good",51.2908634280235,75.7259305514064,NA,1.78615740486724,9.26530459813847,9.90350497938527,18.3941608505155
613,1,"M",5,"good",50.3517462442868,75.591449393313,NA,2.18635804617823,9.96579578457101,10.4962719719602,21.7906938406443
614,2,"M",1,"fair",46.1338498475566,70.8152055389608,3.88367885101782,2.47500185744937,10.3532921806585,12.3403166537532,14.5899058185283
614,2,"F",2,"fair",48.0365988023777,71.7636528435616,2.9578036396517,2.07626233925487,11.1154442582567,12.6421481807086,17.3682589149392
614,2,"M",3,"fair",50.6165266206654,72.9075569616812,4.23706815586986,2.47388906011132,10.9441224748589,11.1394385191661,19.2978331486262
614,2,"F",4,"fair",45.2033376750405,71.7048420157578,3.21335000088913,1.95393550798046,8.68580914797833,13.0857276925362,NA
614,2,"F",5,"fair",44.3872716831461,71.532390557456,3.43705383695201,2.47705072453261,9.46813819873112,10.7752609626452,18.379081723711
614,2,"F",6,"fair",49.13430322651,69.1140907139214,3.98780066093817,2.26365943950223,11.1884000160398,10.2693591045345,17.7560625001835
614,2,"M",7,"fair",47.3177025747328,72.7393072034058,4.93196928274714,2.35616779184124,12.1659023199958,9.37607803063306,17.5838664487975
615,3,"M",1,"poor",38.0522957179693,65.0195400809254,0.902113375598566,0.215165011959112,3.03985331963874,16.2082471533544,29.8802499792237
615,3,"M",2,"poor",36.1104732106136,65.9005138717825,NA,0.233881306042786,3.14563275644051,17.0686370427796,30.3900606121654
615,3,"F",3,"poor",40.1367302948941,64.4660227863951,1.1643401565019,NA,2.29931903785516,NA,25.2806560465546
616,4,"M",1,"good",47.5203931905459,71.6385161807942,NA,2.72048340947052,11.8808311241854,8.73509503859066,19.4262607884331
616,4,"F",2,"good",47.1291361428924,66.6953045542853,3.10739198479058,3.12580758693784,13.3455796222265,10.7823023195748,14.8719736269589
617,5,"F",1,"fair",46.0168600062992,65.4289531399817,2.86559035775948,2.24411562261266,9.91172968324121,12.1160979689076,24.0960717800063
617,5,"F",2,"fair",43.547614924868,72.0888833347418,1.52993597462811,2.10148423343785,10.7525491032576,12.0364185880109,20.6019664726945
617,5,"F",3,"fair",44.4719392538057,69.7734004503132,2.78243241125963,2.31708151720199,11.3957604476042,10.8850211375892,17.3460078499571
618,6,"M",1,"good",49.7982884171375,74.0227757442676,3.55634177780883,1.13139871358587,8.47511999222406,12.8436461312818,20.6920289082903
618,6,"M",2,"good",50.1941873516654,75.9472349570084,4.6130993846425,1.59768775640145,9.45465664378282,11.7683518922097,14.9320383725669
618,6,"F",3,"good",51.0301732024678,71.3380341696972,3.85983245605429,1.50657997540708,10.2390486037591,13.6750399975184,15.5355461952784
618,6,"F",4,"good",49.6963298615036,74.8864959554415,3.56304222256429,1.05008787303564,7.64965711865678,11.7581635766962,NA
619,7,"F",1,"fair",49.5459264401819,76.1814051580778,4.79813683666784,1.30083623779076,7.33124795662475,14.5497764138437,22.3197121143319
619,7,"M",2,"fair",49.455051206521,71.8681824807471,6.0475290784181,1.29324611497597,6.60593201437629,11.8145103237265,24.6080558356385
619,7,"F",3,"fair",47.2744590665135,70.7756861434504,2.86641373470769,1.10913097615356,7.08784273907666,12.7440944940047,22.0620869414816
619,7,"M",4,"fair",47.6061567614851,72.040917535789,3.23295917854797,1.32783500284823,7.43820524906138,NA,20.6303310848734
619,7,"F",5,"fair",46.2925861478215,69.4883987956874,3.71656517931584,1.12763317417131,7.62642479400042,13.250999476815,21.7308420107266
619,7,"M",6,"fair",48.6459870683466,70.3760318550152,5.14625699774762,1.50412528934633,8.10159880143597,12.2887336608194,23.9246694991029
620,8,"F",1,"good",49.144497039638,70.0959088061631,4.97581975460701,3.06663735893775,10.9330032039598,NA,13.5149488942201
620,8,"F",2,"good",49.5673088020452,68.2473630508634,4.65688952492266,2.48602223219503,12.2093183888929,7.58389687821013,15.3027767009714
620,8,"F",3,"good",48.5047271135379,72.6107388534602,2.58809856566589,2.29772679617526,13.1512706082187,9.62321410634881,12.0576591874956
620,8,"F",4,"good",48.9436212215743,73.5344021650242,4.52034334999215,2.60466296313598,14.264378341603,11.3185087146535,9.78473553951048
620,8,"M",5,"good",48.5769534351838,71.1478041426156,2.72425050930247,2.53418183037877,13.1249751453348,10.0762432761223,14.3760156511492
620,8,"F",6,"good",47.9424471261448,72.7244202946912,2.91972069013547,2.20109485652757,12.1782600894007,12.4440483042138,9.22995755580682
621,9,"M",1,"good",47.2299655740348,71.0952447451001,NA,2.92662459815468,12.0972593611446,8.66248620172295,11.8101218418033
621,9,"M",2,"good",44.983950062902,71.6427384496511,2.82661236976721,2.62691191094657,13.4798545051669,10.0682120455664,14.3074903414752
621,9,"M",3,"good",46.693262347187,70.2127227212089,3.2004873423144,2.94143439652,12.5253950280816,8.85147462375633,17.3390855871617
621,9,"M",4,"good",45.5980048510959,71.3230018619827,1.8535375623152,NA,14.3902349793391,8.92257036388958,14.7965605611187
622,10,"M",1,"good",46.9509580543047,68.4288359619393,3.21484417682489,NA,8.05353609755585,12.4395937375007,16.7540094361725
622,10,"M",2,"good",46.5870372792196,67.5225556947343,3.83091062322307,2.32108695531524,11.187108789669,10.9672031085282,16.1607159304401
622,10,"M",3,"good",45.4542798237468,70.3920682341466,4.16549484560218,2.17653317865684,10.340805604629,10.9452444675678,11.3083376259415
622,10,"M",4,"good",49.30393297581,69.1653108391067,4.07188817552568,NA,10.4662330023533,NA,15.3883281954523
623,11,"M",1,"good",56.9816190697063,81.5544999035344,5.82191515475935,1.6367405564685,9.5983764279626,12.6411780244069,18.2074447404782
623,11,"F",2,"good",52.56246706539,78.9348871557689,6.90813561177507,2.07741937777822,9.79998897054845,11.8874854257782,21.3559971547941
623,11,"M",3,"good",55.9861184908151,82.0692288495084,6.72483166490368,2.31018000262948,10.1786698099855,12.7953908650536,18.2207277976754
623,11,"F",4,"good",57.3146536153305,76.7702328005492,5.36979053778494,2.01849729859275,8.76790143898076,12.3204344709212,17.9051518988937
623,11,"M",5,"good",54.8865736193638,76.4810083571986,5.38255553239839,2.06259425258336,10.8237152173917,8.70809262880453,17.36714907861
623,11,"F",6,"good",58.1605080633744,79.1352737675067,5.0917249895973,1.79452879072635,10.5476364596549,11.8697483945677,15.9637425839025
624,12,"F",1,"fair",45.6034565406322,72.7347630056715,4.34305438444639,2.74257382866896,13.3740453609888,9.09168430640491,17.0207417515578
624,12,"F",2,"fair",48.8153351401138,73.1200501276764,3.82764822063247,2.83936745687471,11.7599156694496,8.6038588391994,7.60800573320775
624,12,"M",3,"fair",46.8247976695533,71.2031619288202,4.11812364917154,NA,13.8648142050383,9.99478873567684,16.7456666666275
624,12,"F",4,"fair",49.0844295858363,72.3638834943564,1.80566529217435,2.75161278904399,12.2151695429766,8.79928285781174,10.8224389549746
624,12,"F",5,"fair",51.0503422226981,72.8100086051517,4.60868366336591,2.81568680469649,14.683288429936,7.33495930271594,9.99038296164163
624,12,"F",6,"fair",51.7215580241293,71.6647423381481,3.87321161446257,3.46391235134133,13.779220839989,8.35946943040164,12.1257600080876
624,12,"F",7,"fair",49.9392305185614,73.2851217968917,5.02745154876804,2.69333258651935,11.8652065059716,9.12617010140138,13.6541490275264
625,1,"F",1,"fair",43.1305226687738,68.8050673820867,3.02320095116032,1.94149748442412,9.86626909532337,11.3356967681759,18.3627481650945
625,1,"F",2,"fair",43.4373075443953,67.9804956527033,2.55622304468257,2.01351401636962,7.87501068928653,14.3311553865579,20.3321633876587
626,2,"F",1,"good",46.8245908202694,68.4291527527041,3.92614916196037,1.94553729707467,11.5280808449606,12.3538990416803,21.2554550996806
626,2,"M",2,"good",46.9344438337995,72.361689271558,3.82215108022769,2.252740090344,8.70352156458438,8.66590332432796,15.3641488073369
626,2,"F",3,"good",47.9298300451876,69.1755429625289,2.90506070251267,2.23124438800392,9.38537397235674,11.2631258272124,18.7754387700195
626,2,"M",4,"good",44.3422561344694,69.4559778064371,2.76222554659852,2.19164424414209,8.85712552784727,10.8562645335172,14.189424195951
626,2,"F",5,"good",46.7123165542259,67.9547479452567,2.80416500427808,2.30963391997091,9.04395377082715,10.0525279499282,20.7677715379564
626,2,"F",6,"good",45.0483092430614,67.5201297769066,NA,1.60886737599411,9.83908993528044,11.5071790040077,20.371752473748
627,3,"F",1,"fair",42.2089003764959,67.9610341571702,4.41999381935712,1.78245964868002,7.0593828947197,13.0817999653903,22.9502745116798
627,3,"F",2,"fair",44.1329277642025,72.0330677319056,3.76896908018539,1.96306637580302,9.6463868289474,11.362196600784,20.3758304313779
627,3,"F",3,"fair",47.3131635319033,71.0081966228503,3.89463615111843,NA,9.1473578020954,13.2263921553551,17.4720164363967
627,3,"M",4,"fair",44.0506737879205,73.9468401625842,2.92174132482876,NA,8.18059416018547,11.5927593540269,23.5103150983992
627,3,"M",5,"fair",46.0949948874579,71.0959341170582,2.42656799768772,NA,8.43088939633314,13.3763240138812,20.3122214826935
627,3,"M",6,"fair",45.2026081139281,67.3440707682262,1.69896060996602,1.37621114299291,8.05943999716132,NA,16.3582910219905
628,4,"M",1,"fair",38.1070229414529,66.6130305955227,1.86363806370927,1.66148570325138,7.04504600625173,NA,22.1762289066677
628,4,"F",2,"fair",45.8779506972607,72.728045489666,2.83698292875914,2.01822820790211,9.03276972830262,10.8959276568136,23.7504279484971
628,4,"F",3,"fair",42.8939526913531,66.65416853373,1.82217374795822,1.53540506455921,7.36786763231286,14.4863644280569,NA
628,4,"M",4,"fair",43.7316656658161,69.394418070958,2.22645908968157,1.24918930218586,7.72140900665956,12.4506755870528,23.1595937579744
628,4,"M",5,"fair",38.9162274417349,66.6654578598114,1.3780538596848,1.5870714934305,8.26562307229506,10.8544718713731,22.276159290807
628,4,"F",6,"fair",41.3028851054494,65.2668448159472,1.7648570741526,1.394838393557,8.36783636371782,11.8867944197798,23.0438180545766
628,4,"F",7,"fair",43.8076128459598,67.5540238453997,1.53872311057541,1.20597118972486,8.47147673601768,12.8754904494439,22.5083637446039
628,4,"F",8,"fair",42.9323299394258,69.9329400633235,3.26507280726365,1.8269212581156,9.28030159148521,13.7801629424818,NA
629,5,"M",1,"good",51.7234438261845,74.5993551576628,2.17714950345876,NA,12.3757634607156,11.577315285698,15.2989037297748
629,5,"F",2,"good",43.2149009711069,70.7205284290128,3.41479601095308,2.63798214073488,12.5748195934769,7.43066519743756,7.32871371940795
629,5,"F",3,"good",49.5463932133059,72.5025737563496,NA,2.75762868212467,13.0264326385655,6.00384840060935,15.3453124444041
629,5,"M",4,"good",46.2137371874503,68.8434053510254,3.86045457030972,3.04596956841647,12.5112162059174,8.07711577756144,13.072893075067
629,5,"M",5,"good",46.1855256309985,70.3742118463119,4.03336628227239,2.66576041303531,12.2836854446182,8.12521098803322,8.83015267788167
629,5,"F",6,"good",46.522523619713,73.5366720431323,3.07508036079421,2.95836023168215,11.2661178073725,9.91803413036686,10.4795676576551
629,5,"M",7,"good",45.3227266587992,69.2374295607114,3.12470584303332,2.53713816380131,12.2621284410518,9.54380740807155,11.0630179696654
630,6,"F",1,"poor",34.9627293694976,65.2260338438178,0,1.27203163431194,5.75816572730277,16.124190896157,26.9795824994341
630,6,"M",2,"poor",36.9483609256678,65.1822318227445,0.974623076126154,1.26687023364163,6.12177480681612,14.2446724440892,23.1540487031531
630,6,"M",3,"poor",37.5512202780397,64.0784990555163,1.96237640363911,1.62436539854371,7.97606643554912,14.2034985298843,24.8572997234739
630,6,"F",4,"poor",39.0089283863241,65.0479233758592,0.602482259086647,1.63817023845608,8.148021339672,12.7499413742011,23.7904983980825
630,6,"M",5,"poor",32.7688242728477,63.8311586726036,0.704905661316155,1.2846501432911,6.5903951691101,13.7110423264216,24.5974553155709
630,6,"M",6,"poor",42.8601656969762,65.1075246106352,0.767468049966663,1.56861418577628,7.75170506533162,13.3366327979015,21.3432304965715
630,6,"F",7,"poor",34.8470692371773,67.810505888669,0,1.25061417197763,6.23078663809715,16.0278468311641,27.3859126080294
630,6,"M",8,"poor",40.8414145861822,67.2800525870667,0,1.57085190866249,8.31404971605116,13.4260240372747,22.3863644733952
631,7,"F",1,"good",55.2261647044038,75.9482065926364,6.50352618736118,1.30791176697848,8.08409640243143,10.7257495662539,25.1071682311431
631,7,"M",2,"good",50.8155786198664,73.4450947961919,5.32860331887448,1.31232508712202,6.5348582991909,13.6060672374281,21.6648364651789
631,7,"M",3,"good",53.3665447800826,73.5915096094291,4.74342324733402,1.07491004839287,7.89446436128904,13.7713552648617,20.4099859376107
631,7,"F",4,"good",50.2633078835816,75.7922733838622,3.99373190247229,1.29609672628963,6.55269532901192,NA,20.6896910137737
631,7,"M",5,"good",53.6527731615049,74.9810769371814,3.79999959245351,1.30344689388341,8.20577278760912,13.8735110903039,18.6555679016409
632,8,"M",1,"good",48.8276288725722,70.9907834347104,4.49014438097597,1.67359221686372,11.0111489822152,12.3824219146915,NA
632,8,"F",2,"good",50.8580518532738,70.907578992047,4.48666897448068,2.01224815223812,11.3809930756516,12.0717381312845,18.2321227494949
632,8,"M",3,"good",45.2892883901,74.1431806952652,3.51063853297476,1.7787084614486,9.13553791980672,9.72251505234417,20.1091827111108
632,8,"M",4,"good",48.0584032161686,71.8171102510085,3.43952978958384,NA,10.1464269587869,NA,18.5525457784809
633,9,"M",1,"good",48.3986471390965,72.4300397214654,4.56037396549601,1.89645802596255,9.60721875497103,9.91875789058966,16.2416943151256
633,9,"F",2,"good",46.6592682826364,70.4558555402525,3.22525800556361,2.29219522684861,9.82294681054132,8.83330803194778,16.7337126587758
633,9,"M",3,"good",47.4300656171778,70.8876042311655,3.25852834639801,2.03689365333173,8.14120693490241,11.5438661241783,16.2381954371358
633,9,"M",4,"good",45.7595452278136,70.9899680558915,3.42037298363308,1.90491450230941,9.49892247881628,11.9068117053522,23.3520016320973
633,9,"F",5,"good",46.1435188840073,69.168475550945,4.6018829038042,1.88742356225625,8.99066015102751,11.9823088398262,18.8700989975891
634,10,"M",1,"fair",49.3603521514843,71.1688750107159,4.34115309591921,1.80263314765067,9.89036964126523,11.7632638963887,17.6290219340847
634,10,"F",2,"fair",46.2870641946362,72.904683281588,2.90187320963519,NA,10.4181140878559,11.4482316810738,NA
635,11,"F",1,"good",50.7180624064755,75.2611635599956,4.13296725230987,1.85078694864934,10.6024065157296,8.85305624663815,NA
635,11,"F",2,"good",51.443319131542,72.6569834675813,NA,2.23626842326714,9.82933585750238,11.8196031260462,14.7009120790309
635,11,"F",3,"good",48.2612733566878,73.6522639324501,4.12942564310196,2.05484892281159,9.44581760439999,12.2098720960368,18.0532025821831
635,11,"M",4,"good",55.3938745600827,74.6435260439989,5.70890816293012,2.16520638040703,11.4449777693658,11.5356882689462,16.6804825282689
635,11,"M",5,"good",47.3259911653854,73.2622207030829,4.16724521841027,1.8300294005981,9.51354860529864,12.3526050360158,17.7761356010609
635,11,"F",6,"good",48.8529323927181,72.6281752304104,4.52652008354913,2.15448943405677,10.3559057865141,11.0397674771555,NA
635,11,"M",7,"good",49.6884572167879,70.9395895514125,4.288933550412,2.17859073312567,8.0981846436959,10.852296216599,19.6746129470296
635,11,"F",8,"good",47.784457457456,70.2120667500233,3.45261785063071,1.75927878877676,9.13971354291944,10.5753285357048,18.4681183900342
635,11,"M",9,"good",47.3926404077321,67.8379943945217,4.6810745328493,1.47009816677691,8.67783269423995,11.7090031786481,NA
636,12,"F",1,"fair",45.5618250576855,71.9013019888336,2.83258748389271,NA,8.98668990992311,13.2240449645042,21.0754123733628
636,12,"F",2,"fair",45.1143128566574,71.112820029195,3.83294659702725,1.34629406995054,7.13535124251456,10.9447835934305,22.5653511961316
637,1,"F",1,"fair",44.2031343281336,69.8677975014526,2.78363834091733,1.96455704249733,8.56480885580811,11.0857599094452,19.9653758382566
637,1,"M",2,"fair",45.9422798206229,72.0625529323944,3.06935150134493,1.84135840566662,8.96843608596751,10.2873933330032,21.8729206145639
637,1,"F",3,"fair",43.4416228801601,70.3591607179042,NA,1.96939475394368,9.08832978715803,8.6563466602356,NA
637,1,"F",4,"fair",42.510186141481,66.0385243457021,2.78579816407113,1.58268914889791,7.05624962991894,12.1972034360127,22.2490013092503
637,1,"F",5,"fair",41.0686125514145,66.0915128590829,NA,NA,8.00673481253684,12.6028221789123,20.6665638766671
637,1,"F",6,"fair",40.8390370951506,65.5123329470716,1.3575553571179,1.86151938186172,7.75503714652121,14.4594263963198,23.8819633318434
637,1,"F",7,"fair",46.2070681062407,70.4804585627848,2.24596950893952,1.6713458554865,10.4793237257442,11.379425034572,20.2035431884541
638,2,"F",1,"fair",45.7186384726716,72.1207953389792,3.20531534270897,1.1459452651726,8.79600427684402,12.217445067239,16.1098988725143
638,2,"F",2,"fair",46.6186903692285,70.5907232131576,2.71409594946214,1.24872635779203,5.82616023350404,NA,25.2295871139143
638,2,"M",3,"fair",43.9770378206069,70.7646083005772,2.55998278625182,1.41310275968654,6.79936630711152,10.4609227209025,22.5368289770317
638,2,"F",4,"fair",47.069612685184,68.7198375246601,2.40532487072428,0.917694250288794,7.27367611835758,12.3025881405173,20.0053817998706
638,2,"F",5,"fair",46.7348549705978,69.067777870342,3.43017830787094,NA,7.44054621368702,12.4693030220993,21.5221257216497
638,2,"F",6,"fair",45.415628368048,68.5578590702865,3.28992657885093,1.5132595662944,8.40225877137007,11.6930969863376,19.9559807472376
639,3,"F",1,"fair",47.2312244638249,67.9218405120335,3.23481389660276,NA,11.6899162720974,8.71526690098526,17.3297618940113
639,3,"F",2,"fair",45.1644784558754,70.8393783388811,2.79639792240845,2.17778629127709,11.156351921695,12.2415302853099,24.396317969898
640,4,"F",1,"good",52.0826018578251,73.0146211958092,5.79473929927847,1.17786837533369,7.0652777908572,13.0208622281598,23.4569838887916
640,4,"M",2,"good",54.7718619874778,74.5070966928162,6.01600954771357,1.08013996655905,7.10889509307884,13.5876338112466,24.8242000356755
640,4,"F",3,"good",52.3451632454265,70.2196560485592,NA,1.06835075778334,8.10354977557479,13.763230272884,20.0347730362869
640,4,"M",4,"good",50.6324728907167,71.0757180329423,5.13481533274463,1.22999327599553,7.1577887346482,12.2672878380603,19.8423864921381
640,4,"F",5,"good",54.3009145405173,78.8022101547053,4.70506200031554,1.22904795277264,7.85499673649754,13.9481458866803,20.6011517262911
640,4,"M",6,"good",54.6629302696518,76.465091267618,4.18328056778025,1.26138032640165,8.04960703056845,NA,23.96519655004
641,5,"F",1,"poor",41.0927995106268,71.0377599432013,1.37757159445581,1.79394288984761,4.42536061626393,13.9833710799058,27.5170532516184
641,5,"M",2,"poor",41.665866745626,68.145272887593,2.8377142374803,0.954500160113099,4.15031871460567,15.2468113017662,27.7493692464001
641,5,"F",3,"poor",44.099568486295,67.840137763866,1.99620901966071,1.06248900893854,5.16077069246549,15.1816669938875,24.0920363353446
641,5,"M",4,"poor",42.9532138462338,65.4056939167859,0.0739721885515725,1.01143667945716,4.14639700046319,15.4400140209374,26.9973078529129
641,5,"M",5,"poor",39.8167812916562,67.0837257533925,3.67399423965086,0.810927644993131,5.23765101823181,15.5672586480646,33.2046723390946
642,6,"F",1,"fair",46.4527264870526,72.3779206874984,NA,1.47874503972156,9.54146435825655,12.0315736273813,25.7181661201111
642,6,"M",2,"fair",47.2106076291985,70.9412798305337,2.95454734216557,1.54163561260469,9.9816493374005,10.8108261943973,15.2115917107599
642,6,"F",3,"fair",43.6949277681084,71.1586417659777,3.5356091931914,1.38606256426128,10.1124303955242,12.1942575986874,20.921983082166
643,7,"F",1,"good",47.4498862030877,71.2244833457308,3.4003349325377,1.96314605987325,9.32468677590286,10.9967064548121,18.8184073169219
643,7,"F",2,"good",44.8685932983229,74.4950121307353,4.48401913361581,1.786826374444,8.13233890982502,10.3324393654841,17.9079922957844
643,7,"F",3,"good",45.0787228957309,68.4927171351254,2.30501158220703,1.75758536674365,7.69000520617944,12.0404746861223,24.4017715083367
643,7,"M",4,"good",50.8019031257739,73.7742885340005,4.94660274302976,1.84252068165701,9.5898770851511,11.3224638695569,19.7287729661876
644,8,"F",1,"good",48.8828966989013,71.8724380205073,3.59629179821958,1.58018410887767,8.64589491713235,12.8539466666191,21.2321065462841
644,8,"F",2,"good",47.3974869718259,74.5234798180462,3.57108099412122,1.55301073987091,7.68606260721993,11.3965021575998,24.4962914563166
644,8,"M",3,"good",51.1683295549774,73.5174161363753,5.75485357277136,1.37376473133011,8.14064538568922,12.0950117475148,18.5623668035871
645,9,"M",1,"good",53.2155146566697,77.2132022592485,6.4604068349343,2.18827101019463,11.9309717412964,7.900769815505,12.952463886486
645,9,"F",2,"good",57.4936376652599,78.4862116741502,6.78014550616114,2.76829064614967,12.8746213673517,9.71607026160046,NA
645,9,"F",3,"good",55.642394938756,81.5056603375815,6.12841660092614,1.99531028189648,10.1897297215244,10.2281443642156,15.2738407449383
645,9,"M",4,"good",55.9449743714469,75.954204006803,NA,2.48381635589803,11.422506868011,8.89895794300128,10.8226510784537
646,10,"M",1,"poor",46.9766317072156,69.671731454069,1.34126782178217,1.38259122842904,8.26153965851486,13.7797299503077,22.5589155426686
647,11,"M",1,"poor",38.7146232045681,63.6092276253225,2.24651932180731,0.474057785284898,4.29644106656389,15.3426270086309,29.0824368579629
647,11,"F",2,"poor",37.3090122243372,65.8941662380038,0,0.371913463560345,4.98578524512675,NA,23.7336750557912
647,11,"F",3,"poor",38.6583160285042,61.1882250384773,0.408963378200155,0.359158624861288,4.49910939095668,16.1102755023458,NA
647,11,"F",4,"poor",37.7973461820275,63.4406431365049,0.272482841363023,0.504410359879148,3.8421426777026,15.3679706151854,25.9236839661342
647,11,"F",5,"poor",37.4557115548836,66.8386313770997,0.623589948508523,0.967107615762912,5.4664064062904,13.5808967736946,24.4279598755924
648,12,"F",1,"good",50.4344540853083,75.8810373717901,5.44020253559662,3.16973258403366,13.3648088908826,8.91544342793835,8.92978493780417
648,12,"F",2,"good",52.2025899112252,78.3911501400375,6.12105961940849,2.77313251246887,12.6180412708635,7.89909517259726,NA
648,12,"F",3,"good",45.5977157582663,73.0961780062782,3.34480334119322,2.84484893423233,11.4796945090107,7.78688312459954,14.211036356402
648,12,"F",4,"good",49.2656098191757,73.9827303039941,2.49520826923587,2.7741281066051,11.0371135518819,9.13800863293243,12.3727287842339
648,12,"M",5,"good",52.7133537427796,72.6248010718814,3.11560723202737,2.77586088153919,11.728163235002,8.13702809058753,15.8687145504552
648,12,"F",6,"good",50.9808424663908,72.9169994870143,5.23540425828502,2.50198026142237,12.9695304989892,10.2851750755483,14.1261323930049
649,1,"M",1,"fair",44.4974993922678,67.2306765173216,2.54357885400581,0.968980240212704,5.72434686125367,14.0221242990485,26.9929421845875
649,1,"F",2,"fair",45.9068841903998,70.7317461415915,4.18523270588301,1.30084392347603,7.27836299466092,14.3261087255826,26.3620692095418
650,2,"M",1,"good",46.66754317527,70.7841430172329,3.05890932098893,2.33257533084229,13.8557634182062,10.6334249950736,12.2274918964954
650,2,"M",2,"good",49.028045508791,72.5530236875051,4.80240507365219,2.52856304856052,11.7141610470598,8.17472572379153,16.4662433821515
650,2,"M",3,"good",45.8893848828863,71.5006355019725,2.25091385099858,2.06772852662983,11.7835426587226,9.34427708683745,16.5220531543413
650,2,"F",4,"good",46.3003941510782,71.7635129361262,3.62554584942049,2.29233613088366,10.6561623671642,8.9415963804477,13.852448719412
651,3,"M",1,"fair",50.7591710696395,73.213907778743,4.68221370101742,2.21590315052177,11.0530278606955,11.6261708139815,16.5090041095969
651,3,"F",2,"fair",46.4642411844563,69.7010593380008,NA,2.18195797765329,9.73170875622914,10.7703564728056,18.6486520392122
651,3,"F",3,"fair",50.6571727901635,71.1965590801864,3.468088688743,NA,12.1645560220144,12.2534283470468,18.5529502141308
651,3,"M",4,"fair",50.0629508213346,72.7586480829584,3.60922452615938,2.22421765585784,11.1021283471357,10.6602126390011,14.5433776690693
652,4,"F",1,"fair",46.8980623293665,71.0211757027463,2.21734212873066,2.05966229362518,10.3276417144036,NA,18.2945802536092
652,4,"F",2,"fair",49.0180376986534,73.7643377181168,3.81934551157517,2.05114492666905,10.0036999032533,12.1798206495305,19.0186994573396
652,4,"M",3,"fair",45.327742776245,72.2538183531865,5.28040249626947,1.98559848571624,11.6818597945466,9.840343679132,17.2239271160031
652,4,"M",4,"fair",51.0568699687254,74.2905281886187,4.56350415143198,1.8260301071218,9.40109894608775,11.5764228103963,NA
652,4,"F",5,"fair",46.5106097334461,69.2517914521407,3.51345170596486,2.07158934607164,10.3223033541858,9.0557401540883,19.2823922345036
652,4,"F",6,"fair",47.8479575453584,72.4500244579241,3.48115225593659,2.04558852043955,9.89365340870962,10.6268937238377,23.0373634944568
652,4,"F",7,"fair",49.2020117685315,74.5385596488002,3.99295672696779,2.18436493709905,8.98855146568429,13.3889604856023,15.1257147546381
653,5,"F",1,"fair",43.7191141088777,63.3300418355777,3.27204332206064,1.90857138008493,6.3743901325113,NA,24.4715310427933
653,5,"M",2,"fair",45.2721327848093,68.2825373808767,1.69606196522432,1.7206296068283,11.3326078989941,11.558136205706,21.6347059680207
653,5,"M",3,"fair",45.4525211889361,69.8244807577323,2.40428854844202,1.44724850162791,6.41696586941602,NA,26.6092690898718
653,5,"F",4,"fair",45.8895782455428,67.7369907987434,3.20746702930995,1.53316156193843,8.24280865121746,12.7857932749017,NA
654,6,"F",1,"good",42.2637302694036,73.3509379133899,3.80358395539006,1.64456937800476,9.11051262630116,11.4157372211726,18.2809195943794
654,6,"M",2,"good",46.5998733659305,72.3395285929954,3.21397720004068,1.8520645569773,9.50007783317449,10.7973413438337,16.7272028878226
654,6,"M",3,"good",48.3485809084078,72.2828801004618,NA,1.58495977192765,10.0519112935041,13.9696959839628,14.9797265678699
654,6,"M",4,"good",43.4283002682243,68.9575928288736,2.24995409822456,2.13065691680906,9.98160356688938,10.906720100812,18.8662576327236
654,6,"M",5,"good",49.2687494574006,72.5269058455725,3.78137461112399,2.4308518284168,10.5351226697856,10.4039432445175,13.9687315240633
654,6,"F",6,"good",49.5967014350286,70.88839155545,4.56716332406377,2.208779307679,9.83300903599371,NA,17.9631057963402
654,6,"M",7,"good",46.0255050602564,72.5269011104627,3.35872460953882,1.98674434997359,11.165553690443,11.6192100994983,19.2795008362318
655,7,"F",1,"good",43.6723358761121,68.8716341721695,3.26870505842063,1.92112459979776,9.80151893818112,11.8863445187519,20.3449275978119
655,7,"F",2,"good",44.2223685407666,70.3125578997474,3.12899112153757,1.92685094923301,9.66465214719409,13.8914580919716,NA
655,7,"M",3,"good",44.6739350808248,69.9860363992344,NA,NA,9.0381478206862,13.1421978792939,19.6818349688652
655,7,"M",4,"good",44.6661088540185,67.8257326185703,2.24849884975964,1.70588042313316,10.7610166970553,11.9659543362276,NA
655,7,"F",5,"good",44.939137351258,71.5696495738608,3.28238603062886,1.94551502536774,9.07495621650185,9.86401578638502,19.9516967781251
656,8,"M",1,"good",55.1901161048038,74.1311653679135,NA,3.17911265688129,16.352021155628,8.37176486688845,10.0315020903319
656,8,"F",2,"good",53.7345489877801,75.4115425689277,6.27174681398556,3.85708692562695,15.5551444618015,7.72286877541688,9.23946438649686
656,8,"F",3,"good",52.165185494398,74.9113696401318,NA,2.76830663239731,14.8714525464715,7.73335650757857,14.1635644261636
656,8,"M",4,"good",60.451578165744,78.5956857183499,6.3955311906885,3.67553068278517,16.390466632226,5.95433517426882,4.60421158161724
657,9,"F",1,"fair",42.6329855532813,66.2929309153638,2.05384546664691,1.60479540735249,7.45437774575568,15.1723576964875,26.0615743550608
657,9,"M",2,"fair",42.4818658475592,63.8196457029808,1.63573664105928,1.30634418149982,4.3021316999562,NA,23.5403360208955
657,9,"F",3,"fair",43.456098119858,68.2868303413904,1.21049212537886,0.933055431672919,7.08559352061421,15.4472896692012,NA
657,9,"M",4,"fair",39.915240370662,63.199958517644,NA,0.932554380086902,5.739319196699,15.6424019293102,29.1391208595741
658,10,"M",1,"good",58.1372706331572,78.9078409838721,7.32437634058952,3.01173508387793,12.7298166921475,8.23948796734729,11.5950399262129
658,10,"F",2,"good",51.0447360897872,77.7726823007395,6.11928072369311,2.7085522203967,13.09701087645,10.1101471589293,12.8717714904403
658,10,"F",3,"good",54.5277799885205,79.6974893417609,7.84155540323052,NA,13.0790329439567,10.7300969086354,15.4061404318537
659,11,"M",1,"fair",40.7967834336561,64.099446935364,0.649681234127509,0.970584059242066,7.33916507618753,16.8763731165335,21.144470920201
659,11,"M",2,"fair",37.3830452468257,68.3963286194002,2.09083102498998,0.808584743851438,6.27028724521835,13.5219013603594,20.7895435079829
659,11,"M",3,"fair",41.1141575268277,65.0368769304885,1.56162577320121,0.992188601692423,5.91481125540769,13.9349825662668,28.6141136371135
659,11,"F",4,"fair",38.5164341136916,64.961549083598,1.14040015160813,0.961547813284445,6.94943521862296,13.4448071239949,26.742234032139
659,11,"F",5,"fair",39.6492994091648,65.009781279931,1.45496834685322,1.03857254315991,4.99580891391639,15.7736788707391,NA
659,11,"F",6,"fair",42.5621149132431,65.5292639962358,2.76882579274792,1.45282558029724,7.20535473333198,14.4490964749691,23.6407231853077
659,11,"F",7,"fair",40.7936658272533,65.7045750245967,2.23908233126144,0.685041826554612,6.78147609338621,14.1020852392885,27.3883495708709
660,12,"F",1,"poor",40.7260616897503,67.1121403067172,0.875109219227505,0.660011991486837,2.91789511056729,15.0856928166868,29.9090305563747
660,12,"F",2,"poor",39.9724156139023,66.1431363339259,3.01269311868504,1.00241288522012,5.66234196942007,NA,25.8663285063179
661,1,"F",1,"good",58.678649622514,75.1406825514036,5.36549938958645,1.89965066276334,8.45741391404227,11.5255468797567,19.1427271445677
661,1,"F",2,"good",56.5847438963345,75.5874545425758,4.24041258752218,1.97028439027233,10.035441807305,12.9444402157482,16.2862971743934
661,1,"M",3,"good",51.0080250878933,80.1367066380527,5.91692505636765,1.63911934282052,7.44981732623607,11.3044254117919,19.2172733488418
661,1,"M",4,"good",52.3468978091259,77.2134374607677,5.67802920671465,2.01101774179135,10.064571849369,12.0685199324886,19.3803256173448
661,1,"M",5,"good",56.5375732014168,79.95992782302,6.72102903106423,1.79067813341858,10.0193512558235,10.3755419611801,20.9323994418178
661,1,"M",6,"good",55.3177686148981,74.061188305948,4.93025047631792,1.79449435915015,8.86471642453836,12.3455228437374,16.7750132732788
661,1,"F",7,"good",55.1221945265232,75.2795778786139,5.87434042070779,1.8909016252244,9.42334567412009,NA,NA
662,2,"F",1,"good",47.7746878941475,69.7733013643232,4.10205136701379,2.21913940915479,10.2096826120866,10.3416857239949,14.8312684221252
662,2,"F",2,"good",49.5379229414617,68.3344453951077,4.01713737689931,1.92613034993307,11.8589222935245,8.56769238158827,14.9127160637071
663,3,"F",1,"good",60.5447500511753,76.9469417391019,6.84921062794738,NA,10.5685185894021,NA,14.1276136707226
663,3,"F",2,"good",57.5565303199381,77.6623773579891,5.70843190099014,2.36204414415986,11.1443977953133,10.4088314481181,13.2428332892511
663,3,"F",3,"good",56.1723267792707,76.8145580884109,5.51571937101354,NA,12.6105750356272,12.4001170074026,17.9953390705876
663,3,"M",4,"good",56.554587842735,80.1807585762177,6.56967475917205,1.8405398462982,10.7472193409495,10.2934357158981,NA
663,3,"F",5,"good",59.8217778278309,83.9358985706859,7.42531771153344,2.08697570658494,10.8859737706974,10.9162505123851,13.8070150624655
663,3,"F",6,"good",60.4502370048643,83.0939861792431,6.39771006405921,2.3904638029886,11.6684247265087,10.5500317501831,NA
664,4,"M",1,"good",48.0371635479814,74.9618808816232,4.85878570861714,2.70019375995163,14.4730924314478,NA,17.7277953847259
664,4,"F",2,"good",44.6011964661925,71.9635471943532,3.63562053933726,2.29967845476605,14.4960051360749,8.25850908760181,16.8732865912819
664,4,"M",3,"good",45.8586260881478,68.8127683434213,3.1758891100149,2.57728523978796,13.9734431916819,8.16921458390338,9.7611626270758
664,4,"F",4,"good",47.7906502877156,70.6743635966576,NA,2.64545576896351,13.2613811439643,7.16090256618455,14.3578365988377
664,4,"F",5,"good",48.5504854121942,75.3408700547125,3.66641456211587,2.95941729607258,12.8508719711746,8.49188844467872,10.4234171536224
664,4,"M",6,"good",45.8766791765956,71.6973213144177,4.54006923847985,2.56469045265848,12.8132277288874,10.685957448021,11.4398152665467
664,4,"M",7,"good",45.1104506521354,74.633483012305,3.32871729888297,2.96039086559569,12.2002251860113,8.84110287481585,14.909292366491
664,4,"M",8,"good",46.5471108218852,69.3037691474898,3.26370087383337,2.69701886110632,12.2036237768162,8.3663499636823,14.349063216647
664,4,"M",9,"good",44.3739256828442,68.2449119877851,3.79249083902399,NA,12.1827874726176,9.66185428868865,13.4555529361798
665,5,"M",1,"good",52.4442036836755,75.0289003346245,6.55016214902532,2.16009067945226,12.0058310600322,9.6221998980717,16.5779078038674
665,5,"M",2,"good",54.2612765588151,79.8841824385094,7.42972989391138,3.16181874514876,12.9449569045142,8.84155318876429,NA
665,5,"F",3,"good",53.6585433227542,76.8603287205688,6.15073004031668,2.60187331666099,12.4416234416396,9.98223911893054,17.8226302019368
665,5,"M",4,"good",55.7964368896454,78.9353450636784,6.39631954928283,2.63481079365566,13.4716562720673,9.16765269333134,14.1989786984951
665,5,"F",5,"good",55.9213699142498,77.9765358999285,5.80440500114443,2.43382101924221,12.4381954269255,9.02295896797636,15.4205549921195
665,5,"F",6,"good",52.8701811733495,77.9674322612972,7.06511724946206,2.51168637222352,12.5815729125081,7.63809181414123,13.2086573384773
665,5,"F",7,"good",53.175201890938,74.1540916553388,5.55774137435312,2.31117357863387,11.5439028021754,10.3202873579163,18.5285691907397
665,5,"F",8,"good",55.4359903012834,75.8647132475137,6.20326054901205,2.22088045287451,12.2078393150564,10.3555330637061,11.4879660318635
665,5,"F",9,"good",55.4121034997755,74.9133824209241,5.9030489118421,NA,13.7367256951622,9.56652985126225,10.3188093689561
666,6,"M",1,"good",56.9774403106256,75.5267596912954,NA,1.11735774858767,7.47508429641633,12.9971055505697,22.2505593406883
666,6,"F",2,"good",50.3529658637629,73.0525891580546,4.7736171554608,1.50021023653409,7.04940121788897,14.8256789806519,18.2165162645395
667,7,"F",1,"good",57.103952081164,75.5727728830795,6.40409804446901,2.43551826437868,13.4509601168935,10.9342363270098,15.0442607300969
667,7,"M",2,"good",57.3301024025555,76.8644325618878,6.28827594654525,2.67527581437737,11.7849011818597,9.13853773243098,10.4886259620401
667,7,"M",3,"good",55.6837815160746,78.0075504234464,5.59070339242847,2.52228573987662,11.7523060801381,9.6764772847814,9.76892425740149
667,7,"M",4,"good",57.2919936818657,80.0184439946521,6.78710979127782,2.49865804865904,13.1794988655335,7.95288411556521,12.1726784488029
667,7,"F",5,"good",58.3265801758213,80.4664537356314,6.94497923725161,2.63144049408241,12.6318317889435,8.46789686202295,13.4187059299102
667,7,"F",6,"good",54.7113254061994,78.1460054160925,5.58755663871732,2.25724659644794,11.530176741331,9.87363625221286,16.9073685870024
667,7,"F",7,"good",56.2799829647683,80.0619414866729,6.77239859811823,NA,14.093624528912,9.68979629466813,14.9444925859138
667,7,"M",8,"good",55.9171880128475,76.9323314998133,6.2505299997604,2.2508710876347,12.566521814305,10.0147805675852,12.7167439779193
668,8,"F",1,"fair",51.5425660920423,73.4090065629315,4.29814626186706,1.93104024285372,8.75916919528976,12.0590726907709,20.0042398298419
668,8,"F",2,"fair",52.9419228679521,75.5389471940463,4.79488812177911,2.41301949816489,9.59078888441679,12.2627606396123,17.6335473282538
668,8,"F",3,"fair",45.2814156377537,70.0489520886031,3.40757144736367,1.92818152865911,9.95964862998927,11.055790802368,20.0065664645626
668,8,"M",4,"fair",49.4932873710594,71.9960415022455,NA,2.20819931411347,9.10682098802033,9.7109723424921,20.7322001823172
668,8,"M",5,"fair",52.7483068246113,73.7710439886024,4.41689367297624,2.05647244064475,10.2611034901553,9.68041625724711,16.7701913487595
668,8,"F",6,"fair",54.8034345827866,74.5288425030281,5.96270820390792,2.10227009310342,10.3051541860881,NA,21.7003919565151
668,8,"F",7,"fair",50.230823378272,74.5591613292055,5.91013979657945,2.03655367397474,8.74317970952223,11.6659060912852,17.9667185596166
669,9,"F",1,"good",49.0404570095371,74.5053880995117,4.9162566140312,NA,10.0401131048692,10.6399317263185,13.4126014809219
669,9,"M",2,"good",47.1031388379239,72.1769756423984,NA,1.57908708848396,9.76198473212889,11.4711192930044,19.6287761669967
669,9,"M",3,"good",47.2075586031675,67.1834667306549,2.45327724556289,1.72787719656162,9.35149362526976,10.5200793677489,21.7022781167549
669,9,"F",4,"good",48.7105086895269,72.9722605952251,6.18761261801221,2.2027837986046,8.69513045113863,9.39681012949156,18.5882246985929
669,9,"M",5,"good",46.6831205961942,72.2480874574725,4.19853614561346,2.23126712854776,9.90851439046919,9.8626269531798,18.3425148040401
669,9,"M",6,"good",43.0526652479086,71.903525351422,2.98037863284901,2.11643771950948,9.35203269556836,11.3152080559097,19.7283795493755
670,10,"M",1,"fair",47.9312415130647,73.209442201819,NA,2.44884532650632,10.9042620549539,10.0624703479622,15.4974702536576
670,10,"M",2,"fair",43.7766139639533,72.8602236581084,3.20922197672779,2.28182263071255,10.5689890801771,11.4973407582117,19.5799162822957
670,10,"F",3,"fair",46.4488895829591,68.151821644434,4.96275521688028,2.25773233214139,11.7115221586388,9.96731079787887,16.8041062449541
670,10,"F",4,"fair",39.7258937597646,67.0520095039454,2.47136035316789,2.05396340570681,9.42103945444649,10.7966316593613,18.9058286504429
671,11,"M",1,"fair",37.067528840764,65.3226836671526,2.77772550681621,0.810603418122855,4.45245542389881,NA,27.374723536174
671,11,"M",2,"fair",36.5038172958156,65.2668902531539,1.63860058788091,0.735439150495701,5.19281962492486,15.1483138544944,26.0033358593732
671,11,"F",3,"fair",41.7613206605288,70.8072737455396,3.18359806249667,NA,7.1154056445871,13.3162252841168,23.8145296052264
672,12,"M",1,"fair",55.6693038408845,73.4530888842007,6.34729438226025,2.07929985255152,12.875532337984,10.4061451102133,NA
672,12,"M",2,"fair",53.427531202297,73.6269103282421,5.26749240961967,2.07715601851459,11.9454160185127,10.3974107195218,18.6601329926319
672,12,"M",3,"fair",51.752963863152,73.2535072086113,4.69005418099274,2.3048471610724,11.1757841684215,10.4717481273164,14.609161986634
672,12,"F",4,"fair",52.6228105900559,74.7153041616383,4.13474748087044,1.96663298272269,11.7312242093249,NA,17.269001909519
673,1,"M",1,"good",53.6051856176819,79.3391542612351,5.7523945459246,2.5617071992815,11.7349332005325,NA,14.4779370141517
673,1,"F",2,"good",55.1159948426309,74.9849858774505,NA,2.35387042949797,13.0313750610314,9.7108970499937,10.6734568818241
673,1,"M",3,"good",54.3461435049648,75.4310065441795,5.50175319139105,NA,11.6832217814952,10.5712654089879,12.5256358991411
674,2,"M",1,"good",57.6403530495276,78.799159141395,NA,3.17285446515726,15.2728403295188,8.81790758206333,8.63305978088751
674,2,"F",2,"good",57.1801128214514,79.5813821646411,8.33040882410584,3.1189616207936,14.7338597242705,6.14073388199105,12.3538708870522
674,2,"F",3,"good",57.2106846410565,79.4000575922665,5.39765857013267,2.88538155204755,14.1140220630783,7.02067887090066,9.30801673994033
675,3,"F",1,"good",48.4727769988268,73.8017065445777,NA,2.53265186760462,13.3459789955946,9.41090405745958,12.640886006608
675,3,"M",2,"good",47.1343888074403,70.7019230815814,3.80200908736724,2.03633647860884,9.05909911355736,10.0397213341042,12.7339812006446
675,3,"F",3,"good",49.0979594794426,69.0580667547835,3.4888871742233,2.35214199274571,10.791223033447,10.3502906931576,NA
675,3,"M",4,"good",48.165769221982,74.5823199982133,2.76378420168984,2.39270459200355,10.4016486553435,10.4889800518699,19.0880338552499
675,3,"M",5,"good",50.6279466467906,73.3451542058676,NA,2.56851691882137,12.6593942678735,11.1206039602278,20.3877757561422
675,3,"F",6,"good",49.6323848423003,72.3944059475104,4.36014683305453,2.64942667619777,11.9166548721964,10.2913657155901,16.6963665909249
676,4,"M",1,"fair",47.8670297409726,74.4794283812034,5.01584781014208,1.79815005364776,9.8397860127104,11.2885206861993,24.6717655044222
676,4,"F",2,"fair",45.5640447440693,67.6721639351545,4.4913797906696,1.70616674520876,8.47953313970745,14.0052104647712,NA
676,4,"M",3,"fair",47.8389085023035,71.5991155848251,3.18353743136091,1.41401063997034,7.9181367801926,12.4618268395952,20.7404732624054
676,4,"F",4,"fair",45.7013251432542,68.8705698872454,4.01786302436615,1.76687418206118,8.37398559136168,10.6488970659267,NA
676,4,"F",5,"fair",48.4896046808441,68.4618654805833,3.64120995642942,1.84522977514607,8.51802995158148,12.5572222890643,14.3816949374999
677,5,"F",1,"fair",52.4967982491498,72.5594154603708,3.39126357332501,2.25750985070761,13.6025419316077,8.45767619602485,12.417009484663
677,5,"M",2,"fair",47.0679450052327,72.5315544575314,3.66181523016002,NA,11.3749523553727,11.4930055615709,15.6277316672379
677,5,"M",3,"fair",46.7609051889157,71.3095669284504,NA,NA,11.4372597234204,NA,17.1217851102803
677,5,"F",4,"fair",48.1431503355184,70.416188746204,NA,2.58539542493237,11.6427233357454,11.7311765517231,17.5292661655533
677,5,"M",5,"fair",55.2084800878209,76.1922170290166,4.47647209954948,3.07173499012209,13.2090132823043,9.85317403085145,16.3536331121446
678,6,"F",1,"fair",46.1418748101327,68.4915570880356,2.9523653975133,2.05215000207205,8.75727755285381,9.11788225980571,16.9298791080846
678,6,"F",2,"fair",44.348437128405,69.4570146015074,2.86017346748375,1.88499212071102,10.4216844280711,11.568721664145,21.0725795448342
678,6,"M",3,"fair",46.5313588597206,69.2737515146167,2.61324813116162,1.85464249912598,8.90456477680863,13.7819658442642,17.3999286763651
679,7,"F",1,"fair",48.3450875559984,68.6906417712646,2.7421983103516,2.51033356799815,9.66217740915647,11.5923433960446,18.5186136690423
679,7,"M",2,"fair",46.6546407042586,71.6154829680387,4.35254623290972,2.40103651504272,10.8656815023733,10.4685148979414,15.6339120061325
679,7,"F",3,"fair",47.8050487497845,72.3222523242927,NA,2.29377713093961,9.83154896271671,9.33484778001269,17.49266957698
679,7,"M",4,"fair",44.4878104686173,69.4825277656644,3.50595963882843,1.98697575150722,11.5605528836267,10.5605708014504,NA
679,7,"F",5,"fair",45.5174453686989,69.682689492809,2.98573907949737,2.30071602675132,11.5591047946785,10.221535031472,18.6684849159874
679,7,"F",6,"fair",48.3058237605167,71.9726675464301,3.77566363022776,2.12814484091958,10.1821338721267,11.3571787032901,17.6743494533926
680,8,"F",1,"poor",39.1520369282969,64.42323194874,2.61409866522232,0.762712347864898,4.14082375961335,13.222558154326,26.5678651692544
680,8,"M",2,"poor",39.0230055062335,66.5667270545753,1.96872224513581,1.03216016837683,5.33223391210636,16.5969844985123,30.0733998886485
680,8,"M",3,"poor",40.901010041403,66.7146981134805,2.48752752018581,0.726681495838977,5.4638534466611,13.6260648130585,26.2882641073869
680,8,"M",4,"poor",39.9396241884843,63.6686635886366,1.53794008023012,1.03057833734076,3.08080904914608,15.7289579293418,27.4558826390258
680,8,"F",5,"poor",37.9798201227806,64.3263595460017,1.77709377189571,0.880141809860829,5.18229522933467,14.7170456039781,27.097033933248
680,8,"F",6,"poor",38.0760927457791,62.9903658084651,1.27123875431651,0.876055476389986,6.22371620714333,13.837836242248,24.7266854054724
680,8,"F",7,"poor",38.516329927518,68.1135472073968,0.899256942284008,1.04289216830636,6.26567426783058,12.2455347289184,29.0486457144715
681,9,"F",1,"fair",47.9976218927098,73.4060084917058,3.68965431462748,1.47111442032642,8.50322542457334,13.4220188021841,22.4515425136034
681,9,"M",2,"fair",47.2884878244325,71.9952076213388,3.64621907685461,1.63047514850594,7.53196521181279,12.3609658234603,22.358263484301
681,9,"M",3,"fair",48.3566223576662,69.4313186875424,4.52905923710203,1.30921470872223,8.85803338124248,12.8625545249467,25.1109434967215
681,9,"F",4,"fair",49.088205855885,69.2045437840398,3.97118199588381,1.43619108462127,7.31328780868504,14.8629318137279,23.2423482316081
681,9,"M",5,"fair",46.8314157279137,69.487573622662,3.08083475101616,1.39603383239869,6.76725777030371,12.9557571912105,22.1174416601719
682,10,"M",1,"good",54.0805299359851,72.1869078862702,5.96312015580495,NA,7.383840891948,14.1820217702789,21.3935262999925
682,10,"F",2,"good",51.7566598849517,73.8394576530028,4.30023760798764,1.38548935828976,8.39643358365985,NA,22.0611338880233
682,10,"M",3,"good",52.2405463362001,74.8165714727524,4.06732490036756,NA,9.47909730400792,12.6705843320748,20.1466171272216
682,10,"M",4,"good",49.9201564217263,74.4228794559085,6.1392381266848,2.19175871314819,9.01840844209762,11.7971776805933,18.8602045498631
683,11,"M",1,"fair",47.1527302072577,69.8872559241903,3.39018960034925,1.7197846070841,7.5982385235447,10.5325012847876,NA
683,11,"M",2,"fair",46.2858230913441,73.6507962674684,2.5175477206446,1.38828735618625,9.09035759338057,11.5448946738531,18.7764194343326
683,11,"F",3,"fair",43.6338495893525,69.0138861728264,NA,1.3131398249536,8.82355906974152,12.588762270518,16.5083708043509
683,11,"F",4,"fair",43.6413609371729,69.5595118126693,3.47254234506579,1.4728510344295,8.51003569339282,11.91366705592,17.4980543765697
683,11,"M",5,"fair",47.3333897375746,68.1279919328747,3.82895041673879,NA,7.98638183004684,13.6670782596228,21.7593264878046
683,11,"M",6,"fair",40.750182688506,65.41238769405,1.86028090452357,0.730156174966668,6.52316697303426,12.6535468496275,26.9498706362596
683,11,"F",7,"fair",47.7756965640173,73.6758115244757,3.21360698107099,1.40602608341632,9.03573589051631,12.0580993762424,20.3557233217884
684,12,"F",1,"good",53.0955626955557,78.1507331248032,6.27671040359922,2.92777445502385,12.163549399277,11.0955275365348,17.801190443137
684,12,"M",2,"good",51.627706752638,70.4121581490643,6.41039355391777,NA,13.8145981923159,10.0412515920964,13.1811382948533
684,12,"F",3,"good",55.3290396283466,74.9515820703872,5.2599603414213,2.60903153454376,11.0874686717603,10.3526511596873,11.1149996117552
684,12,"F",4,"good",51.6959196513217,73.3770397136258,5.43276868481242,2.54647501635635,11.4332807087698,10.3034928713989,18.1033059389698
684,12,"F",5,"good",52.351572546812,74.9600134008224,5.23238703598721,2.52425942933563,12.2175423566968,10.7032279379313,14.3704297382685
684,12,"M",6,"good",55.5188899484303,73.7233191804326,5.28798034332042,3.32840146268595,11.8009599103772,10.2031369840261,14.3436697915629
685,1,"F",1,"fair",39.4305759769398,67.2596788987186,1.66052775629,1.26725284689787,7.4111158724549,13.2377626464949,22.9871476534764
685,1,"F",2,"fair",43.1845697408363,67.450741613636,2.59833570999052,1.54376688620687,5.57230544866036,12.5748780516521,25.8013823431528
685,1,"M",3,"fair",37.8632320708396,65.4364127031211,1.09076385445279,1.26685056134353,7.28443316176168,14.624802108804,24.8454714721887
685,1,"F",4,"fair",40.4246179043299,65.4548278059232,0.719398902884459,1.43272731152983,7.38017895060635,13.9603851393174,24.2647631177711
686,2,"F",1,"good",50.021975472081,75.8891030169648,4.86372408074225,2.48046888672359,13.9909217992613,9.17597012182905,NA
686,2,"F",2,"good",50.460482685398,73.3981769977689,4.50584465655209,2.5702954398,11.0833719209994,9.99325626313605,13.7247895495115
686,2,"M",3,"good",50.7278540361436,72.1367290162064,4.90355149451857,2.54290126554396,11.3229837841998,12.440666259866,13.5526035237873
686,2,"F",4,"good",50.1691737062778,74.0430342035803,5.02379089872617,2.72356175883298,12.2461257591523,11.1436544220015,15.7187418279781
687,3,"M",1,"good",59.5606328987324,78.2372685705665,6.76532836067982,1.79150373396211,8.7266144602525,11.5435784163468,19.6905206889558
687,3,"M",2,"good",55.7334358969851,79.4499175400357,6.35387881342914,2.01678127996603,8.29920229443623,11.7722671465884,19.3606866777988
687,3,"M",3,"good",59.4532065326318,80.1151383931419,7.1395956253164,1.76848348486074,11.0632232767205,11.8044414332414,17.7599006477794
687,3,"M",4,"good",58.390804353469,77.9407122857248,6.15506425547585,1.90335127917174,11.0832380208271,11.9364367518629,21.6993132971773
687,3,"M",5,"good",58.7874955891927,81.2759641518733,7.32444292879368,1.91641920276582,10.1418834528603,11.9199000637776,20.1523485428085
687,3,"F",6,"good",59.2549169764948,79.2272681212679,6.75801809734127,2.17248324115253,10.6840321233474,10.8247284660181,15.5365895261859
687,3,"M",7,"good",57.2162362785898,78.6122279340431,6.84550775963369,2.12742475428039,10.0346744747154,9.46113333040348,21.6556247676929
687,3,"M",8,"good",57.8562418291434,81.4679533022806,7.37902850057453,1.6298073160654,9.69550516489031,10.9228114858801,18.1070087105737
687,3,"F",9,"good",60.3707073974898,77.2633374527781,6.52099454150524,1.98991929806662,9.42628506428599,12.0361016294301,17.7771412089767
688,4,"F",1,"good",56.1262216289485,76.2488554591605,5.49669093408687,2.62860236638742,12.4903789306254,9.62154313484121,13.5140067412907
688,4,"F",2,"good",59.4375965808613,81.0147197436146,7.00421130607679,2.84111147424639,12.9630307336769,6.84610773755618,12.4714327711222
688,4,"M",3,"good",58.5596485388134,79.8705690796847,7.25736036336184,3.10977749082681,14.1577258424674,10.8920634723708,9.11951391411656
689,5,"M",1,"good",49.5350742064208,75.3559591981989,3.79841682775342,1.62519329255361,8.95840284172915,12.7597345457771,17.0454165629198
689,5,"F",2,"good",46.6984730543102,72.1347290376743,NA,1.13929280412023,9.40660187653054,10.7951906997845,15.9099279700873
689,5,"F",3,"good",47.1186860439533,73.8085438985017,2.98229990564262,1.56386315880728,9.50819341067429,12.3407696482932,18.1356734211836
689,5,"F",4,"good",47.6563108101369,68.0506137524093,3.76302696466627,1.4105684699412,7.87217676481468,13.0664952447943,20.9230337497332
689,5,"F",5,"good",47.7051266652727,71.4448901928002,3.50075257065126,1.45698579075724,9.87295294275233,11.6920155468744,21.9108191815398
690,6,"F",1,"good",46.802823298774,71.2762158501773,2.49584304002584,1.21838462881327,8.02077995922782,12.6796100316882,25.557100733588
690,6,"F",2,"good",49.6313347440512,75.0932406900391,5.36912389903307,1.53619749284613,7.24059074307623,13.413674099946,21.4740088048374
690,6,"F",3,"good",51.1669588826234,73.4367253308664,5.71599095102774,1.26987272413485,7.33475100561115,10.3265930457585,23.2674775171778
691,7,"M",1,"fair",38.4794429766984,62.887388223843,0,2.07645780658358,8.73231304948337,14.034147416764,27.4166577698873
691,7,"M",2,"fair",35.1672826280886,61.709298884674,0.286771792776858,1.57557296570819,7.73711418807743,13.1675915507517,27.1155667974513
691,7,"F",3,"fair",34.7100842367599,61.3908407596928,NA,1.79124089157828,8.04278290043334,13.0497333172581,18.6046236574097
691,7,"F",4,"fair",40.6844426644705,65.7376550338979,0.98004234081588,1.97083758755478,7.7178950043225,12.6559831611724,26.5421857007816
691,7,"M",5,"fair",39.6456437507692,64.5859119086192,1.55101783119885,1.59334878435189,8.36866356389051,12.2849724851908,20.272658727739
691,7,"F",6,"fair",36.0151319235512,62.5269389495676,1.24600815706384,1.81440931641936,7.84080448609748,13.057842137859,22.6171512968959
691,7,"M",7,"fair",37.4474643988407,62.3576618329512,0,1.8989941193463,6.34545002127581,14.8807199333927,23.5605525859144
692,8,"F",1,"good",52.2346737475826,75.2311193373039,4.82013310971909,2.57705787718953,8.86581861869073,12.0324995709341,12.3135083781269
692,8,"F",2,"good",50.3152000789446,74.6164271277182,5.89444739746128,2.1232064803205,8.94305169027209,12.6891733995823,15.6156913886094
693,9,"M",1,"fair",44.4055818720986,68.6500550785633,3.16456770668538,1.23422815203418,7.56722304164048,10.0950161991483,22.6773571978841
693,9,"M",2,"fair",39.9890891727309,69.0204720640245,1.1496862951547,1.28221503475362,6.18058746755795,12.6062983875414,26.094139640051
693,9,"M",3,"fair",42.4962829901691,70.4820002462347,2.21482480002955,1.1918144992824,6.10976004039154,12.2260772485837,20.8573422010005
694,10,"F",1,"good",44.6966434945849,70.2303008493658,NA,1.97522999809361,8.10829441495688,10.5684331014576,19.2294469534585
694,10,"F",2,"good",42.1920486069593,71.6383844665455,1.5746831647041,1.74893321137549,7.53032407732608,12.1213023360416,20.1055025536592
694,10,"M",3,"good",46.0631652644595,71.2410207604949,2.02907856454408,1.9972610970243,10.5883690491111,12.8711475276968,17.0845480281114
694,10,"M",4,"good",45.4172360328849,71.8475636657058,2.83081796800291,1.70555626907991,8.14768191462699,9.90172720129397,18.7877742181367
694,10,"M",5,"good",44.7182882006814,71.1042994723779,3.74666084578092,2.21795438726606,10.7027595481648,NA,17.7256264264916
695,11,"F",1,"fair",41.0302332718087,68.8740398939274,1.98131292486267,1.20490682807427,8.2454965898522,11.2794024290914,25.0202556452971
695,11,"F",2,"fair",44.1250437763995,71.5355912117526,2.87608893988912,1.26092928810306,6.4555899807144,NA,20.8155856499117
695,11,"F",3,"fair",41.5626307861725,65.4615733446319,2.05837681544926,1.54839289571018,7.42766822558924,NA,21.1918532368538
695,11,"F",4,"fair",48.4221171268707,70.1397192808872,2.18480888689407,1.39503568079886,5.70165838213579,14.8905365115105,24.1932843588504
695,11,"M",5,"fair",45.9784489791656,67.9194755547468,3.20832195608499,1.3358271970746,7.43942481639943,14.2422262708007,23.4641160565661
696,12,"M",1,"fair",42.7602396232167,66.2429304853131,2.97299224237201,1.09601292538704,5.44575072057056,12.2755167591535,24.9136057459441
696,12,"F",2,"fair",42.7590999736661,66.1353353808918,2.18858391068577,0.99870917911975,5.86773970465717,11.4723477651838,26.8645401136857
696,12,"M",3,"fair",41.6469292149632,69.4165820162023,2.95254280753101,1.35933292883372,5.93395794098749,13.349790106274,22.492980163289
697,1,"F",1,"good",49.8717282523627,69.2509630730456,3.74881175911471,2.81299487601208,10.4553372114985,10.623040725378,14.3421970557051
697,1,"F",2,"good",46.4172881646881,72.2029023460189,3.58349088679187,2.6564729621877,13.1312422448724,10.8697221882867,19.2666609079622
697,1,"F",3,"good",48.4650423645614,71.4787356685819,5.1680967683509,2.47238964074604,12.1757232600624,10.54980859646,12.6474111048672
698,2,"M",1,"good",50.1061860940919,74.0698130193028,4.37018291187232,2.14512203878847,12.218848095276,10.643995317434,15.1180445755838
698,2,"M",2,"good",51.9728874816769,75.8107847317805,4.8242436476502,2.45415545364029,9.74737548969076,10.2705672321937,9.81033895077155
698,2,"F",3,"good",51.8633076307557,73.3241443816528,3.7879153395072,2.24351808261223,9.00927052128355,11.5564728798823,15.6725835940282
698,2,"F",4,"good",51.0419507050737,77.0811440242031,4.58416604638773,2.38567450777956,11.1023178233686,9.51368964903173,12.2913777057222
698,2,"M",5,"good",51.4841127630465,72.1476961641621,3.9955331137973,2.08288764039314,9.91822216517533,10.8276957988789,22.8416041549807
699,3,"M",1,"fair",45.9243190842691,69.0288852816827,2.24666476492242,1.83193502554554,8.08402610128963,NA,24.0132562812175
700,4,"M",1,"good",46.2623199885102,71.705699898587,3.66704460122921,2.76718226091459,12.8950520758632,9.56665290167506,NA
700,4,"M",2,"good",50.8127064778222,71.2324871720772,5.94068346449931,2.82194720145556,14.4272902826233,8.76582581687808,NA
700,4,"M",3,"good",49.0870717370571,72.1366477932334,3.73880628377265,2.29606934918482,11.9636835192765,9.15908796900083,13.3539818304642
700,4,"F",4,"good",48.4358597342181,71.385649882317,3.56569286753925,2.63399454495901,13.0716433623048,9.95749272160948,15.8345831461917
701,5,"M",1,"fair",45.8024044296466,69.5852127015941,4.39644465345428,2.79516628474583,12.6330282566503,10.5394192472694,12.573825741558
701,5,"F",2,"fair",45.7861564563283,68.9586837604516,2.41831134831712,NA,12.1213822663763,9.71807253258113,14.9168011530281
702,6,"M",1,"good",43.6253885595679,68.2069087512384,1.93881360192284,1.58246529877945,7.58917470478446,13.1871360773153,20.3394249660423
702,6,"M",2,"good",42.1111037751759,69.5289927740286,2.50210797215427,1.23407539818374,8.2017297502728,14.4059947350319,22.2750562559766
702,6,"F",3,"good",42.2580872345992,67.4256047762123,1.67021237060274,1.60934752994287,8.39671415034233,14.7819684896218,22.4543837397315
702,6,"M",4,"good",43.0488737522055,68.1315097252197,1.17893400392617,1.56760948084869,8.15938382640691,12.6782051444911,21.5448923671259
702,6,"F",5,"good",46.5307962816142,70.4687954964884,NA,1.68167881027505,9.3417826365861,NA,17.8838318177736
703,7,"F",1,"good",55.8016268185938,76.8952497377021,5.24712316525168,2.77432843537206,12.7228099323417,9.11019604852949,11.4665580064908
703,7,"F",2,"good",54.6675723738254,77.3253558693376,6.80477662375402,2.76635869349239,10.3541050135072,10.5667913842843,12.5568648353337
703,7,"F",3,"good",54.8059254297334,77.5583141674465,6.57899679974485,2.84511704776054,13.333576928604,10.8869977104133,13.5082124844309
703,7,"M",4,"good",57.3391226425451,74.2179969101959,5.81808461927154,2.88538456914059,12.731558119033,8.37163738922518,NA
703,7,"M",5,"good",56.2285350843205,76.0757267596361,4.77741511359108,2.31526037357291,10.9180328057895,8.83030919784627,15.4953664825792
703,7,"F",6,"good",51.6811908543418,75.6801102334533,4.99044265910937,2.80099824908446,11.067752173987,9.3986400522145,11.1967075016936
703,7,"F",7,"good",59.7042496257243,78.7012094769843,6.49763624657176,2.80677824304886,13.71488395286,9.05313863834695,15.1066794335343
703,7,"M",8,"good",55.8701506859505,80.7901237218938,4.26427157502326,2.58133164582414,13.4915702371697,NA,9.11989504538059
703,7,"M",9,"good",56.7523065197157,79.8886125492535,6.45537825191566,2.80732274262372,12.8356520988006,8.06869639732575,17.9485692172215
704,8,"F",1,"good",47.9089889798467,68.6013868305971,4.02401889771567,1.82341875693725,9.78876096126829,NA,15.4110600720904
704,8,"F",2,"good",51.2455136138222,73.6780249784562,2.9627772821067,1.83380634071463,10.6022359818582,10.634458056072,16.2128735350251
704,8,"M",3,"good",48.0424887389853,70.2030181782133,3.8951712611718,2.04529010360357,9.58538500066799,11.0716662176726,15.2004219055551
704,8,"F",4,"good",44.6408786112119,74.2683104242218,3.81187868583595,1.8656528363187,9.16706725055008,11.9347014403823,14.6710927671002
704,8,"F",5,"good",45.5494950103004,71.1981698651247,4.11288706332286,2.27496018366635,8.29551912400591,11.6565436230604,17.8980573949158
704,8,"F",6,"good",46.2768392960688,71.566784526616,3.83389126701262,1.99959999511204,9.22294408103742,9.45457633353302,21.6066580249131
705,9,"F",1,"poor",42.1048451961659,67.8971843852955,NA,NA,4.69111328249203,16.4864974077435,24.7844979400247
705,9,"M",2,"poor",41.2625873033792,69.1567334655502,NA,0.942727336468848,6.13921051503437,15.1673922057383,29.4380245056177
706,10,"M",1,"good",44.1735450790617,67.2280043913573,2.97033484225273,1.39965697106462,7.40740271934178,13.2376047400698,22.5165098042426
706,10,"M",2,"good",43.7252444686696,72.1393841977602,1.89684735412066,1.64672883063322,6.83702210378147,NA,17.7644619585455
706,10,"F",3,"good",45.4229657744017,68.4043364886942,1.95846465713721,0.820963009590999,8.47509253492344,13.8384760255438,27.4418479835851
707,11,"M",1,"good",42.5632232797859,71.9435362908979,3.51236460315816,3.05125131883307,13.8269490729961,7.74757406952534,9.45135990752574
708,12,"F",1,"fair",42.2402754744292,65.9624204038067,3.64636325728323,NA,6.77416618156444,13.0719832164076,19.0996927581256
708,12,"M",2,"fair",44.7584531426636,69.24227490414,1.7622289808396,1.6570966784452,9.4883472651856,9.74847458836829,22.0517023917014
708,12,"F",3,"fair",45.2049534315714,70.1839337836562,2.10740991387396,1.65165413653897,8.69297726295181,13.5615437284995,21.2962067827881
708,12,"M",4,"fair",41.4152930573383,67.1923296056697,1.93892843696432,1.73398985719824,5.44015251089469,12.4952649527494,18.3137997516918
709,1,"M",1,"good",49.511387792275,71.945779101951,3.34156616280374,2.72426547950227,12.2416731051669,11.1483054842614,14.2270164400843
709,1,"F",2,"good",47.1520067407401,73.6943425306903,NA,2.12220901601957,12.0440631528645,11.2296738055979,18.0673444391043
709,1,"F",3,"good",40.0855414425774,71.071152956715,NA,2.17052296925259,9.5561011736476,11.6103775228106,14.5974310887526
710,2,"M",1,"good",50.9750427675664,79.0161060579777,4.46169561781751,NA,11.3908004067129,10.1913469453523,12.5613090542593
710,2,"F",2,"good",54.2252447756557,74.1033700296172,4.5276231449581,2.24181868718731,12.3322525169235,9.38053199327843,17.6924052775832
710,2,"M",3,"good",57.1678225559303,77.743617470655,NA,2.61160164982179,13.3074920683016,9.29438926894052,10.687104167571
710,2,"M",4,"good",57.7613768412442,82.536462435352,5.90483643771837,2.93134096253723,13.429538445478,7.58348660039731,9.3064873325255
710,2,"M",5,"good",56.1148790711918,78.2657596017437,5.99770169820048,2.51680043097462,13.7852795325274,8.10296688406455,10.3050617225786
710,2,"M",6,"good",57.4812466837245,79.0980747292787,4.61906065390057,2.97651636385785,13.9256885922706,7.19285124026145,15.0559456160489
710,2,"M",7,"good",53.262339948233,80.7168104467898,5.32136439665422,3.03187248126473,13.6013547923047,9.03506661978882,11.9656074638891
711,3,"F",1,"good",44.4818709392289,72.1727992583511,NA,2.46056747842935,10.3569324499209,11.3883147768278,18.0516678603556
711,3,"M",2,"good",45.9387594438819,69.0730549814593,2.82195032509744,2.25127843739718,10.1002686074855,14.2909614367691,NA
712,4,"F",1,"fair",44.4271552985588,67.1709143083918,1.77595289889401,2.16824861148121,10.136930232807,12.1152648398806,25.3031028077586
712,4,"M",2,"fair",40.7616250103335,70.5956382672982,2.84582576276127,2.1156957596764,10.7355556607647,13.4496249582658,18.3010119525129
712,4,"F",3,"fair",47.3511222270321,70.2904711226401,3.37742387343363,2.21649644619074,9.64929233856725,11.4286958876333,16.9205463183007
712,4,"F",4,"fair",39.9966486449113,67.2318045334511,3.04418542615851,2.12823645729697,9.86002859076173,12.6957764196728,20.5860957134904
713,5,"M",1,"good",47.243208707197,68.7610651230816,2.77879560091164,3.41524900118369,15.7719289413439,8.59665024653832,9.04839382538695
713,5,"F",2,"good",45.3460150613925,70.3219145537846,3.07095621986467,3.52412991546784,15.6462091289019,5.00393018085974,9.01449205480035
713,5,"M",3,"good",47.1134353533719,69.385720445374,2.36701596740809,3.45791077104705,16.3436625758116,9.23263113746718,11.6782766305924
713,5,"F",4,"good",44.9294817491774,74.2776776391043,4.31315092153222,3.47361107198465,15.4849068163377,5.65468184028134,6.15442655685005
713,5,"M",5,"good",47.6050875003249,70.4297006165219,2.22316969723825,3.12595102865501,15.7157328915202,8.18754969750664,7.88723071793695
714,6,"F",1,"good",47.8605037996438,70.2542881061111,3.92994898657767,1.64707841374721,8.47971409140588,13.6924170555644,15.3997433538227
714,6,"F",2,"good",48.8866483787061,68.3309966099769,1.61607214280517,1.74190474235854,9.47147332846248,11.6803488090059,19.2972284012442
714,6,"F",3,"good",45.7643973094222,71.652312501147,4.09350992637999,1.30487820976423,9.81463100767095,10.1408402729062,15.4767086479196
714,6,"M",4,"good",45.4793222261225,67.2295810151906,4.24177323128239,1.09364644105885,7.30542220360539,13.1375563086085,18.2194069801278
714,6,"M",5,"good",44.5442713719263,71.6943490391199,3.88235289717076,1.56241490482767,8.69336723156832,12.7080919590608,20.9890423566165
714,6,"F",6,"good",46.27650659329,68.9817427213939,2.57613215196507,2.04701074246497,9.47367587742619,NA,NA
714,6,"M",7,"good",49.2722165607792,69.5151734439975,4.34155790453482,1.38918730217227,6.65750985745264,14.1725663599018,27.2925782504559
714,6,"F",8,"good",47.5637613783115,67.7526053893225,4.64450414532268,1.86056465548733,9.39895557419628,13.7001489718501,22.3866983161243
714,6,"F",9,"good",46.6992671886827,71.5049476133098,2.39316212718757,1.59460864449556,9.00529145711942,12.5705042252198,16.8332674851026
715,7,"F",1,"good",48.8061201917557,74.8592234943099,5.15917947926088,NA,11.953719783781,10.3253267183218,13.0174345874061
715,7,"M",2,"good",56.1814047645366,76.6808895540141,4.35127369126589,2.59199371454043,13.0048041095386,6.8606761493861,10.9946789750008
715,7,"F",3,"good",52.5771943301735,77.191199526637,6.29177781723501,2.88726342121264,13.6361915016771,NA,15.9840969574469
715,7,"F",4,"good",54.9414655555534,75.9221323627759,5.67811288881122,2.84005705254804,14.032811709879,9.76616197935675,9.71521424475133
716,8,"F",1,"fair",44.0737534081307,71.4935117412763,3.44738030050605,1.74069862014151,7.21108397066198,12.2349063806624,15.8458826041006
716,8,"F",2,"fair",40.2317066437634,66.6685616823961,2.0468367760661,1.58379575889118,7.49326553206949,12.3115390438932,24.8307323982304
716,8,"M",3,"fair",42.8560918448876,67.3027389041191,1.57530245763804,1.75053543215182,8.42255393770716,9.87679691771451,18.8292529101333
716,8,"M",4,"fair",44.6318386483596,69.0902933666668,2.31161745745086,1.68844708721568,9.00756305777015,14.5468870682742,19.0400719746839
716,8,"F",5,"fair",42.9747040867437,72.2351768171721,1.70766562100272,1.80824288115091,9.52199716693373,12.8835206144691,21.0269376425665
716,8,"M",6,"fair",42.1904228543462,66.3073054069038,2.32022801939912,1.44386544894296,9.49478253074873,12.2626756911986,NA
716,8,"M",7,"fair",44.1246367201005,65.4426455376188,2.44064382184603,1.73387264972191,8.06016494715229,11.7786042578743,16.4374899815328
717,9,"M",1,"good",47.225413091124,71.1988173496314,NA,2.23134559599076,9.3079921125339,10.0875423266193,19.167884666981
717,9,"F",2,"good",49.6910186175295,74.2655588146673,4.18370460807667,2.22930399001663,9.97890896384125,11.6353033624946,NA
717,9,"F",3,"good",47.8490636337297,71.0749384937376,2.88186809038315,1.70825422926265,10.4976140052462,11.5877392140676,22.9830394419783
717,9,"F",4,"good",45.0884622342883,68.7723532200795,5.22588994098403,2.0939658883536,10.4809456358888,12.4994998100109,16.7691509739933
718,10,"M",1,"good",47.9081944326076,72.0830854994206,3.59713384560431,1.19086075941042,7.92823082408098,13.1148278169878,23.7846201992965
718,10,"M",2,"good",45.7625378384457,70.4914039098428,3.47290220118164,1.46330011386041,8.0760050271851,13.2245469366329,20.0992047026806
719,11,"M",1,"good",48.9434773643397,69.552290654729,2.44358836356597,2.62338346447371,12.5184184187681,9.03016618365101,18.7974304592562
719,11,"M",2,"good",48.57081647,74.3185582644581,4.22140621122264,2.31155832897545,11.2187208394574,11.1640052314937,13.5047223796645
719,11,"F",3,"good",48.7836930435291,72.7932303566499,2.39770850658195,2.58395639423898,12.0570652968635,12.0736839552809,18.8994508022054
720,12,"M",1,"fair",47.3953750441887,68.7516917696317,3.31579616159694,2.23771241354498,9.44063309210135,11.1804536147106,21.7222732761178
720,12,"F",2,"fair",47.1966580015566,71.333586649945,5.72577649181625,1.85484645795303,9.93861258429194,10.7712954921123,19.2644239503371
720,12,"F",3,"fair",46.9023550918438,72.0407696467905,3.52426621579284,2.03049875297792,10.5806119374882,14.204650002471,14.726144786837
720,12,"M",4,"fair",45.8764726275096,72.2254158780521,3.50243745680279,2.16480198163027,10.1163074981333,11.6498095840234,20.6466706319559
720,12,"M",5,"fair",44.7328170632319,71.1666466534776,5.46492683498909,2.0182852162189,10.0833073585212,9.32492940350303,NA
721,1,"M",1,"fair",44.0375052015157,69.5424876043428,2.7294081694914,2.44642181044396,12.9403987555799,10.3598122018241,20.4361296717062
721,1,"F",2,"fair",44.5117761403783,68.2331963322511,NA,2.28592681034598,13.2506135267224,10.6878470889109,16.7845298626163
721,1,"M",3,"fair",42.6233840778474,69.1807467543364,2.23626152117735,2.37403594648599,10.1256789992216,NA,13.5367092077439
721,1,"M",4,"fair",46.5787987801507,72.443210192841,3.26957056388459,2.79325021499556,12.6289545101024,NA,22.2739706996671
722,2,"M",1,"good",56.5958998455687,76.2694583872851,5.8502038067454,1.92664296203464,8.93529447441326,NA,15.4147541668246
722,2,"M",2,"good",57.8571009895344,80.0730517847151,7.33851529352905,2.02387123285853,10.6721079491908,11.1894169022094,14.6718237263366
722,2,"F",3,"good",58.5530953452189,79.4094305426793,6.1465406835624,2.08009326320131,12.3357673358692,9.88576904974808,12.1664332092587
722,2,"F",4,"good",57.0667985517044,78.679846167519,7.02712533290578,1.92070538637949,10.4892297533286,9.70614419311282,14.6348243283743
722,2,"F",5,"good",58.6532034401599,77.7479049990354,6.03186501199195,2.25110053901868,10.972892272528,11.0196407703973,15.596653463933
722,2,"M",6,"good",57.1485909935537,83.489242379226,6.74445930139334,2.03385042134379,10.6846820236304,8.42349631668984,13.853768708826
723,3,"F",1,"good",55.1007951191861,75.5069854839272,5.14405457964537,3.14065455434915,16.2965099438679,7.60190690785843,12.7620450452856
723,3,"M",2,"good",53.4763268135667,74.834753047611,5.2039858605429,3.34039743958847,13.8012319047892,9.61894552865098,14.1956285116309
723,3,"F",3,"good",50.026465983153,75.3367066221895,5.153406150156,3.40285018717931,14.9181340799213,9.07763876237555,12.6454044380228
723,3,"M",4,"good",55.3183848511835,78.6899204158716,5.62553518593367,3.5482794596189,15.7607200682436,6.28897008586225,6.28159060590457
723,3,"F",5,"good",53.9917491332575,78.6964930483792,5.16734425417481,3.12469441451723,13.7142195321178,7.41026212076965,14.1236520845544
724,4,"M",1,"good",53.2217783011173,76.9963769116981,5.02867878461781,NA,8.95316418401209,NA,27.0995999208817
724,4,"M",2,"good",55.909233488747,74.2229161836749,4.07319723913235,1.67316130974248,8.45340317114478,NA,16.9310269016499
724,4,"F",3,"good",53.2352990011988,75.5257153516084,4.9832410849736,1.75880690109083,10.4673766239758,12.2821527806091,16.2168186939252
724,4,"M",4,"good",53.4955587882255,78.343813783622,5.83759585519851,1.44220851796434,9.62127466443194,10.6335708111727,14.9241785154888
724,4,"M",5,"good",54.9932290740357,73.3656949457397,5.57593089269368,1.96616839176218,8.67338607784599,10.7264048732046,16.5809421629887
725,5,"F",1,"good",50.5982531118095,77.3758278107774,NA,2.1545648441058,11.6635215098319,11.3940181580417,16.1849014252457
725,5,"F",2,"good",52.1929289528477,76.449212455874,4.71986805519379,2.31057008236667,13.2263382624609,10.3922725273541,11.1357319115484
725,5,"F",3,"good",51.0017564166905,72.9844189804828,3.11417014953621,2.450954432695,10.598951231613,11.6296933660391,16.5914259000802
725,5,"M",4,"good",49.6953997237569,70.734633081265,4.57041055498493,2.11110666252926,9.90554174084506,NA,18.8503227823529
725,5,"M",5,"good",49.8656075321264,72.2891413927274,4.22921125087721,2.42297619680378,10.3678583312824,NA,19.7691319568041
725,5,"M",6,"good",48.1765310812281,77.671323574368,4.69193606161858,2.46899332969622,9.03991728441944,11.4365678099478,16.5396380684415
726,6,"F",1,"fair",47.0363683109794,71.6655159714523,2.82565024880663,2.06741193284904,7.94481398416912,11.4132167277313,15.1395513922096
726,6,"F",2,"fair",45.9117441838076,70.6456612267069,3.08930410735934,1.55927666497459,9.80602862800773,12.9115991637739,NA
727,7,"F",1,"good",53.742256466701,78.6233034332017,5.93969124651236,3.13902418672945,13.2223159782533,7.67125084156469,10.480584309553
727,7,"M",2,"good",56.7349124344475,81.0760228804019,6.0268822018092,3.15287974797095,14.1101978753807,7.85849836679256,8.84234028417608
728,8,"F",1,"good",53.9275457363397,78.2687367549458,5.713454031998,1.96232177071554,10.9189601581302,9.77073783178968,19.0926720644071
728,8,"M",2,"good",52.0352302364289,76.9482982998723,6.12392076248997,2.14574530894568,11.1511690074621,12.2973978739526,18.4459556189628
728,8,"F",3,"good",52.4751531207988,73.7196247380594,NA,2.12086140049815,9.89930967121031,10.5201788376545,20.9559983107019
728,8,"M",4,"good",51.5260597001818,82.3892125071927,5.18547345340754,2.14028616593931,10.8748263797679,9.63900212764707,13.8082198493743
729,9,"M",1,"fair",44.5272826002281,73.0925691833187,5.09772627348319,2.45990005954324,11.987850237775,10.8310615991798,14.2672257599099
729,9,"F",2,"fair",47.6818151867273,68.7835169013229,2.05071293878055,2.57260243971674,13.2380972078909,9.55420181526955,15.7042565863905
729,9,"M",3,"fair",45.7411959089526,72.8274812888167,4.43443215800421,2.81981229241847,9.70911131260804,10.7467506721242,16.8474147284032
729,9,"F",4,"fair",45.2538694832518,70.3996018916296,4.0829764097079,2.35927394338683,11.4473789108054,10.5603941618171,13.624849757951
729,9,"F",5,"fair",48.7219855269733,72.9888967102771,NA,2.44046415222258,12.4346593524958,12.270445890745,15.4759548782515
729,9,"M",6,"fair",45.4959512924267,72.5450098537433,3.81869830072822,2.54288288953077,10.3908757596526,10.3640681343844,18.3145883325692
729,9,"F",7,"fair",46.2505605404682,70.1080805945345,3.46994252298087,2.46329213544276,12.1020773951461,9.85629021945715,19.9607515881988
729,9,"F",8,"fair",43.4557411262426,76.755884511361,4.29746863871668,2.25130425849092,11.8988357660705,11.3164793974549,15.9092303425123
730,10,"M",1,"good",59.6641582879183,79.202470541865,6.00367949084328,1.91777276216452,9.43131008260301,12.4444368230498,18.036644536129
730,10,"F",2,"good",61.1282657382216,78.782399510418,7.66035785263523,1.59589587914447,8.97676946118467,11.0841129264907,21.4818875974538
731,11,"F",1,"fair",44.9336463259873,66.958892139505,3.83474309741959,1.69025039029652,9.22132513000156,NA,17.698189789603
731,11,"M",2,"fair",43.1439101422612,70.9678039006739,1.04344177507549,1.58087764808927,8.44093234555501,12.4588612261557,16.829775078024
731,11,"M",3,"fair",40.6625725022371,68.56009948936,NA,1.50147627735781,8.26564772727035,12.9210703833453,20.9835636268903
731,11,"F",4,"fair",38.9832032887188,67.3619358093904,NA,1.8328436542055,8.24551176722997,11.9825083042638,23.8159880571143
731,11,"F",5,"fair",40.91069852928,66.0108271272294,1.91056352411585,1.92320354335211,7.09445176208299,NA,18.0955734086461
731,11,"F",6,"fair",46.6129412741178,68.2902514915251,2.43245942480803,1.8833072803445,7.87988730300989,12.9878248634169,19.9955039517757
732,12,"M",1,"good",50.3482535358659,70.846959918993,NA,1.69275300143643,10.1400101868147,11.4875026129065,18.7100432416321
733,1,"M",1,"good",55.8809734278294,80.9367976034653,6.52191725483526,2.58580821049679,13.5341849699194,9.39907518288176,14.3818277810507
733,1,"F",2,"good",57.5204343068643,77.0166303750583,5.55928896668623,2.86547936152941,14.0255542242208,6.66208136784122,13.4995385598791
733,1,"M",3,"good",55.1671055667849,80.3003478128482,5.3154438672767,2.8797757702923,14.4976583070685,9.10552486472462,NA
734,2,"F",1,"good",47.3492954945029,71.8427362494554,3.75847629794974,2.37227285734067,9.7246195135392,13.1889062411508,17.0736875744546
734,2,"M",2,"good",48.6627387692562,72.4392993736989,4.11051900765408,2.04393643797875,10.1926677327577,11.40413173857,13.3049910915345
735,3,"M",1,"good",46.7194025643728,72.4541881109805,4.77384828775885,2.78094303292246,13.888243148041,8.68936033987286,10.1121326734775
735,3,"F",2,"good",46.6689310399279,70.0103814296584,2.58568619812447,3.03147283611548,12.5561199394854,8.33889739048848,13.0619023312674
736,4,"F",1,"fair",46.1089283177868,71.4600412255698,4.01385247163712,1.65014653795971,8.30956821896838,10.3557680312017,15.225768701239
736,4,"F",2,"fair",46.2258584951885,65.9898041369823,2.96006465606777,1.82402802281384,8.27593344052139,12.4798748773013,23.5219134778057
736,4,"M",3,"fair",46.439943545504,69.980683707824,3.69303665704774,1.85475751821441,10.0563739056326,12.1652896362705,19.3053992044758
736,4,"M",4,"fair",47.3467886483305,69.6035262599396,4.46352113090662,1.56209244064713,7.99882415280416,12.786167039763,16.3451824190714
736,4,"M",5,"fair",45.8083156913744,73.7647519674142,2.55935422068758,1.87479368923199,8.89891439794996,12.4659228601637,23.1329712460646
737,5,"F",1,"fair",49.7995139811941,73.617074396825,5.02625232235976,1.92537460155944,10.1740910042132,11.0997420780859,19.1100112251276
737,5,"F",2,"fair",53.7937968952685,75.9300875365084,6.5393295344875,1.9159500212796,10.2040688219828,11.9431211263977,20.6371426840928
737,5,"M",3,"fair",51.4343895284492,75.3518533713404,5.6472134219444,1.96437839829906,9.43863909657264,9.12556533414022,18.3052030376941
737,5,"M",4,"fair",50.985815858866,77.2654069866102,2.66047015443443,1.82265363299971,8.33534340917034,11.0049881770483,22.193700310716
737,5,"F",5,"fair",54.1670126532988,76.8709652113177,5.94646696045011,2.21095749441651,8.16103744409483,11.2631079793032,22.0102042577803
738,6,"M",1,"good",48.2103975916871,71.1814495436579,4.30285595332256,2.72684264157912,14.9942689202002,8.14714212889478,10.0814669467238
738,6,"M",2,"good",50.4212189380171,70.4011230213318,3.93160712568081,2.64121144775717,13.5231733256685,7.00864291231649,12.2240294144912
739,7,"M",1,"fair",46.7102272178139,70.5452266735811,2.87914164195332,2.41460320174506,10.4784534663099,9.9950984849709,20.7417706968761
739,7,"F",2,"fair",44.1034712800092,67.4044225448189,2.40699182992318,2.18250981142947,8.43911262805768,12.75516076727,13.7148396456668
740,8,"F",1,"fair",44.8664910177543,69.3581853026212,5.04917099846057,0.798668648131486,5.00042588509497,12.2617308685865,20.8814113846513
740,8,"F",2,"fair",46.6389412975553,73.7581584096377,3.10771605750821,0.887007207253006,6.91457365790167,13.4013664485215,22.8386137542788
740,8,"M",3,"fair",43.3468841893144,69.7770689911562,NA,1.22065378340115,5.50166724053598,13.314735723497,22.4054353430414
740,8,"F",4,"fair",44.6933023967176,69.3041146587013,3.94183162962038,0.907705712381953,7.10037590664569,13.5478069955255,25.4772490553949
740,8,"F",5,"fair",44.4812110873745,73.7013229340671,3.28973694344114,1.11373582889844,5.95754342806755,12.5522433110748,22.9091565657137
740,8,"M",6,"fair",48.8871298339636,73.755172114222,2.90038449909844,1.32539507745433,6.34200094227812,NA,25.2862234250875
741,9,"F",1,"fair",42.5642358418391,65.9602581496873,2.20352017811629,0.969275034429284,5.93991870633093,15.729927933532,25.8317835705316
741,9,"M",2,"fair",43.3720989726846,70.6487288266207,NA,1.23977789966516,5.35291344334004,13.339811511994,24.7298935013747
742,10,"M",1,"good",48.3253677822623,69.8515879006026,3.74020022288326,1.24043685705464,6.74183531816061,12.7513185643194,NA
742,10,"F",2,"good",44.5272971601739,68.3771205599332,4.0158526780508,1.34759448835248,6.52303216968732,12.0706235052424,21.242126854468
742,10,"M",3,"good",45.457219448965,70.7616796042021,1.83866256418019,1.19996090812598,7.59199705181872,11.5879834024319,21.6429877310982
742,10,"M",4,"good",44.2127026520103,71.0706824772399,2.49860482838559,1.16899330271533,8.27202122680822,13.4426677698045,19.0315069681447
743,11,"M",1,"good",49.443417505468,73.8142808200344,3.62806305187541,3.05973498617921,13.7830439582864,8.07426632578407,12.0101609890981
744,12,"F",1,"good",46.3465843038732,71.4134602996012,NA,2.51828727516124,9.26285537898087,11.8526549869555,17.4105406155968
744,12,"F",2,"good",50.0868299672891,72.0928805238759,4.62224348279785,2.57510074467422,10.7662734131305,9.83200597281332,12.9514661939807
745,1,"F",1,"fair",44.1870149563506,67.951496298738,0.807365001019392,1.23234604289164,8.75031564293036,13.3067707698898,23.7275696997011
745,1,"M",2,"fair",43.4409351510057,68.3288773669659,3.12555395094281,1.65995467278339,9.51727262594561,11.760200216713,21.7344182449398
745,1,"F",3,"fair",44.2842900632726,70.4997758280414,3.20931068752683,NA,10.1471014713006,NA,15.276926615554
745,1,"F",4,"fair",43.4962537062652,68.2482179097288,3.51418940903643,2.03689443697246,8.59787171288579,11.2924174282711,18.4166322883387
746,2,"M",1,"good",47.0174151826324,73.4252054395274,2.12667703563461,3.30333692469726,12.1401211298434,6.90711432934294,7.09643577109012
746,2,"M",2,"good",49.215537044131,73.1882551603766,3.77769091780369,3.44264908982762,15.0379043309465,NA,10.985785430378
746,2,"F",3,"good",47.866810869617,72.4037575941588,2.58751675283037,3.04512733324342,13.8353485108737,9.50166987906466,16.084149488298
746,2,"M",4,"good",46.2306721838822,70.6111693594177,3.56257486195038,2.96201803126893,13.7068803714693,7.51552974119036,15.0990563423391
746,2,"M",5,"good",47.2139786659848,72.4229467359645,2.46236480882769,3.36015242514911,14.9289759034152,9.03849364493699,12.1907286544249
746,2,"F",6,"good",45.9831587740615,70.2119519724212,2.96364999103842,3.09259004598324,13.1674487378256,7.60432144850675,11.2213511519425
747,3,"M",1,"good",52.4221282706862,74.6180971079249,6.17344376495741,2.32654040775487,10.1784154763739,9.20295488748097,11.9563710839879
747,3,"M",2,"good",58.2862921032867,77.5893838441135,6.02337117702343,2.22121107748591,12.5148987846475,9.10854041204014,16.3740516676557
747,3,"F",3,"good",53.0161165558902,75.483950567784,7.0622271205568,2.12632424421332,10.8229725679341,12.2612924402611,12.5725693473451
747,3,"F",4,"good",55.5514835977227,74.247281044975,6.50795507435175,2.61089777471958,11.4096344398109,11.8355997612806,16.2989417482613
747,3,"M",5,"good",54.2012579626276,77.8056733362384,4.43671990919337,2.28977998319917,11.8286455560575,10.819526189792,11.4906480181391
748,4,"F",1,"poor",33.2833286027839,62.2390293277676,0,-0.30213864470993,-0.968908907066645,20.1610361522189,30.1282694342272
748,4,"M",2,"poor",33.1633431082792,61.1609638712643,0.0792309583709934,-0.531700458892081,2.04200979360839,17.9042397765084,33.5524448536654
748,4,"M",3,"poor",30.4337699441468,60.0787970308332,0.685756822297536,-0.573858452955837,0.0517041097441167,19.6279020816433,30.3463037195343
749,5,"M",1,"poor",44.3292747179038,67.0006063928011,2.32214822227057,1.34430943160552,6.59563990989953,NA,26.9547486849011
749,5,"F",2,"poor",42.9248168642002,67.244159473342,2.66143762527022,0.903261559225784,7.09210900062394,14.9747235578477,NA
749,5,"M",3,"poor",44.1205778219065,66.9997046840532,1.02834046754838,0.925592555007338,6.49020518512789,16.7044496176207,23.8595460826354
750,6,"M",1,"fair",46.8866525177502,72.0745859468127,NA,2.03393229157308,9.96258328492325,13.4722028663166,19.5770270584244
750,6,"M",2,"fair",45.3824441391703,73.0923465598191,4.04792580678863,NA,6.70458119481115,12.6361536171947,19.2185452443588
750,6,"M",3,"fair",48.5275177179033,69.939043528368,NA,NA,8.81931163830306,11.2117749613602,21.3833369527307
750,6,"F",4,"fair",46.7166786734338,71.2332656191162,3.69409280931398,1.94346441881468,8.44693834650353,9.88452151946017,19.1704575771575
750,6,"M",5,"fair",48.2436807750168,71.7829857659649,5.05055165987503,1.73383075873804,10.5480258698106,11.8727811445654,21.0965639564124
750,6,"F",6,"fair",45.8004206103286,69.5372471821854,5.28735834455496,1.97016907580124,8.51761260421546,11.3357497524474,19.2708577316869
750,6,"F",7,"fair",46.69674780969,71.6278231880746,3.82454045882908,2.05377304002858,7.70275098405614,13.5571034938753,16.9384580878814
751,7,"F",1,"good",44.2624273387836,68.9928713444649,4.48409869763979,2.05366627434831,11.8471540215926,9.24901501489208,15.1108912675581
751,7,"M",2,"good",42.1648023270711,72.7353256360074,1.94756537390768,NA,10.0236455783825,8.40771288920378,21.0034493697747
751,7,"M",3,"good",47.8173330731973,72.754532944978,4.02823764226059,2.21742478651603,10.9431369379515,9.06897817784368,16.7438866927306
751,7,"F",4,"good",44.7461717157252,70.0899098173264,3.28123821441172,2.51212998220932,11.2499542747625,7.95472426172748,15.5539254317378
751,7,"F",5,"good",46.9672153044443,70.2736976931747,3.79079027227509,2.28463822235576,11.145673648174,10.7801567512919,17.7209365352886
751,7,"M",6,"good",45.5799116593509,70.6613382974144,1.20166524816996,2.12185447355685,11.5603219647947,11.3014273875159,12.7994038977031
751,7,"M",7,"good",48.1917132664052,71.3886079665633,3.19349545519082,2.23384922257478,9.31691111720557,13.9937248770793,14.690300804777
752,8,"M",1,"good",46.4862107148462,73.4483364165229,NA,2.78248210684967,13.8000183710169,9.39195309294029,10.4345656090815
752,8,"F",2,"good",48.3177679024189,72.4851604486203,4.04035315073586,2.86863337140199,13.5845486909086,8.48851657403608,11.5576797263044
752,8,"M",3,"good",45.6079307252051,70.9652795953978,3.76333740361472,NA,14.8143112340509,10.1061824022232,11.9605823696922
753,9,"M",1,"fair",45.3092706698784,68.6534968300242,3.62424888315843,2.59654293009568,10.7392120835961,12.4730091091806,14.8874181148805
754,10,"F",1,"good",48.0862575637149,70.7699753692096,3.7655396780107,2.36633677116209,10.9410477853718,8.83927358023076,10.6340130405349
754,10,"F",2,"good",49.0575154226727,69.9423204071787,2.64573105712614,2.54650847623984,11.3006312264312,11.381563355204,NA
755,11,"F",1,"good",55.1586691197548,81.348806202223,5.31864789338718,2.86454930263641,13.2912020274071,9.67370074785646,6.11127641826843
755,11,"F",2,"good",55.3282351220212,78.234706173476,5.72087900900989,2.87137251025945,13.696575778996,8.02810169099122,NA
756,12,"M",1,"good",46.8837639489305,73.0945361790535,3.26389746655059,2.13239161014192,9.79877659073727,11.9343636456271,15.9885386604956
756,12,"M",2,"good",48.6083722268593,75.2983055184482,4.01832889716819,NA,13.5856696271622,8.76926264479126,NA
756,12,"M",3,"good",44.8487206326663,66.2108989272151,NA,2.256031315916,10.8303176293346,9.95076349592274,19.8749354694156
756,12,"F",4,"good",46.4525297004979,70.5744650679365,2.60512335118148,1.97011789894348,11.5177093365211,12.0177770528353,17.1636538038702
757,1,"F",1,"good",41.5369901244627,72.4981681393389,2.76125804008122,2.74740655420937,11.9821370419938,10.8085826119171,16.5813532300646
757,1,"F",2,"good",46.1342369584644,69.1436359843912,4.71239725002697,2.56721411815036,11.9073870186119,9.55226816585177,15.2468578874214
757,1,"F",3,"good",47.1617689523179,66.2576277267187,2.28169874161556,NA,12.8552068204264,8.62498932715835,15.6484379216657
757,1,"F",4,"good",44.7418283940458,70.6717585644268,1.98910731106851,2.83299946896441,14.5557756953401,9.96135450393869,11.7884361523818
758,2,"F",1,"good",48.672969402347,69.3569322602853,3.70773069509619,1.36250010040143,9.11455297424872,14.7889840582777,17.9761495700831
758,2,"F",2,"good",46.4573303383454,69.6513271261997,4.14620862363202,1.43062221285099,9.33724640836165,11.4198767885397,18.2085741662823
758,2,"M",3,"good",47.207074298563,73.6497765800235,NA,1.77771435774768,9.14684693966554,13.1149418398119,17.5098838265402
759,3,"F",1,"fair",43.9981509753625,68.7956236591533,2.68781832381655,1.76545112169029,9.9192083256404,13.5713889472307,15.6928736491516
759,3,"M",2,"fair",43.2979126708533,69.2565596000331,4.5942415959119,2.10970171546855,9.75662370328916,10.6523001188724,16.7065192882889
759,3,"F",3,"fair",40.8524187956247,68.3673750881909,3.4945933740234,1.82869274397849,8.71491959534357,12.2710273969298,17.2522098697289
759,3,"M",4,"fair",49.6213596320704,66.3174984814175,2.91147186961778,NA,8.67832351278998,11.9422600542086,22.1527619127992
760,4,"F",1,"good",49.4658397475897,74.8399228343675,4.27296897691782,1.55930214988504,7.84402796520269,12.4363930347423,21.8997943287895
761,5,"M",1,"good",60.2015544476733,79.2922374941317,6.49020517162905,3.01457273214026,12.9020030342145,NA,9.96691465743904
761,5,"F",2,"good",60.4593727731877,79.0525315276142,8.72082846077313,3.06010393584824,14.903018231899,7.13829179526664,3.77030410600095
762,6,"M",1,"good",47.0559205531953,68.6321384131068,4.25637324208978,1.38533932931406,7.30094788632005,13.7055911879576,23.7032337366412
762,6,"F",2,"good",48.4625744427542,70.2526348095911,4.26194576933107,1.20972980148471,6.92132869635994,13.177879577946,22.1800701045358
763,7,"M",1,"good",56.5469237473815,81.2700654061018,5.65579565871649,2.81022670560586,13.7821754829767,7.96775876393487,NA
763,7,"F",2,"good",56.3071989671296,78.8418925582428,4.22169128456326,2.32761096889765,12.0891854705669,8.2078635053489,10.7248808274492
763,7,"F",3,"good",55.1255344491448,79.3425928528505,5.38837771166202,2.71553191961666,15.0414061630122,8.81709759630184,9.29556527120387
763,7,"F",4,"good",57.5701860013007,75.8870626427182,5.74713881776263,2.68448084043589,13.5187614525579,9.31886672579142,15.9480575022291
764,8,"M",1,"poor",41.2855706307819,68.4272606403928,2.97313878022829,1.78256010854157,7.36643100413257,12.9686661203934,18.5667268790352
764,8,"M",2,"poor",40.3638925091367,65.6473973268425,3.3054114656821,1.69764641273556,8.51490794325817,14.0540374275888,22.5606999750224
765,9,"M",1,"good",45.75361004851,73.6145410299962,4.4811999730968,NA,15.0184495969838,7.97085580781406,10.7530101131344
765,9,"M",2,"good",47.8746416609931,70.4354908002185,2.53378211637341,2.8719522083545,14.1002217862527,6.66630306087787,12.2443949768913
765,9,"F",3,"good",48.8076245520134,75.3503165585231,NA,3.06304550008637,14.7333889956005,8.97115203952987,9.67269337928728
766,10,"M",1,"good",45.6250003028227,71.0918642379531,5.0349134507412,1.93087321441771,10.7978744669819,10.3169638675923,18.5177218514822
766,10,"M",2,"good",44.5447289201896,74.7464038671829,5.02880838465034,2.01935286088826,9.57323520989042,13.0259692858337,NA
767,11,"F",1,"fair",40.5922602388259,67.5801212934568,1.70146146641788,1.64564914087304,8.33086155562841,13.1984540068935,19.7082000480519
767,11,"M",2,"fair",40.7044266721281,66.2523188777394,2.29028514742423,1.71257054599615,9.06898169454971,12.1743848779176,21.7358520766111
767,11,"M",3,"fair",38.8872133533124,66.4914812504043,0.479994497295218,1.41470150017251,9.05215831241365,12.9814143266624,22.5704413365702
768,12,"F",1,"fair",43.8820876506901,64.9906939454112,3.23190236091672,0.948463447004037,6.24468394484224,15.1815213650858,22.798502259752
769,1,"F",1,"good",50.5893009542294,72.9869294058792,4.48452788946061,1.29730997832528,8.66424321561531,12.0993790645004,20.4244990703549
770,2,"F",1,"good",45.737811002517,71.5932235160963,4.14676257152084,1.74613652489179,9.1485043181204,13.350518300768,15.2214331062545
770,2,"M",2,"good",43.7160527848195,73.9156277194708,3.5224767427025,1.57442808425247,9.43288779537774,12.3763379760356,18.3106827296741
770,2,"F",3,"good",48.2528611600327,71.082969764831,2.66405044630396,1.49394275096088,9.65543470074418,11.3000055445464,21.0600225433703
770,2,"M",4,"good",44.6263888318406,70.5851423495788,3.41849490346993,1.40326783302041,7.01985811035136,13.7608531245674,22.620996207244
771,3,"M",1,"good",60.4943446339872,81.1960442619371,7.02387305287679,3.83959266368006,16.3957039801264,7.19554695749983,5.95785616505616
771,3,"F",2,"good",59.3581074030982,80.5935875393386,5.74038102850026,3.53839607007249,16.9609245267106,8.80838061899377,8.49147371563659
771,3,"M",3,"good",63.0749846913782,84.7918999370176,8.02784965625052,3.74987032433458,17.7099409714005,4.86266205438884,9.57583747998933
772,4,"F",1,"poor",34.9058888707495,62.5651348491035,NA,1.42003995977538,5.57905342433824,15.1634051834108,28.1572786525622
772,4,"M",2,"poor",35.1860744361719,62.4798158186441,0,1.48551181582449,7.76806805729587,12.0996121451659,NA
772,4,"M",3,"poor",35.4317283335585,61.3217140378169,0,1.34192818376346,6.85181691881947,13.5124173225338,17.5746109792392
772,4,"F",4,"poor",36.3766219404444,64.0096941552571,0.678427078676152,1.45809494029495,10.1086048966337,14.9167373830221,26.0942822008919
772,4,"M",5,"poor",37.8802500132064,66.0344895055792,1.82740102252036,1.37787959239426,7.93082511950661,11.1467641150091,22.8576869872803
772,4,"F",6,"poor",33.2770909761249,63.1138122417317,0,1.28849806607069,7.5950840314389,12.7745722544057,NA
773,5,"F",1,"fair",43.9533624758597,69.4376855055672,1.8950423168943,1.32509195270158,6.56299408103596,12.3873104679591,18.7134422451811
773,5,"F",2,"fair",44.0574679703543,69.6816262332258,2.60556541799471,1.42351649542062,6.5756574565025,13.900173663161,28.4051951170339
773,5,"M",3,"fair",41.2752456688767,69.5506144303804,1.38090305184383,1.33930889420961,7.86008392060873,13.0064099259649,NA
774,6,"M",1,"good",52.3261446364401,78.3519708161465,7.31580684455694,3.06514908987961,15.4364863206112,6.21730907810063,8.9190345266583
775,7,"M",1,"good",46.3193956560889,73.2145799421585,4.71121595504614,2.47719103851463,12.3148201458472,10.5170452203244,11.9363506827629
775,7,"M",2,"good",48.4213421300731,74.5449061683022,3.48229309682862,2.98909299060349,13.6425656009275,8.91123949635918,10.9434876672263
775,7,"M",3,"good",45.5801356546582,70.506989997934,4.05085892797937,2.60034219529682,12.1820293072726,8.37729990802507,10.2524437679539
775,7,"F",4,"good",48.463787127414,72.8734714687599,4.72773084090878,2.58134987571413,13.9337396904604,11.9580449774343,11.6553280529181
775,7,"F",5,"good",46.6461786863585,68.7264456617991,3.40248743711157,2.38822096088836,12.7915740937948,9.18805874767072,10.5227539787485
775,7,"M",6,"good",49.9752698142821,73.5207810507092,2.33325147874861,2.89288607340025,13.7034884395793,9.15236797915563,6.16643887639601
776,8,"M",1,"good",47.1897865261129,69.5376197480307,2.30292274045045,1.80273316344162,9.72698877733138,11.4578482131919,17.9742713048421
776,8,"F",2,"good",46.4738336919648,71.1518928763747,1.94163113003692,2.10156076470917,10.9865706743131,10.468837179742,17.3149518809401
776,8,"M",3,"good",44.7008073131801,71.6491970862278,2.02599369415326,1.74979194186445,7.79878551762883,10.1396190026888,22.6861404743034
777,9,"M",1,"good",53.0649769882348,73.0688395613682,4.5217291909304,2.65674699504557,11.884739733986,10.0866839989303,15.6107205061689
778,10,"M",1,"fair",43.7381377568373,68.3626373829681,1.64933638898036,0.216483709534986,3.2083211052487,13.2237446607949,NA
778,10,"F",2,"fair",40.7240337533805,65.4707065262105,2.36132483618018,0.319671521415265,3.49060297996416,14.8206001633347,20.9700078547196
778,10,"M",3,"fair",44.5105734109895,67.1440109377224,2.1380876669483,0.649115490318354,4.6265775082191,17.4729606781541,25.9231490146868
779,11,"M",1,"good",45.8769827104742,71.6399005935236,4.85069571347588,2.15181144771781,9.79312921411939,9.57979499513633,NA
779,11,"M",2,"good",46.9512096368128,68.6451766438282,3.2043095860617,2.31600132375882,9.96379840095407,10.0858054453815,17.2553560550856
779,11,"F",3,"good",44.5294739971549,70.4566642265833,3.1975367102982,NA,9.28391582016835,13.0013679520738,15.0845587732316
779,11,"F",4,"good",46.2298017345459,71.4106784476177,4.41129029110698,NA,10.0211456216322,11.5741141633764,21.5424962285429
779,11,"F",5,"good",42.8114439470976,69.7599853736084,2.81805641323155,2.23627413840933,10.0894060869648,10.2380374534689,17.4555478863722
779,11,"F",6,"good",49.4687820456951,70.8151591189553,4.19138833001437,1.99740581491785,10.1383307482801,11.5743578813401,16.6468973696761
779,11,"F",7,"good",45.8717218933646,72.1352288933127,4.19517119713943,2.19630783862553,10.7512775004058,12.8785341068758,17.6893001929437
779,11,"F",8,"good",43.1022057690895,68.2030430800638,3.90715629156259,2.25253956422149,9.9684119087643,NA,17.3869616343229
780,12,"M",1,"fair",43.6813544605101,69.3187163025115,2.04024164319875,1.26906353896586,6.83717142276734,NA,NA
780,12,"F",2,"fair",39.9628780843655,72.0277738237687,3.00974729042712,1.70829150028593,7.73601016385603,11.6262227223924,20.9343539319743
780,12,"F",3,"fair",46.0729392232172,70.1768758518402,2.34278918276618,1.40503606766469,7.94444563036749,15.7204319991373,NA
781,1,"M",1,"good",46.0809190562929,71.43194870796,4.6700497614779,2.63398420231323,10.5709800648376,11.003047344521,16.1825595179434
781,1,"F",2,"good",49.2815837285631,73.8198350223149,1.28354766340544,2.40023043291933,10.4565975852527,10.4476118173704,16.434958611957
781,1,"F",3,"good",43.7973833232416,71.972779137855,3.29627874587103,2.65230478736631,12.3304277366006,10.9811886084298,13.0459374480839
782,2,"F",1,"fair",43.1087755563805,66.8534903126642,1.96883779388455,2.43143129751012,11.2557401572773,11.632773562509,21.0861464297608
782,2,"M",2,"fair",41.7077434173838,66.897006744834,NA,2.40081928479726,10.7350269318632,11.2931408064239,18.1670769421136
782,2,"M",3,"fair",42.9729446633907,69.6973484893861,2.49437748368868,2.63891645278311,11.2312525868762,10.2405406486186,21.2529754466932
782,2,"M",4,"fair",40.5706805566358,64.6586956989282,1.94159571399888,2.20084535771064,10.8602161966697,9.54039624133241,16.4826912659598
783,3,"M",1,"poor",43.3435571512782,68.6534668349707,0.383983579055543,1.96250077732346,9.45277422424449,NA,23.9821649539636
783,3,"M",2,"poor",39.828607901996,63.964766651533,2.19646678496795,1.66242766048292,9.84596442771977,11.1038957551405,21.2553787076507
783,3,"F",3,"poor",39.1437075471447,62.6315035849728,1.33725073707232,1.97255635359364,7.5588653556693,13.5314169625456,18.1359194068592
783,3,"F",4,"poor",40.1647038346765,66.4400251771239,0.705079286139686,1.76765444828015,8.14371335955638,11.3734509720693,20.2385425287913
783,3,"M",5,"poor",39.5660382638964,67.376039608949,2.33443620940491,1.6957235931746,8.72252127960078,11.1788385004405,24.0083884423076
783,3,"M",6,"poor",36.5443425769998,64.6780838125535,1.95272051758958,1.70766696745599,9.86075798741757,12.7468907165153,15.011800634417
784,4,"F",1,"good",57.8360331433626,78.6880203344617,5.71412829853301,2.60392164412097,12.9818676729589,NA,12.2116755242873
784,4,"F",2,"good",54.6995504547032,78.6313799532606,8.17282927411171,2.77857691156025,13.2819617122621,8.19027575566869,11.2919837506023
784,4,"M",3,"good",56.8688374328414,76.2980311906833,5.54163655325329,3.02826503965194,13.4127158801692,10.3518245527922,15.0314511515484
784,4,"M",4,"good",57.944997541621,80.183774833793,6.44413908455302,2.83506115747279,13.6645136212937,7.91815247091384,13.2247092098598
784,4,"M",5,"good",53.1423471850218,75.2433975440055,5.21202424556971,2.52861551142153,12.8719460712601,9.97988444856927,18.2592243078284
784,4,"M",6,"good",53.303238906782,74.0015096128126,6.06680191062866,2.43909306343028,12.9281703774218,9.41031280191933,11.2624323197424
784,4,"F",7,"good",51.190869527273,79.5157477164598,4.96421633568611,2.99912432680528,13.3979979539373,10.9577634548567,12.9401597853192
784,4,"F",8,"good",52.4098198268586,72.4929377612928,7.01559155149587,2.50425871186431,11.4365612170269,8.23173439067567,11.4775487209661
785,5,"M",1,"good",56.9666622029006,74.2091680527522,4.77421002284419,1.6454114814339,9.24606423726816,11.6229224776644,13.8788469916533
785,5,"M",2,"good",56.1334371013209,75.0668020119977,6.09933961401336,1.50075632756987,9.63263278756047,12.4577600502528,16.1480099310981
785,5,"F",3,"good",54.9333286401383,76.4248773186315,5.80710759388953,1.85295323168588,9.6849311856867,NA,17.7505949286178
785,5,"F",4,"good",53.3517469966146,78.4102026149591,5.81703646987402,2.18888733817651,10.388524280493,8.83237620888609,13.3693659411508
786,6,"M",1,"fair",45.5456444974718,73.1504629902024,4.37681359281824,1.54820471774918,8.07257644761549,10.964269926712,21.3004333660488
786,6,"F",2,"fair",44.4768831521825,67.8255220608376,1.32242448009274,1.68321916878187,9.14982709724069,12.2211351270783,19.9914530100521
786,6,"M",3,"fair",45.7812890265472,67.4076292575545,NA,1.34330524763232,8.29827369478701,NA,17.4824953572398
786,6,"F",4,"fair",43.9340394043612,68.9980791207661,3.29509814124113,1.94102197285238,10.9232386303843,10.9535870663307,18.8486658011867
786,6,"F",5,"fair",46.6812151632927,71.9481142993392,3.8390428726108,1.68880535415571,9.03655609570446,11.0613367151286,13.4352310943293
786,6,"F",6,"fair",45.4321868550232,69.2930858593836,3.13587928651401,1.98183144827141,9.36605200080171,11.3453849651814,14.649326102889
787,7,"M",1,"fair",46.7572509348563,71.7015988190462,4.13746771703932,1.91870340866887,10.7495084839581,11.8957550083257,20.0626312833272
787,7,"M",2,"fair",48.321343377351,73.733578639337,4.85244189588623,1.62484656315625,9.66235558113844,12.2665441596904,24.0142451031504
787,7,"F",3,"fair",46.6048697562482,72.6704868629233,4.87509011521868,1.94391626571303,7.68426057678935,11.4091291003685,17.9705978411851
787,7,"M",4,"fair",47.3947075871955,72.8076494096659,5.00751555213048,2.13949085782858,7.47255833409065,12.4519367557899,23.247709395155
787,7,"M",5,"fair",49.060313811475,69.148474516544,4.96231896901342,2.10346846544693,9.41387438859216,NA,19.6135802400535
787,7,"M",6,"fair",48.4167224690332,71.2577989283338,4.93336297185418,1.76326603361647,10.5078197223957,11.7723514905299,13.1815987417735
788,8,"M",1,"good",54.6028476978817,78.6651820925062,6.07637410845815,2.57239732379492,10.1422100780673,10.1882444484553,10.8514303612438
788,8,"F",2,"good",52.344053856502,75.5007550311821,NA,2.33280524157992,12.6477204520355,9.61572139921718,18.9426048475135
788,8,"M",3,"good",52.2622728348505,77.0873471173579,4.79916231515751,2.26613518407725,11.3734621757046,12.4695460508404,18.2688514165763
789,9,"F",1,"good",44.6533644232893,70.1726989143413,2.06422272786916,2.01377054891074,10.3987827605165,9.78638110192861,15.3153607806775
789,9,"F",2,"good",44.6461365271269,70.3014687507227,0.958067898704081,2.04716913687361,11.5682599875461,10.3130116796926,NA
789,9,"M",3,"good",43.1436096350627,70.1169923701899,NA,1.9926697236666,11.2409429917271,10.8602054372669,16.0173617839646
789,9,"M",4,"good",46.021793376634,69.042692493732,3.36832536986926,2.11633917585769,11.5692672554176,10.7226202773957,21.5154011595249
789,9,"M",5,"good",44.9484596591736,69.6258653861025,2.709742454387,2.24483754678885,9.67961658782541,10.4019359474119,18.5475450235536
790,10,"F",1,"good",53.620318524865,77.2086128465949,4.16172816809737,1.84917910478182,8.99153835328377,14.4020034924187,20.7215796170625
790,10,"F",2,"good",54.0903646247655,77.0638959714503,5.55535259016835,1.86261478069737,10.6507634853628,11.8166362174517,23.6300751695704
790,10,"M",3,"good",58.4319210210712,82.3193876370119,5.4744696019629,1.60372190312722,7.83462147573896,12.7183743454498,19.7242599432465
790,10,"F",4,"good",52.2011699600952,73.5674058632961,NA,NA,7.95322019304308,12.337471369328,18.0354102547813
790,10,"F",5,"good",50.6466397224563,81.8553140106205,5.87368856196131,1.79417103576149,9.56709619253494,NA,NA
790,10,"F",6,"good",55.124232289251,74.5422287371703,5.34031775989203,1.45396911572683,9.85580263324399,13.5449043071931,20.2199139536822
791,11,"F",1,"good",47.2147994977564,71.1703744910351,2.0273837550327,2.58326870404967,10.7949941258174,10.401717855309,11.5798877855672
791,11,"M",2,"good",44.1690863905091,71.7728725446845,4.48547348886952,2.6602624611345,10.9787807538546,9.65077411276953,15.0735108392303
791,11,"M",3,"good",42.7049593531054,67.1677968029724,2.85650323998944,2.76364675165777,10.9405871812016,9.71686952710342,16.114526939653
792,12,"M",1,"good",50.7524147165939,75.0947730703302,4.00175585598162,1.76515564192741,8.39581065865192,12.3678287861056,22.8622622940899
792,12,"M",2,"good",47.3817287432706,71.0443194264852,1.88370175944965,1.67863992832796,9.85402060477443,13.2271747800485,19.4934331585972
792,12,"M",3,"good",49.8699918344888,70.1313952398474,3.3425140149312,2.08804675036289,8.2349824436947,12.1076955405116,21.9426823651761
792,12,"F",4,"good",45.1744216687904,71.3099286269867,2.64373096458071,1.57479293791591,9.07372759762809,12.6087443472173,NA
792,12,"F",5,"good",47.4389952615279,73.176508219421,3.91477048327913,1.72636146067608,7.70866803234726,10.8110589531015,20.3986001824347
792,12,"F",6,"good",45.770681073037,68.4058688466435,4.93023685807913,1.56949702916874,8.25920632830286,11.4431070232032,21.8428656694079
792,12,"M",7,"good",47.8977409891714,73.5969593779182,4.54879272522189,NA,7.91636564871143,12.5839582342188,20.2108070707508
792,12,"M",8,"good",46.3017132067501,76.2691140680025,3.89229804765194,1.19536502410219,7.64282205448159,11.0444134795434,22.7395800072189
792,12,"M",9,"good",49.6430479415895,72.9704122581222,3.55647602351218,1.67157394039588,8.03421750451966,14.2997535750481,24.2343652399441
792,12,"M",10,"good",54.9695941518805,75.0000557271099,4.1933734997191,1.64871142392095,8.87905217422728,11.9548594379761,21.1628197738211
793,1,"F",1,"fair",47.150167918639,73.2233307807233,5.07238202702474,2.03015898686809,10.1857705065577,10.6715368051291,20.5448721736592
793,1,"F",2,"fair",46.8896062410195,70.5913970057175,3.85421412901108,NA,10.5744595758479,13.1482327059421,22.4186817683049
793,1,"M",3,"fair",49.2360504719164,72.8834681939919,3.3707207803267,2.17603758137082,11.5516747091949,11.9391511404365,17.1768066439662
794,2,"F",1,"good",46.7912568247287,72.1757354986166,3.89320454769817,NA,12.727706497959,11.0980173572708,12.8165249906451
794,2,"F",2,"good",47.2700531723347,70.2416581821117,6.1149645414295,2.46059160099532,10.0345972296153,10.6972944503608,13.056990858684
794,2,"F",3,"good",48.6920974038214,75.5107153180733,4.88029851224992,2.44024346339663,11.0148646790006,9.48591144112121,16.2901302863119
794,2,"F",4,"good",49.3415482806714,70.7277085151087,3.87755361957517,2.26411805483199,10.2501340058173,9.63698816357505,NA
794,2,"M",5,"good",49.5903602626119,71.9488478214204,4.5965067823169,2.48475045570738,11.3914111761987,9.90794859190016,10.307209918049
795,3,"F",1,"good",49.2066692082904,73.2472197944618,4.70275324522262,2.17444609439948,8.8530959606613,NA,NA
795,3,"M",2,"good",47.8918425919877,75.1115210882432,5.50243761350321,2.03820456662094,10.9293121107445,11.1211640534941,19.8024669702869
796,4,"M",1,"fair",50.9252947361185,73.8916570305511,3.59644649894848,1.70309633791187,9.08352704087697,13.1606621305929,NA
796,4,"F",2,"fair",49.5187486186209,77.5300785879461,4.40751934854437,1.58622408328402,8.11735063436258,10.8870020999626,18.4817560889414
797,5,"M",1,"poor",40.3551609186839,64.7372484462042,2.17937621133894,1.85297607214689,8.93423487399433,11.666680062485,21.1804892887287
797,5,"F",2,"poor",39.863968783953,63.5693927148857,1.41686861585918,1.68610171347505,9.55701018200303,10.8334491358991,20.9387074173212
797,5,"M",3,"poor",36.3193097316589,67.9182878713599,NA,1.72728178765724,8.53342481921166,10.4005503769579,25.3705962494714
797,5,"M",4,"poor",40.7798333577393,65.3176956583277,3.11525435210684,1.58435000018967,7.42798517597764,12.5664780609908,14.1209348109888
797,5,"F",5,"poor",39.5430124970821,65.7641530908402,NA,1.86581722485375,10.5458200269353,12.6235482507027,18.9506902420904
798,6,"M",1,"good",47.3907515158744,73.9719044322679,4.78874696895404,NA,12.8358816456921,8.18158247428832,9.35955619763508
798,6,"M",2,"good",47.837824549538,70.5879687792506,3.43716691815052,2.61467083784865,13.5632089915815,9.76194305504531,14.9821599285524
798,6,"F",3,"good",49.1925108825853,76.3801522651055,5.00827385737057,3.43690494074309,15.1502315419505,8.92377773886772,8.0185815358553
798,6,"F",4,"good",50.3847449665202,73.0535571981627,NA,3.19449414146988,13.6057964050314,10.0701380879843,7.8030270248057
798,6,"M",5,"good",47.9337025835918,71.1080482141688,4.53285382645638,2.86962626396022,14.4967053170675,NA,9.45286087635404
799,7,"M",1,"good",53.7385815624746,74.5682326288125,4.00006199331393,2.5474916000864,10.6654412864936,10.0277998057929,11.8059776882422
800,8,"F",1,"good",53.3536046764984,79.3288048051739,6.10069096693351,2.97205049522898,13.8160581191536,12.5163542255846,12.8476983345715
800,8,"F",2,"good",52.160767904337,75.4316403021967,4.67898253324067,3.06616871905361,13.9629207578714,9.51198936376468,15.728925818083
800,8,"M",3,"good",53.7094778112808,76.560939905217,5.72485324911287,3.24811839216587,14.1893155683161,9.95608770647806,18.2435127711122
800,8,"F",4,"good",53.4223836032044,75.7431026152182,6.51948012085841,2.65672560119475,12.5166266961653,7.73791889982587,11.5193179361032
801,9,"F",1,"fair",41.5320451058102,65.3513228863836,2.30432892112224,1.58591684684879,8.76427255439973,13.7034657592739,18.80030534985
801,9,"M",2,"fair",40.1563659443742,66.6496597093644,0.439806509468145,1.69408919493303,8.42846303111578,14.6574673676353,20.778001508764
801,9,"M",3,"fair",41.6677852850256,64.6776316685848,NA,2.05727096849111,8.38122080985473,12.7357821866402,NA
801,9,"F",4,"fair",41.0943905564897,68.9829025876037,2.57822509932602,1.59882997200766,8.80778889110983,13.9053311772198,17.758932041574
802,10,"F",1,"good",44.196626498034,72.1507049739299,2.16719555775443,2.21394341635099,13.1764318481134,9.62271595642043,14.973047399739
802,10,"M",2,"good",43.2851739411163,71.1184289071015,3.33386997727025,2.00389977069245,9.963938519328,10.2082386468623,17.5980691007406
802,10,"F",3,"good",43.3916051648201,71.7055200749217,2.89615402987249,2.51826148961091,12.804077335115,10.8734555995722,18.2337173147602
803,11,"F",1,"fair",45.608295731714,72.7828502915735,1.96076898847342,1.51260729332911,8.59962273232778,12.8171797835049,18.8158689457223
803,11,"F",2,"fair",44.2376934541895,67.9029917464203,2.53617855807798,1.06331828136712,7.28716571803036,12.2744072462738,21.8297388740188
803,11,"M",3,"fair",43.1740597390926,70.4616608919604,1.2972874413785,NA,7.54675213762056,14.5191696573093,24.4578904865614
804,12,"M",1,"fair",41.8014551102883,72.3326819766601,3.72182737561232,2.51497625307896,12.1626410504076,9.24322370603279,17.1697777500858
804,12,"F",2,"fair",49.4748374226523,72.6515471331167,4.09959632503266,2.60946574285617,12.6438627306122,9.92193700673647,10.7741120109395
804,12,"F",3,"fair",44.9185906439186,74.3674290203936,4.4786342224516,2.64258568428598,12.0587337298287,8.25848498772032,14.5092423784317
804,12,"F",4,"fair",45.8177397347738,72.2612177328586,2.80491426783453,2.47751153508713,10.9201640232682,8.16160787695869,13.6085860360406
804,12,"F",5,"fair",47.5164382774865,68.4187473742772,4.58075823526201,2.87562462578608,10.7954896480107,11.286858277058,18.4280449253576
805,1,"F",1,"good",54.0428527565681,78.3267341616087,5.31666222329255,2.91625292995885,14.132921515866,10.0064325869772,12.9337492510256
805,1,"F",2,"good",51.8536590868403,75.354098206219,4.08159948761958,3.04041421545055,13.3213389602272,10.0670122351369,15.6685095882108
805,1,"M",3,"good",55.0306257883359,75.3676797320141,5.54743064450642,3.14363282803548,13.6184934502872,8.3999312969768,13.9638356936169
805,1,"F",4,"good",49.1842348121022,72.6991777639967,5.24351336233512,3.21279960805795,13.2834427262258,11.0061026710218,17.4055079954867
806,2,"M",1,"poor",34.7393397272099,63.4669802129107,0,0.995509535729564,5.29723136238789,14.5230855533852,NA
807,3,"M",1,"good",55.5943938376566,76.7283915902322,NA,NA,11.2994561262255,NA,14.6945967686292
807,3,"M",2,"good",56.9767716161366,73.9267908890018,5.8977943118626,NA,10.1099257306096,12.5522318357872,13.5030719842104
807,3,"M",3,"good",56.1145983919124,76.3798921708426,5.43243744560628,1.98713373513029,12.1805359840907,10.121686315238,11.8065775045433
807,3,"M",4,"good",52.9912359084954,79.2696775588588,4.64562769255021,2.14178941827246,11.2396224203826,10.1467627677056,13.1586840027051
807,3,"M",5,"good",56.2247693387272,81.3901548753085,6.04478836908587,2.22646948855793,12.5907295584482,9.95024830471653,15.9011037420747
807,3,"F",6,"good",51.6818216879507,77.7825579319438,6.67925339012264,2.1218559206566,10.8294723240665,10.2290546469592,17.1885292098833
808,4,"F",1,"fair",40.892026805519,70.0981699231356,1.28690634580815,1.54587456486142,8.80609361201972,10.4511376584489,23.2959838765684
808,4,"F",2,"fair",43.7205862004267,68.851892491401,0.900561349275944,1.37724854901402,10.0233564104156,11.8298635300594,16.7717289111801
808,4,"F",3,"fair",39.2070429559523,70.8291977236086,2.11045855067213,1.71441826596302,8.64352827619492,12.9226346554392,15.2818484854033
808,4,"F",4,"fair",41.9869496571839,69.3991668733821,1.23595786370962,1.17852822314433,8.53265726154405,13.8663377131529,18.227402715982
808,4,"M",5,"fair",42.5755243999511,67.9956590166506,1.1314595820725,1.69833299995468,9.00621049753359,13.5793377731753,14.0238387629756
808,4,"M",6,"fair",39.1150817057504,69.544230301717,1.14358407043384,1.44560156365123,7.7253238088695,11.7884390534465,25.195215433101
808,4,"F",7,"fair",43.0238652537629,67.1448367188069,2.70894814278353,1.61604693648483,6.89742232979115,13.3406327043496,22.1409460506137
809,5,"M",1,"good",52.1116189021363,71.6564247023022,2.87512320207983,1.34286387914846,9.69097261642242,11.1655766947313,20.9692139486497
810,6,"F",1,"fair",41.9237820416704,69.4471466196367,3.47968350163404,2.39564126000126,11.7414823159343,10.4036277693775,18.407518901083
810,6,"M",2,"fair",43.4357519298785,71.008069035986,1.81850148921479,2.28405438534123,10.7247281799971,10.5661923273467,12.0328429425942
810,6,"M",3,"fair",47.3312203872382,72.3867123467566,2.33729178335718,2.60094801256632,10.2965128664007,10.4055135352079,16.0260942203258
810,6,"M",4,"fair",43.6196644300657,65.792758774124,2.13075007165409,2.10666533826705,10.8655751855106,13.2539276552189,18.8447729468708
810,6,"F",5,"fair",44.0427684480206,71.5078741627199,4.20956165789972,NA,10.9492974233617,10.1596981142407,18.8360813704224
811,7,"M",1,"good",45.6435740925266,69.2053407383132,1.75751632677421,2.47386057385702,10.3980584615484,11.0694236510786,18.3436214100109
811,7,"F",2,"good",46.7253479899346,70.7371024136712,4.73187906926692,1.74191209156493,11.4588132852801,10.1863465513096,13.7821555581738
811,7,"F",3,"good",43.0170040643233,71.2261404335232,2.70216688938642,2.2214965970664,9.30718176899644,11.5632650540393,15.2041273668617
811,7,"M",4,"good",45.4053498322817,71.5010998794144,4.11535891063367,2.01729358149001,10.2461971415801,11.1007784905377,16.7967512723868
812,8,"M",1,"fair",43.3946025306715,70.6785349014767,2.47480415057561,0.525311612337299,5.50316118197572,13.6966011772952,29.9539187982954
812,8,"F",2,"fair",42.8492472955601,70.8111635384477,2.46530435540529,0.306557796383156,5.41310438493992,15.8866237581238,32.6436925950422
812,8,"F",3,"fair",47.8813395398667,67.9626274956059,3.05287238318847,0.801461694298028,4.20568696620573,12.9906601729098,26.0407050817319
812,8,"M",4,"fair",44.7212847350519,72.2949146787029,2.98980813025581,0.827789426014757,4.52961674619406,14.9912862648159,23.9664514335097
812,8,"F",5,"fair",45.347921352341,70.1490163949934,2.6852649272793,0.417904533190298,4.64901187403325,15.3275903986779,30.1551002303932
813,9,"F",1,"poor",32.555789859373,62.6130513023399,NA,1.12596401499413,5.92857600291551,13.2701180726962,23.9389042097931
813,9,"M",2,"poor",32.5110571114957,63.2913409647783,0,1.08197085736432,4.56343785475112,NA,22.9700902777389
813,9,"M",3,"poor",35.110697216439,63.7027603270233,0,0.972762350746092,6.59311398076613,13.9184163445665,23.4772267560865
814,10,"M",1,"fair",49.6280027320062,71.4858661075309,3.81397323960421,1.73337793748379,7.290943498687,12.0083784736997,21.1249863290541
814,10,"F",2,"fair",52.2965662761506,75.201537244366,5.96487595845772,1.664210057525,9.94818097901315,11.0707309218566,NA
814,10,"M",3,"fair",48.4709172595536,73.0664800531738,3.83062775873531,1.52502677668368,9.25219707328603,11.2102538429841,20.941477745184
814,10,"M",4,"fair",50.7561465176846,72.7093907549435,4.1144665890754,1.42035373114867,8.02586352773115,12.2430882921868,18.6567073103306
814,10,"F",5,"fair",50.458094286143,75.4617005882235,4.84775114306139,1.84224774401345,9.47730912322323,13.6770663159842,20.9523168408225
814,10,"M",6,"fair",50.4550453434999,72.7499220230662,NA,2.11414869869985,9.09267475665664,12.7317689458453,22.5895666162951
815,11,"M",1,"poor",36.5422520545303,62.7480443353348,NA,0.402751038876319,4.3640197216821,15.1855517069038,29.9346553503332
815,11,"M",2,"poor",36.4341408998588,64.8473495401621,0,0.244076067177702,1.10032340417377,NA,33.5648381077246
815,11,"M",3,"poor",35.3402181289831,61.5695953015055,0.671433866176423,-0.040029080696729,1.11715944453422,17.1802249216391,34.8846070024969
815,11,"M",4,"poor",27.4814022578003,59.8285214297913,0,0.0711448851998147,3.12923558594046,18.5696514982934,32.2957592806974
815,11,"M",5,"poor",36.316313531579,61.2558792398936,0.290477149836466,0.357067389708565,3.33100026764692,17.2311818716212,NA
816,12,"F",1,"fair",44.9999451996727,68.5298862161048,2.61578961415407,2.03250978183544,8.61315435346955,11.6943218117971,24.7110562358617
816,12,"M",2,"fair",45.8315612917052,70.1807221897985,2.93369696920032,1.85909958153238,6.97273819527214,13.3497005511226,NA
817,1,"F",1,"good",58.7509786102494,79.4835894101492,6.5983626270247,1.92198110854597,8.73871474319905,10.4411513839613,18.6689601543887
817,1,"M",2,"good",60.9148469316803,79.7791361532039,7.71112820905916,2.15967274087729,9.12138167146532,9.65723942210713,23.0706086686276
818,2,"F",1,"good",53.0929112839365,73.9139000920746,4.97092566350448,NA,13.5920635691159,8.70988717239599,14.9336989242944
818,2,"M",2,"good",53.5414521675517,73.791399213738,6.98365893768383,2.94116238848415,13.5256825116452,10.3442885979365,11.2624877732563
819,3,"M",1,"good",49.3594141277149,72.0595288830545,3.95290739838903,2.01129499165813,10.8091448484139,NA,17.3950858178901
820,4,"F",1,"fair",42.557294204885,68.4014189008374,3.136020641276,1.56742334419582,5.38813416207327,NA,24.0528297727078
820,4,"F",2,"fair",41.5474326769087,68.5716808720193,3.52712399803481,1.6016878973776,8.28088086595301,12.9400100342954,22.3668773906582
820,4,"M",3,"fair",40.7851497141412,67.5121042899038,2.20207666197578,1.79221291936354,8.02158893730408,11.9637191708705,21.0937707240981
821,5,"M",1,"fair",48.8020382101896,70.7522693429531,4.129261359629,2.60313391073658,11.5792660216935,10.4231365568559,14.4804565236969
821,5,"F",2,"fair",48.4028555727232,70.979170397442,1.57414810010177,2.39187595887626,11.8705726231693,9.40133772710569,16.2525192498532
821,5,"M",3,"fair",48.2468705932391,68.3170332623316,1.56941201414679,2.74092717694998,11.3040075808793,9.60020601118376,15.1490186678928
821,5,"F",4,"fair",47.684899899514,69.8087576170582,3.41454711230178,2.94944242246863,12.8530277224291,8.84533816828936,14.4775037239275
822,6,"F",1,"good",55.4489234362959,76.4669817301566,4.27117781755658,2.82294333848955,13.4617795857634,11.2726724027412,9.5610189378188
822,6,"F",2,"good",56.6283025089789,78.9717992654852,6.73928828538583,3.10782047687929,12.9464886688822,8.64935862232076,13.1578752810462
822,6,"F",3,"good",58.2160315630431,80.7828627016747,NA,NA,13.5450279975556,6.34558192396787,10.5725928742429
822,6,"F",4,"good",58.9107406541641,82.009523725952,8.31350052397557,3.09029168396539,14.430126329085,8.32195118696504,6.13338817943402
823,7,"F",1,"good",50.337535893239,72.000869785961,4.50216781493796,1.74650919499736,10.1505604155641,13.3026377970868,NA
823,7,"F",2,"good",48.317960797245,70.7494588227234,NA,1.71019761616841,8.5599636452882,11.7259613645648,19.5132582335502
823,7,"M",3,"good",49.9425960395741,71.2300966931401,3.44312282127712,1.9802147330577,8.95822397486037,12.0421984118393,19.8033786776643
823,7,"M",4,"good",50.5836835087757,70.5327349904776,4.74326636062654,1.77186368550596,10.0149642291109,11.3731681466585,19.9678226937145
824,8,"M",1,"good",44.1606679983244,71.6794323590212,3.32325485158883,1.58098287826608,8.43993001850835,11.1053422876505,20.1126726279389
824,8,"F",2,"good",45.8618634073887,72.2397797181667,5.29744478370398,1.80109275383509,8.05292837520944,10.7211499635354,21.9031284504476
824,8,"F",3,"good",47.2890650748154,73.9717133545065,3.51212904270876,1.76981101972864,8.23731596597877,12.2355360257767,18.0575997724395
825,9,"M",1,"fair",43.1382808211716,64.1244900630837,1.74107769476424,1.4303893643796,9.12631637147596,12.4091169542981,18.5055554928451
825,9,"F",2,"fair",38.0823752592898,63.517843294565,0.0927699061223565,1.39274908236134,6.58919734481972,13.7298531379923,25.2916074371999
825,9,"F",3,"fair",37.4767618355874,65.3775071543645,1.57420013842526,1.30247956096842,7.3874865189739,11.2859937924285,25.0176194262069
825,9,"F",4,"fair",35.2488340303399,66.0775379059112,1.03876117827087,1.29242159598925,7.25720426286271,13.8938509994993,NA
825,9,"M",5,"fair",38.4608328613565,61.5932463025807,0,1.1197513869655,5.29351037900619,13.8523266714101,25.8439867176702
826,10,"M",1,"poor",40.1240510611744,66.3859798972098,3.0260458475154,0.361658003947067,3.27823173288285,NA,35.5896326580908
826,10,"F",2,"poor",42.4861702164677,67.3687607309417,1.27368073127799,NA,2.91244905462823,16.3980479228299,34.3786607733703
826,10,"M",3,"poor",42.3728625843842,63.789714532917,1.65269178076281,0.21489858051283,3.07937411596566,NA,34.2469928714411
826,10,"M",4,"poor",40.0410396193601,66.9529605543046,1.7003760639146,-0.0857406796180692,2.30316361799427,19.4049633394171,36.4011685848578
826,10,"M",5,"poor",40.4864760156871,67.0653674046954,2.73169235755529,0.121724476862803,2.08430894314015,15.0863306976136,29.8624029955808
826,10,"M",6,"poor",41.6421089022942,67.117510426723,2.57726168442194,0.0287977157801799,2.08279931198502,15.4702126548256,33.5401517008167
827,11,"M",1,"fair",44.521521951148,70.4598219044153,3.9423954872595,1.55156464976026,9.12794744594343,12.0281132036492,21.4533913237449
827,11,"M",2,"fair",41.6557332535793,65.6835296554815,2.50641160073769,1.33068262650603,9.44832463276747,12.4290322957239,22.3424176091368
828,12,"F",1,"good",52.6226026353399,71.7137942403007,NA,1.99089446165859,10.3885889800497,12.2028788921472,19.1122288416115
828,12,"F",2,"good",50.6081845186081,73.1502515312069,4.16764631423828,2.13853914514908,10.5315641250582,8.45102390214219,14.5188355905503
828,12,"M",3,"good",50.5416538029943,74.1044663930526,2.63657598582046,1.97167471396308,9.46938841663117,9.83711052751409,14.2597640786516
828,12,"M",4,"good",51.6306919969411,74.8673236682207,6.36738331588793,2.11084169612863,12.3691785744523,NA,13.4858213395875
829,1,"F",1,"good",53.8957681167922,77.4729438041073,6.49374533148904,2.76067143564756,11.963832350467,8.71697297752437,13.0008192615081
830,2,"M",1,"good",44.7655202517846,68.5558796688236,1.71749709216117,1.31665236877609,8.13936548861761,14.056206003061,20.2202927013557
830,2,"M",2,"good",47.7306074161194,71.251682928576,3.77384736275398,1.19381945465744,6.85038040558005,13.2059429645487,22.2046123860763
830,2,"F",3,"good",49.1340414613847,73.1339589139999,2.94412415047327,1.4052279781344,11.5380737372822,11.7462970301572,23.0694150273566
830,2,"F",4,"good",49.6423172328036,74.6633703002027,2.30703423318559,1.53065605277214,8.74307636849402,13.2354369692433,21.3531803192265
831,3,"M",1,"good",51.9913321632044,75.9546881738795,5.75077335629822,1.91446319702643,8.93319483916029,12.5659744802604,19.854540559461
831,3,"M",2,"good",48.0733820412003,74.5422525339097,4.67011078649575,1.93812111119856,8.7855474906807,10.6190500193479,18.3173622330355
831,3,"M",3,"good",54.0810772341245,73.6467967656659,5.93024402226591,1.87759200089128,9.49690799808404,13.0147974077311,18.6209602839252
831,3,"F",4,"good",51.9145262776328,75.1091599866244,6.41983379975517,1.889923066307,10.4745816970218,10.5988095224137,16.8455203420186
831,3,"F",5,"good",55.6963879163639,76.0077065273205,4.64365434678147,1.79882106161021,8.48660964892895,11.6980236859611,19.4999311450429
831,3,"M",6,"good",50.9749669402918,74.3763629720292,4.30586718007733,1.78550959108257,9.97797739709205,9.93531987346322,16.4489370206702
831,3,"F",7,"good",50.6342862436499,79.0755261118556,5.95817829800718,NA,10.1693658485451,12.087072562063,NA
832,4,"F",1,"good",50.2291989790366,75.5973915693853,3.92959075083724,1.96286680345604,8.98269296906066,9.20559106646728,18.750726537002
832,4,"M",2,"good",52.0894612767283,73.977074082529,5.11383445489867,1.86283099677606,10.9277418841067,11.9060408751503,NA
832,4,"F",3,"good",53.4618568727711,72.7419343591642,4.72424676206605,2.20352244335151,10.49963154711,12.6143035377923,NA
833,5,"F",1,"fair",47.2179154043257,71.3220993753177,3.946611579323,1.4812619904022,8.97240183580134,11.8756795150242,23.7325903853101
833,5,"M",2,"fair",43.4457387032253,68.4089399667645,NA,1.52829000128804,8.12848074041361,NA,29.0251399508201
833,5,"F",3,"fair",45.608747773792,69.5616795839322,5.49073972617248,1.61326601322098,7.79289969332324,11.5439091161541,19.2557046805871
834,6,"M",1,"good",49.9546492968427,75.0676017891046,3.21272876409474,1.42268892277551,9.35895778602851,12.1190236734897,21.8624888344353
834,6,"M",2,"good",51.8846195149317,75.0205590989416,3.40560725315561,1.70314465341989,9.76351243720831,10.2429329082417,17.074082460964
834,6,"F",3,"good",49.3259749673635,71.0825037017274,5.6552119425256,1.71904285117191,8.70100369519469,11.0294325510779,16.6723883138857
835,7,"F",1,"fair",40.8639948843434,71.9488654031069,NA,1.11223644949971,6.71519031966497,15.6876753994414,26.6148276497272
835,7,"F",2,"fair",44.0546946696335,67.859800079069,3.31142220312449,1.11139400583867,7.51460537777823,14.0104450585201,26.7883026455478
835,7,"F",3,"fair",46.0144985972141,66.4914483040821,3.41145289450119,1.24719616303444,5.47401263495689,15.1790262186567,23.4001277650539
835,7,"M",4,"fair",42.8201492823329,71.6034630962883,3.1732140415424,1.18720991468301,4.94745525408024,12.7969035012574,27.9180887853199
836,8,"F",1,"poor",44.1472699043908,67.393512901186,1.56772771124771,1.59623487970423,8.20690723731807,11.3487856908058,17.2305572213139
836,8,"M",2,"poor",45.3628222508801,70.9490128853768,3.03711389940926,2.2333187067985,7.92248567346931,12.0409069436957,19.118938349118
836,8,"M",3,"poor",45.1507487340686,68.7458945912923,1.92786600368749,1.87177097137448,10.2122790077744,11.8547797599639,22.1488490490887
837,9,"M",1,"fair",43.0352731682005,68.9543272471348,1.12603922884295,2.30582777380225,12.6529025591469,10.3913187488675,12.3459675868636
837,9,"M",2,"fair",39.333497809102,68.671231318537,1.97913309090192,2.29767604754333,11.0224284714074,10.4931678951797,NA
837,9,"F",3,"fair",42.8076174134849,69.4937904630996,1.31224567157933,2.59827372321927,11.1634133002743,11.3631939356478,20.7968150542336
837,9,"M",4,"fair",44.5602317127231,68.787029260077,1.25805673636445,2.68117526480598,12.2770402903275,10.1937351259014,15.7381065807162
838,10,"F",1,"fair",43.7441670358715,72.7651139173103,1.76246991186451,1.89391083044292,7.52647679786067,12.7716956125115,17.0646003203329
838,10,"F",2,"fair",49.2425636470043,72.8826201109894,4.67522477899038,1.61558771935303,8.0442967938369,11.8138337224925,20.09428195272
838,10,"F",3,"fair",47.6823879661954,70.1009975527775,4.04737079096017,1.60498560453737,9.74347129185861,11.1485399943899,19.2865553458745
838,10,"M",4,"fair",48.2979836728634,72.558196838533,4.21991511154658,1.82168295864099,8.59067596208208,NA,18.9422080389903
838,10,"F",5,"fair",47.5598682970787,71.4854744494281,4.19397109890456,1.58475658771673,8.83297709993426,12.0075529086529,17.5342084640875
838,10,"F",6,"fair",43.5617300202198,72.3865418325874,3.70031424814762,NA,8.82725137969805,10.8452484853842,15.1009028218086
839,11,"F",1,"good",43.9575177544184,68.3878921609415,3.57523838744348,2.15407439606468,7.93779683581188,10.7470071826218,19.2493442076433
839,11,"M",2,"good",43.5047166957153,72.9384248230991,0.92114525991767,1.68809989616621,9.60192400611631,NA,19.3467782973491
839,11,"F",3,"good",44.5603443415272,69.1231096775907,1.43731269973064,NA,9.08903229958998,10.8914773052872,18.5343300876278
840,12,"M",1,"good",49.9000171112864,73.4030743556615,3.62772925109269,2.1187442196792,8.40301530286239,10.1843090105025,17.1466730947201
840,12,"F",2,"good",53.7574105076198,76.6211506162272,4.82667757960742,2.23298144411617,12.8314697249166,10.2794798849133,11.7521658517659
840,12,"F",3,"good",53.2401139004554,74.1380609353667,4.53862159601545,1.82071565406297,12.3466570490826,11.4087871578664,NA
840,12,"F",4,"good",52.238181126729,76.9893125273564,5.0689306085776,1.85637334554195,9.64568433112293,12.8260180927181,13.1934483116538
841,1,"M",1,"fair",43.439969047398,69.8212037301477,1.82162604203551,0.705153169092094,3.90291182211179,NA,25.5266588913279
842,2,"M",1,"fair",42.6466926510553,70.9832777537005,1.28424321838766,1.82009861432161,8.50130794821979,12.2307161628227,20.7906655969936
842,2,"F",2,"fair",45.0795414252898,66.3767281916435,2.26894268236566,1.48719535401734,7.47901896217267,13.7146697391678,23.6811649932871
842,2,"F",3,"fair",42.7472547159351,70.4278057973805,3.24842639654095,1.71377444262127,10.1308696742472,13.2841052712954,23.9003337448119
842,2,"M",4,"fair",42.4928655043019,69.000494037813,2.0712076719525,1.78376737705795,9.4637723416067,11.0884246035621,NA
843,3,"F",1,"good",52.5814109411147,75.9045752899507,4.02140543293609,1.66958868909039,9.60009297521117,13.9863852073272,22.5690654737685
843,3,"M",2,"good",51.3439369848117,70.3684356030753,5.0229627001867,1.41488565951872,6.60512215104471,12.5419854108539,24.5509674639292
843,3,"F",3,"good",49.5867273384752,74.2305266596584,4.7683994839847,1.5818991358936,7.53478498048932,10.6599212535212,27.6748849273397
843,3,"M",4,"good",49.295687604209,72.8064070269584,4.62374803486822,1.76028182996589,7.08123205375311,NA,15.0593857544344
844,4,"M",1,"fair",44.6289502758603,71.6847389891937,3.80680742623997,1.82539882800402,9.81433346372812,12.4517564038179,21.0407590393788
844,4,"F",2,"fair",43.4289026179376,69.9325400959354,4.59122471363019,1.86827322519747,10.3369836605567,12.0488498992172,19.4903484635054
844,4,"F",3,"fair",47.8578656808183,70.9049832947173,2.32742341869834,1.85506166468456,11.2163548903158,12.2926424953018,18.081132613155
845,5,"M",1,"poor",34.9689522799636,63.2472689389579,0,1.44460036803092,7.66267758893166,NA,27.0315877711127
845,5,"F",2,"poor",41.2529583393321,64.4239002176239,0.347871196040105,NA,6.97666011373591,12.6852051073766,24.5839633834537
846,6,"M",1,"good",53.9315336868369,76.7837916555895,4.1187824052795,1.62142539054234,8.4512477912742,12.2767455929836,18.2449519276506
847,7,"M",1,"good",55.4282535314951,81.9686820846639,7.81452649989156,2.49114543605252,12.7142542657506,10.875530927394,13.9066266507742
847,7,"M",2,"good",55.5573420668396,80.0341547249069,6.81413103922683,2.5874395978517,10.3038901942708,11.5438245844173,16.1392930374877
847,7,"M",3,"good",56.8826408675921,82.3643543215425,5.3838716606859,2.71729459391861,11.0832262000119,10.923959215075,19.5292400898617
848,8,"M",1,"good",51.2687546468803,75.6512433011343,4.59498524384896,2.04276183824389,10.5997750942971,10.5042822207089,19.3420251727975
848,8,"M",2,"good",51.4455724394902,76.3279881859867,4.72459595450383,2.18431238556912,11.1011541558108,9.44222484422176,14.6476908743926
848,8,"F",3,"good",52.3593272203178,72.8882655730233,5.24333394947523,2.45785377868856,9.65472402670042,9.05967177251495,19.1693194691589
849,9,"F",1,"good",46.8107625949018,72.6232275397952,3.5470791340105,3.42636225009401,14.1020615064722,6.14666512041112,NA
849,9,"M",2,"good",50.780403571956,75.8598150352325,NA,3.21989931659769,16.1302261961931,7.72945404093086,11.811191186215
849,9,"M",3,"good",52.42636753265,76.320896952279,3.67623501804652,NA,16.3485093004258,7.1617486454624,10.1003525497674
849,9,"M",4,"good",51.8995944361547,72.8811188484227,5.47967739862707,3.39312263260358,15.3641536497283,8.36395387360065,9.50635640990857
849,9,"F",5,"good",52.3552454589573,74.0461724680738,5.55458923185759,3.24985885547489,16.510372684178,6.07795088385103,9.53879054069842
849,9,"F",6,"good",49.2868228928299,78.4963357537943,4.1673662004813,3.37233810606734,14.3146210990606,NA,12.9040914058742
849,9,"F",7,"good",49.355657520726,72.8029465149425,3.06779010937352,3.13251324964119,15.2245489716301,6.70816883238751,12.7932512750585
850,10,"M",1,"good",54.1206420650999,76.7608389508212,3.71962483522561,2.66539003718041,12.375825786357,10.7929116592067,13.2607824994654
850,10,"M",2,"good",55.9940916991178,78.8496454679882,6.65768819713672,NA,14.9441608709331,7.84898557673214,9.65516846890648
850,10,"F",3,"good",52.7286223523366,76.5796012679808,5.69522011071925,2.76547345482968,13.3955913474898,NA,11.5040372334624
850,10,"F",4,"good",56.4873643547262,75.3853096428908,5.35091685251566,3.19523531803219,14.7034636131187,8.45152920183095,10.1726225737044
850,10,"M",5,"good",54.7101783406098,77.0680850733239,4.14339713813126,2.88005986941197,15.2772395272716,8.5487544922725,NA
850,10,"M",6,"good",56.3244071055079,73.4764451363766,5.55817479298907,3.41854087847196,13.4227234810079,10.2394230414943,11.4473043899804
851,11,"F",1,"fair",36.0386211113036,64.755205584597,0.594350369338632,1.23447908663072,7.79848193174005,10.8649598179556,NA
851,11,"M",2,"fair",40.073576150728,64.9358256218293,1.64769111119102,1.79930263414772,7.86632290509841,13.645905411406,20.2654692661483
851,11,"F",3,"fair",36.342129996141,64.9353474980623,0,NA,8.65227551113249,NA,19.3352287630884
851,11,"M",4,"fair",38.0132645501587,66.21595591225,0.688326228786216,1.64771700202937,9.50602713959934,12.1430439995035,22.119060862758
852,12,"F",1,"good",52.1852681684572,71.7784763273543,4.50343264259121,NA,11.3822905625731,9.48151111979767,16.5767674355086
852,12,"F",2,"good",47.5437770116063,74.027080101945,3.33812993136814,2.33243293874316,10.4523727259279,11.992919708387,15.2967558455982
852,12,"M",3,"good",51.9884397227514,74.5972397881067,NA,2.57165833240338,11.9159610578927,10.7972861469763,15.0019319503257
852,12,"F",4,"good",47.6784653962528,74.1389293917889,3.97494382302655,2.17210282434036,12.0105906876934,10.6043896740762,20.541938607369
853,1,"M",1,"good",56.6943156309928,77.7057218043915,5.79556045932593,2.08192478484994,9.9428339508366,12.2774068659321,18.140026763446
854,2,"F",1,"good",53.2754519326494,78.5020767402768,NA,1.84259052511905,9.23081223102114,10.9632762988165,20.3400229490094
854,2,"F",2,"good",52.2377255017932,77.0735600345544,4.45458412478214,2.03981234013716,10.3516884104553,11.7918171760845,NA
854,2,"F",3,"good",54.8608355033589,75.1692104372602,5.24169149019588,1.96926701719024,10.2118593211995,9.86325093105474,19.5449339573021
855,3,"F",1,"good",46.1196954571995,70.5949505329883,2.53481483838549,2.10462124187058,9.48589203069747,11.4949828875018,19.5637928390574
855,3,"F",2,"good",47.1642976435931,69.1555116248412,3.12408288298567,1.94795302998103,9.1997581088511,11.4955023378752,18.544601866144
856,4,"M",1,"fair",44.7368000423575,71.1181545133816,3.1980464541321,1.41750426679337,7.61221154370419,NA,23.3625706441846
856,4,"M",2,"fair",48.148647834848,75.9624815692091,3.0407849609004,NA,9.04361948527118,10.8704780014021,18.5569570841801
856,4,"M",3,"fair",48.5068530182314,71.2545905377366,3.49526506103171,1.76771653916762,8.61591324712843,11.7554291958875,17.9405632853517
856,4,"F",4,"fair",45.4073982628,69.0887966874758,2.3409814605643,1.52369870877305,7.86404928568678,11.3938293530151,20.7549402842758
856,4,"M",5,"fair",49.9611795517362,71.4250458598869,4.06607567282752,1.47554549788363,8.62243510791068,11.1459799333321,19.3982324764334
857,5,"M",1,"fair",44.4498099606842,69.2451300449647,3.41018009947859,1.73107080330547,9.5823671129152,12.2135922020123,23.2332118998381
857,5,"F",2,"fair",44.3202847042416,71.3432059749552,NA,1.92049379530858,8.98383693880204,10.4400479909721,20.8832226974628
857,5,"F",3,"fair",43.0516177851392,67.2974775461184,2.5637432642,2.0591788980685,9.04089442921653,10.1730261455461,23.2705870471828
858,6,"M",1,"good",53.2120789680867,78.9251159942147,5.851448833745,2.28236132689374,13.7476554866925,9.62090976840346,17.0668321545318
859,7,"F",1,"good",54.7660461329007,76.906557227293,6.18441499534723,NA,12.7915950068976,9.18400678739573,16.754954987192
859,7,"M",2,"good",56.7283383617231,77.3909587985135,6.5848707312698,3.26817128419949,13.144178832701,NA,14.2277000601092
859,7,"F",3,"good",54.9815335161482,78.6839461866649,5.61951764731652,2.62749807796731,14.3153721417281,10.8592925374632,NA
859,7,"F",4,"good",54.9977513653109,77.2663351664728,5.00994941261835,2.83139504907992,13.8304641523747,8.64298818182313,11.0743308881662
859,7,"M",5,"good",55.9354613548241,77.5655726255273,6.57831876370368,2.70388399870973,12.9571970664257,9.67762667144219,12.8369326489692
859,7,"M",6,"good",54.2939535211668,75.7974472641017,3.55819379064474,2.86277437391463,13.4424910962294,8.47676432272342,11.4815700108251
859,7,"M",7,"good",54.34780892871,76.6125318251186,6.11353072647404,3.25289219169562,14.9970539667884,8.24420512836815,7.94183008889605
859,7,"F",8,"good",53.313156240293,76.2941841183776,6.69266919048938,3.13162497189271,13.4229724497933,8.6798230352606,11.6119051805931
860,8,"M",1,"good",47.3351420436955,72.7620058960416,3.64695969876309,2.99599631359967,14.7596038108748,9.98360144238459,13.8002674406133
860,8,"F",2,"good",48.3484024804067,74.2199007044855,3.74760127105664,2.761521386372,13.9605037330337,8.22137269659639,14.9777517737734
861,9,"M",1,"good",45.1703963958802,69.6362374397043,NA,1.41371952517507,9.40777497594427,12.1308667870912,18.2961484655869
861,9,"F",2,"good",47.6226773741114,73.1640826144296,2.36680782237348,1.34279604342337,9.30551036242367,11.7603595591849,20.3864665795106
861,9,"M",3,"good",51.1283446600645,73.0714759034968,2.56980979112337,1.82072257750128,10.8945199868225,10.4055085746294,16.321726357016
861,9,"F",4,"good",44.4497277123138,68.7333735969212,2.38110649006307,1.47284010659876,8.59248956830968,11.9039155087118,16.7158429325168
862,10,"M",1,"good",51.2065500582344,72.8348932324656,4.76631267262522,1.54468414668697,8.32724103641986,13.475853869381,19.3056799840097
862,10,"M",2,"good",47.7478356669714,73.2550634267965,3.62769804727545,1.69072953288311,7.93931894394795,11.0777025978777,20.1241683620725
862,10,"M",3,"good",54.8957986315111,73.162824810282,4.31652398823142,1.41208276989642,7.33685055243307,13.0361076931644,21.2438498516182
862,10,"F",4,"good",52.177793103738,72.876454339798,6.06476327714281,1.53960396767053,8.40926996085799,14.1765444651106,17.7312447995615
863,11,"F",1,"fair",52.0499273923446,71.5793826491389,3.71244411449095,2.0518909972985,10.5783921540107,14.3936403510105,11.9058151428493
863,11,"M",2,"fair",48.9078297273061,71.2377419217426,4.30091596417347,1.68854463416552,7.98909083726163,11.7979191600739,19.74984715456
863,11,"F",3,"fair",50.710173632368,75.1267182897713,4.42269440685474,1.92468361360657,10.9445442177832,10.4336012013161,17.4837703286778
863,11,"F",4,"fair",50.1171889185773,75.5463132459359,4.09105261735412,1.79109182403106,8.70012264691986,10.834682946638,16.8438399830981
864,12,"M",1,"good",47.6828916231492,74.9693730394364,2.770102269262,2.04585083847839,11.5831440839086,10.7472010234018,18.8524100805629
864,12,"M",2,"good",51.3559941545412,69.3295714007313,4.22179788181733,2.11616286870986,11.7809028519428,12.3137206519931,23.3576663182006
865,1,"M",1,"poor",32.3873073654662,58.4574439141426,0,0.314902618045488,3.05838377772092,15.2964253806809,30.3450464523495
865,1,"M",2,"poor",30.5263184505435,59.9111238265695,0,0.400422181506863,2.86119967960397,17.8496006990918,28.1873598693026
865,1,"F",3,"poor",29.4570095572829,58.0581892339053,0,0.335701616926157,3.07374601819583,18.3178969613202,29.3192034921547
865,1,"M",4,"poor",33.1966705710478,59.2645440217197,0.967294810320107,0.63350393081087,2.54944347361149,16.8428130020042,29.7363015863182
866,2,"M",1,"good",49.7501941739627,74.3239443191179,3.4572100953366,2.42044190197967,12.268901876328,8.69647003380791,19.2161825296259
866,2,"F",2,"good",47.3024626346393,74.1641374405629,5.83744205484866,2.76614122953572,10.3644506383514,11.1977180481005,19.1467430976575
866,2,"M",3,"good",48.1267365797808,73.5884617151049,4.03214550800102,2.57884037274147,10.4487248602055,9.84998407582675,19.0044225321985
866,2,"M",4,"good",47.5869361372828,72.9010107689485,4.78445172021352,2.75328243819138,12.0867436014152,10.8094455661243,15.0796662334822
866,2,"F",5,"good",49.5103736877527,75.2027979019213,5.4241913326268,2.79963860957908,11.5766784662491,10.6601498221722,18.1828396071175
867,3,"F",1,"good",46.0912449931389,72.5236123655937,NA,2.48744476925923,9.68485746647596,9.46138194270867,20.4314268353346
867,3,"F",2,"good",44.8308535842021,68.0676118096791,3.91471128713097,2.32957457006015,10.3583206456566,11.8053032497362,20.2389487690221
867,3,"M",3,"good",44.6859050018859,73.1415618032733,4.05196815984743,1.99100085033636,11.1441158782015,12.5046461540898,22.1333166563426
867,3,"M",4,"good",47.8465738682922,74.6392241742961,3.41778315154355,2.16088190825589,9.45703189846903,NA,19.2424917129928
868,4,"F",1,"good",50.3277248511992,75.6877487822426,6.18751876361167,3.0324077178598,14.3449229196094,8.42767273911505,14.3471909583904
869,5,"F",1,"fair",43.9374455750217,71.6870933326339,2.553210891749,1.68657485282928,6.56545755002905,11.2480435509602,NA
869,5,"M",2,"fair",43.5451410523705,67.6851568856971,3.50394631182748,1.62348880812033,7.85926361673349,11.6682643657784,19.8841253996953
869,5,"M",3,"fair",45.8462388820825,64.4027891634012,NA,1.58201164244287,7.79703142999512,12.0982089249373,26.2581736512988
870,6,"F",1,"fair",38.5355107893347,66.5412449262939,2.18673284153883,1.72209590572932,6.93208915628442,12.3243728533962,21.9518861686246
870,6,"M",2,"fair",41.263145586497,66.9693498719538,NA,1.91534246105522,8.452367779602,10.899716544915,18.962296015418
870,6,"F",3,"fair",43.07589889963,70.8036133181718,NA,NA,6.66485805988723,11.1339650450149,23.3975431243629
870,6,"M",4,"fair",41.9282772093848,66.4529689851526,0.179254637538828,1.8786989541422,8.38889441115482,11.1514604172057,16.1238351934943
870,6,"F",5,"fair",42.2782123924261,68.6734865131591,0.846907469223233,2.00481322253429,8.03993434933955,11.4212334098679,19.7777873611178
870,6,"M",6,"fair",40.0379320340995,62.2382294526631,1.41831093629821,1.91929478628543,8.97385084182169,12.6838538901095,20.1294265787014
870,6,"F",7,"fair",41.4423412637873,69.6693500280273,1.0338233647328,1.83208092252587,8.69314134331206,12.3403512948158,21.2199967500946
871,7,"M",1,"good",48.9997254601032,72.7492828054785,3.53881347549408,2.1470057917096,10.8345102838502,10.1797351900662,17.8608331916881
871,7,"M",2,"good",50.7455072379539,74.0899813989854,3.46212234809051,2.20189171886029,9.97945288045242,10.6970521653755,13.7872357913685
871,7,"F",3,"good",49.2545765750393,73.3108639290855,4.34179259752684,2.35428567794329,9.3708463450457,9.32075841282054,14.8899907771965
872,8,"F",1,"poor",26.6277758858458,56.0719212471621,0,1.35225236063348,3.26976510043478,14.7675147819343,22.4202184921304
872,8,"F",2,"poor",27.6624141394547,51.1409654408294,0,1.04140636065505,4.69956140519511,13.1101715052578,31.8885855659093
872,8,"F",3,"poor",28.6202594603959,54.8694064919243,0,0.981091959491387,4.58518171277676,14.0091600994824,22.9005601316181
872,8,"M",4,"poor",24.7409434932679,58.3578333298406,0,1.13431252415642,7.97906530829459,13.0475551145094,28.8729901146594
872,8,"F",5,"poor",27.6710287708273,57.6065177311158,0,0.846968067432728,7.06578569393371,13.560316929652,21.5798754514324
873,9,"F",1,"good",50.9522632620957,76.9410542655924,4.95405224307158,1.93030776749893,8.97788791270695,10.2196034862057,13.6048460265967
873,9,"F",2,"good",48.7422377228298,72.9159115134975,4.27860006382427,1.50292876902478,9.20782112009742,11.4623138996935,13.5503227744372
873,9,"F",3,"good",47.1881659654417,73.2093721384796,3.42037247241406,1.88790686217399,9.60515752669635,10.5787666375929,20.6014197636952
873,9,"F",4,"good",51.2048627351504,73.7595561636332,4.14860780694212,1.96735067903866,10.1623593414467,12.1105898026669,15.8856931675179
873,9,"M",5,"good",51.1030110073225,69.0387834547087,3.9089337786821,1.93526797953533,8.65083031824729,NA,18.0324859562828
874,10,"M",1,"good",43.9257530345524,69.6312072565364,2.48412804322762,NA,6.25733357291346,12.9870058645044,22.3172381600048
875,11,"M",1,"good",58.485310892585,80.8950111441353,5.71569277726723,2.92291628556575,13.5155856258327,7.6213211367993,11.010072371428
875,11,"F",2,"good",52.2767044272589,78.0073776410734,5.90748241556756,2.46435468522775,13.6700697518015,8.00743079056091,12.2358626957238
875,11,"F",3,"good",55.9973419026873,80.917184763725,4.85752767473794,2.6570331779631,13.9870894624524,8.82007170182177,11.5370851206655
876,12,"M",1,"good",47.8701077194386,74.7838055252521,3.88315771804898,2.25498118379401,10.4996301108736,12.4789610412994,18.6969340358737
876,12,"F",2,"good",49.061320818888,74.7253990482875,5.86816632196142,2.05674067322145,11.4660448346777,10.846860540752,18.6775109049199
876,12,"M",3,"good",46.8858567841686,73.0814974870586,3.40056536357209,NA,10.3084465697825,8.62972397802334,19.6380191894807
876,12,"F",4,"good",51.2577736137563,73.5664399707558,5.0768925585606,1.87150873479195,10.077530489374,9.44542294868639,16.0866635761457
876,12,"F",5,"good",49.1972331352296,71.4863107412433,3.57932751859827,2.27194659069134,11.4430315455162,10.8160599413332,17.5400472850856
876,12,"M",6,"good",48.4837638284549,73.204513271671,4.3913508672521,2.32879998772655,9.48054375949627,10.2911165159544,NA
876,12,"M",7,"good",48.5561110788728,74.5262676422073,3.56884975534186,2.1742542158639,13.0100396739891,11.1782265261753,15.9330995238818
877,1,"M",1,"good",47.3521259178358,71.2091314305666,4.09620086083703,1.95547477170515,9.16611767979655,11.9251824741518,19.3550450727075
878,2,"M",1,"good",56.4304020898646,75.9784782772052,4.54466922508389,2.77606969601865,11.9351033521098,9.39530673663494,15.5424604558108
878,2,"F",2,"good",54.2204895327215,75.424208831353,5.9063318510612,2.58375800239602,13.3965291642543,7.33975746803991,13.7963210287711
878,2,"M",3,"good",50.6971041936612,76.490917368946,5.89488268434197,2.62951909221831,12.5405648242916,9.23745484987397,14.2617087558951
878,2,"M",4,"good",55.2128337676127,78.3372164913667,6.26436531183151,NA,11.7948361513461,7.51967257245725,9.77433257477522
879,3,"F",1,"poor",39.8467256755001,64.8376752755107,1.24709533491623,0.955984447614268,3.01889097762458,15.4020134173038,27.9980082263633
879,3,"M",2,"poor",36.2966870886741,65.0728853656038,1.3346145277123,0.47917550868131,3.63369151645285,15.7108884821981,29.9091200758868
879,3,"F",3,"poor",34.9850149249707,64.4725849501846,0.0143739166752261,0.594750425312863,3.85075661360251,NA,29.4601917689411
879,3,"M",4,"poor",40.379023452165,66.4467086494273,1.03453034769974,1.01868767506109,5.05583811153924,14.8837977941896,26.1376086784521
879,3,"F",5,"poor",39.7309925568428,67.1102314532009,1.58214515114009,NA,5.16761009524012,14.9165667759459,24.4442240327819
879,3,"M",6,"poor",38.4620449959921,64.8273892933422,0.944217905117555,0.59544943417285,4.00411433095618,15.3863787345787,24.1568084310376
879,3,"M",7,"poor",39.8194990144135,63.9556394313126,2.04964589164446,0.676838247605258,3.95465869861318,17.482137965135,27.0926319804192
880,4,"F",1,"good",44.4198337090177,70.4792605429589,NA,0.993317793793067,5.50412330821618,NA,23.4582354766864
880,4,"M",2,"good",43.1262901795653,65.3770855346804,3.97196899043015,1.08825870749278,5.7245540298152,13.2960882083841,21.060745532908
880,4,"M",3,"good",43.8911163325536,69.0542850648824,2.60520877093629,1.11480641826594,5.50553599637929,14.3184809578916,21.3230892652935
880,4,"M",4,"good",39.3885832990726,65.3229964002753,2.18225727636761,0.980879469151229,5.63727125057773,12.7522825173176,25.5644429273878
880,4,"F",5,"good",39.0756510155064,65.9288082984521,NA,0.619977471300933,5.80001972231015,14.6834616670347,28.5295186494098
880,4,"M",6,"good",37.9175287822826,64.880001623083,0.713447285793133,0.593238516983916,4.03099249436423,16.582689342859,26.875862810364
880,4,"M",7,"good",41.6621734187878,69.5219957340546,3.91443980972847,1.12261158822597,7.22619062728617,14.4635179952588,26.3338400051085
881,5,"M",1,"fair",42.480158184978,74.0368340595104,2.86859195692148,1.43161616289618,4.95109144341646,12.6740623765316,19.6190828831843
881,5,"F",2,"fair",44.9843909714392,70.94467459859,NA,1.27205819643816,6.85682842716353,13.5849968485035,25.1715345711782
881,5,"M",3,"fair",47.8487480502481,73.2460606967171,3.5742529110476,1.6502745899893,6.47246154901363,NA,22.2492134492719
881,5,"F",4,"fair",45.9384531473588,66.220018688735,2.68578416556218,1.62968292081688,7.35681608992487,15.3617243317892,22.2971544415964
882,6,"F",1,"fair",45.3297410951297,68.3065198252899,2.45815911821866,2.06729336822681,11.0616566903122,10.6810914245626,18.8787591590284
882,6,"M",2,"fair",42.4050704602403,66.1757120715701,NA,1.99247916667302,9.45923614197736,13.1907863407448,19.4844786295164
882,6,"M",3,"fair",40.9092838726684,70.0540108925578,2.18621739010169,1.85182511134247,9.80024692798944,11.202514939947,20.7017931326577
882,6,"F",4,"fair",43.3846821662997,69.4394762173379,1.06572754602378,2.12165767529932,9.918228676253,12.1440275242939,20.7415850377192
882,6,"M",5,"fair",42.4131165710279,69.8642576338451,1.55627666444417,2.09364534018922,10.2927379647367,12.9142227034269,18.7007353508686
883,7,"M",1,"fair",47.9819873743391,73.0447090563095,2.87397689195929,1.20194201025533,7.22849010077772,12.6713519240434,16.4155406017631
883,7,"M",2,"fair",51.7525260498538,71.6333094389742,5.02815816838916,1.78003713418327,9.20109116304619,12.0228585200568,21.3893753913898
883,7,"M",3,"fair",46.3370528055052,75.0664263295761,4.01075293549057,1.84676831155123,7.17644682090752,NA,24.5343192876031
883,7,"M",4,"fair",49.2360793553942,74.4940985759583,NA,1.70853869547207,8.08298075343277,12.4766018155979,26.323090358093
883,7,"F",5,"fair",52.2353130222136,71.0271957121027,NA,1.86876691393281,11.2200708626445,10.2758382994743,15.8607385001369
883,7,"F",6,"fair",49.4906442092749,73.4117635862189,5.84650258269248,1.66462147741576,8.19066490490291,12.0663388026236,15.5671419957491
884,8,"F",1,"good",58.2980965130555,79.8573153997077,6.66015630286151,3.38368937792604,16.6579955794619,9.11475191870388,10.0808604829891
884,8,"M",2,"good",58.6998269983972,76.425661528045,6.57969025767577,2.93088771987763,14.3684558936174,9.1732021558229,8.15155902439181
884,8,"F",3,"good",55.2122520045426,80.027647028031,6.04519034173415,3.0335029800287,14.6140888845846,7.86981974988357,14.788129226355
884,8,"F",4,"good",60.9480752938843,77.0582406739556,6.35092816684294,3.069201209458,14.0550227705369,7.24738216108673,7.02317912796487
885,9,"M",1,"good",50.6993114502547,73.6243576284769,3.81598391579655,1.94871833899567,10.7846910407007,10.7133716281155,15.7107177594573
885,9,"F",2,"good",52.8905652683306,77.1726795974299,5.6368943415816,2.63957235093039,11.7679722458314,10.9104263432529,15.8403167690146
885,9,"F",3,"good",50.7404848650059,75.9540884974478,3.86245527911488,2.33061089698226,12.3137425478985,9.46403090099776,13.6410670886821
886,10,"M",1,"good",58.3950763749529,79.8985019749516,6.51543548402445,2.89680641923659,12.4015030797886,9.21964561677408,14.0004935026204
886,10,"F",2,"good",56.4847767140321,78.454924218086,NA,2.28492479004479,12.6987722309195,9.45673097749865,13.2409280246431
887,11,"M",1,"good",49.07149228713,70.2372594321173,3.50179571304196,3.01431290636441,15.1731532318131,7.7011408925351,11.3191918182303
887,11,"M",2,"good",45.1574865251427,66.921047059532,2.94394546388146,2.97688359875912,13.7635434833628,9.69188194507995,14.3070519647153
887,11,"M",3,"good",48.0888810268291,72.0268324777738,4.08809249720431,3.07058020222218,14.4550431430434,7.77109018059213,11.1524980155575
887,11,"M",4,"good",44.4532228511136,73.2789481316627,3.59404091718692,3.06223661948102,13.3146863212702,8.58156750541092,12.2285378420672
887,11,"F",5,"good",49.2192535352514,71.7966867975946,4.59499113760972,3.16338564645624,14.2821367236446,NA,8.89871642353763
887,11,"M",6,"good",48.3343821707199,70.6136163946969,3.93251989658758,NA,13.9715397212257,8.50738757032967,12.0133764341141
888,12,"F",1,"good",44.6051846694618,71.0543674687453,2.24118984610768,1.92927703531137,8.28696743167981,12.3752135789192,20.0229905642751
889,1,"M",1,"fair",45.3724412160379,67.8597221443486,4.32038087195486,1.88931695902217,10.1086091708793,11.2856671708039,16.1154588145301
889,1,"M",2,"fair",51.9252802576627,69.8280839842513,3.68648360183586,2.20620528622651,10.3015736369461,9.80973601011989,18.9003173740881
889,1,"M",3,"fair",42.1650944692525,67.9290330662364,2.63581243310291,1.93458520133218,9.64009476595382,11.4101734782055,17.8656848334233
889,1,"F",4,"fair",43.2298865764959,71.3997048118895,2.54304321077293,2.2359338168293,11.5008900211896,9.64070576726954,22.7693345891154
889,1,"F",5,"fair",46.7162573871535,72.5313171323243,4.69249183538444,2.13082630536639,10.3826209132354,11.8313081179528,19.9206836150832
890,2,"F",1,"good",47.7409520661835,73.5605870231548,3.49264995974609,2.93437135065349,13.8378044488267,9.87735771828028,12.8456504640941
890,2,"F",2,"good",46.4451292097358,69.6139660431028,4.78790201977931,2.71113914923388,12.9202445917868,6.90628157178484,13.3678022640727
890,2,"F",3,"good",46.1116676511024,72.9197773140839,3.91541770510478,3.02326946637077,13.337814649887,9.3806020332723,14.6866012741665
890,2,"M",4,"good",47.7607399029521,72.2591585173082,5.24534463002116,2.99936347722589,13.0196036598801,9.96097539578617,13.2635380950399
890,2,"M",5,"good",49.0877169253202,72.9664412095112,4.43833093107746,3.05036083369963,13.237781128734,7.52170656480211,13.1285997354024
891,3,"M",1,"good",48.2551002128266,70.3841331085322,4.8821354417528,2.19150821109759,12.0537789063596,9.58749833109388,19.8911408437719
891,3,"M",2,"good",46.6700329710784,74.8294379153812,4.15289314954809,2.44530873236068,11.0170072421373,10.5367719893487,16.9098971515119
891,3,"M",3,"good",48.2794950248708,73.9914588958913,4.56143893813034,2.3266604297311,11.7944446381842,10.7697244157969,15.4282655618667
891,3,"F",4,"good",49.8354990094466,77.4458975043702,6.31543389407183,2.253658340413,10.1008012848847,12.2460511025217,15.9106255006829
891,3,"M",5,"good",49.3693096272925,69.4826188378234,4.89344257545336,2.50228754307565,11.3095312808223,10.1346552763421,13.6032759272886
891,3,"M",6,"good",55.0098571229953,72.0816500058675,3.3174301508516,2.05395833074166,10.1085148346529,10.3089387318348,15.5996584817456
891,3,"F",7,"good",51.1416709993832,75.6422836444245,4.56602333202939,2.28392760478838,10.138899892698,NA,18.2558771388461
892,4,"M",1,"good",52.852202183049,75.649549682301,3.62424616807849,2.08614621042193,12.6806081696528,11.7708192412022,14.4949613060326
892,4,"F",2,"good",54.714375983359,76.0335324629962,6.75262523412852,2.14856571636545,12.1382643779253,8.70856111818261,11.0127813017348
892,4,"F",3,"good",52.3117883984448,75.4944784954265,4.46165810061857,2.35623352740463,9.45953538439712,9.31037099172903,13.8962761476785
892,4,"M",4,"good",53.2867394250365,77.2679716352508,4.82053145157577,2.36696388965894,11.3741304346727,9.49935205233923,11.153278889978
892,4,"F",5,"good",50.9401085156606,77.0353460469632,NA,2.65350694683683,12.3254453498889,10.4291758977509,NA
893,5,"M",1,"poor",44.7467504809282,66.845980332475,4.07181080026518,NA,5.58533786461191,NA,24.7979236558665
893,5,"M",2,"poor",46.2236787813292,71.2505341705499,NA,1.14904568593279,5.77796592126112,14.8058506318591,29.754862852821
893,5,"F",3,"poor",45.7078011280513,72.1497342537674,3.03637465653114,1.04751497102027,4.42490391241372,14.9751690482773,26.7255450837915
893,5,"F",4,"poor",46.0421208716717,66.6122793029367,4.47123718554351,0.823026603366604,5.26866816972497,13.5408984413637,26.6175755295703
893,5,"M",5,"poor",47.6151170485141,67.5561364182159,2.86742811462771,0.90448735502264,5.70466277308263,14.8144080699929,25.5338985930666
893,5,"F",6,"poor",48.9384089880291,71.5336662823959,3.37786687500394,0.881643146332707,6.01732200475737,14.8446745814698,28.2684184451069
894,6,"F",1,"good",56.7965840937884,79.925846086066,6.82347526508529,2.08879114419448,8.37379308316047,10.405793885817,24.0104744918605
894,6,"F",2,"good",55.8666213298046,79.7532555944507,6.9309634172447,1.9295505157043,10.4658517174594,10.2674579125519,18.6598667179883
894,6,"F",3,"good",54.6204359300186,79.5340954977924,4.57164793542756,1.99966852567142,10.2729905101959,10.3645263263602,22.8478650197894
895,7,"F",1,"good",54.9483672993549,72.5688041596939,3.88137261078009,1.91555513465059,10.1214972386877,9.74177737303895,16.8810807131711
895,7,"M",2,"good",51.5902467093634,76.76660437933,5.85200073346594,NA,10.9677299058497,9.98716666491677,17.3997802773549
895,7,"M",3,"good",51.3288754231005,75.1139951203932,3.87489903841527,1.7394856067184,10.1604595088853,11.5947245620563,22.6631898807252
895,7,"F",4,"good",50.0312803736491,75.4205093051739,4.4573232038041,1.85763631828115,10.960695576324,NA,19.0238779551364
895,7,"F",5,"good",51.2196924545321,75.7395040507628,5.41876005260637,1.78757302662401,10.5670206844407,9.76870298395822,22.0386520512232
896,8,"M",1,"fair",41.906065489425,65.2295393473294,2.20816839304285,1.03881056335055,6.22305818004383,12.1196180025245,27.7990923785552
896,8,"F",2,"fair",39.3527412281973,71.1977137358655,2.74028219304274,1.55802786321348,7.27793918046085,12.5383586511298,29.2409113667095
897,9,"M",1,"fair",47.6040145171628,74.3361184432547,3.57404436150881,2.46627000415137,12.0932357183699,11.4867750713028,11.5507040765427
898,10,"F",1,"good",55.5476264793729,77.9654682520125,5.17442883344102,3.04245441412419,13.1475222157392,8.78231601601781,11.307216792699
898,10,"M",2,"good",51.6916976086904,76.7270290982943,6.04675044365862,2.60595355939677,12.0899675139858,NA,12.0374087506437
898,10,"F",3,"good",55.1096368613712,75.0146810477628,6.44124490863919,3.04115247561586,13.012051667785,9.54564014745974,11.1549772729581
899,11,"F",1,"good",47.7009211721266,73.445578442339,3.91136320295407,2.19031739879927,12.261273882161,11.0397450200511,19.8223465750435
899,11,"M",2,"good",48.8177063969423,72.4869671197964,3.9156801152761,2.02282342249475,8.69334114894676,11.5055294730252,19.3768237459346
899,11,"M",3,"good",46.1463030384429,70.7885280225949,3.86925342771354,2.15014206618306,8.47544260326449,13.024478202056,16.099902301025
900,12,"M",1,"good",50.0694628077926,72.5891202095885,4.78887297531136,2.07215881159722,10.2179387582769,10.2293352129286,16.4825833392246
900,12,"F",2,"good",50.9833037740161,74.0293958591169,NA,2.63321072096835,10.2766182271806,10.8789208100305,14.282040408933
900,12,"M",3,"good",51.6152824060164,75.3748129305847,5.17408291936563,2.28116714206152,12.2674531037141,9.48089873224051,16.3871684168497
