"animal_id","ref_layer","ref_temp"
"A001",-40,16.909
"A001",-39.5,16.768
"A001",-39,17.538
"A001",-38.5,17.102
"A001",-38,17.009
"A001",-37.5,17.129
"A001",-37,16.795
"A001",-36.5,17.036
"A001",-36,17.095
"A001",-35.5,16.794
"A001",-35,16.908
"A001",-34.5,17.111
"A001",-34,16.575
"A001",-33.5,17.25
"A001",-33,16.911
"A001",-32.5,16.809
"A001",-32,16.758
"A001",-31.5,17.339
"A001",-31,16.849
"A001",-30.5,16.946
"A001",-30,16.779
"A001",-29.5,16.693
"A001",-29,17.062
"A001",-28.5,16.893
"A001",-28,16.95
"A001",-27.5,16.729
"A001",-27,17.139
"A001",-26.5,17.018
"A001",-26,16.985
"A001",-25.5,16.989
"A001",-25,17.181
"A001",-24.5,17.073
"A001",-24,16.749
"A001",-23.5,16.976
"A001",-23,16.895
"A001",-22.5,17.339
"A001",-22,16.585
"A001",-21.5,16.995
"A001",-21,16.753
"A001",-20.5,16.542
"A001",-20,16.891
"A001",-19.5,16.794
"A001",-19,17.098
"A001",-18.5,17.224
"A001",-18,17.193
"A001",-17.5,17.209
"A001",-17,17.423
"A001",-16.5,17.166
"A001",-16,16.643
"A001",-15.5,17.62
"A001",-15,17.321
"A001",-14.5,17.532
"A001",-14,17.466
"A001",-13.5,17.262
"A001",-13,17.41
"A001",-12.5,16.85
"A001",-12,17.198
"A001",-11.5,17.279
"A001",-11,17.206
"A001",-10.5,16.547
"A001",-10,16.412
"A001",-9.5,16.554
"A001",-9,15.936
"A001",-8.5,15.975
"A001",-8,15.534
"A001",-7.5,15.164
"A001",-7,15.082
"A001",-6.5,14.754
"A001",-6,14.406
"A001",-5.5,14.077
"A001",-5,14.11
"A001",-4.5,14.09
"A001",-4,13.255
"A001",-3.5,12.767
"A001",-3,12.548
"A001",-2.5,12.536
"A001",-2,12.205
"A001",-1.5,11.648
"A001",-1,11.696
"A001",-0.5,11.339
"A001",0,11.17
"A001",0.5,10.795
"A001",1,10.194
"A001",1.5,10.645
"A001",2,10.388
"A001",2.5,9.808
"A001",3,9.943
"A001",3.5,9.547
"A001",4,8.837
"A001",4.5,9.074
"A001",5,8.368
"A001",5.5,8.354
"A001",6,8.359
"A001",6.5,8.378
"A001",7,7.666
"A001",7.5,7.739
"A001",8,7.81
"A001",8.5,7.359
"A001",9,6.747
"A001",9.5,7.284
"A001",10,7.069
"A001",10.5,7.018
"A001",11,6.648
"A001",11.5,6.851
"A001",12,6.48
"A001",12.5,6.348
"A001",13,6.22
"A001",13.5,6.729
"A001",14,6.276
"A001",14.5,5.385
"A001",15,5.804
"A001",15.5,6.041
"A001",16,5.63
"A001",16.5,5.521
"A001",17,5.48
"A001",17.5,5.712
"A001",18,5.444
"A001",18.5,5.531
"A001",19,5.459
"A001",19.5,5.417
"A001",20,5.289
"A002",-40,16.055
"A002",-39.5,15.871
"A002",-39,15.733
"A002",-38.5,15.772
"A002",-38,15.985
"A002",-37.5,15.832
"A002",-37,15.945
"A002",-36.5,15.796
"A002",-36,15.87
"A002",-35.5,16.354
"A002",-35,15.955
"A002",-34.5,15.998
"A002",-34,15.973
"A002",-33.5,15.99
"A002",-33,16.167
"A002",-32.5,16.048
"A002",-32,15.501
"A002",-31.5,16.119
"A002",-31,15.789
"A002",-30.5,16.016
"A002",-30,15.793
"A002",-29.5,15.648
"A002",-29,15.75
"A002",-28.5,15.687
"A002",-28,15.832
"A002",-27.5,15.801
"A002",-27,15.573
"A002",-26.5,16.028
"A002",-26,16.015
"A002",-25.5,15.772
"A002",-25,15.425
"A002",-24.5,15.607
"A002",-24,15.989
"A002",-23.5,15.796
"A002",-23,16.075
"A002",-22.5,15.727
"A002",-22,15.825
"A002",-21.5,15.527
"A002",-21,16.199
"A002",-20.5,15.936
"A002",-20,15.972
"A002",-19.5,15.595
"A002",-19,16.189
"A002",-18.5,15.68
"A002",-18,16.846
"A002",-17.5,16.298
"A002",-17,15.901
"A002",-16.5,16.135
"A002",-16,16.258
"A002",-15.5,16.313
"A002",-15,16.357
"A002",-14.5,16.295
"A002",-14,16.175
"A002",-13.5,16.331
"A002",-13,16.221
"A002",-12.5,15.955
"A002",-12,15.975
"A002",-11.5,15.945
"A002",-11,15.699
"A002",-10.5,15.446
"A002",-10,15.68
"A002",-9.5,15.298
"A002",-9,15.169
"A002",-8.5,14.949
"A002",-8,14.845
"A002",-7.5,14.486
"A002",-7,13.693
"A002",-6.5,13.389
"A002",-6,13.408
"A002",-5.5,13.379
"A002",-5,13.03
"A002",-4.5,12.907
"A002",-4,12.222
"A002",-3.5,11.77
"A002",-3,11.409
"A002",-2.5,11.795
"A002",-2,11.581
"A002",-1.5,10.663
"A002",-1,10.425
"A002",-0.5,10.864
"A002",0,9.817
"A002",0.5,9.549
"A002",1,9.241
"A002",1.5,8.941
"A002",2,8.843
"A002",2.5,9.187
"A002",3,8.4
"A002",3.5,7.854
"A002",4,8.175
"A002",4.5,7.321
"A002",5,7.418
"A002",5.5,7.699
"A002",6,7.147
"A002",6.5,6.393
"A002",7,7.138
"A002",7.5,6.27
"A002",8,6.429
"A002",8.5,6.397
"A002",9,5.79
"A002",9.5,5.805
"A002",10,5.831
"A002",10.5,5.626
"A002",11,5.691
"A002",11.5,5.502
"A002",12,5.019
"A002",12.5,4.96
"A002",13,5.06
"A002",13.5,5.162
"A002",14,5.417
"A002",14.5,5.353
"A002",15,4.873
"A002",15.5,4.328
"A002",16,4.958
"A002",16.5,4.966
"A002",17,4.536
"A002",17.5,4.655
"A002",18,4.334
"A002",18.5,4.477
"A002",19,4.533
"A002",19.5,4.625
"A002",20,4.511
"A003",-40,20.789
"A003",-39.5,20.465
"A003",-39,20.378
"A003",-38.5,20.831
"A003",-38,20.778
"A003",-37.5,20.275
"A003",-37,20.298
"A003",-36.5,20.144
"A003",-36,20.321
"A003",-35.5,20.289
"A003",-35,20.443
"A003",-34.5,20.661
"A003",-34,20.377
"A003",-33.5,20.466
"A003",-33,20.061
"A003",-32.5,20.052
"A003",-32,20.229
"A003",-31.5,20.574
"A003",-31,20.503
"A003",-30.5,20.93
"A003",-30,20.466
"A003",-29.5,20.461
"A003",-29,20.092
"A003",-28.5,20.237
"A003",-28,20.434
"A003",-27.5,20.354
"A003",-27,20.554
"A003",-26.5,20.273
"A003",-26,20.489
"A003",-25.5,20.61
"A003",-25,20.523
"A003",-24.5,20.443
"A003",-24,20.353
"A003",-23.5,20.198
"A003",-23,19.722
"A003",-22.5,20.562
"A003",-22,20.826
"A003",-21.5,20.331
"A003",-21,20.743
"A003",-20.5,20.042
"A003",-20,20.076
"A003",-19.5,20.483
"A003",-19,20.579
"A003",-18.5,20.646
"A003",-18,20.46
"A003",-17.5,21.315
"A003",-17,20.476
"A003",-16.5,20.541
"A003",-16,20.949
"A003",-15.5,20.851
"A003",-15,20.179
"A003",-14.5,20.923
"A003",-14,20.754
"A003",-13.5,20.786
"A003",-13,20.775
"A003",-12.5,20.68
"A003",-12,20.537
"A003",-11.5,20.263
"A003",-11,20.413
"A003",-10.5,20.757
"A003",-10,19.871
"A003",-9.5,19.92
"A003",-9,19.59
"A003",-8.5,19.603
"A003",-8,19.133
"A003",-7.5,18.707
"A003",-7,18.435
"A003",-6.5,18.45
"A003",-6,17.981
"A003",-5.5,17.935
"A003",-5,17.047
"A003",-4.5,17.361
"A003",-4,17.195
"A003",-3.5,16.602
"A003",-3,16.326
"A003",-2.5,16.512
"A003",-2,16.014
"A003",-1.5,15.064
"A003",-1,15.25
"A003",-0.5,14.875
"A003",0,14.531
"A003",0.5,14.455
"A003",1,13.816
"A003",1.5,13.719
"A003",2,13.469
"A003",2.5,13.394
"A003",3,13.071
"A003",3.5,13.08
"A003",4,12.919
"A003",4.5,12.605
"A003",5,12.622
"A003",5.5,12.327
"A003",6,11.909
"A003",6.5,11.4
"A003",7,11.176
"A003",7.5,11.364
"A003",8,11.081
"A003",8.5,11.002
"A003",9,10.8
"A003",9.5,10.849
"A003",10,10.389
"A003",10.5,10.756
"A003",11,10.207
"A003",11.5,10.337
"A003",12,9.778
"A003",12.5,9.884
"A003",13,9.554
"A003",13.5,9.206
"A003",14,9.203
"A003",14.5,9.954
"A003",15,9.115
"A003",15.5,8.814
"A003",16,9.156
"A003",16.5,8.981
"A003",17,9.281
"A003",17.5,9.028
"A003",18,9.064
"A003",18.5,8.905
"A003",19,8.944
"A003",19.5,9.048
"A003",20,9.093
"A004",-40,18.184
"A004",-39.5,17.774
"A004",-39,17.777
"A004",-38.5,17.644
"A004",-38,17.627
"A004",-37.5,18.146
"A004",-37,17.274
"A004",-36.5,17.969
"A004",-36,17.715
"A004",-35.5,18.181
"A004",-35,17.611
"A004",-34.5,18.126
"A004",-34,17.712
"A004",-33.5,17.604
"A004",-33,17.743
"A004",-32.5,17.437
"A004",-32,17.553
"A004",-31.5,17.835
"A004",-31,17.395
"A004",-30.5,17.502
"A004",-30,18.033
"A004",-29.5,17.524
"A004",-29,17.566
"A004",-28.5,17.73
"A004",-28,17.595
"A004",-27.5,17.404
"A004",-27,18.043
"A004",-26.5,17.864
"A004",-26,17.889
"A004",-25.5,17.727
"A004",-25,17.9
"A004",-24.5,17.692
"A004",-24,17.464
"A004",-23.5,17.299
"A004",-23,17.729
"A004",-22.5,17.588
"A004",-22,17.154
"A004",-21.5,17.392
"A004",-21,17.873
"A004",-20.5,17.667
"A004",-20,17.665
"A004",-19.5,17.756
"A004",-19,17.753
"A004",-18.5,18.374
"A004",-18,17.869
"A004",-17.5,17.807
"A004",-17,17.615
"A004",-16.5,17.75
"A004",-16,17.791
"A004",-15.5,17.89
"A004",-15,18.217
"A004",-14.5,18.059
"A004",-14,18.37
"A004",-13.5,18.197
"A004",-13,17.898
"A004",-12.5,18.221
"A004",-12,17.55
"A004",-11.5,17.63
"A004",-11,17.723
"A004",-10.5,17.363
"A004",-10,17.562
"A004",-9.5,17.363
"A004",-9,17.431
"A004",-8.5,16.727
"A004",-8,16.241
"A004",-7.5,15.991
"A004",-7,15.852
"A004",-6.5,16.03
"A004",-6,15.317
"A004",-5.5,15.281
"A004",-5,14.994
"A004",-4.5,14.186
"A004",-4,13.787
"A004",-3.5,13.9
"A004",-3,13.717
"A004",-2.5,13.126
"A004",-2,13.265
"A004",-1.5,12.936
"A004",-1,12.229
"A004",-0.5,11.821
"A004",0,11.873
"A004",0.5,11.824
"A004",1,11.588
"A004",1.5,10.802
"A004",2,10.444
"A004",2.5,10.074
"A004",3,10.619
"A004",3.5,10.253
"A004",4,9.561
"A004",4.5,9.691
"A004",5,8.962
"A004",5.5,9.562
"A004",6,8.902
"A004",6.5,8.882
"A004",7,8.529
"A004",7.5,8.69
"A004",8,8.229
"A004",8.5,7.85
"A004",9,8.58
"A004",9.5,7.808
"A004",10,7.966
"A004",10.5,7.812
"A004",11,7.694
"A004",11.5,7.92
"A004",12,7.367
"A004",12.5,7.01
"A004",13,6.973
"A004",13.5,7.187
"A004",14,7.174
"A004",14.5,6.665
"A004",15,6.879
"A004",15.5,6.636
"A004",16,7.009
"A004",16.5,6.549
"A004",17,6.462
"A004",17.5,6.955
"A004",18,6.237
"A004",18.5,6.626
"A004",19,6.108
"A004",19.5,6.083
"A004",20,6.151
"A005",-40,18.964
"A005",-39.5,19.18
"A005",-39,19.151
"A005",-38.5,19.626
"A005",-38,18.592
"A005",-37.5,18.806
"A005",-37,19.18
"A005",-36.5,19.555
"A005",-36,19.462
"A005",-35.5,19.561
"A005",-35,19.186
"A005",-34.5,19.486
"A005",-34,19.462
"A005",-33.5,19.342
"A005",-33,19.053
"A005",-32.5,18.997
"A005",-32,19.65
"A005",-31.5,18.863
"A005",-31,19.399
"A005",-30.5,19.359
"A005",-30,19.015
"A005",-29.5,19.441
"A005",-29,19.165
"A005",-28.5,19.052
"A005",-28,19.145
"A005",-27.5,19.243
"A005",-27,19.312
"A005",-26.5,19.146
"A005",-26,18.935
"A005",-25.5,18.933
"A005",-25,18.951
"A005",-24.5,19.081
"A005",-24,18.901
"A005",-23.5,19.126
"A005",-23,19.054
"A005",-22.5,19.128
"A005",-22,18.743
"A005",-21.5,19.324
"A005",-21,19.137
"A005",-20.5,18.84
"A005",-20,19.207
"A005",-19.5,19.181
"A005",-19,19.329
"A005",-18.5,19.083
"A005",-18,19.329
"A005",-17.5,19.33
"A005",-17,18.882
"A005",-16.5,19.626
"A005",-16,19.357
"A005",-15.5,19.467
"A005",-15,19.092
"A005",-14.5,19.635
"A005",-14,19.297
"A005",-13.5,19.789
"A005",-13,19.583
"A005",-12.5,19.67
"A005",-12,18.963
"A005",-11.5,19.304
"A005",-11,19.194
"A005",-10.5,19.607
"A005",-10,18.208
"A005",-9.5,17.855
"A005",-9,18.527
"A005",-8.5,17.817
"A005",-8,17.231
"A005",-7.5,17.19
"A005",-7,17.284
"A005",-6.5,17.171
"A005",-6,16.981
"A005",-5.5,16.135
"A005",-5,16.782
"A005",-4.5,15.845
"A005",-4,15.311
"A005",-3.5,15.04
"A005",-3,15.131
"A005",-2.5,14.979
"A005",-2,13.851
"A005",-1.5,14.061
"A005",-1,13.998
"A005",-0.5,13.412
"A005",0,13.273
"A005",0.5,12.894
"A005",1,12.932
"A005",1.5,12.018
"A005",2,12.231
"A005",2.5,12.2
"A005",3,11.669
"A005",3.5,11.327
"A005",4,11.383
"A005",4.5,11.368
"A005",5,10.451
"A005",5.5,10.371
"A005",6,10.536
"A005",6.5,10.509
"A005",7,10.025
"A005",7.5,10.323
"A005",8,10.011
"A005",8.5,9.391
"A005",9,9.425
"A005",9.5,9.042
"A005",10,9.309
"A005",10.5,9.227
"A005",11,9.242
"A005",11.5,8.864
"A005",12,8.688
"A005",12.5,8.855
"A005",13,8.569
"A005",13.5,8.367
"A005",14,7.755
"A005",14.5,8.649
"A005",15,7.841
"A005",15.5,7.981
"A005",16,7.878
"A005",16.5,7.403
"A005",17,7.971
"A005",17.5,8.54
"A005",18,7.987
"A005",18.5,7.658
"A005",19,7.863
"A005",19.5,7.334
"A005",20,7.772
"A006",-40,17.351
"A006",-39.5,17.61
"A006",-39,17.577
"A006",-38.5,17.335
"A006",-38,16.65
"A006",-37.5,18.019
"A006",-37,17.882
"A006",-36.5,17.155
"A006",-36,17.362
"A006",-35.5,17.263
"A006",-35,17.913
"A006",-34.5,16.829
"A006",-34,16.962
"A006",-33.5,17.47
"A006",-33,17.237
"A006",-32.5,17.374
"A006",-32,17.49
"A006",-31.5,17.283
"A006",-31,17.569
"A006",-30.5,17.256
"A006",-30,17.088
"A006",-29.5,17.543
"A006",-29,16.817
"A006",-28.5,17.236
"A006",-28,16.56
"A006",-27.5,17.106
"A006",-27,16.999
"A006",-26.5,17.419
"A006",-26,17.383
"A006",-25.5,16.987
"A006",-25,17.322
"A006",-24.5,16.636
"A006",-24,17.204
"A006",-23.5,16.921
"A006",-23,17.136
"A006",-22.5,17.117
"A006",-22,17.622
"A006",-21.5,17.057
"A006",-21,17.017
"A006",-20.5,17.329
"A006",-20,17.416
"A006",-19.5,17.009
"A006",-19,17.769
"A006",-18.5,17.094
"A006",-18,17.521
"A006",-17.5,17.859
"A006",-17,17.425
"A006",-16.5,17.944
"A006",-16,17.769
"A006",-15.5,17.283
"A006",-15,17.556
"A006",-14.5,17.746
"A006",-14,17.692
"A006",-13.5,17.63
"A006",-13,17.777
"A006",-12.5,17.392
"A006",-12,17.347
"A006",-11.5,17.38
"A006",-11,16.744
"A006",-10.5,17.173
"A006",-10,16.35
"A006",-9.5,17
"A006",-9,16.415
"A006",-8.5,15.966
"A006",-8,16.203
"A006",-7.5,15.376
"A006",-7,15.632
"A006",-6.5,15.14
"A006",-6,15.259
"A006",-5.5,14.437
"A006",-5,14.433
"A006",-4.5,13.75
"A006",-4,13.442
"A006",-3.5,13.754
"A006",-3,13.113
"A006",-2.5,12.643
"A006",-2,12.736
"A006",-1.5,12.27
"A006",-1,11.926
"A006",-0.5,11.463
"A006",0,11.707
"A006",0.5,11.207
"A006",1,10.858
"A006",1.5,10.246
"A006",2,10.536
"A006",2.5,10.59
"A006",3,9.904
"A006",3.5,9.832
"A006",4,9.323
"A006",4.5,9.117
"A006",5,8.968
"A006",5.5,8.903
"A006",6,8.97
"A006",6.5,8.548
"A006",7,8.218
"A006",7.5,7.965
"A006",8,8.081
"A006",8.5,7.793
"A006",9,7.317
"A006",9.5,7.568
"A006",10,6.981
"A006",10.5,6.74
"A006",11,7.04
"A006",11.5,7.747
"A006",12,6.989
"A006",12.5,6.377
"A006",13,6.308
"A006",13.5,6.641
"A006",14,6.172
"A006",14.5,6.456
"A006",15,6.331
"A006",15.5,6.088
"A006",16,5.787
"A006",16.5,6.436
"A006",17,5.597
"A006",17.5,5.837
"A006",18,5.545
"A006",18.5,5.866
"A006",19,5.655
"A006",19.5,5.874
"A006",20,5.755
"A007",-40,15.861
"A007",-39.5,15.893
"A007",-39,15.935
"A007",-38.5,16.228
"A007",-38,15.935
"A007",-37.5,16.012
"A007",-37,16.104
"A007",-36.5,16.078
"A007",-36,15.942
"A007",-35.5,15.978
"A007",-35,15.848
"A007",-34.5,15.781
"A007",-34,16.01
"A007",-33.5,16.276
"A007",-33,16.024
"A007",-32.5,15.753
"A007",-32,16.528
"A007",-31.5,15.925
"A007",-31,15.743
"A007",-30.5,16.249
"A007",-30,16.074
"A007",-29.5,15.759
"A007",-29,16.236
"A007",-28.5,15.998
"A007",-28,16.246
"A007",-27.5,16.124
"A007",-27,16.093
"A007",-26.5,16.411
"A007",-26,16.148
"A007",-25.5,15.892
"A007",-25,15.42
"A007",-24.5,16.506
"A007",-24,16.617
"A007",-23.5,15.581
"A007",-23,16.314
"A007",-22.5,16.249
"A007",-22,16.16
"A007",-21.5,16.271
"A007",-21,15.659
"A007",-20.5,16.264
"A007",-20,16.14
"A007",-19.5,16.322
"A007",-19,15.999
"A007",-18.5,16.01
"A007",-18,16.59
"A007",-17.5,16.237
"A007",-17,16.653
"A007",-16.5,16.011
"A007",-16,16.026
"A007",-15.5,16.336
"A007",-15,16.588
"A007",-14.5,16.368
"A007",-14,16.278
"A007",-13.5,16.575
"A007",-13,16.71
"A007",-12.5,16.477
"A007",-12,16.392
"A007",-11.5,16.019
"A007",-11,16.03
"A007",-10.5,15.805
"A007",-10,15.564
"A007",-9.5,15.3
"A007",-9,15.606
"A007",-8.5,14.755
"A007",-8,14.754
"A007",-7.5,14.595
"A007",-7,14.075
"A007",-6.5,14.359
"A007",-6,13.836
"A007",-5.5,13.119
"A007",-5,13.34
"A007",-4.5,12.899
"A007",-4,12.264
"A007",-3.5,11.996
"A007",-3,11.845
"A007",-2.5,11.915
"A007",-2,11.013
"A007",-1.5,11.592
"A007",-1,10.665
"A007",-0.5,10.224
"A007",0,10.126
"A007",0.5,9.946
"A007",1,9.947
"A007",1.5,9.557
"A007",2,8.601
"A007",2.5,8.903
"A007",3,8.626
"A007",3.5,8.388
"A007",4,8.004
"A007",4.5,7.708
"A007",5,7.662
"A007",5.5,7.461
"A007",6,7.574
"A007",6.5,7.123
"A007",7,6.711
"A007",7.5,6.748
"A007",8,6.689
"A007",8.5,6.849
"A007",9,6.648
"A007",9.5,6.386
"A007",10,6.124
"A007",10.5,5.864
"A007",11,6.121
"A007",11.5,5.957
"A007",12,5.348
"A007",12.5,5.541
"A007",13,5.239
"A007",13.5,4.977
"A007",14,4.907
"A007",14.5,4.757
"A007",15,5.39
"A007",15.5,4.667
"A007",16,4.905
"A007",16.5,5.213
"A007",17,4.765
"A007",17.5,4.554
"A007",18,4.959
"A007",18.5,4.691
"A007",19,4.145
"A007",19.5,4.635
"A007",20,3.912
"A008",-40,18.174
"A008",-39.5,18.202
"A008",-39,18.022
"A008",-38.5,18.48
"A008",-38,18.059
"A008",-37.5,18.219
"A008",-37,18.572
"A008",-36.5,18.366
"A008",-36,18.146
"A008",-35.5,18.172
"A008",-35,18.333
"A008",-34.5,18.368
"A008",-34,18.369
"A008",-33.5,18.477
"A008",-33,17.987
"A008",-32.5,18.503
"A008",-32,18.413
"A008",-31.5,18.627
"A008",-31,18.743
"A008",-30.5,18.238
"A008",-30,18.033
"A008",-29.5,18.428
"A008",-29,18.054
"A008",-28.5,18.231
"A008",-28,18.094
"A008",-27.5,18.253
"A008",-27,18.287
"A008",-26.5,18.42
"A008",-26,18.343
"A008",-25.5,18.038
"A008",-25,18.048
"A008",-24.5,18.365
"A008",-24,17.978
"A008",-23.5,18.087
"A008",-23,18.154
"A008",-22.5,18.13
"A008",-22,18.387
"A008",-21.5,18.087
"A008",-21,18.457
"A008",-20.5,18.123
"A008",-20,18.259
"A008",-19.5,18.478
"A008",-19,18.745
"A008",-18.5,18.447
"A008",-18,18.775
"A008",-17.5,18.52
"A008",-17,18.81
"A008",-16.5,18.562
"A008",-16,18.416
"A008",-15.5,18.873
"A008",-15,18.72
"A008",-14.5,18.442
"A008",-14,18.978
"A008",-13.5,18.652
"A008",-13,18.233
"A008",-12.5,18.166
"A008",-12,18.381
"A008",-11.5,18.04
"A008",-11,18.334
"A008",-10.5,17.964
"A008",-10,18.217
"A008",-9.5,17.055
"A008",-9,17.614
"A008",-8.5,17.115
"A008",-8,16.852
"A008",-7.5,16.703
"A008",-7,16.32
"A008",-6.5,16.33
"A008",-6,15.751
"A008",-5.5,15.644
"A008",-5,15.248
"A008",-4.5,14.894
"A008",-4,14.715
"A008",-3.5,14.417
"A008",-3,14.343
"A008",-2.5,13.902
"A008",-2,13.311
"A008",-1.5,12.818
"A008",-1,13.18
"A008",-0.5,12.649
"A008",0,12.28
"A008",0.5,12.2
"A008",1,11.994
"A008",1.5,11.533
"A008",2,11.453
"A008",2.5,10.771
"A008",3,10.534
"A008",3.5,10.834
"A008",4,10.757
"A008",4.5,10.128
"A008",5,10.098
"A008",5.5,9.726
"A008",6,9.412
"A008",6.5,9.404
"A008",7,9.047
"A008",7.5,8.843
"A008",8,8.758
"A008",8.5,8.756
"A008",9,8.398
"A008",9.5,8.224
"A008",10,8.071
"A008",10.5,8.263
"A008",11,8.157
"A008",11.5,7.948
"A008",12,8.064
"A008",12.5,7.612
"A008",13,7.299
"A008",13.5,7.611
"A008",14,7.274
"A008",14.5,7.348
"A008",15,7.228
"A008",15.5,7.256
"A008",16,7.357
"A008",16.5,7.107
"A008",17,7.175
"A008",17.5,6.555
"A008",18,7.115
"A008",18.5,7.225
"A008",19,6.847
"A008",19.5,7.135
"A008",20,7.114
"A009",-40,17.848
"A009",-39.5,17.751
"A009",-39,18.098
"A009",-38.5,18.11
"A009",-38,17.529
"A009",-37.5,17.922
"A009",-37,17.887
"A009",-36.5,18.075
"A009",-36,17.948
"A009",-35.5,17.788
"A009",-35,17.409
"A009",-34.5,17.93
"A009",-34,17.714
"A009",-33.5,17.839
"A009",-33,17.534
"A009",-32.5,17.8
"A009",-32,17.703
"A009",-31.5,17.628
"A009",-31,17.88
"A009",-30.5,17.564
"A009",-30,17.806
"A009",-29.5,17.86
"A009",-29,17.357
"A009",-28.5,17.374
"A009",-28,18.128
"A009",-27.5,17.93
"A009",-27,17.945
"A009",-26.5,17.402
"A009",-26,17.538
"A009",-25.5,17.87
"A009",-25,17.321
"A009",-24.5,17.578
"A009",-24,17.751
"A009",-23.5,17.674
"A009",-23,17.598
"A009",-22.5,17.641
"A009",-22,17.165
"A009",-21.5,17.27
"A009",-21,17.367
"A009",-20.5,17.95
"A009",-20,17.587
"A009",-19.5,17.794
"A009",-19,17.858
"A009",-18.5,17.764
"A009",-18,18.092
"A009",-17.5,18.036
"A009",-17,18.078
"A009",-16.5,18.135
"A009",-16,18.243
"A009",-15.5,18.246
"A009",-15,18.229
"A009",-14.5,18.119
"A009",-14,17.733
"A009",-13.5,18.349
"A009",-13,17.816
"A009",-12.5,17.703
"A009",-12,17.4
"A009",-11.5,17.915
"A009",-11,17.479
"A009",-10.5,17.091
"A009",-10,17.36
"A009",-9.5,17.078
"A009",-9,16.665
"A009",-8.5,16.021
"A009",-8,16.359
"A009",-7.5,16.638
"A009",-7,15.804
"A009",-6.5,14.869
"A009",-6,15.034
"A009",-5.5,14.825
"A009",-5,14.442
"A009",-4.5,14.186
"A009",-4,14.184
"A009",-3.5,14.01
"A009",-3,13.412
"A009",-2.5,13.506
"A009",-2,12.439
"A009",-1.5,12.488
"A009",-1,12.298
"A009",-0.5,12.004
"A009",0,11.611
"A009",0.5,11.382
"A009",1,10.847
"A009",1.5,11.071
"A009",2,10.426
"A009",2.5,10.713
"A009",3,10.357
"A009",3.5,10.107
"A009",4,9.624
"A009",4.5,10.341
"A009",5,9.026
"A009",5.5,9.269
"A009",6,8.948
"A009",6.5,8.676
"A009",7,8.624
"A009",7.5,8.232
"A009",8,8.018
"A009",8.5,8.092
"A009",9,7.919
"A009",9.5,7.761
"A009",10,7.429
"A009",10.5,6.943
"A009",11,7.263
"A009",11.5,7.087
"A009",12,7.57
"A009",12.5,7.39
"A009",13,7.379
"A009",13.5,6.466
"A009",14,6.93
"A009",14.5,6.321
"A009",15,6.727
"A009",15.5,6.908
"A009",16,6.268
"A009",16.5,5.876
"A009",17,6.328
"A009",17.5,6.224
"A009",18,6.155
"A009",18.5,6.552
"A009",19,6.236
"A009",19.5,6.52
"A009",20,5.699
"A010",-40,18.43
"A010",-39.5,18.612
"A010",-39,19.069
"A010",-38.5,18.795
"A010",-38,18.707
"A010",-37.5,18.384
"A010",-37,18.497
"A010",-36.5,18.528
"A010",-36,18.605
"A010",-35.5,18.67
"A010",-35,18.703
"A010",-34.5,18.699
"A010",-34,18.801
"A010",-33.5,18.928
"A010",-33,19.27
"A010",-32.5,18.844
"A010",-32,18.661
"A010",-31.5,18.261
"A010",-31,18.832
"A010",-30.5,19.095
"A010",-30,18.91
"A010",-29.5,18.762
"A010",-29,18.965
"A010",-28.5,18.719
"A010",-28,18.515
"A010",-27.5,18.325
"A010",-27,18.308
"A010",-26.5,18.459
"A010",-26,18.845
"A010",-25.5,18.517
"A010",-25,18.607
"A010",-24.5,18.443
"A010",-24,18.925
"A010",-23.5,18.273
"A010",-23,18.491
"A010",-22.5,18.608
"A010",-22,18.426
"A010",-21.5,18.399
"A010",-21,18.613
"A010",-20.5,18.768
"A010",-20,18.815
"A010",-19.5,18.845
"A010",-19,18.582
"A010",-18.5,18.828
"A010",-18,18.498
"A010",-17.5,19.041
"A010",-17,18.961
"A010",-16.5,19.23
"A010",-16,19.329
"A010",-15.5,19.262
"A010",-15,19.152
"A010",-14.5,18.835
"A010",-14,19.114
"A010",-13.5,19.416
"A010",-13,19.324
"A010",-12.5,19.123
"A010",-12,18.949
"A010",-11.5,19.01
"A010",-11,18.044
"A010",-10.5,18.533
"A010",-10,18.281
"A010",-9.5,18.039
"A010",-9,17.646
"A010",-8.5,17.943
"A010",-8,16.89
"A010",-7.5,17.186
"A010",-7,16.8
"A010",-6.5,16.619
"A010",-6,16.608
"A010",-5.5,15.863
"A010",-5,15.554
"A010",-4.5,15.483
"A010",-4,14.852
"A010",-3.5,14.579
"A010",-3,15.065
"A010",-2.5,14.251
"A010",-2,14.058
"A010",-1.5,13.402
"A010",-1,13.221
"A010",-0.5,12.878
"A010",0,12.63
"A010",0.5,12.367
"A010",1,12.238
"A010",1.5,11.76
"A010",2,11.921
"A010",2.5,11.488
"A010",3,11.387
"A010",3.5,11.222
"A010",4,11.182
"A010",4.5,10.596
"A010",5,10.531
"A010",5.5,10.278
"A010",6,9.954
"A010",6.5,9.912
"A010",7,9.584
"A010",7.5,9.236
"A010",8,9.246
"A010",8.5,9.236
"A010",9,8.816
"A010",9.5,9.073
"A010",10,8.985
"A010",10.5,8.428
"A010",11,8.358
"A010",11.5,8.206
"A010",12,8.249
"A010",12.5,8.186
"A010",13,7.789
"A010",13.5,7.979
"A010",14,7.717
"A010",14.5,8.204
"A010",15,7.876
"A010",15.5,7.814
"A010",16,7.048
"A010",16.5,7.864
"A010",17,7.466
"A010",17.5,7.257
"A010",18,7.07
"A010",18.5,7.483
"A010",19,7.377
"A010",19.5,7.477
"A010",20,7.112
"A011",-40,16.273
"A011",-39.5,16.433
"A011",-39,16.335
"A011",-38.5,16.641
"A011",-38,16.958
"A011",-37.5,16.628
"A011",-37,15.955
"A011",-36.5,16.389
"A011",-36,16.732
"A011",-35.5,16.835
"A011",-35,16.325
"A011",-34.5,16.762
"A011",-34,16.311
"A011",-33.5,16.73
"A011",-33,16.708
"A011",-32.5,16.592
"A011",-32,16.572
"A011",-31.5,16.56
"A011",-31,16.312
"A011",-30.5,16.91
"A011",-30,16.706
"A011",-29.5,16.475
"A011",-29,16.211
"A011",-28.5,16.522
"A011",-28,16.381
"A011",-27.5,16.737
"A011",-27,16.572
"A011",-26.5,16.247
"A011",-26,16.502
"A011",-25.5,16.249
"A011",-25,16.595
"A011",-24.5,16.228
"A011",-24,16.24
"A011",-23.5,16.771
"A011",-23,16.851
"A011",-22.5,16.88
"A011",-22,16.379
"A011",-21.5,16.275
"A011",-21,17.213
"A011",-20.5,16.712
"A011",-20,16.559
"A011",-19.5,16.444
"A011",-19,16.855
"A011",-18.5,16.257
"A011",-18,16.758
"A011",-17.5,17.049
"A011",-17,16.975
"A011",-16.5,17.084
"A011",-16,16.77
"A011",-15.5,16.819
"A011",-15,16.885
"A011",-14.5,16.832
"A011",-14,16.947
"A011",-13.5,17.034
"A011",-13,16.847
"A011",-12.5,16.734
"A011",-12,16.544
"A011",-11.5,15.852
"A011",-11,16.231
"A011",-10.5,15.958
"A011",-10,15.984
"A011",-9.5,16.403
"A011",-9,15.928
"A011",-8.5,15.566
"A011",-8,14.699
"A011",-7.5,14.686
"A011",-7,14.742
"A011",-6.5,14.297
"A011",-6,14.247
"A011",-5.5,14.008
"A011",-5,13.204
"A011",-4.5,13.542
"A011",-4,12.851
"A011",-3.5,12.541
"A011",-3,11.885
"A011",-2.5,11.536
"A011",-2,12.179
"A011",-1.5,11.302
"A011",-1,11.397
"A011",-0.5,10.994
"A011",0,10.577
"A011",0.5,10.247
"A011",1,10.226
"A011",1.5,9.743
"A011",2,9.748
"A011",2.5,9.348
"A011",3,9.309
"A011",3.5,9.077
"A011",4,8.509
"A011",4.5,8.676
"A011",5,8.342
"A011",5.5,8.428
"A011",6,7.754
"A011",6.5,7.579
"A011",7,7.502
"A011",7.5,7.31
"A011",8,6.977
"A011",8.5,7.44
"A011",9,6.905
"A011",9.5,6.614
"A011",10,6.782
"A011",10.5,6.271
"A011",11,6.255
"A011",11.5,6.291
"A011",12,6.357
"A011",12.5,5.831
"A011",13,6.124
"A011",13.5,5.424
"A011",14,5.652
"A011",14.5,5.667
"A011",15,5.127
"A011",15.5,5.144
"A011",16,5.185
"A011",16.5,5.155
"A011",17,4.916
"A011",17.5,5.038
"A011",18,5.192
"A011",18.5,4.685
"A011",19,5.554
"A011",19.5,5.499
"A011",20,5.003
"A012",-40,20.161
"A012",-39.5,20.078
"A012",-39,19.952
"A012",-38.5,19.974
"A012",-38,20.272
"A012",-37.5,19.916
"A012",-37,19.775
"A012",-36.5,20.16
"A012",-36,20.088
"A012",-35.5,19.755
"A012",-35,19.698
"A012",-34.5,19.798
"A012",-34,20.099
"A012",-33.5,19.836
"A012",-33,19.955
"A012",-32.5,19.962
"A012",-32,20.215
"A012",-31.5,20.136
"A012",-31,19.901
"A012",-30.5,20.257
"A012",-30,20.473
"A012",-29.5,19.683
"A012",-29,20.029
"A012",-28.5,19.775
"A012",-28,20.029
"A012",-27.5,19.764
"A012",-27,19.884
"A012",-26.5,20.047
"A012",-26,20.321
"A012",-25.5,20.111
"A012",-25,20.16
"A012",-24.5,19.697
"A012",-24,20.075
"A012",-23.5,20.319
"A012",-23,20.102
"A012",-22.5,20.085
"A012",-22,19.996
"A012",-21.5,20.188
"A012",-21,19.981
"A012",-20.5,20.371
"A012",-20,20.091
"A012",-19.5,19.832
"A012",-19,20.356
"A012",-18.5,19.951
"A012",-18,20.383
"A012",-17.5,20.683
"A012",-17,20.467
"A012",-16.5,20.421
"A012",-16,20.681
"A012",-15.5,20.213
"A012",-15,20.664
"A012",-14.5,20.681
"A012",-14,20.798
"A012",-13.5,20.366
"A012",-13,20.514
"A012",-12.5,20.776
"A012",-12,20.163
"A012",-11.5,19.965
"A012",-11,20.079
"A012",-10.5,20.051
"A012",-10,20.034
"A012",-9.5,19.199
"A012",-9,19.02
"A012",-8.5,19.401
"A012",-8,18.828
"A012",-7.5,18.313
"A012",-7,18.759
"A012",-6.5,17.916
"A012",-6,17.669
"A012",-5.5,17.727
"A012",-5,16.708
"A012",-4.5,16.573
"A012",-4,16.498
"A012",-3.5,16.311
"A012",-3,15.972
"A012",-2.5,15.493
"A012",-2,15.513
"A012",-1.5,15.083
"A012",-1,14.622
"A012",-0.5,14.658
"A012",0,14.591
"A012",0.5,13.822
"A012",1,13.529
"A012",1.5,13.25
"A012",2,13.267
"A012",2.5,12.936
"A012",3,12.821
"A012",3.5,12.553
"A012",4,12.324
"A012",4.5,11.835
"A012",5,12.342
"A012",5.5,11.675
"A012",6,10.865
"A012",6.5,11.372
"A012",7,10.609
"A012",7.5,11.157
"A012",8,10.325
"A012",8.5,10.131
"A012",9,10.78
"A012",9.5,10.055
"A012",10,10.145
"A012",10.5,9.922
"A012",11,10.237
"A012",11.5,10.022
"A012",12,9.636
"A012",12.5,9.393
"A012",13,9.646
"A012",13.5,9.287
"A012",14,9.563
"A012",14.5,9.07
"A012",15,9.318
"A012",15.5,8.544
"A012",16,8.53
"A012",16.5,9.202
"A012",17,8.772
"A012",17.5,8.741
"A012",18,8.836
"A012",18.5,8.52
"A012",19,8.422
"A012",19.5,8.153
"A012",20,8.456
"A013",-40,17.866
"A013",-39.5,17.517
"A013",-39,17.761
"A013",-38.5,18.028
"A013",-38,17.846
"A013",-37.5,17.23
"A013",-37,17.649
"A013",-36.5,17.312
"A013",-36,17.806
"A013",-35.5,17.508
"A013",-35,17.475
"A013",-34.5,17.476
"A013",-34,17.426
"A013",-33.5,17.67
"A013",-33,17.788
"A013",-32.5,17.992
"A013",-32,17.569
"A013",-31.5,17.71
"A013",-31,17.509
"A013",-30.5,17.779
"A013",-30,17.342
"A013",-29.5,17.587
"A013",-29,17.73
"A013",-28.5,18.215
"A013",-28,17.781
"A013",-27.5,17.643
"A013",-27,17.106
"A013",-26.5,17.432
"A013",-26,17.723
"A013",-25.5,17.401
"A013",-25,17.373
"A013",-24.5,17.644
"A013",-24,17.405
"A013",-23.5,17.054
"A013",-23,17.807
"A013",-22.5,17.648
"A013",-22,17.051
"A013",-21.5,17.835
"A013",-21,17.603
"A013",-20.5,17.514
"A013",-20,17.054
"A013",-19.5,17.574
"A013",-19,17.395
"A013",-18.5,17.531
"A013",-18,17.61
"A013",-17.5,17.676
"A013",-17,18.374
"A013",-16.5,18.407
"A013",-16,17.754
"A013",-15.5,18.244
"A013",-15,18.108
"A013",-14.5,18.205
"A013",-14,18.3
"A013",-13.5,18.065
"A013",-13,18.062
"A013",-12.5,17.716
"A013",-12,17.933
"A013",-11.5,17.247
"A013",-11,17.28
"A013",-10.5,17.207
"A013",-10,16.52
"A013",-9.5,17.023
"A013",-9,16.729
"A013",-8.5,16.315
"A013",-8,16.112
"A013",-7.5,15.947
"A013",-7,15.237
"A013",-6.5,15.234
"A013",-6,15.165
"A013",-5.5,14.84
"A013",-5,14.028
"A013",-4.5,14.341
"A013",-4,13.825
"A013",-3.5,13.809
"A013",-3,13.747
"A013",-2.5,13.287
"A013",-2,12.893
"A013",-1.5,12.64
"A013",-1,11.842
"A013",-0.5,11.367
"A013",0,12.02
"A013",0.5,11.334
"A013",1,11.167
"A013",1.5,10.171
"A013",2,10.378
"A013",2.5,10.158
"A013",3,10.363
"A013",3.5,9.358
"A013",4,9.672
"A013",4.5,9.269
"A013",5,8.928
"A013",5.5,9.06
"A013",6,8.592
"A013",6.5,8.509
"A013",7,8.385
"A013",7.5,8.288
"A013",8,7.821
"A013",8.5,8.038
"A013",9,7.896
"A013",9.5,7.877
"A013",10,7.2
"A013",10.5,7.527
"A013",11,7.191
"A013",11.5,7.34
"A013",12,7.18
"A013",12.5,6.926
"A013",13,6.565
"A013",13.5,7.012
"A013",14,6.184
"A013",14.5,6.544
"A013",15,6.606
"A013",15.5,6.169
"A013",16,6.253
"A013",16.5,6.422
"A013",17,5.84
"A013",17.5,6.22
"A013",18,6.353
"A013",18.5,6.044
"A013",19,6.028
"A013",19.5,6.231
"A013",20,5.959
"A014",-40,18.223
"A014",-39.5,18.535
"A014",-39,18.989
"A014",-38.5,18.524
"A014",-38,18.772
"A014",-37.5,18.489
"A014",-37,18.254
"A014",-36.5,18.552
"A014",-36,18.628
"A014",-35.5,18.2
"A014",-35,18.611
"A014",-34.5,18.649
"A014",-34,18.51
"A014",-33.5,18.355
"A014",-33,18.55
"A014",-32.5,18.523
"A014",-32,18.363
"A014",-31.5,18.788
"A014",-31,18.123
"A014",-30.5,18.032
"A014",-30,18.239
"A014",-29.5,18.398
"A014",-29,18.337
"A014",-28.5,18.488
"A014",-28,18.305
"A014",-27.5,18.594
"A014",-27,18.787
"A014",-26.5,18.672
"A014",-26,18.237
"A014",-25.5,18.035
"A014",-25,18.309
"A014",-24.5,18.086
"A014",-24,18.191
"A014",-23.5,18.252
"A014",-23,18.026
"A014",-22.5,18.341
"A014",-22,18.234
"A014",-21.5,18.806
"A014",-21,18.434
"A014",-20.5,18.594
"A014",-20,18.541
"A014",-19.5,18.204
"A014",-19,18.597
"A014",-18.5,19.14
"A014",-18,18.927
"A014",-17.5,18.935
"A014",-17,19.049
"A014",-16.5,18.634
"A014",-16,19.281
"A014",-15.5,18.779
"A014",-15,19.371
"A014",-14.5,19.13
"A014",-14,18.955
"A014",-13.5,18.609
"A014",-13,18.892
"A014",-12.5,18.987
"A014",-12,18.439
"A014",-11.5,18.268
"A014",-11,18.481
"A014",-10.5,18.173
"A014",-10,17.832
"A014",-9.5,18.006
"A014",-9,17.658
"A014",-8.5,17.278
"A014",-8,17.205
"A014",-7.5,16.874
"A014",-7,17.016
"A014",-6.5,16.84
"A014",-6,16.087
"A014",-5.5,15.529
"A014",-5,15.441
"A014",-4.5,15.211
"A014",-4,14.413
"A014",-3.5,14.502
"A014",-3,14.469
"A014",-2.5,14.078
"A014",-2,13.805
"A014",-1.5,13.114
"A014",-1,13.156
"A014",-0.5,13.208
"A014",0,12.577
"A014",0.5,12.171
"A014",1,12.281
"A014",1.5,11.978
"A014",2,11.828
"A014",2.5,11.14
"A014",3,10.937
"A014",3.5,11.179
"A014",4,10.338
"A014",4.5,10.427
"A014",5,10.416
"A014",5.5,10.02
"A014",6,9.598
"A014",6.5,9.655
"A014",7,9.606
"A014",7.5,9.227
"A014",8,8.984
"A014",8.5,8.403
"A014",9,8.98
"A014",9.5,8.342
"A014",10,8.455
"A014",10.5,8.253
"A014",11,8.332
"A014",11.5,7.842
"A014",12,7.96
"A014",12.5,7.847
"A014",13,7.969
"A014",13.5,7.964
"A014",14,7.737
"A014",14.5,7.099
"A014",15,7.195
"A014",15.5,7.236
"A014",16,7.691
"A014",16.5,7.372
"A014",17,7.123
"A014",17.5,6.941
"A014",18,7.146
"A014",18.5,7.248
"A014",19,7.033
"A014",19.5,7.143
"A014",20,6.566
"A015",-40,15.237
"A015",-39.5,15.34
"A015",-39,15.968
"A015",-38.5,15.316
"A015",-38,14.873
"A015",-37.5,15.626
"A015",-37,15.468
"A015",-36.5,15.301
"A015",-36,15.079
"A015",-35.5,15.554
"A015",-35,15.506
"A015",-34.5,15.268
"A015",-34,15.559
"A015",-33.5,15.083
"A015",-33,15.382
"A015",-32.5,15.571
"A015",-32,15.157
"A015",-31.5,14.911
"A015",-31,15.759
"A015",-30.5,15.552
"A015",-30,15.893
"A015",-29.5,15.641
"A015",-29,15.26
"A015",-28.5,15.568
"A015",-28,15.584
"A015",-27.5,15.744
"A015",-27,15.466
"A015",-26.5,15.238
"A015",-26,15.377
"A015",-25.5,15.238
"A015",-25,15.442
"A015",-24.5,15.287
"A015",-24,14.977
"A015",-23.5,15.114
"A015",-23,15.714
"A015",-22.5,15.406
"A015",-22,15.252
"A015",-21.5,15.829
"A015",-21,15.394
"A015",-20.5,15.548
"A015",-20,15.462
"A015",-19.5,15.67
"A015",-19,15.145
"A015",-18.5,15.952
"A015",-18,15.578
"A015",-17.5,15.647
"A015",-17,15.682
"A015",-16.5,16.144
"A015",-16,15.989
"A015",-15.5,15.929
"A015",-15,15.862
"A015",-14.5,15.658
"A015",-14,15.869
"A015",-13.5,15.762
"A015",-13,16.233
"A015",-12.5,15.439
"A015",-12,15.615
"A015",-11.5,15.272
"A015",-11,15.004
"A015",-10.5,15.238
"A015",-10,14.674
"A015",-9.5,14.834
"A015",-9,14.356
"A015",-8.5,14.047
"A015",-8,13.784
"A015",-7.5,14.092
"A015",-7,13.876
"A015",-6.5,13.059
"A015",-6,12.933
"A015",-5.5,12.625
"A015",-5,12.174
"A015",-4.5,12.427
"A015",-4,11.413
"A015",-3.5,11.761
"A015",-3,11.404
"A015",-2.5,10.676
"A015",-2,10.18
"A015",-1.5,10.205
"A015",-1,10.111
"A015",-0.5,9.663
"A015",0,9.862
"A015",0.5,9.163
"A015",1,9.227
"A015",1.5,8.968
"A015",2,8.177
"A015",2.5,8.251
"A015",3,7.879
"A015",3.5,7.989
"A015",4,7.351
"A015",4.5,7.068
"A015",5,7.227
"A015",5.5,6.877
"A015",6,7.049
"A015",6.5,6.615
"A015",7,6.449
"A015",7.5,6.318
"A015",8,6.277
"A015",8.5,5.627
"A015",9,6.144
"A015",9.5,5.168
"A015",10,5.579
"A015",10.5,5.17
"A015",11,4.572
"A015",11.5,5.525
"A015",12,5.028
"A015",12.5,4.502
"A015",13,4.935
"A015",13.5,4.813
"A015",14,4.878
"A015",14.5,4.585
"A015",15,4.359
"A015",15.5,4.325
"A015",16,3.991
"A015",16.5,3.709
"A015",17,4.744
"A015",17.5,4.045
"A015",18,4.023
"A015",18.5,4.026
"A015",19,3.683
"A015",19.5,3.853
"A015",20,4.028
"A016",-40,18.967
"A016",-39.5,18.259
"A016",-39,18.683
"A016",-38.5,19.083
"A016",-38,19.107
"A016",-37.5,18.558
"A016",-37,18.82
"A016",-36.5,19.269
"A016",-36,18.742
"A016",-35.5,19.143
"A016",-35,19.663
"A016",-34.5,19.318
"A016",-34,19.082
"A016",-33.5,18.564
"A016",-33,18.756
"A016",-32.5,19.117
"A016",-32,19.06
"A016",-31.5,18.88
"A016",-31,18.725
"A016",-30.5,18.638
"A016",-30,18.686
"A016",-29.5,18.887
"A016",-29,19.089
"A016",-28.5,19.101
"A016",-28,18.606
"A016",-27.5,18.78
"A016",-27,19.168
"A016",-26.5,19.174
"A016",-26,19.004
"A016",-25.5,18.665
"A016",-25,18.836
"A016",-24.5,19.209
"A016",-24,18.966
"A016",-23.5,19.283
"A016",-23,19.043
"A016",-22.5,18.633
"A016",-22,18.932
"A016",-21.5,19.007
"A016",-21,19.024
"A016",-20.5,19.015
"A016",-20,19.039
"A016",-19.5,19.172
"A016",-19,19.002
"A016",-18.5,18.967
"A016",-18,19.331
"A016",-17.5,19.06
"A016",-17,19.021
"A016",-16.5,19.421
"A016",-16,19.423
"A016",-15.5,19.507
"A016",-15,19.317
"A016",-14.5,19.459
"A016",-14,19.557
"A016",-13.5,19.262
"A016",-13,18.809
"A016",-12.5,19.33
"A016",-12,18.917
"A016",-11.5,18.908
"A016",-11,18.152
"A016",-10.5,19.014
"A016",-10,18.634
"A016",-9.5,18.257
"A016",-9,17.722
"A016",-8.5,17.925
"A016",-8,17.366
"A016",-7.5,17.272
"A016",-7,16.986
"A016",-6.5,16.783
"A016",-6,16.551
"A016",-5.5,16.178
"A016",-5,15.984
"A016",-4.5,16.058
"A016",-4,15.323
"A016",-3.5,15.404
"A016",-3,14.997
"A016",-2.5,14.337
"A016",-2,13.691
"A016",-1.5,13.815
"A016",-1,13.656
"A016",-0.5,13.199
"A016",0,13.416
"A016",0.5,12.808
"A016",1,12.207
"A016",1.5,12.192
"A016",2,11.961
"A016",2.5,12.023
"A016",3,11.845
"A016",3.5,11.193
"A016",4,10.927
"A016",4.5,10.911
"A016",5,10.686
"A016",5.5,10.319
"A016",6,10.117
"A016",6.5,10.133
"A016",7,9.881
"A016",7.5,9.313
"A016",8,9.898
"A016",8.5,9.456
"A016",9,8.924
"A016",9.5,9.02
"A016",10,8.909
"A016",10.5,9.29
"A016",11,8.335
"A016",11.5,8.656
"A016",12,8.644
"A016",12.5,8.28
"A016",13,8.173
"A016",13.5,8.514
"A016",14,8.364
"A016",14.5,7.76
"A016",15,7.94
"A016",15.5,8.379
"A016",16,7.525
"A016",16.5,7.806
"A016",17,8.066
"A016",17.5,7.389
"A016",18,7.476
"A016",18.5,7.427
"A016",19,7.239
"A016",19.5,7.207
"A016",20,7.098
"A017",-40,16.838
"A017",-39.5,17.025
"A017",-39,17.064
"A017",-38.5,17.691
"A017",-38,16.904
"A017",-37.5,16.798
"A017",-37,16.77
"A017",-36.5,16.471
"A017",-36,17.147
"A017",-35.5,16.783
"A017",-35,16.907
"A017",-34.5,16.789
"A017",-34,16.74
"A017",-33.5,17.335
"A017",-33,17.181
"A017",-32.5,16.796
"A017",-32,16.796
"A017",-31.5,16.773
"A017",-31,16.942
"A017",-30.5,17.815
"A017",-30,16.666
"A017",-29.5,16.712
"A017",-29,17.204
"A017",-28.5,17.007
"A017",-28,16.929
"A017",-27.5,16.819
"A017",-27,16.936
"A017",-26.5,16.605
"A017",-26,16.271
"A017",-25.5,16.875
"A017",-25,17.069
"A017",-24.5,17.161
"A017",-24,16.993
"A017",-23.5,16.785
"A017",-23,17.203
"A017",-22.5,16.742
"A017",-22,16.987
"A017",-21.5,16.785
"A017",-21,17.047
"A017",-20.5,17.035
"A017",-20,16.96
"A017",-19.5,16.9
"A017",-19,17.041
"A017",-18.5,17.604
"A017",-18,16.842
"A017",-17.5,17.235
"A017",-17,17.694
"A017",-16.5,17.296
"A017",-16,17.591
"A017",-15.5,17.677
"A017",-15,17.815
"A017",-14.5,17.782
"A017",-14,17.253
"A017",-13.5,17.055
"A017",-13,17.318
"A017",-12.5,16.769
"A017",-12,16.655
"A017",-11.5,17.424
"A017",-11,16.588
"A017",-10.5,16.883
"A017",-10,16.2
"A017",-9.5,16.519
"A017",-9,16.349
"A017",-8.5,15.607
"A017",-8,15.842
"A017",-7.5,15.696
"A017",-7,15
"A017",-6.5,15.242
"A017",-6,14.654
"A017",-5.5,14.057
"A017",-5,14.045
"A017",-4.5,13.612
"A017",-4,13.749
"A017",-3.5,12.741
"A017",-3,12.567
"A017",-2.5,12.543
"A017",-2,12.245
"A017",-1.5,11.632
"A017",-1,11.572
"A017",-0.5,11.415
"A017",0,11.245
"A017",0.5,10.999
"A017",1,10.419
"A017",1.5,10.225
"A017",2,9.679
"A017",2.5,10.147
"A017",3,9.103
"A017",3.5,8.981
"A017",4,8.967
"A017",4.5,8.954
"A017",5,8.106
"A017",5.5,8.646
"A017",6,8.15
"A017",6.5,7.957
"A017",7,8.085
"A017",7.5,7.91
"A017",8,7.358
"A017",8.5,7.398
"A017",9,7.37
"A017",9.5,6.359
"A017",10,7.132
"A017",10.5,6.556
"A017",11,6.448
"A017",11.5,6.419
"A017",12,6.627
"A017",12.5,6.008
"A017",13,6.052
"A017",13.5,6.214
"A017",14,6.412
"A017",14.5,6.083
"A017",15,5.866
"A017",15.5,5.178
"A017",16,5.792
"A017",16.5,5.793
"A017",17,4.933
"A017",17.5,5.719
"A017",18,5.141
"A017",18.5,5.787
"A017",19,5.164
"A017",19.5,5.423
"A017",20,5.231
"A018",-40,17.892
"A018",-39.5,17.957
"A018",-39,17.568
"A018",-38.5,17.461
"A018",-38,17.955
"A018",-37.5,17.144
"A018",-37,17.463
"A018",-36.5,17.618
"A018",-36,17.846
"A018",-35.5,17.532
"A018",-35,17.831
"A018",-34.5,17.598
"A018",-34,17.539
"A018",-33.5,17.496
"A018",-33,18.062
"A018",-32.5,17.958
"A018",-32,17.603
"A018",-31.5,17.73
"A018",-31,17.902
"A018",-30.5,17.444
"A018",-30,17.395
"A018",-29.5,17.623
"A018",-29,17.928
"A018",-28.5,17.675
"A018",-28,17.757
"A018",-27.5,17.824
"A018",-27,17.123
"A018",-26.5,17.363
"A018",-26,17.44
"A018",-25.5,17.53
"A018",-25,17.448
"A018",-24.5,17.396
"A018",-24,17.52
"A018",-23.5,17.519
"A018",-23,17.484
"A018",-22.5,17.741
"A018",-22,17.608
"A018",-21.5,17.554
"A018",-21,17.537
"A018",-20.5,17.652
"A018",-20,17.852
"A018",-19.5,18.074
"A018",-19,17.94
"A018",-18.5,17.846
"A018",-18,18.199
"A018",-17.5,17.554
"A018",-17,17.827
"A018",-16.5,18.259
"A018",-16,17.592
"A018",-15.5,18.26
"A018",-15,17.828
"A018",-14.5,18.045
"A018",-14,17.827
"A018",-13.5,17.794
"A018",-13,17.861
"A018",-12.5,17.585
"A018",-12,17.728
"A018",-11.5,17.873
"A018",-11,17.237
"A018",-10.5,17.113
"A018",-10,16.975
"A018",-9.5,17
"A018",-9,16.813
"A018",-8.5,16.507
"A018",-8,16.22
"A018",-7.5,15.7
"A018",-7,15.854
"A018",-6.5,15.759
"A018",-6,14.767
"A018",-5.5,14.699
"A018",-5,14.234
"A018",-4.5,14.511
"A018",-4,14.248
"A018",-3.5,13.48
"A018",-3,13.484
"A018",-2.5,13.09
"A018",-2,12.589
"A018",-1.5,12.802
"A018",-1,12.038
"A018",-0.5,11.427
"A018",0,11.621
"A018",0.5,10.877
"A018",1,11.151
"A018",1.5,11.106
"A018",2,10.743
"A018",2.5,10.146
"A018",3,10.215
"A018",3.5,9.821
"A018",4,10.085
"A018",4.5,9.757
"A018",5,9.254
"A018",5.5,9.401
"A018",6,9.298
"A018",6.5,8.6
"A018",7,8.588
"A018",7.5,8.377
"A018",8,8.552
"A018",8.5,8.254
"A018",9,7.778
"A018",9.5,7.727
"A018",10,7.725
"A018",10.5,7.335
"A018",11,7.19
"A018",11.5,6.989
"A018",12,6.878
"A018",12.5,7.624
"A018",13,6.681
"A018",13.5,7.158
"A018",14,6.551
"A018",14.5,6.601
"A018",15,6.183
"A018",15.5,6.258
"A018",16,7.019
"A018",16.5,6.419
"A018",17,6.184
"A018",17.5,6.094
"A018",18,6.058
"A018",18.5,6.441
"A018",19,6.144
"A018",19.5,6.649
"A018",20,5.779
"A019",-40,17.163
"A019",-39.5,16.722
"A019",-39,16.305
"A019",-38.5,16.936
"A019",-38,16.988
"A019",-37.5,17.309
"A019",-37,16.6
"A019",-36.5,17.178
"A019",-36,16.941
"A019",-35.5,16.6
"A019",-35,16.801
"A019",-34.5,16.608
"A019",-34,16.848
"A019",-33.5,16.948
"A019",-33,17.386
"A019",-32.5,16.952
"A019",-32,16.832
"A019",-31.5,17.273
"A019",-31,16.393
"A019",-30.5,16.848
"A019",-30,17.181
"A019",-29.5,16.915
"A019",-29,16.638
"A019",-28.5,16.387
"A019",-28,17.029
"A019",-27.5,17.02
"A019",-27,16.827
"A019",-26.5,16.639
"A019",-26,16.755
"A019",-25.5,16.931
"A019",-25,17.049
"A019",-24.5,16.822
"A019",-24,16.59
"A019",-23.5,16.938
"A019",-23,16.536
"A019",-22.5,16.955
"A019",-22,16.962
"A019",-21.5,17.053
"A019",-21,16.661
"A019",-20.5,17.158
"A019",-20,17.104
"A019",-19.5,16.72
"A019",-19,17.177
"A019",-18.5,16.913
"A019",-18,17.227
"A019",-17.5,16.833
"A019",-17,16.637
"A019",-16.5,17.298
"A019",-16,17.477
"A019",-15.5,17.38
"A019",-15,17.289
"A019",-14.5,17.159
"A019",-14,17.302
"A019",-13.5,17.221
"A019",-13,17.382
"A019",-12.5,17.384
"A019",-12,17.471
"A019",-11.5,17.075
"A019",-11,16.748
"A019",-10.5,16.75
"A019",-10,16.673
"A019",-9.5,15.931
"A019",-9,16.33
"A019",-8.5,15.916
"A019",-8,15.466
"A019",-7.5,15.508
"A019",-7,15.223
"A019",-6.5,14.656
"A019",-6,14.631
"A019",-5.5,14.257
"A019",-5,13.867
"A019",-4.5,13.686
"A019",-4,13.432
"A019",-3.5,12.837
"A019",-3,13.005
"A019",-2.5,12.213
"A019",-2,12.137
"A019",-1.5,11.787
"A019",-1,11.675
"A019",-0.5,11.231
"A019",0,11.339
"A019",0.5,10.696
"A019",1,10.223
"A019",1.5,10.525
"A019",2,9.785
"A019",2.5,9.366
"A019",3,9.54
"A019",3.5,9.122
"A019",4,8.878
"A019",4.5,8.647
"A019",5,8.792
"A019",5.5,8.143
"A019",6,8.069
"A019",6.5,7.883
"A019",7,8.057
"A019",7.5,7.555
"A019",8,7.185
"A019",8.5,6.855
"A019",9,6.695
"A019",9.5,6.977
"A019",10,6.756
"A019",10.5,6.673
"A019",11,6.449
"A019",11.5,6.694
"A019",12,6.591
"A019",12.5,6.896
"A019",13,6.025
"A019",13.5,6.006
"A019",14,6.156
"A019",14.5,6.286
"A019",15,6.14
"A019",15.5,5.557
"A019",16,5.721
"A019",16.5,5.771
"A019",17,5.578
"A019",17.5,5.42
"A019",18,5.184
"A019",18.5,5.742
"A019",19,5.298
"A019",19.5,5.484
"A019",20,4.918
"A020",-40,16.087
"A020",-39.5,16.483
"A020",-39,16.428
"A020",-38.5,16.761
"A020",-38,16.408
"A020",-37.5,16.105
"A020",-37,16.387
"A020",-36.5,16.494
"A020",-36,16.158
"A020",-35.5,16.183
"A020",-35,16.561
"A020",-34.5,16.291
"A020",-34,16.452
"A020",-33.5,16.348
"A020",-33,15.997
"A020",-32.5,16.238
"A020",-32,16.21
"A020",-31.5,16.31
"A020",-31,16.378
"A020",-30.5,16.588
"A020",-30,16.518
"A020",-29.5,16.751
"A020",-29,16.651
"A020",-28.5,16.47
"A020",-28,16.167
"A020",-27.5,16.108
"A020",-27,15.903
"A020",-26.5,16.348
"A020",-26,16.483
"A020",-25.5,15.969
"A020",-25,16.085
"A020",-24.5,16.31
"A020",-24,16.507
"A020",-23.5,16.098
"A020",-23,16.442
"A020",-22.5,16.459
"A020",-22,16.508
"A020",-21.5,16.574
"A020",-21,16.382
"A020",-20.5,16.737
"A020",-20,16.331
"A020",-19.5,16.217
"A020",-19,16.117
"A020",-18.5,16.765
"A020",-18,16.435
"A020",-17.5,16.172
"A020",-17,16.306
"A020",-16.5,16.505
"A020",-16,16.772
"A020",-15.5,16.89
"A020",-15,16.565
"A020",-14.5,16.806
"A020",-14,17.06
"A020",-13.5,16.55
"A020",-13,16.378
"A020",-12.5,16.855
"A020",-12,16.568
"A020",-11.5,16.556
"A020",-11,16.739
"A020",-10.5,16.191
"A020",-10,16.203
"A020",-9.5,15.94
"A020",-9,15.747
"A020",-8.5,15.22
"A020",-8,15.194
"A020",-7.5,15.098
"A020",-7,14.277
"A020",-6.5,13.73
"A020",-6,14.238
"A020",-5.5,13.651
"A020",-5,13.362
"A020",-4.5,13.151
"A020",-4,12.858
"A020",-3.5,12.595
"A020",-3,12.187
"A020",-2.5,11.595
"A020",-2,11.802
"A020",-1.5,11.491
"A020",-1,10.881
"A020",-0.5,10.876
"A020",0,10.44
"A020",0.5,10.165
"A020",1,10.099
"A020",1.5,10.126
"A020",2,9.866
"A020",2.5,9
"A020",3,9.113
"A020",3.5,8.393
"A020",4,8.772
"A020",4.5,8.291
"A020",5,8.189
"A020",5.5,7.864
"A020",6,7.819
"A020",6.5,7.407
"A020",7,6.802
"A020",7.5,6.74
"A020",8,7.083
"A020",8.5,7.181
"A020",9,6.951
"A020",9.5,6.908
"A020",10,6.534
"A020",10.5,6.719
"A020",11,6.134
"A020",11.5,5.882
"A020",12,5.579
"A020",12.5,5.46
"A020",13,5.68
"A020",13.5,5.9
"A020",14,5.438
"A020",14.5,5.575
"A020",15,5.417
"A020",15.5,5.34
"A020",16,5.033
"A020",16.5,4.994
"A020",17,5.22
"A020",17.5,5.163
"A020",18,5.166
"A020",18.5,5.013
"A020",19,5.236
"A020",19.5,4.783
"A020",20,4.89
"A021",-40,19.597
"A021",-39.5,20.081
"A021",-39,20.007
"A021",-38.5,20.544
"A021",-38,20.036
"A021",-37.5,19.613
"A021",-37,19.632
"A021",-36.5,19.989
"A021",-36,20.115
"A021",-35.5,19.937
"A021",-35,20.06
"A021",-34.5,19.732
"A021",-34,20.137
"A021",-33.5,19.807
"A021",-33,19.732
"A021",-32.5,19.755
"A021",-32,20.011
"A021",-31.5,20.027
"A021",-31,20.075
"A021",-30.5,19.892
"A021",-30,20.181
"A021",-29.5,19.421
"A021",-29,19.986
"A021",-28.5,20.027
"A021",-28,19.685
"A021",-27.5,19.882
"A021",-27,19.76
"A021",-26.5,19.711
"A021",-26,19.722
"A021",-25.5,19.961
"A021",-25,19.752
"A021",-24.5,19.806
"A021",-24,19.288
"A021",-23.5,19.935
"A021",-23,19.593
"A021",-22.5,19.838
"A021",-22,18.977
"A021",-21.5,19.72
"A021",-21,19.835
"A021",-20.5,19.677
"A021",-20,19.645
"A021",-19.5,20.204
"A021",-19,20.035
"A021",-18.5,19.995
"A021",-18,19.749
"A021",-17.5,20.138
"A021",-17,19.741
"A021",-16.5,20.243
"A021",-16,20.183
"A021",-15.5,20.35
"A021",-15,20.024
"A021",-14.5,20.513
"A021",-14,20.408
"A021",-13.5,20.297
"A021",-13,20.622
"A021",-12.5,19.363
"A021",-12,19.638
"A021",-11.5,19.575
"A021",-11,19.632
"A021",-10.5,19.351
"A021",-10,19.165
"A021",-9.5,18.824
"A021",-9,18.904
"A021",-8.5,19.171
"A021",-8,18.509
"A021",-7.5,18.309
"A021",-7,18.202
"A021",-6.5,17.783
"A021",-6,17.44
"A021",-5.5,16.939
"A021",-5,16.593
"A021",-4.5,16.8
"A021",-4,16.571
"A021",-3.5,15.888
"A021",-3,15.185
"A021",-2.5,15.07
"A021",-2,15.37
"A021",-1.5,15.318
"A021",-1,14.257
"A021",-0.5,14.806
"A021",0,14.209
"A021",0.5,13.911
"A021",1,13.148
"A021",1.5,13.271
"A021",2,12.608
"A021",2.5,12.676
"A021",3,12.113
"A021",3.5,12.039
"A021",4,12.05
"A021",4.5,11.767
"A021",5,11.443
"A021",5.5,10.821
"A021",6,11.048
"A021",6.5,10.644
"A021",7,11.01
"A021",7.5,10.219
"A021",8,10.466
"A021",8.5,10.125
"A021",9,9.921
"A021",9.5,10.144
"A021",10,9.902
"A021",10.5,9.927
"A021",11,9.309
"A021",11.5,9.649
"A021",12,8.974
"A021",12.5,9.44
"A021",13,9.556
"A021",13.5,9.262
"A021",14,8.948
"A021",14.5,9.073
"A021",15,8.915
"A021",15.5,9.134
"A021",16,8.782
"A021",16.5,9.098
"A021",17,8.53
"A021",17.5,8.835
"A021",18,8.531
"A021",18.5,8.603
"A021",19,8.724
"A021",19.5,8.675
"A021",20,7.833
"A022",-40,17.401
"A022",-39.5,17.603
"A022",-39,17.341
"A022",-38.5,17.389
"A022",-38,17.709
"A022",-37.5,17.395
"A022",-37,17.548
"A022",-36.5,17.688
"A022",-36,17.177
"A022",-35.5,17.174
"A022",-35,17.343
"A022",-34.5,17.822
"A022",-34,17.293
"A022",-33.5,16.942
"A022",-33,17.404
"A022",-32.5,17.663
"A022",-32,17.411
"A022",-31.5,17.413
"A022",-31,16.886
"A022",-30.5,17.468
"A022",-30,17.485
"A022",-29.5,16.923
"A022",-29,17.87
"A022",-28.5,17.249
"A022",-28,17.444
"A022",-27.5,17.237
"A022",-27,17.66
"A022",-26.5,17.56
"A022",-26,17.148
"A022",-25.5,16.967
"A022",-25,17.439
"A022",-24.5,17.649
"A022",-24,17.248
"A022",-23.5,17.42
"A022",-23,17.849
"A022",-22.5,17.345
"A022",-22,17.238
"A022",-21.5,17.572
"A022",-21,17.248
"A022",-20.5,17.481
"A022",-20,17.857
"A022",-19.5,17.56
"A022",-19,17.815
"A022",-18.5,17.33
"A022",-18,17.845
"A022",-17.5,17.638
"A022",-17,17.687
"A022",-16.5,17.677
"A022",-16,17.629
"A022",-15.5,17.623
"A022",-15,17.822
"A022",-14.5,17.761
"A022",-14,17.831
"A022",-13.5,18.041
"A022",-13,17.791
"A022",-12.5,17.995
"A022",-12,17.433
"A022",-11.5,17.274
"A022",-11,17.611
"A022",-10.5,17.721
"A022",-10,16.934
"A022",-9.5,16.644
"A022",-9,17.256
"A022",-8.5,16.272
"A022",-8,15.737
"A022",-7.5,15.828
"A022",-7,15.46
"A022",-6.5,15.497
"A022",-6,15.077
"A022",-5.5,14.741
"A022",-5,14.597
"A022",-4.5,13.805
"A022",-4,13.833
"A022",-3.5,13.394
"A022",-3,13.276
"A022",-2.5,12.849
"A022",-2,12.82
"A022",-1.5,12.558
"A022",-1,12.077
"A022",-0.5,11.886
"A022",0,11.619
"A022",0.5,11.057
"A022",1,11.081
"A022",1.5,10.775
"A022",2,10.701
"A022",2.5,10.262
"A022",3,10.171
"A022",3.5,9.599
"A022",4,10.009
"A022",4.5,9.707
"A022",5,9.178
"A022",5.5,8.651
"A022",6,8.446
"A022",6.5,8.752
"A022",7,8.399
"A022",7.5,8.105
"A022",8,7.816
"A022",8.5,7.765
"A022",9,7.963
"A022",9.5,7.985
"A022",10,7.079
"A022",10.5,7.423
"A022",11,6.962
"A022",11.5,7.14
"A022",12,7.245
"A022",12.5,7.207
"A022",13,6.914
"A022",13.5,6.675
"A022",14,6.615
"A022",14.5,6.414
"A022",15,5.949
"A022",15.5,6.073
"A022",16,6.704
"A022",16.5,6.706
"A022",17,5.895
"A022",17.5,6.091
"A022",18,6.116
"A022",18.5,6.656
"A022",19,5.9
"A022",19.5,5.92
"A022",20,5.912
"A023",-40,18.236
"A023",-39.5,18.692
"A023",-39,18.141
"A023",-38.5,18.733
"A023",-38,18.335
"A023",-37.5,18.477
"A023",-37,18.183
"A023",-36.5,18.693
"A023",-36,18.684
"A023",-35.5,17.961
"A023",-35,18.729
"A023",-34.5,18.824
"A023",-34,18.687
"A023",-33.5,18.26
"A023",-33,18.864
"A023",-32.5,18.917
"A023",-32,18.201
"A023",-31.5,18.551
"A023",-31,18.691
"A023",-30.5,18.06
"A023",-30,18.075
"A023",-29.5,18.59
"A023",-29,19.164
"A023",-28.5,18.585
"A023",-28,19.002
"A023",-27.5,18.581
"A023",-27,18.436
"A023",-26.5,18.718
"A023",-26,18.792
"A023",-25.5,18.366
"A023",-25,18.635
"A023",-24.5,18.77
"A023",-24,18.287
"A023",-23.5,18.85
"A023",-23,18.708
"A023",-22.5,18.908
"A023",-22,18.458
"A023",-21.5,18.136
"A023",-21,18.672
"A023",-20.5,18.671
"A023",-20,18.88
"A023",-19.5,18.938
"A023",-19,18.993
"A023",-18.5,18.802
"A023",-18,18.372
"A023",-17.5,18.795
"A023",-17,18.464
"A023",-16.5,18.59
"A023",-16,18.974
"A023",-15.5,19.395
"A023",-15,19.491
"A023",-14.5,19.134
"A023",-14,18.589
"A023",-13.5,19.214
"A023",-13,18.854
"A023",-12.5,18.681
"A023",-12,18.788
"A023",-11.5,18.367
"A023",-11,18.666
"A023",-10.5,18.517
"A023",-10,18.11
"A023",-9.5,17.869
"A023",-9,17.135
"A023",-8.5,17.47
"A023",-8,17.237
"A023",-7.5,16.725
"A023",-7,16.978
"A023",-6.5,16.363
"A023",-6,16.586
"A023",-5.5,15.729
"A023",-5,15.42
"A023",-4.5,15.486
"A023",-4,14.88
"A023",-3.5,14.467
"A023",-3,14.104
"A023",-2.5,14.207
"A023",-2,13.954
"A023",-1.5,13.262
"A023",-1,13.492
"A023",-0.5,13.195
"A023",0,12.651
"A023",0.5,12.544
"A023",1,12.243
"A023",1.5,11.804
"A023",2,11.54
"A023",2.5,10.984
"A023",3,11.498
"A023",3.5,10.973
"A023",4,10.291
"A023",4.5,10.818
"A023",5,9.989
"A023",5.5,10.16
"A023",6,9.427
"A023",6.5,9.746
"A023",7,9.792
"A023",7.5,9.864
"A023",8,9.27
"A023",8.5,8.846
"A023",9,9.045
"A023",9.5,8.722
"A023",10,8.525
"A023",10.5,8.909
"A023",11,8.499
"A023",11.5,8.59
"A023",12,7.901
"A023",12.5,8.129
"A023",13,7.834
"A023",13.5,7.836
"A023",14,8.102
"A023",14.5,8.014
"A023",15,7.49
"A023",15.5,7.61
"A023",16,7.533
"A023",16.5,7.593
"A023",17,6.733
"A023",17.5,7.9
"A023",18,7.399
"A023",18.5,6.819
"A023",19,7.038
"A023",19.5,6.892
"A023",20,7.235
"A024",-40,17.017
"A024",-39.5,17.039
"A024",-39,17.056
"A024",-38.5,16.649
"A024",-38,16.839
"A024",-37.5,17.114
"A024",-37,17.243
"A024",-36.5,17.189
"A024",-36,17.063
"A024",-35.5,17.215
"A024",-35,16.777
"A024",-34.5,17.154
"A024",-34,16.884
"A024",-33.5,17.446
"A024",-33,16.973
"A024",-32.5,17.128
"A024",-32,16.802
"A024",-31.5,16.815
"A024",-31,16.747
"A024",-30.5,16.359
"A024",-30,17.105
"A024",-29.5,16.668
"A024",-29,16.794
"A024",-28.5,16.98
"A024",-28,16.954
"A024",-27.5,16.764
"A024",-27,16.824
"A024",-26.5,17.155
"A024",-26,17.031
"A024",-25.5,17.014
"A024",-25,16.834
"A024",-24.5,16.935
"A024",-24,16.701
"A024",-23.5,17.031
"A024",-23,17.085
"A024",-22.5,17.21
"A024",-22,17.141
"A024",-21.5,17.007
"A024",-21,16.97
"A024",-20.5,17.316
"A024",-20,16.782
"A024",-19.5,16.634
"A024",-19,17.349
"A024",-18.5,17.305
"A024",-18,16.813
"A024",-17.5,17.342
"A024",-17,17.394
"A024",-16.5,17.496
"A024",-16,17.599
"A024",-15.5,17.545
"A024",-15,17.542
"A024",-14.5,17.273
"A024",-14,17.187
"A024",-13.5,17.172
"A024",-13,17.787
"A024",-12.5,17.354
"A024",-12,17.278
"A024",-11.5,16.735
"A024",-11,17.114
"A024",-10.5,16.622
"A024",-10,16.28
"A024",-9.5,16.243
"A024",-9,15.434
"A024",-8.5,16.147
"A024",-8,15.979
"A024",-7.5,15.553
"A024",-7,14.856
"A024",-6.5,14.926
"A024",-6,14.038
"A024",-5.5,14.061
"A024",-5,13.993
"A024",-4.5,13.772
"A024",-4,13.658
"A024",-3.5,13.227
"A024",-3,12.851
"A024",-2.5,12.548
"A024",-2,12.411
"A024",-1.5,11.954
"A024",-1,11.889
"A024",-0.5,11.4
"A024",0,10.973
"A024",0.5,11.196
"A024",1,10.033
"A024",1.5,10.339
"A024",2,10.225
"A024",2.5,9.825
"A024",3,10.219
"A024",3.5,9.374
"A024",4,9.42
"A024",4.5,9.192
"A024",5,9.088
"A024",5.5,8.666
"A024",6,7.914
"A024",6.5,8.027
"A024",7,7.753
"A024",7.5,7.714
"A024",8,7.6
"A024",8.5,7.439
"A024",9,7.165
"A024",9.5,7.213
"A024",10,6.947
"A024",10.5,6.895
"A024",11,6.782
"A024",11.5,7.185
"A024",12,6.579
"A024",12.5,6.267
"A024",13,5.932
"A024",13.5,6.167
"A024",14,6.243
"A024",14.5,6.183
"A024",15,5.621
"A024",15.5,5.614
"A024",16,6.267
"A024",16.5,6.149
"A024",17,6.377
"A024",17.5,5.755
"A024",18,5.426
"A024",18.5,5.336
"A024",19,5.363
"A024",19.5,5.585
"A024",20,5.305
"A025",-40,19.571
"A025",-39.5,19.943
"A025",-39,19.191
"A025",-38.5,19.509
"A025",-38,19.294
"A025",-37.5,19.62
"A025",-37,20.082
"A025",-36.5,20.286
"A025",-36,19.756
"A025",-35.5,20.055
"A025",-35,19.768
"A025",-34.5,19.609
"A025",-34,19.409
"A025",-33.5,19.773
"A025",-33,19.946
"A025",-32.5,19.533
"A025",-32,19.321
"A025",-31.5,19.246
"A025",-31,19.532
"A025",-30.5,19.537
"A025",-30,19.353
"A025",-29.5,19.423
"A025",-29,19.274
"A025",-28.5,19.829
"A025",-28,19.628
"A025",-27.5,19.904
"A025",-27,19.379
"A025",-26.5,19.932
"A025",-26,20.123
"A025",-25.5,19.575
"A025",-25,19.538
"A025",-24.5,19.55
"A025",-24,19.632
"A025",-23.5,19.665
"A025",-23,19.426
"A025",-22.5,19.277
"A025",-22,19.381
"A025",-21.5,19.737
"A025",-21,19.908
"A025",-20.5,19.695
"A025",-20,20.003
"A025",-19.5,19.84
"A025",-19,19.73
"A025",-18.5,19.996
"A025",-18,19.825
"A025",-17.5,19.907
"A025",-17,19.806
"A025",-16.5,19.997
"A025",-16,20.207
"A025",-15.5,19.954
"A025",-15,20.238
"A025",-14.5,19.691
"A025",-14,20.079
"A025",-13.5,20.243
"A025",-13,19.533
"A025",-12.5,19.935
"A025",-12,20.079
"A025",-11.5,19.677
"A025",-11,19.921
"A025",-10.5,19.544
"A025",-10,19.24
"A025",-9.5,19.179
"A025",-9,18.54
"A025",-8.5,18.391
"A025",-8,17.934
"A025",-7.5,18.14
"A025",-7,17.582
"A025",-6.5,17.331
"A025",-6,16.991
"A025",-5.5,17.122
"A025",-5,16.588
"A025",-4.5,16.029
"A025",-4,16.239
"A025",-3.5,15.198
"A025",-3,15.653
"A025",-2.5,14.99
"A025",-2,14.915
"A025",-1.5,14.774
"A025",-1,14.803
"A025",-0.5,14.172
"A025",0,13.864
"A025",0.5,13.746
"A025",1,13.106
"A025",1.5,12.593
"A025",2,12.27
"A025",2.5,12.353
"A025",3,12.34
"A025",3.5,12.321
"A025",4,12.014
"A025",4.5,11.396
"A025",5,11.547
"A025",5.5,11.352
"A025",6,10.518
"A025",6.5,10.156
"A025",7,10.269
"A025",7.5,9.659
"A025",8,10.62
"A025",8.5,10.17
"A025",9,9.603
"A025",9.5,9.828
"A025",10,9.996
"A025",10.5,9.75
"A025",11,9.205
"A025",11.5,9.577
"A025",12,9.355
"A025",12.5,8.797
"A025",13,9.109
"A025",13.5,8.866
"A025",14,8.796
"A025",14.5,8.903
"A025",15,8.469
"A025",15.5,8.687
"A025",16,8.754
"A025",16.5,8.375
"A025",17,8.412
"A025",17.5,7.891
"A025",18,8.026
"A025",18.5,8.567
"A025",19,8.007
"A025",19.5,8.019
"A025",20,8.069
"A026",-40,16.418
"A026",-39.5,16.881
"A026",-39,15.828
"A026",-38.5,15.797
"A026",-38,16.255
"A026",-37.5,16.423
"A026",-37,15.95
"A026",-36.5,15.873
"A026",-36,16.312
"A026",-35.5,16.106
"A026",-35,15.938
"A026",-34.5,16.114
"A026",-34,16.046
"A026",-33.5,15.998
"A026",-33,15.535
"A026",-32.5,16.365
"A026",-32,15.927
"A026",-31.5,15.841
"A026",-31,16.023
"A026",-30.5,15.905
"A026",-30,16.079
"A026",-29.5,16.281
"A026",-29,15.627
"A026",-28.5,15.672
"A026",-28,15.843
"A026",-27.5,15.917
"A026",-27,16.062
"A026",-26.5,16.232
"A026",-26,15.757
"A026",-25.5,16.223
"A026",-25,16.025
"A026",-24.5,15.814
"A026",-24,15.867
"A026",-23.5,15.775
"A026",-23,16.013
"A026",-22.5,15.653
"A026",-22,15.838
"A026",-21.5,15.537
"A026",-21,15.718
"A026",-20.5,16.371
"A026",-20,15.797
"A026",-19.5,16.554
"A026",-19,15.673
"A026",-18.5,15.536
"A026",-18,16.297
"A026",-17.5,16.27
"A026",-17,16.086
"A026",-16.5,16.71
"A026",-16,16.387
"A026",-15.5,16.011
"A026",-15,16.726
"A026",-14.5,16.739
"A026",-14,16.422
"A026",-13.5,15.917
"A026",-13,15.856
"A026",-12.5,15.64
"A026",-12,15.954
"A026",-11.5,16.173
"A026",-11,15.865
"A026",-10.5,15.278
"A026",-10,15.567
"A026",-9.5,15.198
"A026",-9,14.65
"A026",-8.5,14.941
"A026",-8,15.051
"A026",-7.5,14.253
"A026",-7,13.976
"A026",-6.5,13.817
"A026",-6,13.913
"A026",-5.5,13.265
"A026",-5,12.952
"A026",-4.5,12.702
"A026",-4,12.259
"A026",-3.5,12.284
"A026",-3,11.588
"A026",-2.5,11.782
"A026",-2,11.351
"A026",-1.5,11.052
"A026",-1,10.725
"A026",-0.5,10.356
"A026",0,10.025
"A026",0.5,9.865
"A026",1,9.82
"A026",1.5,9.659
"A026",2,8.96
"A026",2.5,8.809
"A026",3,8.58
"A026",3.5,8.058
"A026",4,8.11
"A026",4.5,7.871
"A026",5,7.98
"A026",5.5,7.68
"A026",6,7.14
"A026",6.5,6.901
"A026",7,6.562
"A026",7.5,6.41
"A026",8,6.724
"A026",8.5,6.44
"A026",9,6.23
"A026",9.5,6.287
"A026",10,5.861
"A026",10.5,6.125
"A026",11,5.768
"A026",11.5,5.651
"A026",12,5.383
"A026",12.5,5.587
"A026",13,5.353
"A026",13.5,5.365
"A026",14,4.623
"A026",14.5,5.272
"A026",15,5.176
"A026",15.5,5.307
"A026",16,4.808
"A026",16.5,4.748
"A026",17,4.756
"A026",17.5,4.66
"A026",18,4.489
"A026",18.5,4.406
"A026",19,4.494
"A026",19.5,4.763
"A026",20,4.63
"A027",-40,20.141
"A027",-39.5,20.299
"A027",-39,20.584
"A027",-38.5,20.337
"A027",-38,20.811
"A027",-37.5,20.495
"A027",-37,20.543
"A027",-36.5,20.654
"A027",-36,20.718
"A027",-35.5,20.745
"A027",-35,20.472
"A027",-34.5,20.705
"A027",-34,20.577
"A027",-33.5,20.125
"A027",-33,20.409
"A027",-32.5,20.685
"A027",-32,20.165
"A027",-31.5,20.428
"A027",-31,20.806
"A027",-30.5,20.733
"A027",-30,20.676
"A027",-29.5,20.277
"A027",-29,20.441
"A027",-28.5,20.624
"A027",-28,20.272
"A027",-27.5,20.412
"A027",-27,20.41
"A027",-26.5,20.708
"A027",-26,20.322
"A027",-25.5,20.603
"A027",-25,20.382
"A027",-24.5,20.578
"A027",-24,20.53
"A027",-23.5,20.297
"A027",-23,20.417
"A027",-22.5,20.359
"A027",-22,20.783
"A027",-21.5,20.424
"A027",-21,20.116
"A027",-20.5,20.577
"A027",-20,20.415
"A027",-19.5,20.318
"A027",-19,20.561
"A027",-18.5,20.666
"A027",-18,20.976
"A027",-17.5,20.896
"A027",-17,20.397
"A027",-16.5,20.656
"A027",-16,20.674
"A027",-15.5,20.741
"A027",-15,21.207
"A027",-14.5,21.242
"A027",-14,20.691
"A027",-13.5,21.281
"A027",-13,20.733
"A027",-12.5,20.77
"A027",-12,20.953
"A027",-11.5,20.597
"A027",-11,20.282
"A027",-10.5,20.119
"A027",-10,20.01
"A027",-9.5,19.236
"A027",-9,19.639
"A027",-8.5,19.148
"A027",-8,19.075
"A027",-7.5,19.009
"A027",-7,18.57
"A027",-6.5,17.937
"A027",-6,18.383
"A027",-5.5,17.579
"A027",-5,17.358
"A027",-4.5,17.39
"A027",-4,16.873
"A027",-3.5,16.287
"A027",-3,16.589
"A027",-2.5,16.249
"A027",-2,16.192
"A027",-1.5,16.01
"A027",-1,15.247
"A027",-0.5,14.491
"A027",0,14.692
"A027",0.5,14.54
"A027",1,14.399
"A027",1.5,13.648
"A027",2,13.369
"A027",2.5,13.199
"A027",3,13.258
"A027",3.5,12.73
"A027",4,12.376
"A027",4.5,12.263
"A027",5,11.812
"A027",5.5,12.046
"A027",6,12.052
"A027",6.5,11.552
"A027",7,11.532
"A027",7.5,11.052
"A027",8,11.03
"A027",8.5,10.826
"A027",9,10.37
"A027",9.5,10.497
"A027",10,10.395
"A027",10.5,10.208
"A027",11,10.582
"A027",11.5,10.262
"A027",12,9.77
"A027",12.5,9.602
"A027",13,9.412
"A027",13.5,9.397
"A027",14,9.659
"A027",14.5,9.146
"A027",15,9.594
"A027",15.5,9.251
"A027",16,9.248
"A027",16.5,9.359
"A027",17,9.133
"A027",17.5,9.186
"A027",18,8.875
"A027",18.5,9.162
"A027",19,8.428
"A027",19.5,9.482
"A027",20,9.204
"A028",-40,17.203
"A028",-39.5,17.518
"A028",-39,17.314
"A028",-38.5,17.118
"A028",-38,17.198
"A028",-37.5,17.118
"A028",-37,17.478
"A028",-36.5,17.344
"A028",-36,17.568
"A028",-35.5,17.927
"A028",-35,17.748
"A028",-34.5,17.755
"A028",-34,17.327
"A028",-33.5,17.664
"A028",-33,17.696
"A028",-32.5,17.108
"A028",-32,17.47
"A028",-31.5,17.309
"A028",-31,17.653
"A028",-30.5,17.503
"A028",-30,16.801
"A028",-29.5,17.112
"A028",-29,17.725
"A028",-28.5,17.312
"A028",-28,17.272
"A028",-27.5,17.386
"A028",-27,17.495
"A028",-26.5,17.161
"A028",-26,16.855
"A028",-25.5,17.142
"A028",-25,17
"A028",-24.5,17.335
"A028",-24,17.071
"A028",-23.5,17.247
"A028",-23,16.937
"A028",-22.5,17.169
"A028",-22,17.079
"A028",-21.5,17.359
"A028",-21,17.344
"A028",-20.5,16.854
"A028",-20,17.266
"A028",-19.5,17.313
"A028",-19,17.562
"A028",-18.5,17.412
"A028",-18,17.676
"A028",-17.5,17.497
"A028",-17,17.776
"A028",-16.5,17.931
"A028",-16,17.905
"A028",-15.5,17.611
"A028",-15,17.81
"A028",-14.5,17.71
"A028",-14,17.266
"A028",-13.5,17.545
"A028",-13,17.627
"A028",-12.5,17.305
"A028",-12,17.378
"A028",-11.5,17.298
"A028",-11,17.2
"A028",-10.5,16.911
"A028",-10,17.321
"A028",-9.5,16.991
"A028",-9,16.55
"A028",-8.5,16.025
"A028",-8,15.932
"A028",-7.5,15.623
"A028",-7,15.104
"A028",-6.5,15.015
"A028",-6,15.135
"A028",-5.5,14.87
"A028",-5,14.31
"A028",-4.5,14.027
"A028",-4,13.641
"A028",-3.5,13.498
"A028",-3,13.024
"A028",-2.5,12.885
"A028",-2,12.798
"A028",-1.5,12.634
"A028",-1,12.593
"A028",-0.5,11.616
"A028",0,11.419
"A028",0.5,10.942
"A028",1,11.004
"A028",1.5,10.625
"A028",2,10.418
"A028",2.5,10.353
"A028",3,9.997
"A028",3.5,9.799
"A028",4,9.7
"A028",4.5,9.175
"A028",5,9.319
"A028",5.5,8.517
"A028",6,8.544
"A028",6.5,8.217
"A028",7,8.635
"A028",7.5,7.947
"A028",8,8.052
"A028",8.5,7.866
"A028",9,7.795
"A028",9.5,7.488
"A028",10,7.481
"A028",10.5,7.214
"A028",11,7.098
"A028",11.5,7.343
"A028",12,6.702
"A028",12.5,6.785
"A028",13,6.49
"A028",13.5,6.496
"A028",14,6.203
"A028",14.5,6.435
"A028",15,6.241
"A028",15.5,6.161
"A028",16,6.554
"A028",16.5,6.521
"A028",17,6.041
"A028",17.5,6.062
"A028",18,5.323
"A028",18.5,5.898
"A028",19,5.434
"A028",19.5,6.325
"A028",20,5.775
"A029",-40,21.465
"A029",-39.5,21.734
"A029",-39,21.543
"A029",-38.5,21.097
"A029",-38,21.453
"A029",-37.5,21.868
"A029",-37,21.649
"A029",-36.5,21.207
"A029",-36,21.698
"A029",-35.5,21.434
"A029",-35,21.375
"A029",-34.5,21.35
"A029",-34,21.565
"A029",-33.5,22.009
"A029",-33,21.755
"A029",-32.5,21.436
"A029",-32,21.34
"A029",-31.5,21.684
"A029",-31,21.567
"A029",-30.5,21.42
"A029",-30,21.819
"A029",-29.5,21.678
"A029",-29,21.584
"A029",-28.5,21.542
"A029",-28,21.554
"A029",-27.5,21.541
"A029",-27,21.149
"A029",-26.5,21.942
"A029",-26,21.728
"A029",-25.5,21.636
"A029",-25,21.522
"A029",-24.5,21.503
"A029",-24,22.045
"A029",-23.5,21.628
"A029",-23,21.358
"A029",-22.5,21.376
"A029",-22,21.702
"A029",-21.5,21.697
"A029",-21,21.587
"A029",-20.5,21.443
"A029",-20,22.07
"A029",-19.5,21.573
"A029",-19,21.673
"A029",-18.5,21.953
"A029",-18,21.332
"A029",-17.5,21.935
"A029",-17,21.518
"A029",-16.5,21.678
"A029",-16,22.072
"A029",-15.5,21.992
"A029",-15,22.033
"A029",-14.5,21.827
"A029",-14,22.115
"A029",-13.5,21.875
"A029",-13,21.671
"A029",-12.5,22.334
"A029",-12,21.962
"A029",-11.5,21.578
"A029",-11,21.646
"A029",-10.5,20.923
"A029",-10,21.291
"A029",-9.5,21.168
"A029",-9,20.808
"A029",-8.5,21.027
"A029",-8,20.562
"A029",-7.5,19.334
"A029",-7,20.318
"A029",-6.5,19.883
"A029",-6,18.93
"A029",-5.5,18.443
"A029",-5,18.695
"A029",-4.5,18.646
"A029",-4,18.129
"A029",-3.5,17.393
"A029",-3,17.208
"A029",-2.5,17.119
"A029",-2,17.166
"A029",-1.5,16.622
"A029",-1,16.398
"A029",-0.5,15.997
"A029",0,15.626
"A029",0.5,15.828
"A029",1,15.254
"A029",1.5,15.284
"A029",2,15.009
"A029",2.5,14.326
"A029",3,14.36
"A029",3.5,13.793
"A029",4,14.046
"A029",4.5,12.987
"A029",5,13.442
"A029",5.5,13.191
"A029",6,13.561
"A029",6.5,12.63
"A029",7,12.759
"A029",7.5,12.517
"A029",8,12.279
"A029",8.5,11.727
"A029",9,11.796
"A029",9.5,11.746
"A029",10,11.364
"A029",10.5,11.746
"A029",11,11.204
"A029",11.5,11.103
"A029",12,10.996
"A029",12.5,10.773
"A029",13,11.127
"A029",13.5,10.709
"A029",14,10.882
"A029",14.5,10.394
"A029",15,10.218
"A029",15.5,10.458
"A029",16,10.346
"A029",16.5,10.677
"A029",17,10.698
"A029",17.5,10.297
"A029",18,10.202
"A029",18.5,10.227
"A029",19,10.289
"A029",19.5,10.02
"A029",20,10.143
"A030",-40,16.288
"A030",-39.5,16.369
"A030",-39,16.683
"A030",-38.5,16.732
"A030",-38,16.914
"A030",-37.5,16.686
"A030",-37,16.862
"A030",-36.5,16.461
"A030",-36,16.658
"A030",-35.5,16.237
"A030",-35,16.889
"A030",-34.5,16.626
"A030",-34,16.447
"A030",-33.5,16.486
"A030",-33,16.727
"A030",-32.5,16.26
"A030",-32,17.044
"A030",-31.5,16.611
"A030",-31,16.808
"A030",-30.5,16.396
"A030",-30,16.71
"A030",-29.5,16.683
"A030",-29,16.454
"A030",-28.5,16.558
"A030",-28,16.284
"A030",-27.5,16.928
"A030",-27,16.466
"A030",-26.5,16.429
"A030",-26,16.41
"A030",-25.5,16.255
"A030",-25,16.377
"A030",-24.5,15.88
"A030",-24,16.98
"A030",-23.5,16.447
"A030",-23,16.333
"A030",-22.5,16.327
"A030",-22,16.348
"A030",-21.5,16.677
"A030",-21,16.548
"A030",-20.5,16.57
"A030",-20,16.027
"A030",-19.5,16.796
"A030",-19,16.739
"A030",-18.5,16.685
"A030",-18,16.749
"A030",-17.5,16.554
"A030",-17,16.691
"A030",-16.5,16.895
"A030",-16,16.859
"A030",-15.5,16.949
"A030",-15,17.551
"A030",-14.5,16.975
"A030",-14,16.766
"A030",-13.5,17.023
"A030",-13,16.858
"A030",-12.5,17.212
"A030",-12,16.546
"A030",-11.5,16.164
"A030",-11,16.385
"A030",-10.5,16.258
"A030",-10,15.896
"A030",-9.5,15.508
"A030",-9,15.031
"A030",-8.5,15.6
"A030",-8,15.151
"A030",-7.5,14.94
"A030",-7,14.411
"A030",-6.5,14.162
"A030",-6,13.883
"A030",-5.5,13.71
"A030",-5,13.232
"A030",-4.5,12.99
"A030",-4,12.743
"A030",-3.5,12.765
"A030",-3,12.171
"A030",-2.5,12.082
"A030",-2,11.504
"A030",-1.5,11.679
"A030",-1,11.22
"A030",-0.5,10.869
"A030",0,10.645
"A030",0.5,10.679
"A030",1,10.47
"A030",1.5,9.608
"A030",2,9.731
"A030",2.5,9.866
"A030",3,9.362
"A030",3.5,8.319
"A030",4,8.814
"A030",4.5,8.591
"A030",5,8.444
"A030",5.5,7.818
"A030",6,8.15
"A030",6.5,7.562
"A030",7,7.496
"A030",7.5,7.477
"A030",8,6.975
"A030",8.5,7.172
"A030",9,7.022
"A030",9.5,5.994
"A030",10,6.158
"A030",10.5,6.677
"A030",11,5.974
"A030",11.5,5.82
"A030",12,5.963
"A030",12.5,6.316
"A030",13,6.175
"A030",13.5,5.831
"A030",14,5.571
"A030",14.5,5.348
"A030",15,5.605
"A030",15.5,5.314
"A030",16,5.467
"A030",16.5,4.763
"A030",17,5.383
"A030",17.5,5.097
"A030",18,5.317
"A030",18.5,5.04
"A030",19,4.828
"A030",19.5,4.798
"A030",20,5.157
"A031",-40,19.639
"A031",-39.5,19.726
"A031",-39,19.751
"A031",-38.5,19.52
"A031",-38,19.572
"A031",-37.5,19.092
"A031",-37,19.66
"A031",-36.5,19.396
"A031",-36,19.305
"A031",-35.5,19.482
"A031",-35,19.681
"A031",-34.5,19.494
"A031",-34,19.495
"A031",-33.5,19.493
"A031",-33,19.711
"A031",-32.5,19.608
"A031",-32,19.238
"A031",-31.5,19.349
"A031",-31,19.749
"A031",-30.5,19.249
"A031",-30,19.989
"A031",-29.5,19.437
"A031",-29,19.375
"A031",-28.5,19.086
"A031",-28,19.816
"A031",-27.5,19.09
"A031",-27,19.387
"A031",-26.5,19.051
"A031",-26,19.061
"A031",-25.5,18.935
"A031",-25,18.94
"A031",-24.5,19.568
"A031",-24,19.447
"A031",-23.5,19.301
"A031",-23,19.673
"A031",-22.5,19.184
"A031",-22,19.498
"A031",-21.5,19.317
"A031",-21,18.862
"A031",-20.5,19.385
"A031",-20,19.961
"A031",-19.5,19.419
"A031",-19,19.676
"A031",-18.5,19.823
"A031",-18,19.484
"A031",-17.5,19.838
"A031",-17,19.917
"A031",-16.5,20.031
"A031",-16,19.779
"A031",-15.5,19.837
"A031",-15,19.92
"A031",-14.5,20
"A031",-14,19.649
"A031",-13.5,19.541
"A031",-13,19.585
"A031",-12.5,19.809
"A031",-12,19.736
"A031",-11.5,19.604
"A031",-11,19.209
"A031",-10.5,19.877
"A031",-10,18.995
"A031",-9.5,18.679
"A031",-9,18.514
"A031",-8.5,18.401
"A031",-8,18.109
"A031",-7.5,18.04
"A031",-7,17.513
"A031",-6.5,16.967
"A031",-6,17.187
"A031",-5.5,16.766
"A031",-5,16.609
"A031",-4.5,15.714
"A031",-4,15.811
"A031",-3.5,15.205
"A031",-3,14.963
"A031",-2.5,15.216
"A031",-2,14.688
"A031",-1.5,14.666
"A031",-1,14.122
"A031",-0.5,13.191
"A031",0,13.343
"A031",0.5,13.547
"A031",1,12.839
"A031",1.5,13.189
"A031",2,12.638
"A031",2.5,12.448
"A031",3,11.887
"A031",3.5,11.837
"A031",4,11.837
"A031",4.5,11.205
"A031",5,11.127
"A031",5.5,10.529
"A031",6,10.996
"A031",6.5,10.773
"A031",7,10.397
"A031",7.5,10.042
"A031",8,10.283
"A031",8.5,10.246
"A031",9,9.462
"A031",9.5,9.885
"A031",10,9.659
"A031",10.5,9.499
"A031",11,9.332
"A031",11.5,8.717
"A031",12,8.784
"A031",12.5,8.203
"A031",13,8.585
"A031",13.5,8.79
"A031",14,8.303
"A031",14.5,8.279
"A031",15,8.528
"A031",15.5,8.621
"A031",16,7.956
"A031",16.5,8.237
"A031",17,8.189
"A031",17.5,8.031
"A031",18,8.068
"A031",18.5,7.879
"A031",19,8.135
"A031",19.5,7.911
"A031",20,8.272
"A032",-40,17.742
"A032",-39.5,17.563
"A032",-39,17.191
"A032",-38.5,17.814
"A032",-38,17.518
"A032",-37.5,17.765
"A032",-37,17.427
"A032",-36.5,17.53
"A032",-36,18.139
"A032",-35.5,17.444
"A032",-35,17.291
"A032",-34.5,17.679
"A032",-34,17.747
"A032",-33.5,17.524
"A032",-33,17.475
"A032",-32.5,17.524
"A032",-32,17.956
"A032",-31.5,18.111
"A032",-31,17.741
"A032",-30.5,17.841
"A032",-30,17.426
"A032",-29.5,17.928
"A032",-29,17.074
"A032",-28.5,17.979
"A032",-28,17.199
"A032",-27.5,17.623
"A032",-27,17.593
"A032",-26.5,17.788
"A032",-26,17.757
"A032",-25.5,17.352
"A032",-25,17.351
"A032",-24.5,17.324
"A032",-24,17.349
"A032",-23.5,17.358
"A032",-23,17.414
"A032",-22.5,17.526
"A032",-22,17.85
"A032",-21.5,17.749
"A032",-21,17.417
"A032",-20.5,17.564
"A032",-20,17.756
"A032",-19.5,17.52
"A032",-19,17.825
"A032",-18.5,17.937
"A032",-18,18.138
"A032",-17.5,18.305
"A032",-17,17.705
"A032",-16.5,18.372
"A032",-16,17.432
"A032",-15.5,18.041
"A032",-15,18.32
"A032",-14.5,18.046
"A032",-14,17.698
"A032",-13.5,17.953
"A032",-13,17.65
"A032",-12.5,17.591
"A032",-12,17.931
"A032",-11.5,17.894
"A032",-11,17.429
"A032",-10.5,17.48
"A032",-10,16.912
"A032",-9.5,16.948
"A032",-9,16.341
"A032",-8.5,16.279
"A032",-8,16.144
"A032",-7.5,16.435
"A032",-7,15.676
"A032",-6.5,15.615
"A032",-6,15.037
"A032",-5.5,14.9
"A032",-5,14.544
"A032",-4.5,13.813
"A032",-4,14.107
"A032",-3.5,13.578
"A032",-3,13.523
"A032",-2.5,12.897
"A032",-2,12.969
"A032",-1.5,12.185
"A032",-1,12.572
"A032",-0.5,11.511
"A032",0,11.412
"A032",0.5,11.626
"A032",1,11.597
"A032",1.5,11.277
"A032",2,10.303
"A032",2.5,10.621
"A032",3,9.992
"A032",3.5,9.948
"A032",4,9.807
"A032",4.5,9.237
"A032",5,9.11
"A032",5.5,8.877
"A032",6,8.407
"A032",6.5,8.564
"A032",7,8.297
"A032",7.5,8.648
"A032",8,8.15
"A032",8.5,7.87
"A032",9,8.022
"A032",9.5,7.798
"A032",10,8.055
"A032",10.5,7.527
"A032",11,7.159
"A032",11.5,7.088
"A032",12,6.75
"A032",12.5,7.178
"A032",13,7.096
"A032",13.5,6.935
"A032",14,7.114
"A032",14.5,6.303
"A032",15,6.052
"A032",15.5,6.573
"A032",16,6.217
"A032",16.5,6.137
"A032",17,6.059
"A032",17.5,6.364
"A032",18,6.479
"A032",18.5,6.268
"A032",19,6.157
"A032",19.5,6.541
"A032",20,6.355
"A033",-40,17.22
"A033",-39.5,17.055
"A033",-39,17.589
"A033",-38.5,17.011
"A033",-38,17.071
"A033",-37.5,16.553
"A033",-37,16.907
"A033",-36.5,16.796
"A033",-36,17.278
"A033",-35.5,17.15
"A033",-35,17.364
"A033",-34.5,17.21
"A033",-34,16.901
"A033",-33.5,17.118
"A033",-33,16.988
"A033",-32.5,17.119
"A033",-32,17.539
"A033",-31.5,17.165
"A033",-31,17.152
"A033",-30.5,17.13
"A033",-30,17.221
"A033",-29.5,17.254
"A033",-29,17.123
"A033",-28.5,17.063
"A033",-28,17.092
"A033",-27.5,16.391
"A033",-27,16.933
"A033",-26.5,16.966
"A033",-26,17.215
"A033",-25.5,16.718
"A033",-25,16.985
"A033",-24.5,17.071
"A033",-24,17.248
"A033",-23.5,16.821
"A033",-23,17.193
"A033",-22.5,17.343
"A033",-22,17.327
"A033",-21.5,17.707
"A033",-21,16.929
"A033",-20.5,17.227
"A033",-20,17.054
"A033",-19.5,17.171
"A033",-19,17.093
"A033",-18.5,16.938
"A033",-18,17.512
"A033",-17.5,17.557
"A033",-17,17.346
"A033",-16.5,17.638
"A033",-16,17.266
"A033",-15.5,17.336
"A033",-15,17.993
"A033",-14.5,17.753
"A033",-14,17.401
"A033",-13.5,17.567
"A033",-13,17.348
"A033",-12.5,17.614
"A033",-12,17.131
"A033",-11.5,16.708
"A033",-11,17.007
"A033",-10.5,17.176
"A033",-10,16.581
"A033",-9.5,16.548
"A033",-9,16.034
"A033",-8.5,16.132
"A033",-8,16.013
"A033",-7.5,15.19
"A033",-7,15.085
"A033",-6.5,14.869
"A033",-6,14.767
"A033",-5.5,14.463
"A033",-5,13.934
"A033",-4.5,13.793
"A033",-4,13.701
"A033",-3.5,13.236
"A033",-3,13.169
"A033",-2.5,13.158
"A033",-2,12.545
"A033",-1.5,11.979
"A033",-1,11.947
"A033",-0.5,11.702
"A033",0,11.26
"A033",0.5,10.778
"A033",1,10.566
"A033",1.5,10.541
"A033",2,10.389
"A033",2.5,10.046
"A033",3,9.491
"A033",3.5,9.312
"A033",4,9.382
"A033",4.5,8.756
"A033",5,8.632
"A033",5.5,8.883
"A033",6,8.475
"A033",6.5,8
"A033",7,8.07
"A033",7.5,7.639
"A033",8,7.393
"A033",8.5,7.112
"A033",9,7.011
"A033",9.5,6.978
"A033",10,7.198
"A033",10.5,6.837
"A033",11,6.948
"A033",11.5,6.811
"A033",12,7.033
"A033",12.5,6.026
"A033",13,6.564
"A033",13.5,6.2
"A033",14,5.663
"A033",14.5,6.395
"A033",15,6.022
"A033",15.5,5.707
"A033",16,5.943
"A033",16.5,6.039
"A033",17,6.137
"A033",17.5,5.406
"A033",18,5.563
"A033",18.5,5.548
"A033",19,5.324
"A033",19.5,5.552
"A033",20,5.744
"A034",-40,15.619
"A034",-39.5,15.757
"A034",-39,15.417
"A034",-38.5,15.617
"A034",-38,15.521
"A034",-37.5,15.657
"A034",-37,15.858
"A034",-36.5,16.155
"A034",-36,15.881
"A034",-35.5,15.671
"A034",-35,16.248
"A034",-34.5,15.39
"A034",-34,16.033
"A034",-33.5,15.416
"A034",-33,15.829
"A034",-32.5,15.579
"A034",-32,15.495
"A034",-31.5,16.019
"A034",-31,15.381
"A034",-30.5,15.547
"A034",-30,15.777
"A034",-29.5,15.446
"A034",-29,15.797
"A034",-28.5,15.568
"A034",-28,15.846
"A034",-27.5,15.641
"A034",-27,15.727
"A034",-26.5,15.665
"A034",-26,15.423
"A034",-25.5,15.542
"A034",-25,15.562
"A034",-24.5,15.808
"A034",-24,15.587
"A034",-23.5,15.53
"A034",-23,15.477
"A034",-22.5,15.648
"A034",-22,16.073
"A034",-21.5,16.01
"A034",-21,15.505
"A034",-20.5,15.862
"A034",-20,15.982
"A034",-19.5,16.121
"A034",-19,15.637
"A034",-18.5,15.851
"A034",-18,15.69
"A034",-17.5,16.309
"A034",-17,16.11
"A034",-16.5,15.936
"A034",-16,16.263
"A034",-15.5,16.177
"A034",-15,16.246
"A034",-14.5,16.214
"A034",-14,16.393
"A034",-13.5,15.536
"A034",-13,16.169
"A034",-12.5,16.282
"A034",-12,15.672
"A034",-11.5,15.855
"A034",-11,15.465
"A034",-10.5,15.516
"A034",-10,15.067
"A034",-9.5,14.799
"A034",-9,14.635
"A034",-8.5,14.674
"A034",-8,14.092
"A034",-7.5,14.627
"A034",-7,13.86
"A034",-6.5,13.286
"A034",-6,13.487
"A034",-5.5,12.466
"A034",-5,12.916
"A034",-4.5,12.791
"A034",-4,12.101
"A034",-3.5,11.145
"A034",-3,11.561
"A034",-2.5,10.85
"A034",-2,10.736
"A034",-1.5,10.274
"A034",-1,10.114
"A034",-0.5,10.312
"A034",0,9.622
"A034",0.5,9.44
"A034",1,9.531
"A034",1.5,9.093
"A034",2,8.9
"A034",2.5,8.403
"A034",3,8.157
"A034",3.5,7.922
"A034",4,7.849
"A034",4.5,8.044
"A034",5,7.866
"A034",5.5,7.209
"A034",6,6.698
"A034",6.5,7.21
"A034",7,6.406
"A034",7.5,6.584
"A034",8,6.361
"A034",8.5,5.86
"A034",9,5.824
"A034",9.5,5.916
"A034",10,5.766
"A034",10.5,5.117
"A034",11,5.291
"A034",11.5,5.182
"A034",12,4.992
"A034",12.5,4.584
"A034",13,4.727
"A034",13.5,4.971
"A034",14,5.076
"A034",14.5,4.514
"A034",15,4.525
"A034",15.5,4.992
"A034",16,4.66
"A034",16.5,4.535
"A034",17,4.507
"A034",17.5,4.821
"A034",18,4.147
"A034",18.5,4.202
"A034",19,4.616
"A034",19.5,3.8
"A034",20,4.384
"A035",-40,17.049
"A035",-39.5,17.376
"A035",-39,17.292
"A035",-38.5,17.291
"A035",-38,17.862
"A035",-37.5,17.318
"A035",-37,16.963
"A035",-36.5,17.299
"A035",-36,17.765
"A035",-35.5,17.624
"A035",-35,17.567
"A035",-34.5,17.58
"A035",-34,17.459
"A035",-33.5,17.229
"A035",-33,17.545
"A035",-32.5,17.399
"A035",-32,17.081
"A035",-31.5,17.567
"A035",-31,17.221
"A035",-30.5,17.469
"A035",-30,17.567
"A035",-29.5,17.795
"A035",-29,17.319
"A035",-28.5,17.229
"A035",-28,17.41
"A035",-27.5,17.09
"A035",-27,17.126
"A035",-26.5,17.225
"A035",-26,17.27
"A035",-25.5,17.359
"A035",-25,17.157
"A035",-24.5,16.737
"A035",-24,17.45
"A035",-23.5,17.544
"A035",-23,17.286
"A035",-22.5,17.33
"A035",-22,17.127
"A035",-21.5,17.576
"A035",-21,17.376
"A035",-20.5,17.455
"A035",-20,16.807
"A035",-19.5,17.735
"A035",-19,17.737
"A035",-18.5,17.375
"A035",-18,17.671
"A035",-17.5,17.361
"A035",-17,17.645
"A035",-16.5,17.533
"A035",-16,18.399
"A035",-15.5,18.048
"A035",-15,17.741
"A035",-14.5,17.802
"A035",-14,17.665
"A035",-13.5,17.672
"A035",-13,17.109
"A035",-12.5,17.449
"A035",-12,17.287
"A035",-11.5,16.993
"A035",-11,17.391
"A035",-10.5,16.93
"A035",-10,16.742
"A035",-9.5,16.876
"A035",-9,16.173
"A035",-8.5,15.819
"A035",-8,15.638
"A035",-7.5,15.475
"A035",-7,15.409
"A035",-6.5,15.417
"A035",-6,14.994
"A035",-5.5,14.414
"A035",-5,13.717
"A035",-4.5,14.018
"A035",-4,13.884
"A035",-3.5,13.014
"A035",-3,13.07
"A035",-2.5,12.653
"A035",-2,12.516
"A035",-1.5,11.981
"A035",-1,12.339
"A035",-0.5,11.691
"A035",0,11.39
"A035",0.5,11.241
"A035",1,10.754
"A035",1.5,11.164
"A035",2,10.119
"A035",2.5,10.392
"A035",3,9.74
"A035",3.5,9.657
"A035",4,9.524
"A035",4.5,9.443
"A035",5,8.869
"A035",5.5,8.697
"A035",6,9.03
"A035",6.5,8.608
"A035",7,8.537
"A035",7.5,8.021
"A035",8,7.74
"A035",8.5,7.746
"A035",9,7.627
"A035",9.5,7.38
"A035",10,6.804
"A035",10.5,7.687
"A035",11,7.406
"A035",11.5,6.707
"A035",12,6.876
"A035",12.5,6.375
"A035",13,6.641
"A035",13.5,6.49
"A035",14,6.361
"A035",14.5,6.522
"A035",15,6.087
"A035",15.5,6.355
"A035",16,5.706
"A035",16.5,6.201
"A035",17,6.103
"A035",17.5,5.605
"A035",18,6.179
"A035",18.5,6.368
"A035",19,5.702
"A035",19.5,5.603
"A035",20,6.073
"A036",-40,16.088
"A036",-39.5,15.623
"A036",-39,15.678
"A036",-38.5,16.038
"A036",-38,15.973
"A036",-37.5,16.145
"A036",-37,15.876
"A036",-36.5,15.296
"A036",-36,16.36
"A036",-35.5,15.618
"A036",-35,15.327
"A036",-34.5,16.256
"A036",-34,15.825
"A036",-33.5,16.051
"A036",-33,15.76
"A036",-32.5,15.501
"A036",-32,16.396
"A036",-31.5,15.867
"A036",-31,16.249
"A036",-30.5,15.878
"A036",-30,16.326
"A036",-29.5,16.396
"A036",-29,15.4
"A036",-28.5,15.904
"A036",-28,16.289
"A036",-27.5,16.07
"A036",-27,16.394
"A036",-26.5,15.809
"A036",-26,15.379
"A036",-25.5,16.428
"A036",-25,15.647
"A036",-24.5,15.626
"A036",-24,15.859
"A036",-23.5,16.17
"A036",-23,16.334
"A036",-22.5,15.494
"A036",-22,16.003
"A036",-21.5,15.952
"A036",-21,15.966
"A036",-20.5,15.857
"A036",-20,16.775
"A036",-19.5,16.097
"A036",-19,15.911
"A036",-18.5,16.325
"A036",-18,15.861
"A036",-17.5,16.301
"A036",-17,16.228
"A036",-16.5,16.508
"A036",-16,16.33
"A036",-15.5,16.373
"A036",-15,16.388
"A036",-14.5,16.537
"A036",-14,16.227
"A036",-13.5,16.274
"A036",-13,16.238
"A036",-12.5,16.389
"A036",-12,16.151
"A036",-11.5,15.821
"A036",-11,15.726
"A036",-10.5,15.36
"A036",-10,15.602
"A036",-9.5,15.499
"A036",-9,14.933
"A036",-8.5,14.857
"A036",-8,14.344
"A036",-7.5,14.175
"A036",-7,14.178
"A036",-6.5,13.683
"A036",-6,13.327
"A036",-5.5,12.913
"A036",-5,12.744
"A036",-4.5,12.392
"A036",-4,12.311
"A036",-3.5,12.232
"A036",-3,12.176
"A036",-2.5,11.05
"A036",-2,11.601
"A036",-1.5,10.767
"A036",-1,10.928
"A036",-0.5,10.335
"A036",0,10.209
"A036",0.5,9.87
"A036",1,9.704
"A036",1.5,9.644
"A036",2,9.207
"A036",2.5,8.646
"A036",3,8.343
"A036",3.5,8.34
"A036",4,8.347
"A036",4.5,7.741
"A036",5,7.276
"A036",5.5,7.468
"A036",6,7.116
"A036",6.5,7.272
"A036",7,7.088
"A036",7.5,6.812
"A036",8,6.103
"A036",8.5,6.306
"A036",9,6.165
"A036",9.5,6.176
"A036",10,5.955
"A036",10.5,6.259
"A036",11,5.867
"A036",11.5,5.356
"A036",12,5.564
"A036",12.5,5.228
"A036",13,5.164
"A036",13.5,5.599
"A036",14,5.308
"A036",14.5,4.714
"A036",15,4.77
"A036",15.5,4.579
"A036",16,5.123
"A036",16.5,4.894
"A036",17,4.604
"A036",17.5,4.446
"A036",18,4.525
"A036",18.5,4.398
"A036",19,4.485
"A036",19.5,4.206
"A036",20,3.754
"A037",-40,19.023
"A037",-39.5,18.669
"A037",-39,19.096
"A037",-38.5,18.781
"A037",-38,19.217
"A037",-37.5,19.143
"A037",-37,19.068
"A037",-36.5,19.081
"A037",-36,19.259
"A037",-35.5,19.356
"A037",-35,19.212
"A037",-34.5,18.77
"A037",-34,18.799
"A037",-33.5,19.131
"A037",-33,19.015
"A037",-32.5,19.341
"A037",-32,18.964
"A037",-31.5,18.894
"A037",-31,18.644
"A037",-30.5,18.787
"A037",-30,18.74
"A037",-29.5,19.193
"A037",-29,19.081
"A037",-28.5,18.746
"A037",-28,18.981
"A037",-27.5,19.211
"A037",-27,18.89
"A037",-26.5,19.315
"A037",-26,18.928
"A037",-25.5,18.768
"A037",-25,18.939
"A037",-24.5,18.869
"A037",-24,19.316
"A037",-23.5,19.102
"A037",-23,18.947
"A037",-22.5,18.528
"A037",-22,19.289
"A037",-21.5,19.197
"A037",-21,19.22
"A037",-20.5,19.471
"A037",-20,18.876
"A037",-19.5,19.424
"A037",-19,19.112
"A037",-18.5,19.11
"A037",-18,19.344
"A037",-17.5,19.041
"A037",-17,18.865
"A037",-16.5,19.239
"A037",-16,19.315
"A037",-15.5,19.33
"A037",-15,19.738
"A037",-14.5,19.115
"A037",-14,19.2
"A037",-13.5,19.537
"A037",-13,19.525
"A037",-12.5,19.133
"A037",-12,19.13
"A037",-11.5,19.091
"A037",-11,19.113
"A037",-10.5,18.701
"A037",-10,18.424
"A037",-9.5,18.075
"A037",-9,18.012
"A037",-8.5,18.013
"A037",-8,17.692
"A037",-7.5,17.766
"A037",-7,17.394
"A037",-6.5,16.665
"A037",-6,16.517
"A037",-5.5,16.664
"A037",-5,16.345
"A037",-4.5,16.298
"A037",-4,15.747
"A037",-3.5,15.295
"A037",-3,15.135
"A037",-2.5,14.678
"A037",-2,14.589
"A037",-1.5,14.089
"A037",-1,13.399
"A037",-0.5,13.142
"A037",0,13.159
"A037",0.5,12.816
"A037",1,12.953
"A037",1.5,12.423
"A037",2,12.466
"A037",2.5,11.705
"A037",3,11.79
"A037",3.5,11.117
"A037",4,11.143
"A037",4.5,11.303
"A037",5,11.209
"A037",5.5,10.466
"A037",6,10.123
"A037",6.5,10.097
"A037",7,10.321
"A037",7.5,10.131
"A037",8,9.766
"A037",8.5,9.527
"A037",9,9.49
"A037",9.5,9.156
"A037",10,9.17
"A037",10.5,9.008
"A037",11,8.681
"A037",11.5,8.473
"A037",12,8.25
"A037",12.5,8.603
"A037",13,8.564
"A037",13.5,8.07
"A037",14,7.942
"A037",14.5,8.281
"A037",15,8.102
"A037",15.5,8.287
"A037",16,7.785
"A037",16.5,8.258
"A037",17,7.277
"A037",17.5,7.428
"A037",18,7.423
"A037",18.5,7.816
"A037",19,7.948
"A037",19.5,7.436
"A037",20,7.578
"A038",-40,19.126
"A038",-39.5,19.128
"A038",-39,19.173
"A038",-38.5,19.083
"A038",-38,18.965
"A038",-37.5,19.011
"A038",-37,19.435
"A038",-36.5,19.094
"A038",-36,19.339
"A038",-35.5,19.732
"A038",-35,18.707
"A038",-34.5,19.32
"A038",-34,19.582
"A038",-33.5,19.209
"A038",-33,18.887
"A038",-32.5,19.375
"A038",-32,19.209
"A038",-31.5,19.111
"A038",-31,19.221
"A038",-30.5,18.916
"A038",-30,19.079
"A038",-29.5,19.212
"A038",-29,19.567
"A038",-28.5,19.266
"A038",-28,19.04
"A038",-27.5,19.014
"A038",-27,19.508
"A038",-26.5,18.762
"A038",-26,19.135
"A038",-25.5,18.917
"A038",-25,19.035
"A038",-24.5,19.126
"A038",-24,18.948
"A038",-23.5,19.137
"A038",-23,18.809
"A038",-22.5,19.716
"A038",-22,19.395
"A038",-21.5,19.314
"A038",-21,18.963
"A038",-20.5,19.679
"A038",-20,19.577
"A038",-19.5,19.612
"A038",-19,19.518
"A038",-18.5,19.368
"A038",-18,19.485
"A038",-17.5,19.515
"A038",-17,19.253
"A038",-16.5,19.768
"A038",-16,19.722
"A038",-15.5,19.485
"A038",-15,19.621
"A038",-14.5,19.62
"A038",-14,19.81
"A038",-13.5,19.355
"A038",-13,19.516
"A038",-12.5,19.472
"A038",-12,19.333
"A038",-11.5,19.344
"A038",-11,19.059
"A038",-10.5,18.579
"A038",-10,19.374
"A038",-9.5,19.061
"A038",-9,18.624
"A038",-8.5,18.015
"A038",-8,17.457
"A038",-7.5,17.847
"A038",-7,17.727
"A038",-6.5,17.01
"A038",-6,16.345
"A038",-5.5,16.674
"A038",-5,16.397
"A038",-4.5,15.94
"A038",-4,16.027
"A038",-3.5,15.365
"A038",-3,15.163
"A038",-2.5,14.939
"A038",-2,14.535
"A038",-1.5,14.164
"A038",-1,13.886
"A038",-0.5,13.738
"A038",0,13.603
"A038",0.5,12.51
"A038",1,12.997
"A038",1.5,12.739
"A038",2,12.349
"A038",2.5,11.997
"A038",3,11.822
"A038",3.5,11.427
"A038",4,11.827
"A038",4.5,11.391
"A038",5,10.677
"A038",5.5,10.945
"A038",6,11.16
"A038",6.5,10.439
"A038",7,9.692
"A038",7.5,10.145
"A038",8,9.879
"A038",8.5,9.269
"A038",9,9.764
"A038",9.5,9.414
"A038",10,8.899
"A038",10.5,8.371
"A038",11,9.163
"A038",11.5,8.869
"A038",12,9.145
"A038",12.5,8.784
"A038",13,7.703
"A038",13.5,8.506
"A038",14,8.304
"A038",14.5,8.191
"A038",15,8.206
"A038",15.5,8.288
"A038",16,8.388
"A038",16.5,7.813
"A038",17,8.083
"A038",17.5,7.996
"A038",18,7.997
"A038",18.5,7.778
"A038",19,8.137
"A038",19.5,7.846
"A038",20,7.804
"A039",-40,19.392
"A039",-39.5,19.174
"A039",-39,19.318
"A039",-38.5,19.43
"A039",-38,19.775
"A039",-37.5,19.466
"A039",-37,19.911
"A039",-36.5,19.713
"A039",-36,19.417
"A039",-35.5,19.532
"A039",-35,19.621
"A039",-34.5,19.429
"A039",-34,19.345
"A039",-33.5,19.673
"A039",-33,19.31
"A039",-32.5,19.626
"A039",-32,19.642
"A039",-31.5,19.656
"A039",-31,19.5
"A039",-30.5,19.401
"A039",-30,19.492
"A039",-29.5,19.66
"A039",-29,19.761
"A039",-28.5,19.38
"A039",-28,19.291
"A039",-27.5,19.786
"A039",-27,19.253
"A039",-26.5,19.351
"A039",-26,19.287
"A039",-25.5,19.471
"A039",-25,19.591
"A039",-24.5,19.604
"A039",-24,19.537
"A039",-23.5,19.35
"A039",-23,19.14
"A039",-22.5,19.278
"A039",-22,19.372
"A039",-21.5,19.49
"A039",-21,19.667
"A039",-20.5,19.563
"A039",-20,19.601
"A039",-19.5,19.545
"A039",-19,19.495
"A039",-18.5,19.584
"A039",-18,19.395
"A039",-17.5,19.837
"A039",-17,19.237
"A039",-16.5,19.615
"A039",-16,19.71
"A039",-15.5,19.856
"A039",-15,19.936
"A039",-14.5,19.772
"A039",-14,19.694
"A039",-13.5,19.8
"A039",-13,19.387
"A039",-12.5,19.561
"A039",-12,20.035
"A039",-11.5,19.694
"A039",-11,19.213
"A039",-10.5,18.915
"A039",-10,19.668
"A039",-9.5,18.331
"A039",-9,18.487
"A039",-8.5,18.193
"A039",-8,18.908
"A039",-7.5,17.581
"A039",-7,18.048
"A039",-6.5,17.088
"A039",-6,16.645
"A039",-5.5,16.879
"A039",-5,16.949
"A039",-4.5,16.019
"A039",-4,16.097
"A039",-3.5,15.776
"A039",-3,15.834
"A039",-2.5,15.201
"A039",-2,14.797
"A039",-1.5,14.708
"A039",-1,14.05
"A039",-0.5,13.853
"A039",0,13.783
"A039",0.5,13.293
"A039",1,13.217
"A039",1.5,12.886
"A039",2,12.579
"A039",2.5,12.131
"A039",3,11.976
"A039",3.5,11.605
"A039",4,11.444
"A039",4.5,11.461
"A039",5,11.585
"A039",5.5,11.058
"A039",6,10.612
"A039",6.5,10.695
"A039",7,10.542
"A039",7.5,10.024
"A039",8,10.431
"A039",8.5,9.683
"A039",9,9.848
"A039",9.5,9.446
"A039",10,9.211
"A039",10.5,9.453
"A039",11,9.09
"A039",11.5,9.282
"A039",12,8.92
"A039",12.5,8.696
"A039",13,8.971
"A039",13.5,8.855
"A039",14,8.47
"A039",14.5,8.365
"A039",15,8.4
"A039",15.5,8.435
"A039",16,8.562
"A039",16.5,8.55
"A039",17,8.4
"A039",17.5,8.123
"A039",18,8.065
"A039",18.5,8.288
"A039",19,8.295
"A039",19.5,7.929
"A039",20,8.188
"A040",-40,18.07
"A040",-39.5,18.326
"A040",-39,18.287
"A040",-38.5,18.19
"A040",-38,18.146
"A040",-37.5,18.142
"A040",-37,17.52
"A040",-36.5,18.215
"A040",-36,17.818
"A040",-35.5,18.269
"A040",-35,18.009
"A040",-34.5,18.245
"A040",-34,18.658
"A040",-33.5,18.465
"A040",-33,18.031
"A040",-32.5,18.175
"A040",-32,18.205
"A040",-31.5,17.882
"A040",-31,18.514
"A040",-30.5,18.177
"A040",-30,18.108
"A040",-29.5,17.825
"A040",-29,18.081
"A040",-28.5,18.187
"A040",-28,18.116
"A040",-27.5,18.297
"A040",-27,17.734
"A040",-26.5,18.294
"A040",-26,17.917
"A040",-25.5,18.274
"A040",-25,17.942
"A040",-24.5,18.033
"A040",-24,17.74
"A040",-23.5,18.046
"A040",-23,17.875
"A040",-22.5,17.759
"A040",-22,18.201
"A040",-21.5,18.473
"A040",-21,18.1
"A040",-20.5,18.121
"A040",-20,18.499
"A040",-19.5,17.855
"A040",-19,18
"A040",-18.5,18.242
"A040",-18,18.004
"A040",-17.5,18.221
"A040",-17,18.063
"A040",-16.5,18.609
"A040",-16,18.395
"A040",-15.5,18.332
"A040",-15,18.972
"A040",-14.5,18.769
"A040",-14,18.534
"A040",-13.5,18.245
"A040",-13,18.255
"A040",-12.5,18.076
"A040",-12,18.233
"A040",-11.5,18.064
"A040",-11,18.252
"A040",-10.5,17.655
"A040",-10,17.907
"A040",-9.5,17.031
"A040",-9,17.619
"A040",-8.5,17.086
"A040",-8,17.186
"A040",-7.5,16.49
"A040",-7,16.473
"A040",-6.5,15.88
"A040",-6,15.71
"A040",-5.5,15.925
"A040",-5,14.922
"A040",-4.5,14.51
"A040",-4,14.877
"A040",-3.5,14.104
"A040",-3,14.007
"A040",-2.5,13.733
"A040",-2,13.316
"A040",-1.5,13.195
"A040",-1,12.419
"A040",-0.5,12.773
"A040",0,12.361
"A040",0.5,12.112
"A040",1,11.581
"A040",1.5,11.858
"A040",2,11.764
"A040",2.5,10.631
"A040",3,10.636
"A040",3.5,11.013
"A040",4,10.225
"A040",4.5,9.561
"A040",5,9.67
"A040",5.5,9.236
"A040",6,8.688
"A040",6.5,9.152
"A040",7,8.824
"A040",7.5,8.708
"A040",8,8.694
"A040",8.5,8.023
"A040",9,8.637
"A040",9.5,8.439
"A040",10,8.212
"A040",10.5,8.04
"A040",11,7.888
"A040",11.5,7.731
"A040",12,7.499
"A040",12.5,7.724
"A040",13,6.916
"A040",13.5,7.06
"A040",14,7.55
"A040",14.5,7.295
"A040",15,6.797
"A040",15.5,6.907
"A040",16,7.097
"A040",16.5,7.076
"A040",17,6.801
"A040",17.5,6.58
"A040",18,6.876
"A040",18.5,6.346
"A040",19,6.264
"A040",19.5,6.554
"A040",20,6.903
"A041",-40,18.403
"A041",-39.5,18.114
"A041",-39,18.413
"A041",-38.5,18.295
"A041",-38,17.548
"A041",-37.5,18.43
"A041",-37,18.535
"A041",-36.5,18.363
"A041",-36,18.119
"A041",-35.5,17.821
"A041",-35,18.112
"A041",-34.5,18.296
"A041",-34,17.393
"A041",-33.5,17.888
"A041",-33,18.111
"A041",-32.5,18.266
"A041",-32,17.528
"A041",-31.5,17.774
"A041",-31,18.03
"A041",-30.5,17.555
"A041",-30,18.332
"A041",-29.5,17.89
"A041",-29,17.855
"A041",-28.5,18.104
"A041",-28,18.01
"A041",-27.5,18.01
"A041",-27,18.235
"A041",-26.5,18.055
"A041",-26,18.216
"A041",-25.5,17.94
"A041",-25,17.642
"A041",-24.5,17.938
"A041",-24,18.316
"A041",-23.5,17.702
"A041",-23,18.32
"A041",-22.5,17.909
"A041",-22,17.967
"A041",-21.5,18.277
"A041",-21,18.106
"A041",-20.5,17.856
"A041",-20,18.321
"A041",-19.5,18.031
"A041",-19,18.147
"A041",-18.5,17.703
"A041",-18,18.863
"A041",-17.5,18.829
"A041",-17,18.85
"A041",-16.5,18.688
"A041",-16,18.728
"A041",-15.5,18.522
"A041",-15,19.042
"A041",-14.5,18.538
"A041",-14,18.471
"A041",-13.5,18.45
"A041",-13,18.301
"A041",-12.5,18.088
"A041",-12,18.146
"A041",-11.5,17.684
"A041",-11,18.218
"A041",-10.5,17.818
"A041",-10,17.64
"A041",-9.5,17.781
"A041",-9,16.959
"A041",-8.5,17.078
"A041",-8,16.899
"A041",-7.5,16.629
"A041",-7,16.555
"A041",-6.5,15.685
"A041",-6,15.968
"A041",-5.5,15.198
"A041",-5,15.037
"A041",-4.5,14.79
"A041",-4,14.705
"A041",-3.5,14.267
"A041",-3,13.937
"A041",-2.5,13.52
"A041",-2,13.549
"A041",-1.5,13.399
"A041",-1,12.575
"A041",-0.5,12.703
"A041",0,12.275
"A041",0.5,11.969
"A041",1,11.832
"A041",1.5,11.431
"A041",2,11.538
"A041",2.5,11.159
"A041",3,10.78
"A041",3.5,10.104
"A041",4,10.384
"A041",4.5,10.53
"A041",5,9.997
"A041",5.5,9.109
"A041",6,9.758
"A041",6.5,8.929
"A041",7,9.065
"A041",7.5,8.629
"A041",8,8.816
"A041",8.5,9.011
"A041",9,8.449
"A041",9.5,7.921
"A041",10,8.243
"A041",10.5,7.363
"A041",11,7.518
"A041",11.5,7.873
"A041",12,7.812
"A041",12.5,7.261
"A041",13,7.543
"A041",13.5,7.131
"A041",14,7.126
"A041",14.5,6.975
"A041",15,6.706
"A041",15.5,6.588
"A041",16,6.802
"A041",16.5,7.178
"A041",17,7.194
"A041",17.5,6.379
"A041",18,6.88
"A041",18.5,7.032
"A041",19,7.236
"A041",19.5,6.559
"A041",20,6.726
"A042",-40,18.556
"A042",-39.5,18.505
"A042",-39,18.381
"A042",-38.5,18.611
"A042",-38,18.783
"A042",-37.5,18.239
"A042",-37,18.334
"A042",-36.5,18.096
"A042",-36,18.121
"A042",-35.5,18.406
"A042",-35,18.372
"A042",-34.5,18.578
"A042",-34,18.782
"A042",-33.5,18.159
"A042",-33,18.467
"A042",-32.5,18.61
"A042",-32,18.343
"A042",-31.5,17.931
"A042",-31,18.178
"A042",-30.5,18.559
"A042",-30,18.458
"A042",-29.5,18.202
"A042",-29,18.453
"A042",-28.5,18.66
"A042",-28,18.275
"A042",-27.5,18.297
"A042",-27,18.719
"A042",-26.5,18.396
"A042",-26,18.318
"A042",-25.5,18.421
"A042",-25,18.704
"A042",-24.5,18.286
"A042",-24,18.357
"A042",-23.5,18.06
"A042",-23,18.374
"A042",-22.5,18.758
"A042",-22,18.2
"A042",-21.5,18.615
"A042",-21,18.634
"A042",-20.5,18.079
"A042",-20,18.459
"A042",-19.5,18.397
"A042",-19,18.717
"A042",-18.5,18.109
"A042",-18,18.589
"A042",-17.5,18.882
"A042",-17,18.88
"A042",-16.5,18.608
"A042",-16,18.684
"A042",-15.5,18.755
"A042",-15,19.033
"A042",-14.5,18.658
"A042",-14,18.726
"A042",-13.5,18.234
"A042",-13,18.28
"A042",-12.5,18.904
"A042",-12,18.465
"A042",-11.5,18.116
"A042",-11,18.239
"A042",-10.5,18.242
"A042",-10,17.774
"A042",-9.5,17.763
"A042",-9,17.667
"A042",-8.5,17.496
"A042",-8,16.968
"A042",-7.5,16.933
"A042",-7,16.702
"A042",-6.5,16.743
"A042",-6,15.884
"A042",-5.5,16.109
"A042",-5,15.615
"A042",-4.5,15.471
"A042",-4,14.547
"A042",-3.5,14.41
"A042",-3,14.378
"A042",-2.5,13.888
"A042",-2,13.467
"A042",-1.5,12.98
"A042",-1,13.026
"A042",-0.5,12.775
"A042",0,12.979
"A042",0.5,12.144
"A042",1,11.969
"A042",1.5,11.568
"A042",2,11.401
"A042",2.5,11.258
"A042",3,11.058
"A042",3.5,10.989
"A042",4,10.521
"A042",4.5,10.26
"A042",5,10.239
"A042",5.5,10.306
"A042",6,9.835
"A042",6.5,9.554
"A042",7,9.417
"A042",7.5,9.096
"A042",8,8.574
"A042",8.5,9.013
"A042",9,8.768
"A042",9.5,8.517
"A042",10,8.643
"A042",10.5,7.993
"A042",11,8.404
"A042",11.5,7.977
"A042",12,7.961
"A042",12.5,7.712
"A042",13,7.765
"A042",13.5,7.868
"A042",14,7.666
"A042",14.5,7.563
"A042",15,7.239
"A042",15.5,7.242
"A042",16,7.537
"A042",16.5,7.293
"A042",17,7.28
"A042",17.5,7.173
"A042",18,6.802
"A042",18.5,6.917
"A042",19,7.286
"A042",19.5,7.032
"A042",20,7.067
"A043",-40,17.854
"A043",-39.5,17.504
"A043",-39,17.661
"A043",-38.5,17.688
"A043",-38,17.542
"A043",-37.5,17.9
"A043",-37,17.698
"A043",-36.5,17.657
"A043",-36,17.6
"A043",-35.5,17.822
"A043",-35,17.594
"A043",-34.5,18.047
"A043",-34,17.976
"A043",-33.5,17.586
"A043",-33,18.003
"A043",-32.5,17.606
"A043",-32,17.891
"A043",-31.5,17.153
"A043",-31,17.64
"A043",-30.5,17.429
"A043",-30,17.453
"A043",-29.5,17.541
"A043",-29,17.533
"A043",-28.5,17.341
"A043",-28,17.736
"A043",-27.5,17.507
"A043",-27,17.992
"A043",-26.5,17.208
"A043",-26,17.439
"A043",-25.5,17.89
"A043",-25,17.457
"A043",-24.5,17.296
"A043",-24,17.284
"A043",-23.5,17.496
"A043",-23,17.534
"A043",-22.5,17.905
"A043",-22,17.61
"A043",-21.5,17.946
"A043",-21,17.596
"A043",-20.5,17.89
"A043",-20,18.008
"A043",-19.5,18.012
"A043",-19,17.732
"A043",-18.5,17.996
"A043",-18,17.728
"A043",-17.5,18.346
"A043",-17,18.22
"A043",-16.5,18.079
"A043",-16,18.417
"A043",-15.5,17.996
"A043",-15,18.104
"A043",-14.5,17.744
"A043",-14,18.222
"A043",-13.5,17.942
"A043",-13,17.572
"A043",-12.5,17.722
"A043",-12,17.937
"A043",-11.5,17.629
"A043",-11,17.336
"A043",-10.5,17.005
"A043",-10,17.542
"A043",-9.5,17.126
"A043",-9,17.021
"A043",-8.5,16.695
"A043",-8,16.552
"A043",-7.5,16.469
"A043",-7,15.712
"A043",-6.5,15.81
"A043",-6,15.037
"A043",-5.5,15.201
"A043",-5,14.223
"A043",-4.5,14.401
"A043",-4,13.792
"A043",-3.5,13.848
"A043",-3,13.568
"A043",-2.5,13.713
"A043",-2,13.407
"A043",-1.5,12.645
"A043",-1,11.857
"A043",-0.5,12.183
"A043",0,11.223
"A043",0.5,11.86
"A043",1,11.249
"A043",1.5,11.326
"A043",2,10.843
"A043",2.5,11.033
"A043",3,10.692
"A043",3.5,9.429
"A043",4,9.46
"A043",4.5,9.395
"A043",5,9.398
"A043",5.5,9.468
"A043",6,9.19
"A043",6.5,8.931
"A043",7,8.231
"A043",7.5,8.14
"A043",8,8.55
"A043",8.5,7.85
"A043",9,7.901
"A043",9.5,8.211
"A043",10,7.733
"A043",10.5,7.844
"A043",11,7.514
"A043",11.5,7.517
"A043",12,7.144
"A043",12.5,6.956
"A043",13,7.257
"A043",13.5,7.041
"A043",14,6.965
"A043",14.5,7.401
"A043",15,7.328
"A043",15.5,6.749
"A043",16,6.434
"A043",16.5,6.433
"A043",17,6.415
"A043",17.5,6.436
"A043",18,6.457
"A043",18.5,5.994
"A043",19,6.093
"A043",19.5,6.156
"A043",20,6.066
"A044",-40,17.699
"A044",-39.5,17.886
"A044",-39,18.5
"A044",-38.5,17.979
"A044",-38,17.946
"A044",-37.5,17.954
"A044",-37,18.173
"A044",-36.5,18.156
"A044",-36,17.829
"A044",-35.5,18.086
"A044",-35,18.293
"A044",-34.5,17.837
"A044",-34,18.087
"A044",-33.5,18.069
"A044",-33,17.579
"A044",-32.5,18.183
"A044",-32,18.281
"A044",-31.5,18.352
"A044",-31,17.59
"A044",-30.5,18.228
"A044",-30,17.737
"A044",-29.5,18.162
"A044",-29,17.917
"A044",-28.5,17.495
"A044",-28,17.863
"A044",-27.5,17.973
"A044",-27,17.603
"A044",-26.5,17.689
"A044",-26,18.118
"A044",-25.5,18.105
"A044",-25,18.091
"A044",-24.5,17.728
"A044",-24,18.023
"A044",-23.5,18.203
"A044",-23,17.949
"A044",-22.5,17.711
"A044",-22,18.129
"A044",-21.5,17.898
"A044",-21,17.611
"A044",-20.5,17.826
"A044",-20,18.183
"A044",-19.5,17.839
"A044",-19,18.401
"A044",-18.5,18.185
"A044",-18,18.159
"A044",-17.5,18.161
"A044",-17,17.893
"A044",-16.5,18.362
"A044",-16,18.439
"A044",-15.5,18.664
"A044",-15,18.352
"A044",-14.5,18.46
"A044",-14,18.367
"A044",-13.5,18.142
"A044",-13,18.549
"A044",-12.5,18.258
"A044",-12,18.456
"A044",-11.5,18.108
"A044",-11,17.744
"A044",-10.5,17.6
"A044",-10,17.69
"A044",-9.5,16.877
"A044",-9,16.926
"A044",-8.5,16.741
"A044",-8,16.245
"A044",-7.5,16.412
"A044",-7,16.31
"A044",-6.5,15.909
"A044",-6,15.38
"A044",-5.5,15.416
"A044",-5,14.958
"A044",-4.5,14.825
"A044",-4,14.68
"A044",-3.5,13.87
"A044",-3,13.504
"A044",-2.5,13.456
"A044",-2,13.213
"A044",-1.5,13.102
"A044",-1,12.267
"A044",-0.5,12.392
"A044",0,12.222
"A044",0.5,11.986
"A044",1,11.289
"A044",1.5,11.12
"A044",2,11.08
"A044",2.5,10.515
"A044",3,10.695
"A044",3.5,10.477
"A044",4,9.876
"A044",4.5,10.299
"A044",5,9.355
"A044",5.5,9.482
"A044",6,9.1
"A044",6.5,8.862
"A044",7,8.342
"A044",7.5,8.512
"A044",8,8.26
"A044",8.5,8.527
"A044",9,8.065
"A044",9.5,8.261
"A044",10,7.704
"A044",10.5,7.199
"A044",11,7.425
"A044",11.5,7.566
"A044",12,7.419
"A044",12.5,7.444
"A044",13,7.452
"A044",13.5,7.008
"A044",14,6.742
"A044",14.5,6.936
"A044",15,7.217
"A044",15.5,6.756
"A044",16,7.059
"A044",16.5,6.61
"A044",17,6.559
"A044",17.5,6.648
"A044",18,6.67
"A044",18.5,6.481
"A044",19,6.436
"A044",19.5,6.592
"A044",20,6.085
"A045",-40,19.458
"A045",-39.5,19.714
"A045",-39,19.749
"A045",-38.5,19.653
"A045",-38,20.18
"A045",-37.5,19.631
"A045",-37,19.914
"A045",-36.5,20.012
"A045",-36,19.401
"A045",-35.5,19.47
"A045",-35,19.955
"A045",-34.5,19.59
"A045",-34,19.901
"A045",-33.5,19.182
"A045",-33,20.187
"A045",-32.5,19.209
"A045",-32,19.27
"A045",-31.5,19.178
"A045",-31,19.759
"A045",-30.5,19.895
"A045",-30,19.974
"A045",-29.5,19.268
"A045",-29,20.091
"A045",-28.5,19.647
"A045",-28,19.567
"A045",-27.5,19.73
"A045",-27,19.632
"A045",-26.5,19.54
"A045",-26,19.474
"A045",-25.5,20.028
"A045",-25,19.964
"A045",-24.5,19.689
"A045",-24,18.968
"A045",-23.5,19.323
"A045",-23,19.75
"A045",-22.5,19.091
"A045",-22,19.607
"A045",-21.5,19.977
"A045",-21,19.69
"A045",-20.5,19.526
"A045",-20,19.892
"A045",-19.5,19.728
"A045",-19,19.809
"A045",-18.5,20.148
"A045",-18,19.623
"A045",-17.5,20.209
"A045",-17,19.742
"A045",-16.5,19.801
"A045",-16,19.364
"A045",-15.5,20.34
"A045",-15,20.197
"A045",-14.5,20.171
"A045",-14,19.662
"A045",-13.5,20.248
"A045",-13,19.933
"A045",-12.5,20.063
"A045",-12,19.582
"A045",-11.5,19.635
"A045",-11,18.901
"A045",-10.5,19.295
"A045",-10,19.02
"A045",-9.5,18.857
"A045",-9,19.092
"A045",-8.5,18.674
"A045",-8,18.564
"A045",-7.5,18.213
"A045",-7,18.14
"A045",-6.5,17.341
"A045",-6,17.315
"A045",-5.5,16.83
"A045",-5,16.879
"A045",-4.5,16.388
"A045",-4,15.832
"A045",-3.5,15.717
"A045",-3,15.347
"A045",-2.5,15.011
"A045",-2,14.749
"A045",-1.5,14.514
"A045",-1,14.392
"A045",-0.5,14.377
"A045",0,14.111
"A045",0.5,13.111
"A045",1,13.246
"A045",1.5,13.566
"A045",2,12.68
"A045",2.5,12.823
"A045",3,12.387
"A045",3.5,12.092
"A045",4,11.794
"A045",4.5,11.246
"A045",5,11.249
"A045",5.5,10.971
"A045",6,11.451
"A045",6.5,10.727
"A045",7,10.478
"A045",7.5,9.752
"A045",8,10.115
"A045",8.5,10.174
"A045",9,10.039
"A045",9.5,9.817
"A045",10,9.932
"A045",10.5,9.686
"A045",11,9.628
"A045",11.5,9.47
"A045",12,9.52
"A045",12.5,8.666
"A045",13,8.395
"A045",13.5,9.571
"A045",14,8.648
"A045",14.5,8.403
"A045",15,8.708
"A045",15.5,8.58
"A045",16,8.369
"A045",16.5,8.05
"A045",17,8.361
"A045",17.5,8.285
"A045",18,7.842
"A045",18.5,8.089
"A045",19,8.109
"A045",19.5,7.489
"A045",20,8.184
"A046",-40,18.131
"A046",-39.5,18.497
"A046",-39,19.011
"A046",-38.5,18.711
"A046",-38,18.539
"A046",-37.5,18.173
"A046",-37,19.087
"A046",-36.5,18.645
"A046",-36,18.969
"A046",-35.5,18.955
"A046",-35,18.197
"A046",-34.5,18.076
"A046",-34,18.496
"A046",-33.5,17.973
"A046",-33,18.116
"A046",-32.5,18.254
"A046",-32,17.94
"A046",-31.5,17.886
"A046",-31,18.476
"A046",-30.5,18.113
"A046",-30,18.128
"A046",-29.5,18.575
"A046",-29,18.481
"A046",-28.5,18.712
"A046",-28,18.516
"A046",-27.5,17.902
"A046",-27,18.489
"A046",-26.5,17.657
"A046",-26,18.353
"A046",-25.5,18.549
"A046",-25,18.054
"A046",-24.5,18.04
"A046",-24,18.32
"A046",-23.5,18.276
"A046",-23,18.348
"A046",-22.5,18.429
"A046",-22,18.078
"A046",-21.5,19.119
"A046",-21,18.854
"A046",-20.5,18.661
"A046",-20,18.424
"A046",-19.5,18.479
"A046",-19,18.925
"A046",-18.5,18.352
"A046",-18,18.247
"A046",-17.5,18.401
"A046",-17,18.42
"A046",-16.5,18.895
"A046",-16,18.795
"A046",-15.5,18.75
"A046",-15,18.936
"A046",-14.5,18.655
"A046",-14,18.734
"A046",-13.5,18.819
"A046",-13,19.096
"A046",-12.5,18.645
"A046",-12,18.297
"A046",-11.5,18.242
"A046",-11,18.594
"A046",-10.5,17.897
"A046",-10,17.693
"A046",-9.5,17.529
"A046",-9,17.396
"A046",-8.5,17.346
"A046",-8,16.859
"A046",-7.5,16.671
"A046",-7,16.221
"A046",-6.5,16.027
"A046",-6,16.142
"A046",-5.5,16.005
"A046",-5,15.511
"A046",-4.5,14.94
"A046",-4,14.902
"A046",-3.5,14.321
"A046",-3,14.395
"A046",-2.5,14.153
"A046",-2,13.612
"A046",-1.5,13.565
"A046",-1,13.274
"A046",-0.5,12.585
"A046",0,12.616
"A046",0.5,13.015
"A046",1,11.614
"A046",1.5,12.147
"A046",2,11.489
"A046",2.5,11.18
"A046",3,10.994
"A046",3.5,10.477
"A046",4,10.922
"A046",4.5,10.662
"A046",5,10.03
"A046",5.5,10.208
"A046",6,9.831
"A046",6.5,9.136
"A046",7,8.959
"A046",7.5,8.842
"A046",8,9.323
"A046",8.5,8.329
"A046",9,8.697
"A046",9.5,8.769
"A046",10,8.32
"A046",10.5,8.076
"A046",11,7.958
"A046",11.5,8.03
"A046",12,7.739
"A046",12.5,7.591
"A046",13,7.867
"A046",13.5,7.667
"A046",14,7.38
"A046",14.5,7.422
"A046",15,7.332
"A046",15.5,7.363
"A046",16,7.326
"A046",16.5,7.119
"A046",17,7.485
"A046",17.5,6.576
"A046",18,7.044
"A046",18.5,6.669
"A046",19,6.872
"A046",19.5,6.905
"A046",20,6.698
"A047",-40,15.933
"A047",-39.5,15.94
"A047",-39,15.653
"A047",-38.5,15.7
"A047",-38,16.007
"A047",-37.5,16.801
"A047",-37,15.908
"A047",-36.5,15.949
"A047",-36,15.944
"A047",-35.5,15.593
"A047",-35,16.119
"A047",-34.5,16.192
"A047",-34,15.522
"A047",-33.5,16.039
"A047",-33,15.869
"A047",-32.5,16.275
"A047",-32,16.035
"A047",-31.5,15.99
"A047",-31,15.665
"A047",-30.5,15.994
"A047",-30,15.693
"A047",-29.5,16.061
"A047",-29,16.022
"A047",-28.5,16.182
"A047",-28,15.971
"A047",-27.5,15.681
"A047",-27,15.819
"A047",-26.5,15.938
"A047",-26,15.884
"A047",-25.5,16.288
"A047",-25,15.67
"A047",-24.5,15.606
"A047",-24,15.701
"A047",-23.5,15.878
"A047",-23,16.005
"A047",-22.5,15.667
"A047",-22,15.957
"A047",-21.5,15.891
"A047",-21,16.152
"A047",-20.5,15.67
"A047",-20,15.983
"A047",-19.5,16.417
"A047",-19,16.114
"A047",-18.5,16.411
"A047",-18,16.046
"A047",-17.5,16.277
"A047",-17,15.959
"A047",-16.5,15.98
"A047",-16,16.179
"A047",-15.5,16.564
"A047",-15,15.903
"A047",-14.5,16.448
"A047",-14,16.4
"A047",-13.5,16.617
"A047",-13,16.407
"A047",-12.5,15.934
"A047",-12,15.977
"A047",-11.5,16.105
"A047",-11,15.675
"A047",-10.5,15.596
"A047",-10,15.194
"A047",-9.5,15.525
"A047",-9,15.381
"A047",-8.5,15.194
"A047",-8,14.785
"A047",-7.5,14.05
"A047",-7,14.058
"A047",-6.5,14.317
"A047",-6,13.64
"A047",-5.5,13.535
"A047",-5,13.038
"A047",-4.5,13.41
"A047",-4,12.843
"A047",-3.5,11.58
"A047",-3,11.775
"A047",-2.5,11.601
"A047",-2,11.529
"A047",-1.5,10.986
"A047",-1,10.588
"A047",-0.5,10.281
"A047",0,10.27
"A047",0.5,9.605
"A047",1,9.584
"A047",1.5,9.195
"A047",2,9.166
"A047",2.5,9.305
"A047",3,8.264
"A047",3.5,8.616
"A047",4,8.2
"A047",4.5,7.978
"A047",5,7.578
"A047",5.5,7.491
"A047",6,7.422
"A047",6.5,6.717
"A047",7,7.234
"A047",7.5,6.801
"A047",8,6.475
"A047",8.5,6.305
"A047",9,6.233
"A047",9.5,6.184
"A047",10,6.23
"A047",10.5,5.751
"A047",11,5.484
"A047",11.5,5.839
"A047",12,4.942
"A047",12.5,5.162
"A047",13,4.632
"A047",13.5,5.54
"A047",14,5.687
"A047",14.5,5.191
"A047",15,4.591
"A047",15.5,4.741
"A047",16,5.134
"A047",16.5,5.005
"A047",17,4.59
"A047",17.5,4.272
"A047",18,4.207
"A047",18.5,4.487
"A047",19,4.905
"A047",19.5,4.148
"A047",20,4.926
"A048",-40,21.705
"A048",-39.5,21.333
"A048",-39,21.327
"A048",-38.5,21.957
"A048",-38,21.268
"A048",-37.5,21.435
"A048",-37,21.45
"A048",-36.5,21.912
"A048",-36,21.892
"A048",-35.5,21.78
"A048",-35,21.284
"A048",-34.5,21.682
"A048",-34,21.392
"A048",-33.5,21.661
"A048",-33,21.76
"A048",-32.5,21.885
"A048",-32,21.591
"A048",-31.5,21.883
"A048",-31,21.108
"A048",-30.5,21.301
"A048",-30,21.589
"A048",-29.5,21.101
"A048",-29,21.127
"A048",-28.5,21.499
"A048",-28,21.559
"A048",-27.5,21.519
"A048",-27,20.842
"A048",-26.5,21.163
"A048",-26,21.293
"A048",-25.5,21.384
"A048",-25,21.325
"A048",-24.5,21.801
"A048",-24,21.637
"A048",-23.5,21.5
"A048",-23,21.365
"A048",-22.5,21.31
"A048",-22,21.467
"A048",-21.5,21.31
"A048",-21,21.895
"A048",-20.5,21.861
"A048",-20,21.754
"A048",-19.5,21.718
"A048",-19,21.172
"A048",-18.5,22.188
"A048",-18,21.765
"A048",-17.5,22.306
"A048",-17,21.805
"A048",-16.5,22.314
"A048",-16,21.979
"A048",-15.5,22.119
"A048",-15,22.02
"A048",-14.5,21.89
"A048",-14,21.897
"A048",-13.5,22.109
"A048",-13,21.776
"A048",-12.5,21.542
"A048",-12,22.137
"A048",-11.5,21.625
"A048",-11,21.801
"A048",-10.5,21.641
"A048",-10,21.262
"A048",-9.5,20.892
"A048",-9,20.641
"A048",-8.5,20.495
"A048",-8,20.599
"A048",-7.5,19.82
"A048",-7,19.569
"A048",-6.5,19.314
"A048",-6,19.585
"A048",-5.5,18.963
"A048",-5,18.219
"A048",-4.5,18.598
"A048",-4,17.713
"A048",-3.5,17.829
"A048",-3,17.247
"A048",-2.5,17.321
"A048",-2,16.956
"A048",-1.5,16.032
"A048",-1,16.777
"A048",-0.5,15.906
"A048",0,15.773
"A048",0.5,15.55
"A048",1,15.101
"A048",1.5,14.971
"A048",2,14.898
"A048",2.5,14.737
"A048",3,14.393
"A048",3.5,13.994
"A048",4,13.705
"A048",4.5,13.095
"A048",5,13.422
"A048",5.5,13.012
"A048",6,13.16
"A048",6.5,12.845
"A048",7,12.152
"A048",7.5,12.566
"A048",8,11.94
"A048",8.5,11.607
"A048",9,11.781
"A048",9.5,11.931
"A048",10,11.668
"A048",10.5,11.705
"A048",11,11.656
"A048",11.5,11.329
"A048",12,11
"A048",12.5,10.982
"A048",13,11.064
"A048",13.5,10.507
"A048",14,10.707
"A048",14.5,10.524
"A048",15,10.585
"A048",15.5,10.581
"A048",16,10.276
"A048",16.5,10.007
"A048",17,10.44
"A048",17.5,10.594
"A048",18,10.094
"A048",18.5,10.151
"A048",19,9.937
"A048",19.5,10.431
"A048",20,9.993
"A049",-40,16.997
"A049",-39.5,16.687
"A049",-39,16.921
"A049",-38.5,17.032
"A049",-38,16.815
"A049",-37.5,17.365
"A049",-37,16.807
"A049",-36.5,17.203
"A049",-36,16.388
"A049",-35.5,16.529
"A049",-35,16.677
"A049",-34.5,17.02
"A049",-34,16.593
"A049",-33.5,16.658
"A049",-33,17.02
"A049",-32.5,16.728
"A049",-32,16.663
"A049",-31.5,17.024
"A049",-31,16.655
"A049",-30.5,16.593
"A049",-30,16.85
"A049",-29.5,16.129
"A049",-29,16.573
"A049",-28.5,16.728
"A049",-28,16.665
"A049",-27.5,17.008
"A049",-27,16.441
"A049",-26.5,16.347
"A049",-26,17.085
"A049",-25.5,16.681
"A049",-25,16.2
"A049",-24.5,16.438
"A049",-24,16.99
"A049",-23.5,16.772
"A049",-23,16.982
"A049",-22.5,16.992
"A049",-22,16.858
"A049",-21.5,16.654
"A049",-21,16.839
"A049",-20.5,16.883
"A049",-20,16.84
"A049",-19.5,17.158
"A049",-19,16.853
"A049",-18.5,16.694
"A049",-18,16.876
"A049",-17.5,17.008
"A049",-17,17.314
"A049",-16.5,17.09
"A049",-16,17.311
"A049",-15.5,17.313
"A049",-15,17.27
"A049",-14.5,17.112
"A049",-14,17.317
"A049",-13.5,17.346
"A049",-13,17.057
"A049",-12.5,17.094
"A049",-12,16.744
"A049",-11.5,16.742
"A049",-11,16.69
"A049",-10.5,16.564
"A049",-10,16.224
"A049",-9.5,16.683
"A049",-9,16.091
"A049",-8.5,15.868
"A049",-8,15.863
"A049",-7.5,15.452
"A049",-7,14.87
"A049",-6.5,14.514
"A049",-6,14.303
"A049",-5.5,13.976
"A049",-5,13.794
"A049",-4.5,13.581
"A049",-4,13.693
"A049",-3.5,12.915
"A049",-3,12.414
"A049",-2.5,12.374
"A049",-2,12.125
"A049",-1.5,11.271
"A049",-1,11.69
"A049",-0.5,11.013
"A049",0,11.583
"A049",0.5,10.864
"A049",1,10.596
"A049",1.5,10.257
"A049",2,10.201
"A049",2.5,9.773
"A049",3,9.1
"A049",3.5,8.724
"A049",4,8.608
"A049",4.5,8.981
"A049",5,8.17
"A049",5.5,8.338
"A049",6,8.441
"A049",6.5,7.835
"A049",7,7.741
"A049",7.5,8.048
"A049",8,7.479
"A049",8.5,7.5
"A049",9,6.701
"A049",9.5,6.76
"A049",10,6.719
"A049",10.5,6.945
"A049",11,6.55
"A049",11.5,6.69
"A049",12,6.593
"A049",12.5,6.032
"A049",13,6.362
"A049",13.5,5.583
"A049",14,5.945
"A049",14.5,5.967
"A049",15,6.343
"A049",15.5,6.328
"A049",16,5.429
"A049",16.5,5.781
"A049",17,5.443
"A049",17.5,5.561
"A049",18,5.651
"A049",18.5,5.573
"A049",19,5.447
"A049",19.5,5.322
"A049",20,5.016
"A050",-40,17.461
"A050",-39.5,17.941
"A050",-39,17.981
"A050",-38.5,17.344
"A050",-38,18.003
"A050",-37.5,18.011
"A050",-37,17.325
"A050",-36.5,17.478
"A050",-36,17.807
"A050",-35.5,17.981
"A050",-35,17.627
"A050",-34.5,17.799
"A050",-34,17.527
"A050",-33.5,17.563
"A050",-33,17.721
"A050",-32.5,17.304
"A050",-32,17.797
"A050",-31.5,17.714
"A050",-31,17.848
"A050",-30.5,17.853
"A050",-30,17.929
"A050",-29.5,17.421
"A050",-29,18.04
"A050",-28.5,17.291
"A050",-28,17.179
"A050",-27.5,17.589
"A050",-27,17.851
"A050",-26.5,17.705
"A050",-26,17.569
"A050",-25.5,17.138
"A050",-25,17.98
"A050",-24.5,17.486
"A050",-24,17.787
"A050",-23.5,17.617
"A050",-23,17.691
"A050",-22.5,18.049
"A050",-22,17.78
"A050",-21.5,17.147
"A050",-21,17.986
"A050",-20.5,17.951
"A050",-20,17.559
"A050",-19.5,17.65
"A050",-19,18.007
"A050",-18.5,17.94
"A050",-18,17.764
"A050",-17.5,18.131
"A050",-17,18.182
"A050",-16.5,17.952
"A050",-16,18.434
"A050",-15.5,17.552
"A050",-15,17.947
"A050",-14.5,18.218
"A050",-14,17.841
"A050",-13.5,18.071
"A050",-13,17.852
"A050",-12.5,17.859
"A050",-12,17.651
"A050",-11.5,17.391
"A050",-11,17.65
"A050",-10.5,16.882
"A050",-10,17.068
"A050",-9.5,17.141
"A050",-9,16.904
"A050",-8.5,16.426
"A050",-8,16.813
"A050",-7.5,16.057
"A050",-7,15.859
"A050",-6.5,15.789
"A050",-6,15.412
"A050",-5.5,15.161
"A050",-5,14.659
"A050",-4.5,14.599
"A050",-4,14.257
"A050",-3.5,13.937
"A050",-3,13.736
"A050",-2.5,13.204
"A050",-2,12.834
"A050",-1.5,12.452
"A050",-1,12.334
"A050",-0.5,12.387
"A050",0,11.846
"A050",0.5,11.745
"A050",1,11.17
"A050",1.5,10.748
"A050",2,11.056
"A050",2.5,10.385
"A050",3,10.835
"A050",3.5,10.212
"A050",4,9.943
"A050",4.5,10.011
"A050",5,9.444
"A050",5.5,8.945
"A050",6,9.14
"A050",6.5,8.592
"A050",7,8.74
"A050",7.5,8.549
"A050",8,8.366
"A050",8.5,8.073
"A050",9,7.762
"A050",9.5,7.908
"A050",10,8.034
"A050",10.5,7.56
"A050",11,7.345
"A050",11.5,7.39
"A050",12,7.572
"A050",12.5,7.311
"A050",13,7.13
"A050",13.5,6.87
"A050",14,6.958
"A050",14.5,6.481
"A050",15,7.165
"A050",15.5,6.562
"A050",16,6.505
"A050",16.5,6.845
"A050",17,6.138
"A050",17.5,6.868
"A050",18,6.405
"A050",18.5,6.398
"A050",19,6.282
"A050",19.5,6.107
"A050",20,6.172
"A051",-40,17.959
"A051",-39.5,18.035
"A051",-39,17.663
"A051",-38.5,17.894
"A051",-38,17.727
"A051",-37.5,17.972
"A051",-37,18.178
"A051",-36.5,17.915
"A051",-36,17.928
"A051",-35.5,17.997
"A051",-35,17.79
"A051",-34.5,17.993
"A051",-34,17.61
"A051",-33.5,17.848
"A051",-33,17.973
"A051",-32.5,18.049
"A051",-32,18.192
"A051",-31.5,17.344
"A051",-31,17.546
"A051",-30.5,18.104
"A051",-30,17.392
"A051",-29.5,18.41
"A051",-29,17.946
"A051",-28.5,17.897
"A051",-28,17.226
"A051",-27.5,18.073
"A051",-27,18.212
"A051",-26.5,18.128
"A051",-26,17.92
"A051",-25.5,17.63
"A051",-25,17.858
"A051",-24.5,17.815
"A051",-24,18.061
"A051",-23.5,17.81
"A051",-23,17.376
"A051",-22.5,17.985
"A051",-22,17.73
"A051",-21.5,18.125
"A051",-21,17.944
"A051",-20.5,17.845
"A051",-20,18.147
"A051",-19.5,17.833
"A051",-19,17.732
"A051",-18.5,18.14
"A051",-18,18.283
"A051",-17.5,17.99
"A051",-17,18.451
"A051",-16.5,18.012
"A051",-16,18.214
"A051",-15.5,18.142
"A051",-15,18.251
"A051",-14.5,18.554
"A051",-14,18.164
"A051",-13.5,18.449
"A051",-13,18.063
"A051",-12.5,18.332
"A051",-12,17.962
"A051",-11.5,18.263
"A051",-11,17.63
"A051",-10.5,17.282
"A051",-10,17.191
"A051",-9.5,17.54
"A051",-9,17.112
"A051",-8.5,16.465
"A051",-8,16.254
"A051",-7.5,16.168
"A051",-7,16.347
"A051",-6.5,15.63
"A051",-6,15.588
"A051",-5.5,15.329
"A051",-5,14.569
"A051",-4.5,14.978
"A051",-4,14.223
"A051",-3.5,14.028
"A051",-3,13.454
"A051",-2.5,13.734
"A051",-2,12.76
"A051",-1.5,13.223
"A051",-1,12.478
"A051",-0.5,12.375
"A051",0,11.869
"A051",0.5,11.796
"A051",1,11.825
"A051",1.5,11.336
"A051",2,10.801
"A051",2.5,11.017
"A051",3,10.186
"A051",3.5,10.204
"A051",4,9.917
"A051",4.5,9.514
"A051",5,9.558
"A051",5.5,9.208
"A051",6,9.412
"A051",6.5,8.716
"A051",7,8.668
"A051",7.5,8.15
"A051",8,8.212
"A051",8.5,8
"A051",9,7.971
"A051",9.5,7.868
"A051",10,7.771
"A051",10.5,7.711
"A051",11,7.498
"A051",11.5,7.282
"A051",12,6.873
"A051",12.5,7.145
"A051",13,6.961
"A051",13.5,6.918
"A051",14,7.087
"A051",14.5,6.555
"A051",15,6.414
"A051",15.5,6.542
"A051",16,6.608
"A051",16.5,6.789
"A051",17,6.364
"A051",17.5,6.604
"A051",18,6.711
"A051",18.5,6.628
"A051",19,6.502
"A051",19.5,6.221
"A051",20,6.456
"A052",-40,17.557
"A052",-39.5,17.097
"A052",-39,17.294
"A052",-38.5,17.041
"A052",-38,16.843
"A052",-37.5,17.504
"A052",-37,17.331
"A052",-36.5,17.832
"A052",-36,17.337
"A052",-35.5,17.37
"A052",-35,17.304
"A052",-34.5,16.954
"A052",-34,16.987
"A052",-33.5,17.371
"A052",-33,17.598
"A052",-32.5,16.52
"A052",-32,17.193
"A052",-31.5,17.142
"A052",-31,17.456
"A052",-30.5,17.242
"A052",-30,17.168
"A052",-29.5,16.925
"A052",-29,17.003
"A052",-28.5,17.365
"A052",-28,16.608
"A052",-27.5,17.179
"A052",-27,17.257
"A052",-26.5,17.113
"A052",-26,17.054
"A052",-25.5,17.346
"A052",-25,17.353
"A052",-24.5,17.387
"A052",-24,17.228
"A052",-23.5,17.425
"A052",-23,16.736
"A052",-22.5,17.119
"A052",-22,16.732
"A052",-21.5,17.288
"A052",-21,17.207
"A052",-20.5,17.268
"A052",-20,17.397
"A052",-19.5,17.008
"A052",-19,17.144
"A052",-18.5,17.808
"A052",-18,17.211
"A052",-17.5,17.511
"A052",-17,17.405
"A052",-16.5,17.969
"A052",-16,16.855
"A052",-15.5,17.641
"A052",-15,17.706
"A052",-14.5,17.273
"A052",-14,17.601
"A052",-13.5,17.751
"A052",-13,17.612
"A052",-12.5,17.481
"A052",-12,17.354
"A052",-11.5,17.285
"A052",-11,16.743
"A052",-10.5,16.686
"A052",-10,16.962
"A052",-9.5,16.272
"A052",-9,16.5
"A052",-8.5,16.309
"A052",-8,16.295
"A052",-7.5,15.561
"A052",-7,15.22
"A052",-6.5,15.074
"A052",-6,14.819
"A052",-5.5,14.862
"A052",-5,14.406
"A052",-4.5,13.932
"A052",-4,13.73
"A052",-3.5,13.383
"A052",-3,13.132
"A052",-2.5,12.472
"A052",-2,12.445
"A052",-1.5,11.952
"A052",-1,11.688
"A052",-0.5,11.701
"A052",0,11.104
"A052",0.5,11.273
"A052",1,10.866
"A052",1.5,10.369
"A052",2,10.832
"A052",2.5,9.855
"A052",3,9.842
"A052",3.5,9.258
"A052",4,9.356
"A052",4.5,8.997
"A052",5,9.224
"A052",5.5,8.741
"A052",6,8.587
"A052",6.5,8.373
"A052",7,8.014
"A052",7.5,7.797
"A052",8,8.27
"A052",8.5,7.781
"A052",9,7.449
"A052",9.5,7.446
"A052",10,7.188
"A052",10.5,7.238
"A052",11,7.012
"A052",11.5,7.241
"A052",12,6.6
"A052",12.5,6.997
"A052",13,6.589
"A052",13.5,6.062
"A052",14,6.18
"A052",14.5,5.855
"A052",15,6.368
"A052",15.5,6.14
"A052",16,5.815
"A052",16.5,6.034
"A052",17,5.828
"A052",17.5,5.652
"A052",18,6.065
"A052",18.5,6.253
"A052",19,5.108
"A052",19.5,5.477
"A052",20,5.847
"A053",-40,16.956
"A053",-39.5,16.648
"A053",-39,17.13
"A053",-38.5,16.726
"A053",-38,16.859
"A053",-37.5,16.76
"A053",-37,16.641
"A053",-36.5,17.166
"A053",-36,16.899
"A053",-35.5,16.817
"A053",-35,16.304
"A053",-34.5,17.129
"A053",-34,16.946
"A053",-33.5,16.869
"A053",-33,16.457
"A053",-32.5,16.859
"A053",-32,16.525
"A053",-31.5,16.473
"A053",-31,16.642
"A053",-30.5,16.861
"A053",-30,16.688
"A053",-29.5,16.946
"A053",-29,16.614
"A053",-28.5,16.561
"A053",-28,16.426
"A053",-27.5,16.507
"A053",-27,16.607
"A053",-26.5,17.46
"A053",-26,16.61
"A053",-25.5,16.244
"A053",-25,16.47
"A053",-24.5,16.863
"A053",-24,16.708
"A053",-23.5,17.22
"A053",-23,16.34
"A053",-22.5,16.326
"A053",-22,16.994
"A053",-21.5,16.36
"A053",-21,16.649
"A053",-20.5,16.567
"A053",-20,16.763
"A053",-19.5,16.968
"A053",-19,16.452
"A053",-18.5,17.024
"A053",-18,16.971
"A053",-17.5,16.438
"A053",-17,16.756
"A053",-16.5,16.866
"A053",-16,16.809
"A053",-15.5,17.031
"A053",-15,16.872
"A053",-14.5,16.707
"A053",-14,17.32
"A053",-13.5,17.216
"A053",-13,17.487
"A053",-12.5,16.688
"A053",-12,16.772
"A053",-11.5,16.296
"A053",-11,15.99
"A053",-10.5,16.114
"A053",-10,15.596
"A053",-9.5,16.068
"A053",-9,15.661
"A053",-8.5,15.63
"A053",-8,15.426
"A053",-7.5,14.832
"A053",-7,14.923
"A053",-6.5,14.607
"A053",-6,14.02
"A053",-5.5,14.23
"A053",-5,13.792
"A053",-4.5,13.606
"A053",-4,13.124
"A053",-3.5,12.78
"A053",-3,12.464
"A053",-2.5,12.345
"A053",-2,11.77
"A053",-1.5,11.58
"A053",-1,11.36
"A053",-0.5,10.768
"A053",0,10.734
"A053",0.5,10.67
"A053",1,10.427
"A053",1.5,10.708
"A053",2,10.169
"A053",2.5,9.135
"A053",3,8.966
"A053",3.5,9.124
"A053",4,9.085
"A053",4.5,9.027
"A053",5,8.395
"A053",5.5,7.963
"A053",6,7.747
"A053",6.5,7.984
"A053",7,8.156
"A053",7.5,7.153
"A053",8,7.082
"A053",8.5,6.917
"A053",9,7.108
"A053",9.5,6.61
"A053",10,6.801
"A053",10.5,6.865
"A053",11,6.408
"A053",11.5,6.634
"A053",12,5.91
"A053",12.5,5.871
"A053",13,6.188
"A053",13.5,6.227
"A053",14,5.549
"A053",14.5,5.711
"A053",15,5.116
"A053",15.5,5.7
"A053",16,5.545
"A053",16.5,5.828
"A053",17,5.627
"A053",17.5,5.019
"A053",18,5.184
"A053",18.5,5.828
"A053",19,5.294
"A053",19.5,5.28
"A053",20,5.068
"A054",-40,17.01
"A054",-39.5,16.974
"A054",-39,17.192
"A054",-38.5,17.207
"A054",-38,17.379
"A054",-37.5,17.453
"A054",-37,17.222
"A054",-36.5,17.039
"A054",-36,16.699
"A054",-35.5,16.923
"A054",-35,17.15
"A054",-34.5,17.228
"A054",-34,17.168
"A054",-33.5,17.242
"A054",-33,16.67
"A054",-32.5,17.295
"A054",-32,17.331
"A054",-31.5,17.609
"A054",-31,17.592
"A054",-30.5,17.48
"A054",-30,17.135
"A054",-29.5,17.334
"A054",-29,17.248
"A054",-28.5,17.33
"A054",-28,17.41
"A054",-27.5,16.954
"A054",-27,17.052
"A054",-26.5,17.011
"A054",-26,17.636
"A054",-25.5,17.221
"A054",-25,17.296
"A054",-24.5,17.085
"A054",-24,16.748
"A054",-23.5,17.063
"A054",-23,16.804
"A054",-22.5,17.165
"A054",-22,17.438
"A054",-21.5,17.242
"A054",-21,17.587
"A054",-20.5,17.427
"A054",-20,17.497
"A054",-19.5,17.046
"A054",-19,17.52
"A054",-18.5,17.576
"A054",-18,17.017
"A054",-17.5,17.258
"A054",-17,17.392
"A054",-16.5,17.494
"A054",-16,17.893
"A054",-15.5,17.759
"A054",-15,17.664
"A054",-14.5,17.694
"A054",-14,17.82
"A054",-13.5,17.402
"A054",-13,17.573
"A054",-12.5,17.372
"A054",-12,16.845
"A054",-11.5,17.687
"A054",-11,17.458
"A054",-10.5,16.951
"A054",-10,16.663
"A054",-9.5,16.728
"A054",-9,16.456
"A054",-8.5,16.473
"A054",-8,15.941
"A054",-7.5,15.384
"A054",-7,14.977
"A054",-6.5,15.182
"A054",-6,14.605
"A054",-5.5,14.521
"A054",-5,14.14
"A054",-4.5,13.89
"A054",-4,13.565
"A054",-3.5,12.794
"A054",-3,12.993
"A054",-2.5,12.553
"A054",-2,12.232
"A054",-1.5,12.151
"A054",-1,11.967
"A054",-0.5,11.255
"A054",0,10.516
"A054",0.5,11.101
"A054",1,11.005
"A054",1.5,10.435
"A054",2,10.665
"A054",2.5,10.061
"A054",3,10.34
"A054",3.5,9.623
"A054",4,9.199
"A054",4.5,8.901
"A054",5,8.829
"A054",5.5,8.853
"A054",6,8.402
"A054",6.5,8.58
"A054",7,7.84
"A054",7.5,7.511
"A054",8,7.715
"A054",8.5,7.566
"A054",9,7.464
"A054",9.5,6.864
"A054",10,6.971
"A054",10.5,7.432
"A054",11,7.284
"A054",11.5,6.612
"A054",12,6.357
"A054",12.5,6.237
"A054",13,6.656
"A054",13.5,6.327
"A054",14,6.219
"A054",14.5,6.041
"A054",15,5.974
"A054",15.5,5.858
"A054",16,6.249
"A054",16.5,6.289
"A054",17,6.117
"A054",17.5,5.978
"A054",18,6.177
"A054",18.5,5.969
"A054",19,5.784
"A054",19.5,5.789
"A054",20,5.892
"A055",-40,19.993
"A055",-39.5,19.895
"A055",-39,20.044
"A055",-38.5,20.463
"A055",-38,20.362
"A055",-37.5,20.16
"A055",-37,20.455
"A055",-36.5,20.604
"A055",-36,20.335
"A055",-35.5,20.054
"A055",-35,19.994
"A055",-34.5,20.021
"A055",-34,20.009
"A055",-33.5,20.349
"A055",-33,19.94
"A055",-32.5,19.693
"A055",-32,20.313
"A055",-31.5,19.694
"A055",-31,19.863
"A055",-30.5,20.353
"A055",-30,19.989
"A055",-29.5,20.473
"A055",-29,19.999
"A055",-28.5,19.985
"A055",-28,20.36
"A055",-27.5,20.279
"A055",-27,20.246
"A055",-26.5,20.2
"A055",-26,20.354
"A055",-25.5,19.903
"A055",-25,20.079
"A055",-24.5,20.516
"A055",-24,20.173
"A055",-23.5,19.835
"A055",-23,20.047
"A055",-22.5,20.067
"A055",-22,19.872
"A055",-21.5,19.676
"A055",-21,20.328
"A055",-20.5,20.246
"A055",-20,20.145
"A055",-19.5,20.608
"A055",-19,20.592
"A055",-18.5,20.552
"A055",-18,20.16
"A055",-17.5,20.819
"A055",-17,19.843
"A055",-16.5,20.14
"A055",-16,20.078
"A055",-15.5,20.203
"A055",-15,20.758
"A055",-14.5,20.304
"A055",-14,20.461
"A055",-13.5,20.298
"A055",-13,20.122
"A055",-12.5,20.107
"A055",-12,20.371
"A055",-11.5,20.003
"A055",-11,19.757
"A055",-10.5,19.748
"A055",-10,19.856
"A055",-9.5,19.28
"A055",-9,19.032
"A055",-8.5,19.269
"A055",-8,19.213
"A055",-7.5,18.253
"A055",-7,18.741
"A055",-6.5,17.832
"A055",-6,17.299
"A055",-5.5,17.68
"A055",-5,17.027
"A055",-4.5,16.649
"A055",-4,16.404
"A055",-3.5,16.288
"A055",-3,15.751
"A055",-2.5,15.579
"A055",-2,15.485
"A055",-1.5,14.468
"A055",-1,14.586
"A055",-0.5,14.787
"A055",0,14.317
"A055",0.5,14.216
"A055",1,13.474
"A055",1.5,13.623
"A055",2,13.133
"A055",2.5,13.096
"A055",3,12.815
"A055",3.5,12.747
"A055",4,11.758
"A055",4.5,12.142
"A055",5,11.342
"A055",5.5,11.522
"A055",6,11.427
"A055",6.5,11.166
"A055",7,11.591
"A055",7.5,10.641
"A055",8,10.677
"A055",8.5,10.981
"A055",9,10.247
"A055",9.5,10.265
"A055",10,10.339
"A055",10.5,9.734
"A055",11,9.697
"A055",11.5,9.701
"A055",12,9.876
"A055",12.5,9.571
"A055",13,9.317
"A055",13.5,8.804
"A055",14,9.042
"A055",14.5,9.263
"A055",15,8.864
"A055",15.5,9.207
"A055",16,8.573
"A055",16.5,8.701
"A055",17,8.384
"A055",17.5,8.746
"A055",18,8.836
"A055",18.5,9.057
"A055",19,8.884
"A055",19.5,8.361
"A055",20,8.698
"A056",-40,16.912
"A056",-39.5,17.279
"A056",-39,17.459
"A056",-38.5,16.914
"A056",-38,16.983
"A056",-37.5,16.895
"A056",-37,17.478
"A056",-36.5,17.644
"A056",-36,17.188
"A056",-35.5,17.09
"A056",-35,17.135
"A056",-34.5,17.281
"A056",-34,17.11
"A056",-33.5,16.905
"A056",-33,17.593
"A056",-32.5,17.595
"A056",-32,17.093
"A056",-31.5,17.218
"A056",-31,17.058
"A056",-30.5,17.206
"A056",-30,17.394
"A056",-29.5,17.3
"A056",-29,17.162
"A056",-28.5,17.341
"A056",-28,17.119
"A056",-27.5,17.391
"A056",-27,17.299
"A056",-26.5,16.794
"A056",-26,16.743
"A056",-25.5,16.974
"A056",-25,17.107
"A056",-24.5,17.215
"A056",-24,17.424
"A056",-23.5,17.394
"A056",-23,17.442
"A056",-22.5,16.944
"A056",-22,16.716
"A056",-21.5,17.267
"A056",-21,17.245
"A056",-20.5,17.272
"A056",-20,17.649
"A056",-19.5,17.606
"A056",-19,17.192
"A056",-18.5,17.851
"A056",-18,17.248
"A056",-17.5,17.703
"A056",-17,17.329
"A056",-16.5,17.575
"A056",-16,17.64
"A056",-15.5,17.751
"A056",-15,18.002
"A056",-14.5,17.817
"A056",-14,17.371
"A056",-13.5,17.365
"A056",-13,17.259
"A056",-12.5,17.814
"A056",-12,17.272
"A056",-11.5,17.204
"A056",-11,16.842
"A056",-10.5,16.572
"A056",-10,16.642
"A056",-9.5,16.53
"A056",-9,16.517
"A056",-8.5,15.797
"A056",-8,15.696
"A056",-7.5,15.664
"A056",-7,15.03
"A056",-6.5,15.502
"A056",-6,14.82
"A056",-5.5,14.252
"A056",-5,14.063
"A056",-4.5,13.908
"A056",-4,13.32
"A056",-3.5,13.48
"A056",-3,13.116
"A056",-2.5,12.854
"A056",-2,12.625
"A056",-1.5,12.044
"A056",-1,11.418
"A056",-0.5,11.897
"A056",0,11.599
"A056",0.5,10.942
"A056",1,11.219
"A056",1.5,10.408
"A056",2,10.501
"A056",2.5,9.973
"A056",3,9.948
"A056",3.5,9.446
"A056",4,9.572
"A056",4.5,8.947
"A056",5,8.848
"A056",5.5,8.903
"A056",6,8.392
"A056",6.5,8.366
"A056",7,8.212
"A056",7.5,7.647
"A056",8,8.23
"A056",8.5,7.42
"A056",9,7.71
"A056",9.5,7.658
"A056",10,6.985
"A056",10.5,7.371
"A056",11,6.695
"A056",11.5,6.899
"A056",12,6.487
"A056",12.5,6.358
"A056",13,6.506
"A056",13.5,6.213
"A056",14,6.449
"A056",14.5,6.251
"A056",15,6.091
"A056",15.5,6.078
"A056",16,5.743
"A056",16.5,6.119
"A056",17,5.976
"A056",17.5,5.871
"A056",18,5.813
"A056",18.5,5.742
"A056",19,5.711
"A056",19.5,6.056
"A056",20,5.906
"A057",-40,18.559
"A057",-39.5,18.393
"A057",-39,18.163
"A057",-38.5,18.741
"A057",-38,18.42
"A057",-37.5,18.527
"A057",-37,18.695
"A057",-36.5,18.23
"A057",-36,18.043
"A057",-35.5,18.38
"A057",-35,18.333
"A057",-34.5,18.424
"A057",-34,18.423
"A057",-33.5,18.339
"A057",-33,18.376
"A057",-32.5,18.294
"A057",-32,18.17
"A057",-31.5,18.245
"A057",-31,18.32
"A057",-30.5,18.445
"A057",-30,18.72
"A057",-29.5,18.624
"A057",-29,18.331
"A057",-28.5,18.115
"A057",-28,18.386
"A057",-27.5,18.239
"A057",-27,18.28
"A057",-26.5,18.733
"A057",-26,18.161
"A057",-25.5,18.321
"A057",-25,18.307
"A057",-24.5,18.181
"A057",-24,18.106
"A057",-23.5,18.256
"A057",-23,18.464
"A057",-22.5,18.057
"A057",-22,18.751
"A057",-21.5,18.155
"A057",-21,18.771
"A057",-20.5,18.335
"A057",-20,17.933
"A057",-19.5,18.121
"A057",-19,18.357
"A057",-18.5,18.669
"A057",-18,18.724
"A057",-17.5,18.682
"A057",-17,18.261
"A057",-16.5,18.482
"A057",-16,18.83
"A057",-15.5,18.665
"A057",-15,18.828
"A057",-14.5,19.118
"A057",-14,18.815
"A057",-13.5,18.561
"A057",-13,18.848
"A057",-12.5,18.388
"A057",-12,18.739
"A057",-11.5,18.244
"A057",-11,18.299
"A057",-10.5,17.883
"A057",-10,17.755
"A057",-9.5,17.496
"A057",-9,17.216
"A057",-8.5,17.077
"A057",-8,16.999
"A057",-7.5,17.088
"A057",-7,16.677
"A057",-6.5,16.372
"A057",-6,16.061
"A057",-5.5,15.667
"A057",-5,15.49
"A057",-4.5,15.214
"A057",-4,14.913
"A057",-3.5,13.884
"A057",-3,14.094
"A057",-2.5,14.087
"A057",-2,13.644
"A057",-1.5,13.616
"A057",-1,13.075
"A057",-0.5,12.559
"A057",0,12.805
"A057",0.5,12.214
"A057",1,12.284
"A057",1.5,11.524
"A057",2,11.108
"A057",2.5,11.35
"A057",3,10.963
"A057",3.5,10.515
"A057",4,10.59
"A057",4.5,10.09
"A057",5,10.013
"A057",5.5,10.034
"A057",6,9.461
"A057",6.5,9.052
"A057",7,9.15
"A057",7.5,9.471
"A057",8,8.87
"A057",8.5,9.169
"A057",9,8.653
"A057",9.5,8.557
"A057",10,8.024
"A057",10.5,8.429
"A057",11,8.273
"A057",11.5,7.288
"A057",12,7.648
"A057",12.5,7.739
"A057",13,7.524
"A057",13.5,7.923
"A057",14,7.729
"A057",14.5,7.108
"A057",15,7.554
"A057",15.5,7.133
"A057",16,7.403
"A057",16.5,7.021
"A057",17,7.296
"A057",17.5,7.383
"A057",18,6.606
"A057",18.5,6.917
"A057",19,6.986
"A057",19.5,6.439
"A057",20,6.63
"A058",-40,19.764
"A058",-39.5,20.608
"A058",-39,20.327
"A058",-38.5,20.181
"A058",-38,20.249
"A058",-37.5,20.206
"A058",-37,19.829
"A058",-36.5,19.835
"A058",-36,20.207
"A058",-35.5,20.07
"A058",-35,20.436
"A058",-34.5,19.955
"A058",-34,20.306
"A058",-33.5,19.457
"A058",-33,20.011
"A058",-32.5,20.331
"A058",-32,19.51
"A058",-31.5,19.819
"A058",-31,20.291
"A058",-30.5,20.149
"A058",-30,20.288
"A058",-29.5,20.244
"A058",-29,19.66
"A058",-28.5,20.214
"A058",-28,20.171
"A058",-27.5,19.679
"A058",-27,20.558
"A058",-26.5,19.753
"A058",-26,19.644
"A058",-25.5,20.19
"A058",-25,20.425
"A058",-24.5,19.893
"A058",-24,20.01
"A058",-23.5,20.008
"A058",-23,20.472
"A058",-22.5,19.821
"A058",-22,20.165
"A058",-21.5,20.179
"A058",-21,20.376
"A058",-20.5,19.786
"A058",-20,20.245
"A058",-19.5,20.154
"A058",-19,20.117
"A058",-18.5,19.913
"A058",-18,20.019
"A058",-17.5,20.125
"A058",-17,20.493
"A058",-16.5,20.547
"A058",-16,20.539
"A058",-15.5,20.244
"A058",-15,20.237
"A058",-14.5,20.127
"A058",-14,20.11
"A058",-13.5,20.372
"A058",-13,20.363
"A058",-12.5,20.045
"A058",-12,20.068
"A058",-11.5,20.15
"A058",-11,19.665
"A058",-10.5,19.595
"A058",-10,19.667
"A058",-9.5,19.649
"A058",-9,19.295
"A058",-8.5,18.803
"A058",-8,18.921
"A058",-7.5,18.601
"A058",-7,18.25
"A058",-6.5,18.193
"A058",-6,17.739
"A058",-5.5,17.421
"A058",-5,17.001
"A058",-4.5,16.84
"A058",-4,16.648
"A058",-3.5,16.185
"A058",-3,15.961
"A058",-2.5,15.658
"A058",-2,15.565
"A058",-1.5,15.152
"A058",-1,14.733
"A058",-0.5,14.938
"A058",0,14.049
"A058",0.5,13.69
"A058",1,13.795
"A058",1.5,13.543
"A058",2,13.378
"A058",2.5,12.888
"A058",3,12.288
"A058",3.5,12.613
"A058",4,12.243
"A058",4.5,12.054
"A058",5,11.815
"A058",5.5,11.571
"A058",6,11.215
"A058",6.5,11.115
"A058",7,11.14
"A058",7.5,10.768
"A058",8,10.434
"A058",8.5,10.481
"A058",9,10.414
"A058",9.5,10.152
"A058",10,9.74
"A058",10.5,9.339
"A058",11,9.473
"A058",11.5,9.265
"A058",12,10.022
"A058",12.5,9.408
"A058",13,9.31
"A058",13.5,9.176
"A058",14,9.634
"A058",14.5,9.332
"A058",15,8.817
"A058",15.5,8.886
"A058",16,9.12
"A058",16.5,8.712
"A058",17,9.146
"A058",17.5,9.157
"A058",18,8.362
"A058",18.5,8.288
"A058",19,8.634
"A058",19.5,8.221
"A058",20,8.465
"A059",-40,18.896
"A059",-39.5,18.532
"A059",-39,18.824
"A059",-38.5,18.928
"A059",-38,18.499
"A059",-37.5,19.23
"A059",-37,18.614
"A059",-36.5,18.752
"A059",-36,18.642
"A059",-35.5,19.097
"A059",-35,18.67
"A059",-34.5,18.917
"A059",-34,18.953
"A059",-33.5,18.465
"A059",-33,18.986
"A059",-32.5,18.591
"A059",-32,18.463
"A059",-31.5,18.6
"A059",-31,18.413
"A059",-30.5,18.938
"A059",-30,18.549
"A059",-29.5,18.599
"A059",-29,18.67
"A059",-28.5,18.965
"A059",-28,18.22
"A059",-27.5,18.735
"A059",-27,18.833
"A059",-26.5,19.169
"A059",-26,18.581
"A059",-25.5,19.007
"A059",-25,18.712
"A059",-24.5,18.605
"A059",-24,18.976
"A059",-23.5,18.194
"A059",-23,18.552
"A059",-22.5,18.711
"A059",-22,18.506
"A059",-21.5,18.809
"A059",-21,18.591
"A059",-20.5,18.954
"A059",-20,18.855
"A059",-19.5,18.464
"A059",-19,18.645
"A059",-18.5,18.951
"A059",-18,18.809
"A059",-17.5,18.875
"A059",-17,19.129
"A059",-16.5,18.945
"A059",-16,19.077
"A059",-15.5,18.854
"A059",-15,18.89
"A059",-14.5,18.753
"A059",-14,19.147
"A059",-13.5,19.343
"A059",-13,19.154
"A059",-12.5,18.826
"A059",-12,18.809
"A059",-11.5,18.787
"A059",-11,18.7
"A059",-10.5,18.374
"A059",-10,17.943
"A059",-9.5,18.394
"A059",-9,17.899
"A059",-8.5,17.625
"A059",-8,17.166
"A059",-7.5,16.923
"A059",-7,16.489
"A059",-6.5,16.631
"A059",-6,16.172
"A059",-5.5,15.928
"A059",-5,15.032
"A059",-4.5,15.86
"A059",-4,15.099
"A059",-3.5,15.037
"A059",-3,14.318
"A059",-2.5,14.46
"A059",-2,14.31
"A059",-1.5,13.597
"A059",-1,12.92
"A059",-0.5,13.287
"A059",0,12.919
"A059",0.5,12.645
"A059",1,12.391
"A059",1.5,12.095
"A059",2,11.379
"A059",2.5,11.823
"A059",3,11.39
"A059",3.5,10.558
"A059",4,10.696
"A059",4.5,10.441
"A059",5,11.005
"A059",5.5,10.333
"A059",6,9.998
"A059",6.5,9.783
"A059",7,9.974
"A059",7.5,9.943
"A059",8,9.632
"A059",8.5,8.924
"A059",9,8.663
"A059",9.5,8.973
"A059",10,8.744
"A059",10.5,8.416
"A059",11,8.153
"A059",11.5,8.256
"A059",12,7.894
"A059",12.5,8.007
"A059",13,7.562
"A059",13.5,7.978
"A059",14,7.579
"A059",14.5,7.586
"A059",15,7.851
"A059",15.5,7.569
"A059",16,7.223
"A059",16.5,7.39
"A059",17,7.685
"A059",17.5,7.722
"A059",18,7.134
"A059",18.5,7.169
"A059",19,6.748
"A059",19.5,7.479
"A059",20,6.839
"A060",-40,20.406
"A060",-39.5,20.49
"A060",-39,20.239
"A060",-38.5,20.493
"A060",-38,19.802
"A060",-37.5,19.989
"A060",-37,20.1
"A060",-36.5,20.231
"A060",-36,20.381
"A060",-35.5,20.579
"A060",-35,20.424
"A060",-34.5,20.366
"A060",-34,20.12
"A060",-33.5,20.476
"A060",-33,20.623
"A060",-32.5,20.646
"A060",-32,20.331
"A060",-31.5,20.723
"A060",-31,20.232
"A060",-30.5,20.674
"A060",-30,20.02
"A060",-29.5,20.32
"A060",-29,20.343
"A060",-28.5,20.385
"A060",-28,20.429
"A060",-27.5,19.975
"A060",-27,20.694
"A060",-26.5,20.155
"A060",-26,20.232
"A060",-25.5,20.343
"A060",-25,20.254
"A060",-24.5,20.198
"A060",-24,20.294
"A060",-23.5,20.304
"A060",-23,19.907
"A060",-22.5,19.936
"A060",-22,20.048
"A060",-21.5,19.995
"A060",-21,20.326
"A060",-20.5,20.421
"A060",-20,20.181
"A060",-19.5,20.676
"A060",-19,20.254
"A060",-18.5,20.337
"A060",-18,20.739
"A060",-17.5,21.053
"A060",-17,20.296
"A060",-16.5,20.735
"A060",-16,20.949
"A060",-15.5,20.987
"A060",-15,20.798
"A060",-14.5,20.761
"A060",-14,21.059
"A060",-13.5,20.939
"A060",-13,20.089
"A060",-12.5,20.939
"A060",-12,20.08
"A060",-11.5,20.41
"A060",-11,20.102
"A060",-10.5,19.679
"A060",-10,20.059
"A060",-9.5,19.498
"A060",-9,19.536
"A060",-8.5,18.654
"A060",-8,18.92
"A060",-7.5,18.312
"A060",-7,18.522
"A060",-6.5,18.299
"A060",-6,17.446
"A060",-5.5,17.806
"A060",-5,17.448
"A060",-4.5,16.592
"A060",-4,16.669
"A060",-3.5,16.847
"A060",-3,16.354
"A060",-2.5,15.592
"A060",-2,15.705
"A060",-1.5,14.943
"A060",-1,14.68
"A060",-0.5,14.792
"A060",0,14.25
"A060",0.5,14.33
"A060",1,13.871
"A060",1.5,13.407
"A060",2,13.49
"A060",2.5,12.411
"A060",3,12.783
"A060",3.5,12.75
"A060",4,12.442
"A060",4.5,12.178
"A060",5,11.751
"A060",5.5,12.064
"A060",6,11.057
"A060",6.5,11.449
"A060",7,11.011
"A060",7.5,10.743
"A060",8,10.53
"A060",8.5,10.379
"A060",9,10.541
"A060",9.5,10.11
"A060",10,10.181
"A060",10.5,10.195
"A060",11,10.546
"A060",11.5,10.045
"A060",12,9.843
"A060",12.5,9.72
"A060",13,9.631
"A060",13.5,9.026
"A060",14,9.786
"A060",14.5,9.507
"A060",15,9.484
"A060",15.5,9.041
"A060",16,9.374
"A060",16.5,9.051
"A060",17,8.986
"A060",17.5,9.067
"A060",18,9.213
"A060",18.5,8.879
"A060",19,8.802
"A060",19.5,8.466
"A060",20,8.787
