"animal_id","step","x","y","depth","temp","layer_pos","layer_input"
"A001",1,19.68,32.16,57.1,13.438,-4.139,-4.139
"A001",2,19.86,32.67,58.04,12.83,-2.865,-2.865
"A001",3,19.99,33.06,58.26,12.959,-2.383,-2.383
"A001",4,19.25,32.75,57.47,12.625,-2.486,-2.486
"A001",5,19.48,32.02,58.89,12.736,-2.228,-2.228
"A001",6,18.79,32.4,57.57,12.217,-2.14,-2.14
"A001",7,19.95,31.8,59.62,13.136,-2.379,-2.379
"A001",8,19.71,33.4,56.64,12.675,-3.222,-3.222
"A001",9,20.21,33.43,57.41,12.736,-3.122,-3.122
"A001",10,20.89,33.61,57.77,13.009,-3.519,-3.519
"A001",11,21.22,32.63,59.12,12.706,-3.66,-3.66
"A001",12,22.33,33.01,60.64,12.673,-3.168,-3.168
"A001",13,22.03,33.73,60.48,12.87,-2.194,-2.194
"A001",14,22.54,33.88,60.15,12.235,-3.041,-3.041
"A001",15,22.17,33.87,59.77,13.367,-2.949,-2.949
"A001",16,23.71,34.77,60.95,12.727,-2.824,-2.824
"A001",17,24.25,35.07,60.52,13.098,-3.618,-3.618
"A001",18,24.14,35.29,59.66,14.109,-4.118,-4.118
"A001",19,24.72,35.75,59.08,13.297,-4.961,-4.961
"A001",20,24.1,35.73,57.96,13.964,-5.324,-5.324
"A001",21,25.16,37.4,57.37,14.786,-5.55,-5.55
"A001",22,24.52,37.23,56.51,14.633,-5.787,-5.787
"A001",23,23.73,37.51,54.83,14.945,-6.144,-6.144
"A001",24,23.93,37.67,55.4,14.584,-5.671,-5.671
"A001",25,24.66,37.7,55.71,14.653,-6.286,-6.286
"A001",26,24.83,37.93,54.83,15.126,-7.141,-7.141
"A001",27,24.54,37.72,54.91,15.223,-6.906,-6.906
"A001",28,25.46,36.16,58.46,14.345,-6.049,-6.049
"A001",29,27.04,35.44,60.07,15.028,-6.904,-6.904
"A001",30,25.86,36.68,58.88,14.245,-5.596,-5.596
"A001",31,26.87,37.54,59.25,13.441,-5.551,-5.551
"A001",32,26.62,37.1,59.93,13.749,-5.015,-5.015
"A001",33,27.29,35.27,62.27,13.717,-5.115,-5.115
"A001",34,26.22,34.67,60.8,14.625,-5.995,-5.995
"A001",35,26.22,33.69,61.92,13.813,-5.757,-5.757
"A001",36,25.81,32.71,62.37,14.491,-5.745,-5.745
"A001",37,25.73,33.4,60.57,14.294,-6.856,-6.856
"A001",38,25.33,33.53,61.09,13.892,-5.775,-5.775
"A001",39,25.85,34.44,61.39,14.534,-5.209,-5.209
"A001",40,26.84,33.6,63.26,14.393,-5.144,-5.144
"A001",41,26.73,33.05,65.07,13.28,-3.699,-3.699
"A001",42,26.79,33.53,63.94,13.298,-4.471,-4.471
"A001",43,26.34,34.28,61.62,15.138,-5.654,-5.654
"A001",44,27.21,34.16,62.56,13.881,-5.73,-5.73
"A001",45,27.75,33.58,63.94,14.202,-5.389,-5.389
"A001",46,26.98,34.75,62.21,14.838,-5.321,-5.321
"A001",47,28.12,35.7,62.26,13.872,-5.592,-5.592
"A001",48,27.58,36.19,60.77,15.183,-6.08,-6.08
"A001",49,27.17,36.48,59.22,14.835,-6.928,-6.928
"A001",50,26.57,35.54,59.53,14.995,-6.837,-6.837
"A001",51,26.21,34.2,61.58,14.539,-5.634,-5.634
"A001",52,26.41,35.48,60.7,14.688,-5.546,-5.546
"A001",53,27.13,35.55,62.01,13.911,-4.956,-4.956
"A001",54,27.05,34.93,62.79,13.978,-4.649,-4.649
"A001",55,27.3,35.79,63.12,13.297,-3.802,-3.802
"A001",56,27.49,35.28,63.22,13.521,-4.365,-4.365
"A001",57,28.55,34.92,63.51,14.348,-5.452,-5.452
"A001",58,30.19,35.14,64.8,14.486,-5.508,-5.508
"A001",59,29.66,34.24,65.46,14.194,-5.098,-5.098
"A001",60,30.99,33.96,65.93,14.799,-5.986,-5.986
"A001",61,32.34,33.38,67.79,14.23,-5.593,-5.593
"A001",62,32.42,34.2,67.86,13.804,-5.015,-5.015
"A001",63,32.91,34.44,69.16,13.465,-3.929,-3.929
"A001",64,31.79,34.28,68.85,12.567,-3.478,-3.478
"A001",65,32.12,35.11,68.78,12.852,-3.197,-3.197
"A001",66,31.82,35.03,69.33,13.115,-2.465,-2.465
"A001",67,31.8,34.87,69.21,12.401,-2.682,-2.682
"A001",68,32.22,34.93,69.39,12.547,-2.802,-2.802
"A001",69,32.9,34.52,70.39,12.618,-2.639,-2.639
"A001",70,32.89,34.58,69.66,12.633,-3.317,-3.317
"A001",71,34.5,35.15,70.12,13.078,-3.674,-3.674
"A001",72,34.73,35.24,71.22,12.969,-2.687,-2.687
"A001",73,34.49,36.17,69.67,13.138,-3.414,-3.414
"A001",74,34.66,35.68,69.63,13.197,-3.925,-3.925
"A001",75,34.51,35.41,70.15,13.157,-3.477,-3.477
"A001",76,33.8,36.16,69.22,12.712,-3.328,-3.328
"A001",77,34.13,35.31,69.96,13.207,-3.451,-3.451
"A001",78,34.71,34.43,71.27,12.843,-3.149,-3.149
"A001",79,34.9,34.87,71.04,12.708,-3.238,-3.238
"A001",80,35.09,34.63,70.89,13.409,-3.665,-3.665
"A001",81,35.14,34.08,70.75,13.087,-4.179,-4.179
"A001",82,35.62,33.62,70.11,14.151,-5.411,-5.411
"A001",83,34.79,34.24,70.36,13.251,-4.232,-4.232
"A001",84,35.52,33.91,70.48,14.043,-4.806,-4.806
"A001",85,34.95,34,69.5,14.602,-5.343,-5.343
"A001",86,35.2,33.64,69.35,14.144,-5.886,-5.886
"A001",87,35.7,34.06,70.79,13.799,-4.534,-4.534
"A001",88,35.85,33.77,71.55,13.272,-4.036,-4.036
"A001",89,34.92,34.18,70.63,13.453,-4.088,-4.088
"A001",90,35.04,33.96,70.73,13.153,-4.21,-4.21
"A001",91,35.36,35.2,69.3,14.149,-5.084,-5.084
"A001",92,36.05,35.45,69.38,14.266,-5.344,-5.344
"A001",93,36.4,34.31,71.3,12.811,-4.339,-4.339
"A001",94,36.77,35.24,70.81,13.772,-4.535,-4.535
"A001",95,37.46,35.2,71.89,13.164,-3.945,-3.945
"A001",96,36.98,35.36,71.87,12.166,-3.554,-3.554
"A001",97,36.62,36.19,70.34,13.749,-4.32,-4.32
"A001",98,36.68,36.36,70.84,12.817,-3.751,-3.751
"A001",99,36.96,37.8,70.67,13.021,-3.175,-3.175
"A001",100,37.86,37.25,71.86,12.81,-3.022,-3.022
"A001",101,37.32,37.29,70.75,13.63,-3.723,-3.723
"A001",102,36.85,37.39,69.34,12.76,-4.699,-4.699
"A001",103,37.43,37.68,69.06,14.544,-5.226,-5.226
"A001",104,37.27,37.97,68.34,13.637,-5.627,-5.627
"A001",105,37.24,38.06,68.27,14.483,-5.614,-5.614
"A001",106,37.73,37.07,69.74,14.495,-5.169,-5.169
"A001",107,37.45,36.68,70.46,13.747,-4.49,-4.49
"A001",108,37.14,36.62,69.89,14.149,-4.877,-4.877
"A001",109,37.17,36.23,70.48,14.138,-4.547,-4.547
"A001",110,37.12,36.37,71.05,13.061,-3.861,-3.861
"A001",111,36.92,35.83,70.56,13.976,-4.542,-4.542
"A001",112,37.69,36.36,70.3,14.187,-5.015,-5.015
"A001",113,37.59,36.43,70.65,12.883,-4.554,-4.554
"A001",114,37.83,36.69,70.33,13.515,-4.889,-4.889
"A001",115,38.12,36.47,71.3,14.082,-4.248,NA
"A001",116,37.19,36,70.39,13.678,-4.791,NA
"A001",117,37.69,36.86,69.62,14.358,-5.385,NA
"A001",118,38.85,36.25,70.74,14.59,-5.441,NA
"A001",119,39,35.74,71.99,13.698,-4.574,NA
"A001",120,38.69,35.35,72.69,14.135,-3.883,NA
"A001",121,39.68,36.5,73.21,12.693,-3.407,NA
"A001",122,39.96,36.39,72.89,13.636,-3.971,NA
"A001",123,40.68,37.02,72.16,13.433,-4.857,NA
"A001",124,40.86,36.3,73.18,13.411,-4.318,NA
"A001",125,41.27,36.02,73.23,13.456,-4.671,NA
"A001",126,42.16,35.93,73.69,14.215,-4.813,NA
"A001",127,42.5,36.35,74.41,13.385,-4.136,NA
"A001",128,42.66,36.14,75.03,13.221,-3.7,NA
"A001",129,42.18,36.56,74.82,12.569,-3.418,NA
"A001",130,42.52,36.59,75.49,12.883,-2.954,NA
"A001",131,42.25,36.66,74.99,13.03,-3.252,NA
"A001",132,43.57,37.89,75.81,13.224,-2.762,NA
"A001",133,43.67,37.32,75.34,12.987,-3.548,NA
"A001",134,43.1,37.8,74.65,12.888,-3.64,NA
"A001",135,44.06,38.31,75.17,13.027,-3.544,NA
"A001",136,43.68,39.11,74.35,13.405,-3.716,NA
"A001",137,42.67,39.03,74.01,13.279,-3.368,NA
"A001",138,42.11,38.92,73.93,12.69,-3.099,NA
"A001",139,42.27,38.76,73.68,13.352,-3.543,NA
"A001",140,42.14,38.95,73.6,13.496,-3.429,NA
"A001",141,42.58,39.07,73.78,12.575,-3.515,NA
"A001",142,42.58,38.64,74.5,12.933,-3.006,NA
"A001",143,41.61,38.96,73.33,13.051,-3.3,NA
"A001",144,41.7,39.07,72.93,13.175,-3.709,NA
"A001",145,43.02,39.24,73.95,12.722,-3.582,NA
"A001",146,42.91,40.66,72.04,14.332,-4.622,NA
"A001",147,42.73,40.42,72.65,12.839,-4.014,NA
"A001",148,42.87,39.73,73.28,13.053,-3.866,NA
"A001",149,44.07,39.68,74.04,13.702,-4.031,NA
"A001",150,43.65,39.21,74.18,13.524,-3.816,NA
"A001",151,44.28,38.5,74.42,13.844,-4.363,NA
"A001",152,44.03,38.1,74.27,13.527,-4.527,NA
"A001",153,43.99,38.03,73.9,13.589,-4.897,NA
"A001",154,43.95,38.48,73.95,14.225,-4.613,NA
"A001",155,44.61,38.53,74.24,14.244,-4.766,NA
"A001",156,45.12,37.86,73.4,14.325,-6.226,NA
"A001",157,45.87,37.67,74.08,15.183,-6.126,NA
"A001",158,46.55,36.67,74.42,15.846,-6.579,NA
"A001",159,47.84,36.57,75.04,15.576,-6.796,NA
"A001",160,47.77,35.81,74.44,14.86,-7.547,NA
"A001",161,46.15,35.09,73.77,14.927,-7.436,NA
"A001",162,45.9,35.85,74.76,14.969,-6.086,NA
"A001",163,45.55,35.86,75.9,13.201,-4.732,NA
"A001",164,45.55,35.98,76.07,14.282,-4.515,NA
"A001",165,46.42,36.39,76.33,13.545,-4.664,NA
"A001",166,46.19,36.18,75.78,14.428,-5.136,NA
"A001",167,45.86,36.14,74.9,14.723,-5.822,NA
"A001",168,46.35,35.9,74.67,14.795,-6.439,NA
"A001",169,46.94,35.81,74.53,15.454,-6.959,NA
"A001",170,46.91,35.31,75.6,14.871,-6.008,NA
"A001",171,47.3,35.97,75.19,14.152,-6.475,NA
"A001",172,47.71,36.46,74.57,14.547,-7.217,NA
"A001",173,48.02,36.07,76.77,14.237,-5.316,NA
"A001",174,47.75,37.25,76.72,14.041,-4.851,NA
"A001",175,48.31,37.11,76.39,14.749,-5.591,NA
"A001",176,47.03,36.94,76.15,13.495,-5.057,NA
"A001",177,47.61,36.08,76.8,14.691,-5.026,NA
"A001",178,48.03,36.23,77.23,13.832,-4.814,NA
"A001",179,49.41,35.79,77.46,14.168,-5.541,NA
"A001",180,49.59,36.16,76.27,15.172,-6.759,NA
"A001",181,49.68,36.41,75.49,15.363,-7.539,NA
"A001",182,50.43,37.03,76.02,15.657,-7.328,NA
"A001",183,50.84,36.66,78.02,13.685,-5.675,NA
"A001",184,50.78,35.75,77.87,13.616,-5.989,NA
"A001",185,50.73,36.16,77.94,13.57,-5.802,NA
"A001",186,50.79,36.56,76.55,14.756,-7.146,NA
"A001",187,50.15,37.43,75.86,14.677,-7.199,NA
"A001",188,50.96,37.35,76.85,15.5,-6.764,NA
"A001",189,50.64,37.67,77.4,14.722,-5.918,NA
"A001",190,50.52,37.95,77.17,15.041,-5.992,NA
"A001",191,51.01,37.63,78.63,13.722,-4.936,NA
"A001",192,50.82,36.7,78,14.083,-5.679,NA
"A001",193,50.84,36.39,78.73,13.817,-5.038,NA
"A001",194,51.85,36.61,78.66,14.856,-5.697,NA
"A001",195,51.48,36.81,78.35,13.855,-5.727,NA
"A001",196,51.4,36.08,78.66,14.218,-5.523,NA
"A001",197,52.39,36.2,78.96,14.374,-5.83,NA
"A001",198,52.18,35.69,79.49,13.891,-5.269,NA
"A001",199,51.88,36.35,79.18,13.877,-5.257,NA
"A001",200,52.12,36.55,79.38,13.928,-5.163,NA
"A001",201,52.56,36.38,79.13,14.228,-5.729,NA
"A001",202,52.21,36.9,78.57,14.616,-5.946,NA
"A001",203,52.22,36.49,78.5,13.674,-6.12,NA
"A001",204,52.25,37.33,79.19,14.47,-5.256,NA
"A001",205,51.79,36.94,79.15,14.303,-5.095,NA
"A001",206,51.99,35.96,79.33,14.451,-5.251,NA
"A001",207,53.18,35.62,80.62,13.311,-4.783,NA
"A001",208,53.78,35.65,80.88,13.952,-4.9,NA
"A001",209,53.37,35.79,80.44,13.063,-5.052,NA
"A001",210,53.66,35.54,80.93,14.049,-4.8,NA
"A001",211,53.59,35.56,80.57,14.44,-5.097,NA
"A001",212,53.58,35.99,81.7,13.387,-3.888,NA
"A001",213,54.21,36.36,82.71,13.111,-3.21,NA
"A001",214,54.63,36.61,83.06,12.422,-3.084,NA
"A001",215,55.22,36.23,82.62,13.063,-3.986,NA
"A001",216,55.49,36.56,82.91,13.579,-3.792,NA
"A001",217,54.98,37.57,82.15,13.101,-4,NA
"A001",218,54.73,37.16,82.16,13.704,-3.923,NA
"A001",219,54.08,38.43,81.41,13.314,-3.947,NA
"A001",220,54.62,38.94,81.19,13.306,-4.373,NA
"A001",221,55.56,38.12,82.39,12.814,-4.003,NA
"A001",222,54.63,37.58,81.64,12.848,-4.288,NA
"A001",223,54.83,37.48,81.83,13.449,-4.25,NA
"A001",224,55.29,37.58,81.31,13.465,-5.043,NA
"A001",225,55.28,37.12,81.26,13.709,-5.194,NA
"A001",226,54.92,36.87,80.76,14.748,-5.515,NA
"A001",227,54.49,37.26,81.58,13.085,-4.328,NA
"A001",228,55.51,37.55,81.78,13.548,-4.723,NA
"A001",229,55.54,37.2,82.9,12.739,-3.7,NA
"A001",230,56.42,37.06,84.12,12.649,-3.086,NA
"A001",231,56.12,36.66,84.4,12.758,-2.701,NA
"A001",232,57.04,35.3,85.61,13.185,-2.36,NA
"A001",233,57.42,35.28,85.08,12.44,-3.152,NA
"A001",234,57.48,35.24,85.17,12.959,-3.101,NA
"A001",235,58.23,35.52,85.07,13.268,-3.648,NA
"A001",236,58,35.26,84.45,13.24,-4.165,NA
"A001",237,57.81,35.89,83.94,13.842,-4.422,NA
"A001",238,57.87,35.33,84.04,13.555,-4.474,NA
"A001",239,57.88,36.66,83.28,14.421,-4.967,NA
"A001",240,57.88,36.2,84.1,13.881,-4.24,NA
"A001",241,57.87,36.73,84.65,13.162,-3.571,NA
"A001",242,57.47,38.09,84.58,11.855,-3.065,NA
"A001",243,58.22,37.75,85.36,13.315,-2.854,NA
"A001",244,57.83,37.64,85.6,12.661,-2.387,NA
"A001",245,57.54,37.37,85.1,12.653,-2.762,NA
"A001",246,57.23,37.59,85.75,12.224,-1.863,NA
"A001",247,58.48,38.06,86.24,11.54,-2.058,NA
"A001",248,58.96,37.24,86.84,12.09,-1.979,NA
"A001",249,59.44,36.81,87.67,11.358,-1.564,NA
"A001",250,58.34,36.2,87.03,11.154,-1.619,NA
"A001",251,58.32,36.75,86.55,11.976,-1.96,NA
"A001",252,59.24,37.21,84.74,13.98,-4.263,NA
"A001",253,60.22,36.98,85.52,13.075,-4.178,NA
"A001",254,59.08,36.59,84.04,14.049,-5.001,NA
"A001",255,57.87,35.86,83.47,13.971,-4.937,NA
"A001",256,57.38,36.61,82,15.012,-5.925,NA
"A001",257,56.95,36.42,82.65,13.932,-5.036,NA
"A001",258,57.84,37.14,82.22,14.256,-5.894,NA
"A001",259,58.49,38.55,82.7,13.808,-5.474,NA
"A001",260,59.88,39.43,84.39,12.91,-4.43,NA
"A001",261,60.21,38.93,84.45,13.066,-4.72,NA
"A001",262,60.19,39.65,83.85,13.416,-5.097,NA
"A001",263,61.36,39.23,83.97,13.833,-5.84,NA
"A001",264,61.92,39.42,84.31,15.074,-5.797,NA
"A001",265,62.41,39.52,84.83,13.757,-5.547,NA
"A001",266,63.08,39.84,85.12,14.654,-5.57,NA
"A001",267,62.92,39.81,85.2,14.296,-5.405,NA
"A001",268,63.15,39.95,84.62,14.049,-6.077,NA
"A001",269,63.8,40.29,85.85,13.844,-5.133,NA
"A001",270,62.57,38.94,85.8,13.863,-4.861,NA
"A001",271,62.67,38.84,86.65,13.639,-4.099,NA
"A001",272,62.24,39.15,85.64,13.286,-4.742,NA
"A001",273,61.85,39.32,85.82,13.156,-4.272,NA
"A001",274,61.59,39.43,85.31,13.55,-4.577,NA
"A001",275,62.05,40.49,86.25,13.203,-3.596,NA
"A001",276,62.25,40.33,86.25,13.758,-3.775,NA
"A001",277,61.79,40.33,84.83,14.235,-4.911,NA
"A001",278,62.41,40.2,86.24,13.104,-3.921,NA
"A001",279,62.93,41.56,86.52,13.097,-3.504,NA
"A001",280,63.4,41.01,88.57,12.763,-1.93,NA
"A001",281,63.77,41.55,89.05,12.029,-1.488,NA
"A001",282,64.63,42.06,88.82,12.036,-2.057,NA
"A001",283,64.29,41.4,89.47,12.181,-1.441,NA
"A001",284,64.04,41.99,88.66,11.821,-1.897,NA
"A001",285,64.64,42.14,88.91,11.766,-1.945,NA
"A001",286,65.1,42.52,89.42,12.004,-1.573,NA
"A001",287,65.84,41.22,90.13,12.306,-1.769,NA
"A001",288,65.85,40.63,88.94,12.912,-3.17,NA
"A001",289,66.25,40.34,89.27,12.813,-3.184,NA
"A001",290,66.93,40.42,89.3,13.407,-3.53,NA
"A001",291,66.46,40.35,89.4,12.361,-3.176,NA
"A001",292,67.53,40.23,90.12,13.427,-3.13,NA
"A001",293,67.02,40.58,89.47,12.924,-3.349,NA
"A001",294,66.02,41.08,88.6,13.129,-3.454,NA
"A001",295,66.05,41.99,88.96,12.672,-2.785,NA
"A001",296,66.29,42.17,89.82,12.518,-2.007,NA
"A001",297,65.99,41.28,89.93,12.326,-2.037,NA
"A001",298,65.53,40.35,89.94,11.653,-2.08,NA
"A001",299,65.34,41.14,88.67,12.686,-2.964,NA
"A001",300,66.27,40.82,89.55,12.642,-2.744,NA
"A001",301,65.18,40.98,88.66,12.362,-2.923,NA
"A001",302,64.22,41.15,88.01,13.128,-2.936,NA
"A001",303,63.85,41.47,86.3,13.079,-4.314,NA
"A001",304,64.95,41.11,86.74,13.341,-4.661,NA
"A001",305,65.85,40.84,86.16,14.673,-5.871,NA
"A001",306,65.63,41.06,84.67,15.476,-7.153,NA
"A001",307,65.98,40.53,85.38,15.363,-6.839,NA
"A001",308,66.66,40.39,85.2,15.922,-7.476,NA
"A001",309,67.21,40.05,84.75,15.799,-8.368,NA
"A001",310,67.74,39.44,85.91,14.619,-7.744,NA
"A001",311,68.03,39.65,85.46,15.228,-8.296,NA
"A001",312,68.39,40.01,87.19,15.177,-6.643,NA
"A001",313,67.66,40.13,86.34,14.701,-7.029,NA
"A001",314,69.16,40.38,86.7,15.041,-7.462,NA
"A001",315,69.14,40.35,86.78,15.338,-7.382,NA
"A001",316,69.55,40.28,86.12,16.383,-8.302,NA
"A001",317,68.82,39.37,86.62,13.945,-7.694,NA
"A001",318,68.77,40.24,86.18,15.559,-7.797,NA
"A001",319,69.42,41.16,85.66,15.417,-8.359,NA
"A001",320,69.65,41.64,85.24,15.775,-8.731,NA
"A002",1,52.6,85.52,56.27,13.598,-6.085,-6.085
"A002",2,53.41,85.45,57.04,13.127,-6.338,-6.338
"A002",3,54.51,84.54,59.99,12.985,-5.06,-5.06
"A002",4,53.66,84.49,58.9,12.468,-5.208,-5.208
"A002",5,54.08,83.56,59.39,13.189,-5.631,-5.631
"A002",6,53.94,83.78,59.16,12.896,-5.599,-5.599
"A002",7,54.39,84.04,60.49,12.652,-4.652,-4.652
"A002",8,55.59,83.66,62.38,12.022,-4.202,-4.202
"A002",9,56.29,83.67,63.05,13.023,-4.217,-4.217
"A002",10,56.15,83.2,64.52,12.392,-2.831,-2.831
"A002",11,57.14,82.83,65.58,11.906,-2.858,-2.858
"A002",12,56.29,82.91,65.13,11.087,-2.487,-2.487
"A002",13,56.53,83.65,64.24,11.925,-3.263,-3.263
"A002",14,56.24,83.81,64.44,10.935,-2.714,-2.714
"A002",15,56.41,83.1,64.87,11.474,-2.772,-2.772
"A002",16,55.77,82.78,64.31,11.538,-2.859,-2.859
"A002",17,56.96,82.22,66.53,11.327,-2.029,-2.029
"A002",18,55.64,82.48,65.24,10.155,-1.939,-1.939
"A002",19,55.81,82.37,65.96,11.068,-1.442,-1.442
"A002",20,55.12,82.39,65.3,10.774,-1.401,-1.401
"A002",21,55.01,81.31,65.09,11.424,-2.014,-2.014
"A002",22,55.88,81.27,64.98,11.64,-3.016,-3.016
"A002",23,55.77,81.16,65.03,11.008,-2.907,-2.907
"A002",24,55.99,81.16,64.78,11.669,-3.374,-3.374
"A002",25,54.92,81.65,63.64,11.128,-3.209,-3.209
"A002",26,53.65,81.31,62.59,11.804,-3.053,-3.053
"A002",27,53.32,81.72,61.31,11.513,-3.751,-3.751
"A002",28,54.04,81.41,62.08,13.008,-3.941,-3.941
"A002",29,53.03,80.44,60.94,12.995,-4.458,-4.458
"A002",30,53.51,79.85,63.04,12.12,-3.208,-3.208
"A002",31,54.26,80.15,64.24,10.8,-2.661,-2.661
"A002",32,53.94,80.61,63.44,11.269,-2.886,-2.886
"A002",33,53.52,79.56,64.28,11.268,-2.136,-2.136
"A002",34,54.96,78.87,66.47,10.918,-1.818,-1.818
"A002",35,55.22,78.58,66.6,10.395,-2.08,-2.08
"A002",36,55.16,79.39,65.79,10.936,-2.412,-2.412
"A002",37,54.82,79.39,64.84,11.558,-3.032,-3.032
"A002",38,54.88,78.33,65.65,11.152,-2.82,-2.82
"A002",39,54.98,78.06,65.65,11.38,-3.067,-3.067
"A002",40,55.51,77.49,66.54,12.081,-2.956,-2.956
"A002",41,55.76,77.94,67.17,11.397,-2.344,-2.344
"A002",42,55.68,78.36,67.44,11.337,-1.786,-1.786
"A002",43,55.63,77.73,67.65,10.9,-1.845,-1.845
"A002",44,55.41,78.31,66.99,10.613,-2.01,-2.01
"A002",45,55.45,79.78,67.03,10.789,-1.265,-1.265
"A002",46,55.08,80.13,65.88,10.827,-1.879,-1.879
"A002",47,55.25,78.19,65.68,11.889,-3.222,-3.222
"A002",48,55.7,78.13,65.77,12.143,-3.593,-3.593
"A002",49,56.36,77.37,65.85,12.72,-4.496,-4.496
"A002",50,56.55,77.65,65.7,12.902,-4.674,-4.674
"A002",51,57.43,77.93,66.51,13.305,-4.48,-4.48
"A002",52,56.89,76.99,67.33,12.378,-3.654,-3.654
"A002",53,56.59,76.82,67.29,12.737,-3.523,-3.523
"A002",54,57.16,76.02,68.39,11.85,-3.292,-3.292
"A002",55,57.12,76.51,68.77,10.746,-2.641,-2.641
"A002",56,57.12,75.98,68.52,11.807,-3.153,-3.153
"A002",57,57.95,75.9,69.84,11.416,-2.54,-2.54
"A002",58,58.12,76.17,69.78,11.684,-2.596,-2.596
"A002",59,58.22,75.82,70.25,11.335,-2.37,-2.37
"A002",60,58.35,76.16,70.07,11.691,-2.493,-2.493
"A002",61,57.7,75.62,69.29,11.451,-3.028,-3.028
"A002",62,58.3,75.44,70.31,10.999,-2.554,-2.554
"A002",63,58.6,74.76,70.55,11.689,-2.864,-2.864
"A002",64,57.28,74.18,69.95,11.489,-2.711,-2.711
"A002",65,56.76,73.78,69.62,12.171,-2.814,-2.814
"A002",66,56.81,73.53,69.18,11.837,-3.409,-3.409
"A002",67,56.89,73.8,67.73,12.699,-4.799,-4.799
"A002",68,57.67,74.33,67.94,12.742,-4.953,-4.953
"A002",69,57.53,73.36,68.55,12.495,-4.694,-4.694
"A002",70,58.03,74.44,68.37,12.96,-4.759,-4.759
"A002",71,58.42,74.27,68.35,13.265,-5.146,-5.146
"A002",72,57.98,73.1,67.8,13.612,-5.918,-5.918
"A002",73,57.63,72.34,68.14,13.189,-5.663,-5.663
"A002",74,58.06,71.81,68.97,13.126,-5.406,-5.406
"A002",75,58.63,71.45,70.53,12.953,-4.431,-4.431
"A002",76,58.85,72,70.61,12.931,-4.263,-4.263
"A002",77,59.04,71.17,72.07,12.188,-3.308,-3.308
"A002",78,58.76,72.11,71.44,11.254,-3.315,-3.315
"A002",79,58.16,73.95,69.84,12.083,-3.616,-3.616
"A002",80,58.65,73.51,70.62,12.218,-3.417,-3.417
"A002",81,57.98,72.5,70.53,12.134,-3.464,-3.464
"A002",82,58.19,71.27,71.2,12.169,-3.524,-3.524
"A002",83,57.91,70.65,70.47,12.355,-4.328,-4.328
"A002",84,57.73,69.62,70.67,12.603,-4.458,-4.458
"A002",85,57.96,69.08,70.24,13.286,-5.297,-5.297
"A002",86,59.13,68.91,71.07,13.388,-5.39,-5.39
"A002",87,58.99,69.16,71.6,12.719,-4.653,-4.653
"A002",88,58.26,69.09,69.01,13.479,-6.745,-6.745
"A002",89,57.93,69.46,68.5,14.265,-6.857,-6.857
"A002",90,57.84,68.6,68.94,13.376,-6.727,-6.727
"A002",91,57.9,68.67,68.55,13.668,-7.139,-7.139
"A002",92,58.16,68.39,68.4,14.108,-7.604,-7.604
"A002",93,58.46,68.14,70.21,13.651,-6.115,-6.115
"A002",94,58.97,68.65,71.04,13.311,-5.426,-5.426
"A002",95,58.24,67.77,70.42,13.553,-5.909,NA
"A002",96,58.63,67.6,71.14,12.643,-5.55,NA
"A002",97,58.82,67.38,71.25,13.275,-5.663,NA
"A002",98,58.95,67.51,70.89,12.934,-6.065,NA
"A002",99,59.57,67.05,72.08,13.9,-5.502,NA
"A002",100,59.36,67.69,72.27,13.949,-4.882,NA
"A002",101,60.47,67.39,72.65,13.14,-5.375,NA
"A002",102,59.34,65.79,74.1,12.751,-3.869,NA
"A002",103,59.54,65.7,73.66,12.758,-4.489,NA
"A002",104,59.29,65.95,73.98,12.108,-3.883,NA
"A002",105,59.39,66.23,73.96,12.692,-3.851,NA
"A002",106,59.07,65.63,73.78,12.091,-4.072,NA
"A002",107,60.26,65.78,74.5,12.201,-4.091,NA
"A002",108,60.53,66.39,75.31,12.166,-3.193,NA
"A002",109,59.92,66.73,75.48,10.856,-2.47,NA
"A002",110,59.63,66.82,75.15,11.487,-2.567,NA
"A002",111,59.62,66.49,75.76,11.142,-2.097,NA
"A002",112,59.93,67.76,75.23,10.816,-2.282,NA
"A002",113,59.95,67.64,75.74,11.521,-1.836,NA
"A002",114,60.22,66.13,76.32,10.589,-2.082,NA
"A002",115,59.59,66.42,76.6,10.826,-1.266,NA
"A002",116,60.37,65.61,76.16,11.365,-2.575,NA
"A002",117,59.94,64.86,76.91,11.329,-1.863,NA
"A002",118,60.35,63.44,77.74,10.78,-1.906,NA
"A002",119,59.21,62.45,77.89,11.345,-1.42,NA
"A002",120,58.95,61.76,78.89,10.337,-0.532,NA
"A002",121,59.28,61.28,79.68,10.018,-0.175,NA
"A002",122,60.36,60.09,81.82,9.476,0.763,NA
"A002",123,61.14,59.37,82.61,9.625,0.738,NA
"A002",124,60.34,58.94,80.69,10.557,-0.842,NA
"A002",125,60.27,58.91,80.06,10.754,-1.436,NA
"A002",126,59.97,58.83,80.34,11.691,-1.002,NA
"A002",127,59.81,58.87,79.64,10.569,-1.575,NA
"A002",128,60.08,57.98,80.25,11.103,-1.521,NA
"A002",129,60.25,57.03,80.24,11.659,-2.031,NA
"A002",130,60.86,57.03,80.77,11.629,-1.896,NA
"A002",131,61.56,57.09,81.02,11.774,-2.06,NA
"A002",132,61.15,56.96,80.64,11.511,-2.236,NA
"A002",133,61.3,57.09,80.93,10.452,-1.992,NA
"A002",134,61.03,57.64,81.26,10.216,-1.257,NA
"A002",135,61.53,57.58,81.11,11.021,-1.744,NA
"A002",136,60.13,58.06,79.13,11.028,-2.638,NA
"A002",137,60.26,58.4,79.67,10.388,-2.034,NA
"A002",138,61.54,59.31,79.11,11.245,-3.026,NA
"A002",139,61.84,60.56,78.93,10.867,-2.875,NA
"A002",140,62.12,59.58,79.92,11.89,-2.474,NA
"A002",141,61.64,60.34,79.34,11.635,-2.435,NA
"A002",142,61.72,60.1,80.5,10.364,-1.424,NA
"A002",143,61.67,60.58,80,11.22,-1.696,NA
"A002",144,61.97,60.8,80.61,10.578,-1.183,NA
"A002",145,61.46,60.85,80.9,10.314,-0.55,NA
"A002",146,62.03,61.55,80.64,10.568,-0.869,NA
"A002",147,62.69,61.75,81.04,9.828,-0.787,NA
"A002",148,63.47,61.73,80.78,10.71,-1.526,NA
"A002",149,63.88,61.83,81.53,11.32,-0.977,NA
"A002",150,64.07,61.48,81.96,10.293,-0.8,NA
"A002",151,64.5,61.96,80.73,11.67,-2.076,NA
"A002",152,64.38,61.89,80.62,11.677,-2.146,NA
"A002",153,64.96,60.94,81.53,10.385,-1.977,NA
"A002",154,64.25,60.17,81.83,11.034,-1.589,NA
"A002",155,64.72,59.51,82.21,11.128,-1.756,NA
"A002",156,63.3,59.09,80.72,11.752,-2.595,NA
"A002",157,64.14,58.05,81.49,11.983,-2.749,NA
"A002",158,63.19,57.73,82.08,10.716,-1.732,NA
"A002",159,62.63,57.19,81.18,11.284,-2.525,NA
"A002",160,62.35,56.21,80.71,12.524,-3.228,NA
"A002",161,62.72,56.91,80.38,11.679,-3.499,NA
"A002",162,62.36,57.72,78.39,13.187,-4.931,NA
"A002",163,63.62,57.03,78.8,13.175,-5.56,NA
"A002",164,63.75,57.27,77.95,13.419,-6.393,NA
"A002",165,63.5,57.14,78.81,12.974,-5.43,NA
"A002",166,63.76,56.57,79.98,12.72,-4.651,NA
"A002",167,64.19,56.03,79.9,12.826,-5.214,NA
"A002",168,64.72,57.16,80.2,12.432,-4.752,NA
"A002",169,65.04,56.65,80.51,13.383,-4.845,NA
"A002",170,64.11,56.91,80.03,12.667,-4.669,NA
"A002",171,64.3,57.03,81.12,12.23,-3.642,NA
"A002",172,65.12,57.09,80.4,13.165,-4.815,NA
"A002",173,64.97,56.7,80.43,13.09,-4.862,NA
"A002",174,65.91,56.34,81.46,12.454,-4.523,NA
"A002",175,66.3,56.32,80.59,13.297,-5.615,NA
"A002",176,65.98,54.43,81.45,13.279,-5.361,NA
"A002",177,65.97,53.46,82.57,12.008,-4.631,NA
"A002",178,65.4,53.36,82.29,12.888,-4.63,NA
"A002",179,66.33,53.4,82.96,12.199,-4.478,NA
"A002",180,66.48,52.72,83.43,12.707,-4.365,NA
"A002",181,66.59,53.22,83.52,12.619,-4.14,NA
"A002",182,66.29,52.09,84.24,12.358,-3.707,NA
"A002",183,66.23,52.3,84.05,12.283,-3.778,NA
"A002",184,67.27,51.98,83.62,12.657,-4.933,NA
"A002",185,65.96,51.6,84.07,12.521,-3.89,NA
"A002",186,66.2,51.58,83.79,12.971,-4.318,NA
"A002",187,66.54,50.43,84.23,12.941,-4.538,NA
"A002",188,65.4,51.42,83,12.619,-4.71,NA
"A002",189,65.7,51.2,83.52,12.982,-4.458,NA
"A002",190,65.15,49.61,83.87,12.697,-4.434,NA
"A002",191,64.79,48.63,84.38,12.573,-4.105,NA
"A002",192,65.79,49.13,84.53,12.195,-4.328,NA
"A002",193,65.27,49.28,84.29,12.353,-4.214,NA
"A002",194,65.68,49.45,84.69,11.947,-3.98,NA
"A002",195,65.34,49.22,85.08,12.138,-3.484,NA
"A002",196,64.99,48.98,84.64,11.8,-3.82,NA
"A002",197,65.19,48.06,85.32,11.766,-3.62,NA
"A002",198,64.66,47.1,85.66,11.985,-3.345,NA
"A002",199,65.62,47.46,86.04,12.692,-3.385,NA
"A002",200,66.04,47.37,86.15,11.982,-3.555,NA
"A002",201,67.16,47.5,87.38,11.444,-2.91,NA
"A002",202,67.03,47.95,87.24,12.001,-2.801,NA
"A002",203,67.21,47.74,85.71,12.011,-4.512,NA
"A002",204,66.8,47.23,85.68,12.333,-4.514,NA
"A002",205,67.07,47.14,85.71,12.811,-4.676,NA
"A002",206,66.65,48.48,85.18,11.986,-4.436,NA
"A002",207,67.31,48.08,86.03,11.997,-4.117,NA
"A002",208,67.43,47.5,86.63,12.015,-3.819,NA
"A002",209,68.08,47.93,87.28,11.824,-3.358,NA
"A002",210,67.62,46.35,86.97,11.283,-4.032,NA
"A002",211,67.59,46.15,86.14,12.454,-4.924,NA
"A002",212,68.04,45.71,86.63,12.908,-4.871,NA
"A002",213,67.14,45.58,86.12,12.438,-4.909,NA
"A002",214,68.01,45.82,87.1,12.377,-4.333,NA
"A002",215,68.71,45.94,88.29,12.46,-3.497,NA
"A002",216,69.25,45.45,88.71,11.977,-3.573,NA
"A002",217,69.69,44.93,88.12,13.46,-4.612,NA
"A002",218,69.55,44.34,89.19,13.53,-3.698,NA
"A002",219,70.22,45.4,89.42,13.184,-3.432,NA
"A002",220,69.45,44.62,89.17,11.897,-3.552,NA
"A002",221,70.39,44.94,89.99,12.72,-3.133,NA
"A002",222,69.97,45.9,89.36,12.179,-3.157,NA
"A002",223,70.14,46.03,90.79,10.378,-1.762,NA
"A002",224,68.98,45.66,89.76,10.716,-2.287,NA
"A002",225,69.35,45.87,89.83,11.261,-2.345,NA
"A002",226,69.75,45.22,89.53,12.042,-3.133,NA
"A002",227,69.96,45.65,88.57,12.877,-4.033,NA
"A002",228,70.05,46.44,88.81,12.163,-3.535,NA
"A002",229,69.46,46.6,89.2,12.174,-2.752,NA
"A002",230,69.53,46.3,89.71,11.443,-2.393,NA
"A002",231,69.57,46.24,88.8,12.1,-3.352,NA
"A002",232,69.44,45.95,89.07,12.42,-3.121,NA
"A002",233,68.39,44.61,88.37,12.316,-3.755,NA
"A002",234,68.24,45.57,88.17,12.036,-3.491,NA
"A002",235,69.14,45.83,87.28,13.005,-4.793,NA
"A002",236,69.49,45.15,88.6,12.04,-3.936,NA
"A002",237,69.52,44.48,90.05,11.904,-2.77,NA
"A003",1,81.28,27.88,104.62,15.779,-1.336,-1.336
"A003",2,80.75,28.68,102.59,15.88,-2.743,-2.743
"A003",3,79.92,27.16,103.61,15.526,-1.828,-1.828
"A003",4,80.4,27.25,103.46,16.025,-2.223,-2.223
"A003",5,79.78,27.44,103.94,14.971,-1.311,-1.311
"A003",6,80.58,27.25,104.25,15.473,-1.545,-1.545
"A003",7,79.65,26.59,104.01,15.533,-1.495,-1.495
"A003",8,79.6,26.55,103.37,15.208,-2.126,-2.126
"A003",9,80.32,26.56,103.38,16.245,-2.534,-2.534
"A003",10,80.52,26.41,102.89,16.348,-3.193,-3.193
"A003",11,81.2,26.19,102.74,16.724,-3.83,-3.83
"A003",12,81.55,26.16,104.7,15.868,-2.085,-2.085
"A003",13,81.75,25.26,105.96,15.439,-1.292,-1.292
"A003",14,83.03,26.21,105.62,16.296,-1.995,-1.995
"A003",15,82.47,26.69,105.39,15.861,-1.717,-1.717
"A003",16,82.53,26.36,105.81,15.393,-1.456,-1.456
"A003",17,82.15,26.01,104.97,15.895,-2.216,-2.216
"A003",18,81.81,25.99,104.43,16.112,-2.564,-2.564
"A003",19,81.82,26.11,103.53,17.446,-3.428,-3.428
"A003",20,81.45,26.16,102.87,17.101,-3.858,-3.858
"A003",21,82.14,25.49,103.09,16.9,-4.298,-4.298
"A003",22,82.82,25.99,103.9,16.39,-3.678,-3.678
"A003",23,83.18,26.34,104.75,16.151,-2.897,-2.897
"A003",24,82.09,26.22,104.64,16.112,-2.431,-2.431
"A003",25,81.99,26.2,104.72,16.035,-2.301,-2.301
"A003",26,82.42,26.11,104.87,15.232,-2.43,-2.43
"A003",27,82.47,26.19,105.55,15.821,-1.743,-1.743
"A003",28,83.47,26.03,105.88,15.476,-2.052,-2.052
"A003",29,83.28,26.74,106.48,15.379,-1.065,-1.065
"A003",30,83.27,25.67,106.25,15.07,-1.704,-1.704
"A003",31,83.51,26.05,106.12,15.461,-1.821,-1.821
"A003",32,83.85,26.29,106.39,14.959,-1.651,-1.651
"A003",33,84.13,25.82,106,16.697,-2.386,-2.386
"A003",34,83.83,25.2,106.19,15.597,-2.28,-2.28
"A003",35,84.73,25.17,106.71,15.887,-2.272,-2.272
"A003",36,84.95,25.36,106.33,16.529,-2.698,-2.698
"A003",37,85.11,25.92,105.8,16.235,-3.098,-3.098
"A003",38,84.44,25.68,104.65,16.435,-3.971,-3.971
"A003",39,83.86,25.98,104.32,16.425,-3.849,-3.849
"A003",40,83.53,25.02,104.38,16.923,-3.983,-3.983
"A003",41,83.24,24.37,105.35,16.078,-3.105,-3.105
"A003",42,83.9,24.02,105.76,16.147,-3.204,-3.204
"A003",43,84.5,23.91,106.29,16.128,-3.063,-3.063
"A003",44,84.98,23.89,107.35,16.319,-2.293,-2.293
"A003",45,84.9,23.54,107.72,16.222,-2.01,-2.01
"A003",46,84.46,23.83,108.08,15.166,-1.288,-1.288
"A003",47,83.55,24.61,107,14.975,-1.541,-1.541
"A003",48,82.9,24.12,107.77,15.168,-0.595,-0.595
"A003",49,84.01,23.81,107.7,14.601,-1.419,-1.419
"A003",50,83.61,22.67,107.18,15.896,-2.166,-2.166
"A003",51,83.18,22.55,106.6,15.97,-2.547,-2.547
"A003",52,83.02,23.03,106.68,16.353,-2.178,-2.178
"A003",53,82.64,22.7,106.91,15.007,-1.869,-1.869
"A003",54,82.39,21.93,107.9,14.975,-1.032,-1.032
"A003",55,83.74,21.3,109.18,14.499,-0.781,-0.781
"A003",56,83.44,21.89,108.55,15.308,-1.002,-1.002
"A003",57,83.33,22.71,108.19,15.017,-0.975,-0.975
"A003",58,83.48,22.29,108.46,14.868,-0.961,-0.961
"A003",59,84.85,22.89,108.04,15.358,-1.924,-1.924
"A003",60,84.66,22.5,108.27,15.715,-1.732,-1.732
"A003",61,84.89,22.01,108.59,15.972,-1.745,-1.745
"A003",62,85.14,22.76,108.37,15.668,-1.8,-1.8
"A003",63,84.99,23.57,108.13,14.645,-1.638,-1.638
"A003",64,83.71,23.39,107.26,15.791,-1.86,-1.86
"A003",65,84.73,22.52,107.42,16.562,-2.615,-2.615
"A003",66,84.7,22.63,108.42,15.708,-1.557,-1.557
"A003",67,85.07,21.84,108.53,15.362,-1.966,-1.966
"A003",68,84.69,22.04,107.93,15.288,-2.274,-2.274
"A003",69,85.15,22.81,107.65,15.356,-2.508,-2.508
"A003",70,85.73,22.65,107.62,16.674,-2.927,-2.927
"A003",71,86.63,22.54,108.19,16.138,-2.909,-2.909
"A003",72,86,21.36,108.85,15.691,-2.365,-2.365
"A003",73,86.13,21.1,109.35,15.902,-2.047,-2.047
"A003",74,85.98,22.07,108.48,15.766,-2.438,-2.438
"A003",75,85.74,21.21,108.69,15.999,-2.433,-2.433
"A003",76,85.2,21.49,106.95,17.591,-3.765,-3.765
"A003",77,85.64,21.02,107.37,16.606,-3.783,-3.783
"A003",78,85.94,20.49,107.79,15.522,-3.744,-3.744
"A003",79,87.11,21.49,108.9,16.129,-2.88,-2.88
"A003",80,85.75,20.23,109.19,15.393,-2.333,-2.333
"A003",81,86.99,21.37,109.28,16.46,-2.485,-2.485
"A003",82,86.57,20.61,108.88,15.523,-2.953,-2.953
"A003",83,87.22,19.81,110.23,16.319,-2.283,-2.283
"A003",84,87.23,20.15,110.2,15.35,-2.187,-2.187
"A003",85,87.46,20.34,109.23,16.435,-3.206,-3.206
"A003",86,87.51,19.89,109.19,16.533,-3.45,-3.45
"A003",87,88.16,19.25,110.54,15.917,-2.724,-2.724
"A003",88,87.61,18.84,109.79,16.316,-3.329,-3.329
"A003",89,87.94,19.73,108.25,17.989,-4.708,-4.708
"A003",90,86.92,19.76,107.76,17.403,-4.605,-4.605
"A003",91,86.37,20.72,106.71,17.856,-4.965,-4.965
"A003",92,86.74,21.15,108,16.392,-3.712,-3.712
"A003",93,86.93,21.39,108.44,16.257,-3.281,-3.281
"A003",94,86.77,21.98,108.01,15.862,-3.387,-3.387
"A003",95,86.7,21.46,107.25,17.115,-4.324,-4.324
"A003",96,86.83,21.79,107.43,16.907,-4.085,-4.085
"A003",97,87.37,22.14,107.52,16.501,-4.151,-4.151
"A003",98,86.24,21.55,108.03,16.247,-3.241,-3.241
"A003",99,86.45,22.77,108.85,15.168,-2.048,-2.048
"A003",100,85.55,22.96,108.27,15.592,-2.056,-2.056
"A003",101,86.53,22.82,108.63,16.124,-2.305,-2.305
"A003",102,87.1,22.78,109.47,15.499,-1.797,-1.797
"A003",103,86.92,22.63,108.91,15.891,-2.318,-2.318
"A003",104,87.64,23.23,109.97,15.15,-1.424,-1.424
"A003",105,87.31,22.64,109.08,16.286,-2.361,-2.361
"A003",106,85.96,22.75,108.73,15.617,-1.912,-1.912
"A003",107,85.23,21.91,108,16.295,-2.56,-2.56
"A003",108,85.38,20.34,108.77,15.655,-2.506,-2.506
"A003",109,85.02,19.52,108.88,16.62,-2.52,-2.52
"A003",110,85.4,20.32,109.51,15.024,-1.782,-1.782
"A003",111,86.67,20.88,110.89,15.144,-0.895,-0.895
"A003",112,86.55,20.58,111.25,14.565,-0.592,-0.592
"A003",113,86.68,20.62,111.03,14.951,-0.863,-0.863
"A003",114,87.33,19.57,111.61,15.685,-1.07,-1.07
"A003",115,88.46,19.51,111.75,15.418,-1.58,-1.58
"A003",116,86.89,19.53,110.53,15.57,-1.916,-1.916
"A003",117,87.47,18.98,110.44,16.121,-2.545,-2.545
"A003",118,87.02,19.09,109.36,16.729,-3.339,-3.339
"A003",119,87.08,18.77,109.21,16.173,-3.648,-3.648
"A003",120,85.94,18.68,109.72,15.744,-2.532,NA
"A003",121,85.72,18.26,109.06,17.31,-3.234,NA
"A003",122,86.68,18.37,109.29,16.217,-3.5,NA
"A003",123,87.24,19.02,109.32,16.95,-3.52,NA
"A003",124,86.69,19.32,108.24,16.639,-4.179,NA
"A003",125,86.92,19,108.94,17.027,-3.73,NA
"A003",126,86.8,19.13,108.96,16.678,-3.595,NA
"A003",127,85.93,18.76,108.4,16.549,-3.814,NA
"A003",128,85.72,17.66,107.76,17.608,-4.778,NA
"A003",129,86.77,16.6,109.59,16.297,-3.962,NA
"A003",130,86.61,15.85,109.16,17.279,-4.599,NA
"A003",131,86.07,16.36,108.92,16.882,-4.335,NA
"A003",132,86.69,17.28,108.81,16.746,-4.418,NA
"A003",133,86.81,17.29,109.98,15.766,-3.319,NA
"A003",134,86.48,16.88,109.62,16.37,-3.655,NA
"A003",135,86.75,17.53,110.27,16.139,-2.892,NA
"A003",136,85.18,17.74,109.86,15.97,-2.342,NA
"A003",137,85.9,18.77,109.5,16.026,-2.698,NA
"A003",138,85.61,18.96,110.12,15.628,-1.835,NA
"A003",139,86.34,19.19,110.25,15.313,-2.025,NA
"A003",140,87.58,19.68,109.85,16.822,-2.924,NA
"A003",141,88.05,19.97,109.53,16.197,-3.39,NA
"A003",142,88.08,19.09,110.65,15.664,-2.64,NA
"A003",143,87.27,19.64,109.47,16.775,-3.14,NA
"A003",144,86.48,19.29,108.8,15.154,-3.507,NA
"A003",145,86.63,19.75,109.32,16.315,-2.894,NA
"A003",146,86.15,19.84,108.92,16.264,-2.987,NA
"A003",147,86.15,19.39,108.49,16.297,-3.59,NA
"A003",148,85.67,19.34,108.33,15.977,-3.511,NA
"A003",149,86.96,18.97,108.51,17.308,-4.2,NA
"A003",150,86.82,19.45,107.5,17.539,-4.931,NA
"A003",151,87.15,18.81,108.59,17.092,-4.289,NA
"A003",152,87.44,19.02,109.07,17.63,-3.888,NA
"A003",153,87.67,17.38,110.03,16.719,-3.709,NA
"A003",154,87.16,16.79,108.88,17.904,-4.81,NA
"A003",155,87.45,16.58,108.98,17.686,-4.962,NA
"A003",156,88.01,15.76,110.69,16.246,-3.888,NA
"A003",157,87.58,16.59,109.97,16.519,-4.033,NA
"A003",158,89.38,16.16,110.91,16.91,-4.268,NA
"A003",159,89.23,15.09,111.46,17.15,-4.064,NA
"A003",160,89.01,14.75,111.4,16.764,-4.139,NA
"A003",161,88.58,15.46,111.59,16.686,-3.425,NA
"A003",162,89.45,14.4,111.66,16.631,-4.262,NA
"A003",163,91.05,14.19,113,16.596,-3.893,NA
"A003",164,90.5,14.66,113.12,16.005,-3.277,NA
"A003",165,89.92,13.94,112.78,16.484,-3.595,NA
"A003",166,89.58,14.26,112.07,16.193,-3.985,NA
"A003",167,88.76,14.54,110.34,17.372,-5.143,NA
"A003",168,89.82,14.83,110.89,18.673,-5.064,NA
"A003",169,89.35,15.66,109.63,17.636,-5.728,NA
"A003",170,88.49,15.37,109.15,17.108,-5.849,NA
"A003",171,87.85,15.1,108.52,18.441,-6.227,NA
"A003",172,87.81,14.66,108.13,18.134,-6.776,NA
"A003",173,87.14,15.5,107.17,18.339,-7.023,NA
"A003",174,87.58,15.01,107.84,19.117,-6.798,NA
"A003",175,87.33,15.46,108.52,17.482,-5.801,NA
"A003",176,88.16,15.55,109.58,17.911,-5.169,NA
"A003",177,88.88,15.54,109.46,17.222,-5.694,NA
"A003",178,89.1,16.79,109.29,17.699,-5.478,NA
"A003",179,89.39,16.84,109.85,17.774,-5.063,NA
"A003",180,89.58,16.31,110.86,16.832,-4.377,NA
"A003",181,89.45,15.04,112.31,16.29,-3.358,NA
"A003",182,89.28,14.88,112.42,16.584,-3.216,NA
"A003",183,89.55,16.16,111.37,16.847,-3.905,NA
"A003",184,89.23,14.85,111.35,16.955,-4.276,NA
"A003",185,89.11,15.63,111.54,16.379,-3.705,NA
"A003",186,88.97,15.92,111.99,16.344,-3.056,NA
"A003",187,88.97,15.02,111.7,17.093,-3.705,NA
"A003",188,88.35,15.16,111.13,16.633,-3.875,NA
"A003",189,88.68,16.77,111.12,17.718,-3.429,NA
"A003",190,89.26,16.72,112.31,16.012,-2.582,NA
"A003",191,89.93,17.71,111.81,16.12,-3.055,NA
"A003",192,88.94,16.46,111.23,16.606,-3.585,NA
"A003",193,88.54,16.05,111.1,17.487,-3.665,NA
"A003",194,89.54,15.6,111.71,16.607,-3.785,NA
"A003",195,90.82,15.99,111.83,17.868,-4.215,NA
"A003",196,90.41,15.47,112.13,16.844,-3.894,NA
"A003",197,90.46,16.08,112.33,16.487,-3.477,NA
"A003",198,90.02,15.44,112.63,16.307,-3.194,NA
"A003",199,88.79,15.17,112.37,16.336,-2.879,NA
"A003",200,89.33,15.56,112.95,16.378,-2.44,NA
"A003",201,88.94,16.23,113.08,15.516,-1.83,NA
"A003",202,89.41,15.83,112.93,16.211,-2.392,NA
"A003",203,90.37,14.57,113.81,15.597,-2.551,NA
"A003",204,90.11,13.89,114.24,16.349,-2.251,NA
"A003",205,91.02,14,114.28,15.833,-2.669,NA
"A003",206,90.72,13.55,114.18,16.192,-2.781,NA
"A003",207,91.77,14.55,114.51,15.908,-2.631,NA
"A003",208,92.2,15.43,115.18,14.571,-1.849,NA
"A003",209,92.17,14.44,116.18,14.789,-1.234,NA
"A003",210,92.36,13.17,116.24,15.399,-1.784,NA
"A003",211,92.22,12.61,116.6,15.342,-1.575,NA
"A003",212,92.22,12.35,117.17,15.244,-1.1,NA
"A003",213,92.05,11.33,116.74,15.005,-1.853,NA
"A003",214,91.55,10.39,117.05,15.509,-1.641,NA
"A003",215,92.47,10.63,115.73,17.318,-3.369,NA
"A003",216,91.7,10.11,114.82,17.457,-4.068,NA
"A003",217,92.17,10.33,115.27,17.375,-3.784,NA
"A003",218,93.29,10.11,116.63,15.975,-3.129,NA
"A003",219,92.18,10.52,114.92,17.514,-4.064,NA
"A003",220,91.48,10.99,114.04,17.446,-4.372,NA
"A003",221,90.79,11.48,115.44,15.42,-2.396,NA
"A003",222,90.88,10.93,114.61,16.457,-3.495,NA
"A003",223,90.64,12.06,115.53,15.483,-1.993,NA
"A003",224,91.27,10.99,116.61,15.64,-1.682,NA
"A003",225,92.03,11.1,117.62,15.39,-1.052,NA
"A003",226,93.01,10.58,120.07,14.631,0.645,NA
"A003",227,92.63,10.31,120.11,13.346,0.79,NA
"A003",228,92.5,10.02,120.25,13.869,0.888,NA
"A003",229,92.42,10.87,119.92,14.238,0.934,NA
"A003",230,91.68,10.33,119.99,13.743,1.205,NA
"A003",231,90.9,10.76,119.69,14.323,1.51,NA
"A003",232,90.28,11.02,119.01,14.227,1.273,NA
"A003",233,90.34,12.09,118.54,14.29,1.202,NA
"A003",234,90.3,12.46,118.21,14.37,1.039,NA
"A003",235,90.55,10.96,118.91,13.671,1.003,NA
"A003",236,90.55,11.4,118.55,14.608,0.813,NA
"A003",237,90,12.01,118.96,13.718,1.777,NA
"A003",238,89.07,11.32,119.93,12.085,2.988,NA
"A003",239,88.71,11.66,119.59,12.696,2.976,NA
"A003",240,89.48,10.42,119.78,13.218,2.249,NA
"A003",241,88.89,10.14,119.14,13.827,1.825,NA
"A003",242,89.42,10.17,119.51,13.527,1.913,NA
"A003",243,89.38,10.4,118.21,13.847,0.728,NA
"A003",244,89.42,10.63,117.65,14.318,0.231,NA
"A003",245,90.09,11.1,116.54,15.733,-1.055,NA
"A003",246,90.04,10.58,117.32,15.558,-0.461,NA
"A003",247,90.68,9.73,119.47,14.767,1,NA
"A003",248,91.69,10.18,119.67,14.06,0.819,NA
"A003",249,92.49,10.08,120.13,14.146,0.8,NA
"A003",250,91.93,9.49,119.72,14.584,0.465,NA
"A003",251,92.12,10.12,118.55,15.357,-0.567,NA
"A003",252,92.33,9.9,119.33,14.492,0.017,NA
"A003",253,91.64,10.18,118.91,14.455,0.091,NA
"A003",254,91.52,9.92,118.17,14.304,-0.693,NA
"A003",255,92.24,10.36,118.73,15.152,-0.349,NA
"A003",256,92.77,10.88,118.9,14.427,-0.274,NA
"A003",257,92.92,10.29,118.93,14.08,-0.553,NA
"A003",258,93.11,10.1,118.24,14.525,-1.427,NA
"A003",259,92.75,10.47,117.75,15.792,-1.566,NA
"A003",260,93.1,10.72,117.27,15.492,-2.148,NA
"A003",261,93.33,10.6,117.26,15.871,-2.329,NA
"A003",262,93.4,10.21,116.94,16.081,-2.846,NA
"A003",263,94.12,10.5,116.79,16.156,-3.274,NA
"A003",264,93.71,9.65,115.44,16.664,-4.739,NA
"A003",265,93.13,8.83,115.23,17.28,-4.96,NA
"A003",266,93.19,7.86,115.69,17.674,-4.916,NA
"A003",267,92.85,8.37,115.74,17.616,-4.474,NA
"A003",268,92.2,9.46,114.63,17.371,-4.785,NA
"A003",269,91.31,9.57,114.7,17.112,-4.191,NA
"A003",270,91.43,10.21,113.32,17.921,-5.373,NA
"A003",271,92.41,10.56,113.63,17.639,-5.466,NA
"A003",272,92.86,9.81,115.02,17.183,-4.625,NA
"A003",273,93.33,9.7,115.93,17.445,-4.014,NA
"A003",274,93.7,8.78,117.34,16.092,-3.18,NA
"A003",275,92.94,9.24,116.83,16.35,-3.09,NA
"A003",276,92.23,9.58,116.42,15.979,-2.974,NA
"A003",277,92.7,9.57,116.51,16.099,-3.139,NA
"A003",278,92.59,9.28,116.14,16.602,-3.571,NA
"A003",279,92.02,9.34,115.08,16.436,-4.286,NA
"A003",280,91.64,8.24,115.46,17.042,-4.136,NA
"A003",281,91.51,8.32,114.99,16.747,-4.511,NA
"A003",282,92.72,9.51,114.83,17.498,-4.859,NA
"A003",283,92.1,8.8,114.55,17.899,-5.08,NA
"A003",284,92.49,7.65,114.54,17.644,-5.762,NA
"A003",285,92.52,7.14,115.91,16.947,-4.617,NA
"A003",286,93.76,7.74,116.84,17.119,-4.123,NA
"A003",287,93,7.74,116.49,16.777,-4.055,NA
"A003",288,92.42,7.1,116.01,17.668,-4.476,NA
"A003",289,92.16,6.39,115.66,16.832,-4.97,NA
"A003",290,91.25,6.04,115.26,17.588,-5.002,NA
"A003",291,91.29,6.87,115.15,16.457,-4.802,NA
"A003",292,90.85,7.17,115.07,16.979,-4.529,NA
"A003",293,90.74,6.59,116.86,15.938,-2.906,NA
"A003",294,91.92,7.12,116.62,16.831,-3.584,NA
"A003",295,92.2,6.56,116.78,17.245,-3.798,NA
"A003",296,93.08,6.33,117.29,16.735,-3.871,NA
"A003",297,93.19,6.78,117.72,16.003,-3.319,NA
"A003",298,92.83,7.24,117.56,16.747,-3.092,NA
"A003",299,93.09,5.77,118.39,15.794,-2.993,NA
"A003",300,93.07,6.67,117.74,16.345,-3.273,NA
"A003",301,93.62,6.94,117.62,17.268,-3.59,NA
"A003",302,93.22,6.71,117.75,16.342,-3.342,NA
"A003",303,93.56,5.95,118.49,16.802,-3.09,NA
"A003",304,93.12,5.7,119.16,16.419,-2.277,NA
"A003",305,93.6,5.52,118.92,16.619,-2.85,NA
"A003",306,93.52,4.91,118.5,15.931,-3.464,NA
"A003",307,94.31,5.07,117.82,17.059,-4.528,NA
"A003",308,94.33,5.7,118.48,16.029,-3.619,NA
"A003",309,94.67,6.23,117.67,16.15,-4.404,NA
"A003",310,95.45,5.34,119.21,16.495,-3.651,NA
"A003",311,95.81,5.1,120.33,15.91,-2.823,NA
"A003",312,95.83,4.33,120.94,15.966,-2.526,NA
"A003",313,95.04,4.61,120.56,16.43,-2.36,NA
"A003",314,95.3,4.68,121.01,15.513,-2.038,NA
"A003",315,94.45,5.49,120.6,15.058,-1.651,NA
"A003",316,95.09,4.84,122.15,15.235,-0.715,NA
"A003",317,94.74,3.9,123.07,14.788,0.029,NA
"A003",318,94.95,3.51,121.95,14.776,-1.366,NA
"A003",319,94.42,4.11,121.81,14.969,-0.978,NA
"A003",320,94.59,4.38,122.21,14.581,-0.56,NA
"A004",1,86.96,20.36,104.58,16.092,-7.571,-7.571
"A004",2,87.14,20.02,105.14,16.037,-7.243,-7.243
"A004",3,86.46,19.98,104.9,16.36,-7.121,-7.121
"A004",4,86.15,20.87,103.45,16.962,-8.046,-8.046
"A004",5,86.16,20.8,102.58,16.6,-8.953,-8.953
"A004",6,87.5,22.52,103.36,17.227,-8.23,-8.23
"A004",7,87.79,21.96,104.18,17.021,-7.801,-7.801
"A004",8,87.92,22.22,104.88,15.882,-7.065,-7.065
"A004",9,88,22.78,105.05,15.281,-6.722,-6.722
"A004",10,88,23.43,104.13,16.047,-7.381,-7.381
"A004",11,87.63,23.41,102.7,16.594,-8.607,-8.607
"A004",12,87.54,24.44,101.43,17.237,-9.418,-9.418
"A004",13,88.09,24.42,102.31,16.614,-8.856,-8.856
"A004",14,87.74,23.85,102.56,16.502,-8.636,-8.636
"A004",15,86.71,24.24,102.39,16.044,-8.077,-8.077
"A004",16,87.83,24.5,103.84,15.727,-7.147,-7.147
"A004",17,87.93,23.11,104.85,15.58,-6.737,-6.737
"A004",18,88.5,23.01,105.14,15.754,-6.819,-6.819
"A004",19,88.3,22.96,106,16.041,-5.861,-5.861
"A004",20,89.05,23.25,106.32,15.645,-5.842,-5.842
"A004",21,89.32,24.08,105.94,14.892,-6.039,-6.039
"A004",22,90.03,23.08,107.46,14.86,-5.314,-5.314
"A004",23,90.56,23.27,108.1,15.11,-4.888,-4.888
"A004",24,90.77,21.47,108.79,15.171,-5.033,-5.033
"A004",25,89.13,21.6,107.78,14.621,-5.088,-5.088
"A004",26,88.73,22.1,107.79,14.184,-4.659,-4.659
"A004",27,87.78,22.16,107.21,14.495,-4.683,-4.683
"A004",28,87.21,22.71,106.13,14.563,-5.229,-5.229
"A004",29,87.12,23.65,105.88,15.328,-5.05,-5.05
"A004",30,87.26,24.05,105.43,14.639,-5.417,-5.417
"A004",31,87.31,23.99,104.89,15.168,-6.005,-6.005
"A004",32,88.39,23.97,106.09,15.054,-5.411,-5.411
"A004",33,88.55,23.9,105.7,14.966,-5.927,-5.927
"A004",34,89.54,24.27,105.34,16.196,-6.685,-6.685
"A004",35,89.74,24.24,105.36,15.342,-6.788,-6.788
"A004",36,89.56,25.27,104.32,15.688,-7.323,-7.323
"A004",37,89.71,24.46,104.73,16.181,-7.312,-7.312
"A004",38,88.5,24.46,104.78,15.599,-6.595,-6.595
"A004",39,89.41,24.65,104.43,15.548,-7.377,-7.377
"A004",40,89.39,24.84,104.08,15.763,-7.638,-7.638
"A004",41,90.04,25.05,105.33,15.307,-6.659,-6.659
"A004",42,90.28,25.44,105.78,15.247,-6.186,-6.186
"A004",43,90.25,26.03,105.6,15.431,-6.122,-6.122
"A004",44,90.14,26.1,105.21,15.754,-6.416,-6.416
"A004",45,90.73,25.12,106.78,15.215,-5.569,-5.569
"A004",46,90.6,25.02,106.98,15.322,-5.33,-5.33
"A004",47,90.26,25.3,106.05,15.418,-5.966,-5.966
"A004",48,90.87,25.97,106.64,14.787,-5.44,-5.44
"A004",49,90.73,24.74,107.06,14.832,-5.44,-5.44
"A004",50,90.61,24.91,106.52,14.619,-5.848,-5.848
"A004",51,90.95,25.71,106.1,15.747,-6.137,-6.137
"A004",52,91.31,25.59,105.48,16.1,-6.995,-6.995
"A004",53,91.3,25.98,104.37,16.954,-7.952,-7.952
"A004",54,91.37,25.71,105.31,15.255,-7.148,-7.148
"A004",55,91.63,26.56,105.33,16.343,-6.936,-6.936
"A004",56,91.82,25.72,105.19,16.094,-7.521,-7.521
"A004",57,90.71,25.35,105.11,16.403,-7.134,-7.134
"A004",58,91.02,25.52,104.91,16.266,-7.437,-7.437
"A004",59,90.78,25.69,104.51,15.648,-7.636,-7.636
"A004",60,89.82,25.01,104.58,15.786,-7.301,-7.301
"A004",61,88.91,25.74,104.13,15.36,-6.966,-6.966
"A004",62,88.38,25.3,103.9,15.866,-7.072,-7.072
"A004",63,89.47,25.95,103.55,15.724,-7.764,-7.764
"A004",64,90.01,27.36,102.59,16.341,-8.466,-8.466
"A004",65,89.89,29.21,103.25,15.794,-6.994,-6.994
"A004",66,90.38,28.65,104.23,15.335,-6.517,-6.517
"A004",67,90.32,29.12,102.99,16.336,-7.526,-7.526
"A004",68,88.92,28.42,103.6,16.547,-6.419,-6.419
"A004",69,89.26,29.02,102.89,16.311,-7.089,-7.089
"A004",70,89.49,29.23,102.6,15.557,-7.412,-7.412
"A004",71,89.92,28.42,102.71,17.095,-7.866,-7.866
"A004",72,89.54,27.63,102.85,15.759,-7.834,-7.834
"A004",73,90.11,28.06,103.72,15.471,-7.109,-7.109
"A004",74,89.96,28.48,102.84,16.6,-7.737,-7.737
"A004",75,89.61,28.84,103.1,16.475,-7.138,-7.138
"A004",76,88.96,28.52,103.18,15.952,-6.827,-6.827
"A004",77,89.36,29.04,102.86,16.113,-7.162,-7.162
"A004",78,88.74,30.26,102.3,16.268,-6.889,-6.889
"A004",79,88.58,30.46,102.14,16.069,-6.883,-6.883
"A004",80,89.94,30.12,102.49,16.442,-7.424,-7.424
"A004",81,89.19,30.17,102.24,16.53,-7.24,-7.24
"A004",82,89.34,29.94,102.33,16.232,-7.324,-7.324
"A004",83,89.92,28.82,103.93,15.965,-6.484,-6.484
"A004",84,90.31,29.66,104.73,15.389,-5.567,-5.567
"A004",85,90.02,28.14,104.99,14.48,-5.755,-5.755
"A004",86,90.21,29,104.87,15.448,-5.639,-5.639
"A004",87,90.25,29.04,105.42,14.967,-5.09,-5.09
"A004",88,90.2,28.58,106.29,14.157,-4.379,-4.379
"A004",89,90.33,28.37,107.06,14.254,-3.762,-3.762
"A004",90,89.41,29.06,106.05,14.066,-3.989,-3.989
"A004",91,90.71,30.49,106.17,14.155,-4.015,-4.015
"A004",92,91.21,30.77,106.82,13.963,-3.527,-3.527
"A004",93,91.76,31.61,107.28,13.807,-3.04,-3.04
"A004",94,92.04,31.86,107.18,12.975,-3.19,-3.19
"A004",95,92.81,31.08,107.55,14.523,-3.554,-3.554
"A004",96,92.4,31.95,107.16,14.204,-3.376,-3.376
"A004",97,92.06,32.17,107.03,14.043,-3.222,-3.222
"A004",98,91.82,32.68,105.32,14.643,-4.602,-4.602
"A004",99,92.37,31.84,107.36,14.046,-3.199,-3.199
"A004",100,92.58,31.66,107.03,14.059,-3.717,-3.717
"A004",101,92.42,31.41,107.82,13.687,-2.944,-2.944
"A004",102,92.49,31.7,107.06,14.247,-3.622,-3.622
"A004",103,92.92,32.65,107.21,13.164,-3.328,-3.328
"A004",104,91.94,32.11,107.08,14.192,-3.142,-3.142
"A004",105,91.13,31.57,107.73,12.584,-2.259,-2.259
"A004",106,90.39,31.05,106.78,12.602,-3.005,-3.005
"A004",107,91.15,32.01,106.89,13.944,-2.927,-2.927
"A004",108,92.51,32.27,107.59,13.305,-2.867,-2.867
"A004",109,92.24,32.61,107.19,13.947,-2.99,-2.99
"A004",110,91.66,32.53,107.83,12.66,-2.062,-2.062
"A004",111,92.13,32.38,107.52,13.162,-2.695,NA
"A004",112,91.15,32.97,106.14,13.441,-3.294,NA
"A004",113,90.8,33,106.17,13.752,-3.057,NA
"A004",114,91.89,33.31,106.87,13.806,-2.839,NA
"A004",115,91.28,32.39,105.71,15.568,-4.035,NA
"A004",116,90.98,33.67,105.03,14.443,-4.022,NA
"A004",117,90.15,34.45,104.2,14.843,-4.086,NA
"A004",118,90.54,35.48,103.63,15.401,-4.461,NA
"A004",119,90.15,35.67,102.96,15.112,-4.836,NA
"A004",120,90.33,35.67,103.38,14.672,-4.52,NA
"A004",121,91.19,35.71,104.42,14.328,-3.936,NA
"A004",122,92.31,35.73,104.24,14.494,-4.721,NA
"A004",123,92.76,35.59,104.1,15.519,-5.163,NA
"A004",124,92.76,35.19,104.25,15.379,-5.179,NA
"A004",125,92.89,35.35,104.04,14.197,-5.392,NA
"A004",126,92.38,35.18,104.37,14.317,-4.856,NA
"A004",127,91.26,35.64,104.12,14.297,-4.303,NA
"A004",128,90.41,35.63,102.59,14.223,-5.369,NA
"A004",129,90.39,35.43,102.9,14.635,-5.126,NA
"A004",130,90.67,35.57,103.16,15.135,-4.963,NA
"A004",131,90.37,35.64,104.09,14.023,-3.838,NA
"A004",132,91,35.3,103.84,15.146,-4.58,NA
"A004",133,91.57,35.44,104.55,14.324,-4.122,NA
"A004",134,91.6,35.48,105.25,14.351,-3.418,NA
"A004",135,92.23,36,104.16,13.746,-4.647,NA
"A004",136,92.56,36.11,103.49,15.053,-5.457,NA
"A004",137,93.3,36.01,103.94,15.153,-5.45,NA
"A004",138,94.37,36.39,104.57,15.134,-5.266,NA
"A004",139,93.45,36.99,103.82,14.888,-5.266,NA
"A004",140,93.75,37.25,104.51,14.785,-4.632,NA
"A004",141,93.32,36.93,103.8,14.609,-5.24,NA
"A004",142,93.51,36.35,104.34,15.178,-5.029,NA
"A004",143,93.29,35.6,104.52,14.584,-5.036,NA
"A004",144,92.21,36.17,103.9,15.387,-4.829,NA
"A004",145,91.79,35.88,104.45,14.313,-4.16,NA
"A004",146,91,36.84,104.1,13.924,-3.691,NA
"A004",147,90.38,37.39,104.8,13.324,-2.423,NA
"A004",148,89.24,37.04,103.22,14.02,-3.52,NA
"A004",149,89.47,37.18,102.95,13.55,-3.861,NA
"A004",150,88.9,38.44,101.83,14.497,-4.158,NA
"A004",151,89.07,38.65,102.11,15.127,-3.886,NA
"A004",152,89.38,39.24,101.31,14.326,-4.621,NA
"A004",153,89.58,38.98,101.64,14.793,-4.507,NA
"A004",154,89.42,39.43,101.69,14.547,-4.188,NA
"A004",155,89.52,39.48,101.65,13.735,-4.257,NA
"A004",156,89.41,40.96,101.07,14.094,-4.175,NA
"A004",157,89.89,40.28,101.53,14.52,-4.251,NA
"A004",158,89.22,39.82,102.17,14.012,-3.439,NA
"A004",159,90.32,39.62,103.17,14.086,-3.127,NA
"A004",160,89.79,39.54,103.07,13.774,-2.965,NA
"A004",161,89.71,39.48,103.58,13.372,-2.43,NA
"A004",162,90.01,39.13,103.39,13.88,-2.926,NA
"A004",163,89.57,39.64,102.67,13.762,-3.194,NA
"A004",164,89.68,40.1,101.48,14.109,-4.267,NA
"A004",165,90.86,40.59,102.95,13.026,-3.242,NA
"A004",166,91.08,39.73,103.83,13.288,-2.835,NA
"A004",167,91.46,39.42,103.37,14.65,-3.626,NA
"A004",168,92.18,39.64,103.34,14.618,-3.962,NA
"A004",169,92.54,39.31,103.4,13.725,-4.242,NA
"A004",170,92.63,39.46,102.87,14.954,-4.752,NA
"A004",171,92.93,39.29,103.46,14.203,-4.396,NA
"A004",172,92.89,40.25,103.06,14.506,-4.388,NA
"A004",173,93.32,40.45,104.34,13.494,-3.257,NA
"A004",174,92.95,39.97,103.85,13.479,-3.745,NA
"A004",175,92.6,40.37,104.09,13.921,-3.147,NA
"A004",176,93.34,40.72,104.14,13.636,-3.359,NA
"A004",177,94.97,40.07,104.5,14.512,-4.165,NA
"A004",178,94.89,40.32,103.67,14.741,-4.85,NA
"A004",179,95.18,40.36,102.4,15.897,-6.259,NA
"A004",180,94.94,41.54,101.47,15.09,-6.574,NA
"A004",181,93.66,40.57,101.8,16.191,-5.938,NA
"A004",182,92.96,40.43,102.23,14.893,-5.18,NA
"A004",183,93.41,42.72,100.58,14.794,-6.128,NA
"A004",184,93.16,42.12,99.86,15.793,-6.969,NA
"A004",185,93.53,41.37,100.69,15.761,-6.653,NA
"A004",186,93.05,41.64,101.36,15.182,-5.607,NA
"A004",187,94.1,40.84,102.58,14.389,-5.285,NA
"A004",188,94.57,41.94,101.31,15.442,-6.363,NA
"A004",189,94.59,41.58,102.58,14.583,-5.251,NA
"A004",190,93.48,42.19,101.77,14.38,-5.202,NA
"A004",191,92.76,42.52,100.69,15.295,-5.75,NA
"A004",192,93.52,42.47,101.54,14.769,-5.333,NA
"A004",193,93.56,42.33,101.45,15.837,-5.505,NA
"A004",194,93.4,41.31,101.29,14.797,-6.001,NA
"A004",195,93.09,40.67,102.04,14.636,-5.346,NA
"A004",196,92.83,40.06,102.49,14.486,-5.005,NA
"A004",197,92.08,40.17,101.8,14.615,-5.227,NA
"A004",198,92.28,41.51,101.56,14.784,-5.031,NA
"A004",199,91.58,41.77,101.56,14.613,-4.539,NA
"A004",200,91.97,42.53,100.9,14.312,-5.101,NA
"A004",201,92.15,42.21,100.61,15.08,-5.62,NA
"A004",202,92.92,41.91,100.36,15.588,-6.425,NA
"A004",203,93.24,42.39,99.98,15.751,-6.772,NA
"A004",204,92.52,41.98,101.07,14.617,-5.459,NA
"A004",205,93.08,41.34,101.67,15.312,-5.436,NA
"A004",206,92.51,41.37,101.81,14.44,-4.971,NA
"A004",207,92.48,41.14,101.67,15.252,-5.187,NA
"A004",208,92.07,40.52,101.87,13.994,-5.014,NA
"A004",209,92.3,41.53,100.52,14.82,-6.081,NA
"A004",210,92.6,41.55,101.99,14.681,-4.761,NA
"A004",211,92.84,42.38,102.06,14.697,-4.476,NA
"A004",212,92.55,43.05,101.94,14.464,-4.166,NA
"A004",213,92.74,43.49,101.58,14.712,-4.447,NA
"A004",214,93.45,43.77,102.46,14.221,-3.83,NA
"A004",215,93.78,43,102.72,13.865,-4.078,NA
"A004",216,93.88,42.84,103.71,13.638,-3.206,NA
"A004",217,95,42.49,103.59,14.942,-4.094,NA
"A004",218,95.75,42.7,103.45,13.818,-4.558,NA
"A004",219,95.91,42.1,104.59,13.882,-3.752,NA
"A004",220,95.17,41.77,105.85,12.786,-2.225,NA
"A004",221,94.49,42.59,103.63,14.311,-3.73,NA
"A004",222,95.62,42.98,103.96,14.222,-3.866,NA
"A004",223,94.64,42.34,102.96,14.599,-4.585,NA
"A004",224,95,43.06,103.22,14.662,-4.217,NA
"A004",225,96.49,43.14,104.03,14.294,-4.203,NA
"A004",226,95.74,44.39,101.53,14.915,-5.758,NA
"A004",227,96.37,45.06,101.64,14.919,-5.716,NA
"A004",228,95.73,44.68,101.38,15.085,-5.79,NA
"A004",229,95.18,45.4,100.77,15.006,-5.789,NA
"A004",230,94.91,44.82,101.49,15.222,-5.164,NA
"A004",231,94.96,44.89,102.38,14.856,-4.27,NA
"A004",232,94.6,44.59,102.5,14.254,-4.072,NA
"A004",233,94.03,44.54,101.13,14.755,-5.156,NA
"A004",234,94.39,44.84,101.62,15.194,-4.744,NA
"A004",235,94.75,45.4,101.45,15.05,-4.873,NA
"A004",236,94.89,44.22,101.42,14.533,-5.481,NA
"A004",237,95.45,44.96,101.42,16.195,-5.476,NA
"A004",238,94.89,45.82,100.39,15.122,-5.823,NA
"A004",239,94.98,46.5,100.66,15.089,-5.319,NA
"A004",240,96.56,47.39,101.81,15.49,-4.644,NA
"A004",241,94.88,47.19,101.28,14.149,-4.342,NA
"A004",242,94.4,47.44,102.08,14.181,-3.159,NA
"A004",243,95.07,47.73,101.25,14.508,-4.232,NA
"A004",244,95.34,47.07,101.06,15.091,-4.866,NA
"A004",245,95.3,45.88,100.32,15.342,-6.09,NA
"A004",246,94.29,46.13,100.18,15.447,-5.573,NA
"A004",247,94.23,44.61,100.47,15.028,-5.904,NA
"A004",248,94.37,44.41,101.78,14.388,-4.747,NA
"A004",249,94.6,44.08,102.33,14.344,-4.463,NA
"A004",250,94.38,44.47,101.92,14.46,-4.593,NA
"A004",251,94.69,45.64,102.61,14.415,-3.566,NA
"A004",252,94.7,46.71,102.2,13.858,-3.53,NA
"A004",253,95.58,47.25,102.14,14.305,-3.832,NA
"A004",254,96.79,47.51,102.75,13.755,-3.779,NA
"A004",255,96.43,46.91,102.45,14.21,-4.143,NA
"A004",256,95.77,47.05,101.61,14.979,-4.563,NA
"A004",257,96.43,46.49,101.92,14.283,-4.858,NA
"A004",258,96.08,46.03,101.84,14.194,-4.946,NA
"A005",1,24.86,83.52,6.75,19.438,-11.272,-11.272
"A005",2,24,84.08,5.01,19.117,-11.602,-11.602
"A005",3,24.52,83.75,6.33,18.534,-11.109,-11.109
"A005",4,24.56,83.66,6.33,19.778,-11.263,-11.263
"A005",5,24.92,83.92,5.81,19.236,-11.761,-11.761
"A005",6,26.24,82.94,8.24,18.168,-11.777,-11.777
"A005",7,26.94,81.73,10.96,19.196,-11.392,-11.392
"A005",8,28.22,81.87,12.32,19.093,-11.2,-11.2
"A005",9,27.71,81.19,12.39,18.456,-11.525,-11.525
"A005",10,27.79,81.46,11.11,19.433,-12.502,-12.502
"A005",11,27.54,82.64,9.07,19.316,-12.661,-12.661
"A005",12,27.45,83.34,8.89,19.087,-11.875,-11.875
"A005",13,26.53,83.82,7.72,18.89,-11.485,-11.485
"A005",14,26.68,84.73,7.5,19.48,-10.852,-10.852
"A005",15,26.58,84.45,8.41,17.906,-10.142,-10.142
"A005",16,25.88,84.22,7.05,19.451,-11.046,-11.046
"A005",17,25.34,84.2,6.54,18.844,-11.065,-11.065
"A005",18,24.98,84.67,5.75,18.838,-10.998,-10.998
"A005",19,25.34,85.57,5.76,18.236,-10.411,-10.411
"A005",20,25.42,85.32,7.04,18.593,-9.449,-9.449
"A005",21,25.92,87.43,6.49,17.903,-8.877,-8.877
"A005",22,25.61,88.56,5.72,18.146,-8.816,-8.816
"A005",23,25.27,87.88,5.63,18.21,-8.832,-8.832
"A005",24,23.8,87.33,5.31,17.045,-8.061,-8.061
"A005",25,23.76,87.1,6.46,17.111,-7.019,-7.019
"A005",26,24.87,86.64,6.84,17.664,-7.974,-7.974
"A005",27,25.24,85.92,8.02,17.842,-7.739,-7.739
"A005",28,24.97,86.78,7.37,17.917,-7.448,-7.448
"A005",29,25.44,86.82,8.14,17.434,-7.115,-7.115
"A005",30,25.42,86.94,6.69,18.38,-8.46,-8.46
"A005",31,25.21,85.96,8.06,18.006,-7.638,-7.638
"A005",32,25.06,85.05,8.58,18.399,-7.832,-7.832
"A005",33,24.22,85.26,7.1,18.822,-8.354,-8.354
"A005",34,23.77,85.78,5.56,18.629,-9.008,-9.008
"A005",35,23.13,86.43,3.58,18.326,-9.88,-9.88
"A005",36,22.68,86.16,3.43,18.53,-9.912,-9.912
"A005",37,23.14,86.06,4.15,18.077,-9.647,-9.647
"A005",38,23.55,85.23,5.31,18.755,-9.626,-9.626
"A005",39,24.32,84.5,6.15,19.006,-10.221,-10.221
"A005",40,24.72,83.91,6.15,18.932,-11.268,-11.268
"A005",41,24.41,84.03,4.85,19.372,-12.159,-12.159
"A005",42,23.86,84.87,3.86,18.781,-11.706,-11.706
"A005",43,24.15,85.83,2.96,19.86,-11.884,-11.884
"A005",44,24.25,86.08,3.35,19.761,-11.357,-11.357
"A005",45,23.9,86.91,2.07,19.174,-11.67,-11.67
"A005",46,23.33,86.9,2.68,18.536,-10.582,-10.582
"A005",47,23.04,85.46,3.58,19.512,-10.717,-10.717
"A005",48,22.72,86.38,2.53,18.618,-10.649,-10.649
"A005",49,22.41,86.18,2.48,19.04,-10.641,-10.641
"A005",50,22.87,85.88,2.96,18.998,-10.796,-10.796
"A005",51,22.82,84.98,3.94,18.55,-10.716,-10.716
"A005",52,22.59,85.57,2.87,19.396,-10.979,-10.979
"A005",53,22.4,86.32,2.56,18.343,-10.438,-10.438
"A005",54,22.13,86.37,2.63,19.104,-10.127,-10.127
"A005",55,22,86.42,2.89,18.698,-9.716,-9.716
"A005",56,23.08,87.91,1.9,18.471,-10.506,-10.506
"A005",57,23.64,86.37,3.98,18.32,-9.957,-9.957
"A005",58,22.34,84.82,3.55,19.378,-10.952,-10.952
"A005",59,21.46,85.03,2.46,19.272,-11.217,-11.217
"A005",60,21.18,85.02,3.32,18.533,-10.179,-10.179
"A005",61,21.18,85.04,3.46,18.626,-10.027,-10.027
"A005",62,20.93,85.24,2.05,18.752,-11.041,-11.041
"A005",63,22.03,85.76,4.15,18.554,-9.102,-9.102
"A005",64,21.43,85.08,4.59,18.163,-9.006,-9.006
"A005",65,20.5,86.18,2.78,18.094,-9.043,-9.043
"A005",66,20.28,86.75,1.8,18.09,-9.358,-9.358
"A005",67,19.67,86.07,2.61,18.748,-8.83,-8.83
"A005",68,20.75,85.25,3.59,18.715,-9.382,-9.382
"A005",69,21.16,85.4,3.58,18.859,-9.476,-9.476
"A005",70,21.42,85.11,3.72,19.302,-9.826,-9.826
"A005",71,21.96,84.85,4.7,18.025,-9.504,-9.504
"A005",72,21.64,84.24,5.03,19.455,-9.726,-9.726
"A005",73,20.36,84.95,2.43,18.18,-10.669,-10.669
"A005",74,19.94,84.84,2.18,19.491,-10.827,-10.827
"A005",75,18.67,85.01,1.55,18.968,-10.609,-10.609
"A005",76,20.02,84.42,2.4,18.425,-11.198,-11.198
"A005",77,20.79,85.11,2.17,19.243,-10.996,-10.996
"A005",78,20.97,85.07,2.97,19.362,-10.345,-10.345
"A005",79,21.96,85.01,3.76,18.911,-10.264,-10.264
"A005",80,22.34,84.82,5.27,17.975,-9.23,-9.23
"A005",81,23.59,84.92,6.65,18.085,-8.652,-8.652
"A005",82,22.47,84.1,7.56,17.664,-7.914,-7.914
"A005",83,21.27,84.68,5.29,17.845,-8.673,-8.673
"A005",84,20.75,85.91,3.01,19.177,-9.245,-9.245
"A005",85,20.21,85.29,3.48,18.248,-9.133,-9.133
"A005",86,18.73,85.59,1.59,18.225,-9.89,-9.89
"A005",87,20.33,86.18,1.28,19.054,-10.439,-10.439
"A005",88,19.94,85.71,2.17,18.352,-9.82,-9.82
"A005",89,19.17,85.58,1.69,18.736,-10.014,-10.014
"A005",90,18.72,86.86,0.39,18.505,-9.763,-9.763
"A005",91,18.59,86.67,0.35,18.823,-9.902,NA
"A005",92,18.97,87.19,-0.66,18.878,-10.664,NA
"A005",93,18.07,87.47,-0.86,18.707,-10.138,NA
"A005",94,17.06,87.1,-1.55,18.757,-10.636,NA
"A005",95,18.35,87.47,-0.33,18.687,-9.759,NA
"A005",96,19.61,88.24,0.1,19.109,-9.565,NA
"A005",97,19.67,88.68,0.82,18.399,-8.658,NA
"A005",98,20.2,88.16,1.7,18.271,-8.4,NA
"A005",99,20.29,87.99,1.05,18.867,-9.213,NA
"A005",100,20.09,87.37,1.38,18.115,-9.162,NA
"A005",101,20.7,87.4,2.5,17.778,-8.422,NA
"A005",102,20.93,87.08,3.11,17.54,-8.209,NA
"A005",103,21.66,87.58,2.79,18.731,-8.688,NA
"A005",104,21.63,87.22,1.73,17.971,-9.971,NA
"A005",105,20.92,87.46,0.23,19.483,-10.8,NA
"A005",106,20.41,87.5,0.66,19.631,-9.994,NA
"A005",107,20.86,87.12,1.52,19.058,-9.718,NA
"A005",108,20.49,86.78,1.01,17.767,-10.264,NA
"A005",109,19.92,87.76,-1.09,19.299,-11.252,NA
"A005",110,20.15,88.18,-0.74,18.363,-10.8,NA
"A005",111,20.25,87.51,-1.25,19.41,-11.79,NA
"A005",112,20.31,87.5,-0.39,19.485,-10.987,NA
"A005",113,19.38,87.06,-0.79,19.526,-11.132,NA
"A005",114,19.05,86.58,-0.87,18.774,-11.46,NA
"A005",115,18.81,86.14,-0.54,19.499,-11.444,NA
"A005",116,18.07,87.41,-2.51,18.231,-11.84,NA
"A005",117,17.9,87.91,-4.53,19.734,-13.394,NA
"A005",118,16.36,87.3,-4.21,18.991,-12.801,NA
"A005",119,16.84,88.1,-5.45,19.501,-13.635,NA
"A005",120,16.83,88,-5,19.357,-13.248,NA
"A005",121,16.24,89.24,-4.65,19.045,-11.909,NA
"A005",122,17.06,89.54,-2.82,18.911,-10.4,NA
"A005",123,16.97,90.27,-2.62,19.162,-9.975,NA
"A005",124,17.12,90.4,-1.99,17.895,-9.42,NA
"A005",125,17.92,90.14,-2.58,18.436,-10.511,NA
"A005",126,18.37,89.96,-1.91,18.369,-10.15,NA
"A005",127,17.34,90.7,-2.83,18.901,-10.368,NA
"A005",128,17.15,89.64,-3.03,18.302,-10.627,NA
"A005",129,17.59,89.06,-2.43,18.705,-10.476,NA
"A005",130,17.4,88.58,-1.76,18.696,-9.933,NA
"A005",131,18.58,88.55,-1.45,19.002,-10.316,NA
"A005",132,17.31,89.4,-2.8,18.972,-10.564,NA
"A005",133,16.95,90.35,-3.77,19.63,-11.102,NA
"A005",134,15.57,90.08,-3.77,18.55,-10.436,NA
"A005",135,17.01,90.31,-2.73,18.164,-10.104,NA
"A005",136,16.02,89.94,-2.61,18.002,-9.531,NA
"A005",137,16.03,90.66,-1.52,17.511,-8.331,NA
"A005",138,15.75,91.16,-1.36,17.767,-8.024,NA
"A005",139,15.96,92.13,-0.22,17.58,-7.155,NA
"A005",140,15.48,91.16,-1.65,17.88,-8.173,NA
"A005",141,15.07,90.23,-1.67,17.304,-8.077,NA
"A005",142,13.87,90.33,-1.24,18.096,-7.137,NA
"A005",143,14.02,90.27,-1.26,17.441,-7.225,NA
"A005",144,14.65,90.7,-1.82,17.5,-7.977,NA
"A005",145,15.51,90.82,-1.01,17.737,-7.554,NA
"A005",146,15.57,90.36,-0.97,17.204,-7.579,NA
"A005",147,16.32,91.11,-0.67,17.489,-7.631,NA
"A005",148,16.42,90.59,-1,17.753,-8.021,NA
"A005",149,17.34,90.82,-1.01,18.157,-8.544,NA
"A005",150,17.43,91.11,-1,18.142,-8.605,NA
"A005",151,17.82,90.7,-0.97,17.958,-8.798,NA
"A005",152,18.12,90.57,-1.18,19.282,-9.197,NA
"A005",153,16.96,91.07,-2.38,18.536,-9.699,NA
"A005",154,16.45,91.77,-1.94,17.56,-9.059,NA
"A005",155,16.85,92.25,-2.68,19.413,-10.175,NA
"A005",156,17.11,91.12,-3.3,19.373,-10.717,NA
"A005",157,17.48,91.75,-2.9,19.069,-10.638,NA
"A005",158,17.54,92.02,-2.99,19.2,-10.832,NA
"A005",159,17.05,90.25,-3.35,18.699,-10.754,NA
"A005",160,17.83,90.35,-3.07,18.9,-10.922,NA
"A005",161,19.25,90.85,-1.76,18.737,-10.533,NA
"A005",162,19.31,91.59,-1.05,18.214,-9.967,NA
"A005",163,18.11,91.68,-1.85,18.702,-9.975,NA
"A005",164,18.61,91.82,-1.57,18.513,-10.06,NA
"A005",165,19.36,92.39,-1.24,18.493,-10.456,NA
"A005",166,19.34,91.89,-1.87,18.542,-10.893,NA
"A005",167,19.94,91.39,-2.05,19.536,-11.384,NA
"A005",168,20.13,92.03,-1.51,18.864,-11.161,NA
"A005",169,19.34,92.35,-0.83,18.901,-10.008,NA
"A005",170,19.01,92.2,-0.4,18.166,-9.292,NA
"A005",171,19.02,90.93,-1.54,18.813,-10.154,NA
"A005",172,17.89,91.18,-1.89,18.925,-9.783,NA
"A005",173,16.44,92.38,-2.79,19.502,-10.085,NA
"A005",174,16.02,92.35,-3.65,18.723,-10.693,NA
"A005",175,15.6,92.25,-4.19,18.742,-10.973,NA
"A005",176,15.21,92.59,-3.19,17.875,-9.894,NA
"A005",177,15.3,92.45,-3.9,18.718,-10.601,NA
"A005",178,15.41,92.62,-2.51,17.909,-9.329,NA
"A005",179,15.04,92.84,-1.35,17.332,-8.076,NA
"A005",180,15.26,92.3,-1.31,17.979,-7.933,NA
"A005",181,15.27,92.28,-0.85,18.212,-7.472,NA
"A005",182,15.07,92.64,-1.69,17.949,-8.333,NA
"A005",183,15.55,93.11,-2.62,19.018,-9.739,NA
"A005",184,16.44,94.01,-1.98,18.598,-10.169,NA
"A005",185,15.64,94.72,-1.95,18.958,-10.226,NA
"A005",186,14.69,94.41,-3.73,18.998,-11.239,NA
"A005",187,15.14,93.55,-3.04,18.515,-10.182,NA
"A005",188,14.67,93.7,-2.96,19.477,-9.959,NA
"A005",189,14.6,94.37,-2.38,17.72,-9.817,NA
"A005",190,14.39,94.96,-3.59,18.956,-11.416,NA
"A005",191,15.12,94.1,-3.16,18.838,-10.662,NA
"A005",192,14.28,94.37,-3.92,19.144,-11.202,NA
"A005",193,15.07,93.41,-3.81,18.717,-10.838,NA
"A005",194,15.97,93.37,-2.15,18.233,-9.645,NA
"A005",195,15.72,94.29,-1.98,17.754,-9.96,NA
"A005",196,15.11,94.32,-2.47,19.036,-10.133,NA
"A005",197,15.84,94.63,-1.65,18.384,-9.971,NA
"A005",198,16.37,95.06,-0.54,18.209,-9.56,NA
"A005",199,15.85,96.51,0.97,17.873,-9.259,NA
"A005",200,15.62,95.75,-0.88,18.767,-10.141,NA
"A005",201,15.63,95.11,-0.52,18.033,-9.148,NA
"A005",202,14.9,94.36,-1.51,18.422,-9.092,NA
"A005",203,14.09,95.09,-1.16,18.221,-8.965,NA
"A005",204,14.09,95.1,-1.89,18.117,-9.7,NA
"A005",205,14.11,94.58,-1.09,18.524,-8.46,NA
"A005",206,12.05,94.73,-0.87,17.527,-7.567,NA
"A005",207,11.82,94.91,-0.92,17.354,-7.691,NA
"A005",208,11.49,95.11,-1.57,17.967,-8.428,NA
"A005",209,11.61,94.99,-1.43,17.561,-8.216,NA
"A005",210,11.12,94.18,-2.35,17.895,-8.399,NA
"A005",211,10.6,93.89,-2.84,18.278,-8.617,NA
"A005",212,10.59,93.19,-3.75,17.464,-9.169,NA
"A005",213,10.29,93.44,-4.81,18.734,-10.307,NA
"A005",214,10.55,92.76,-5.53,18.767,-10.775,NA
"A005",215,10.35,93.14,-4.67,17.801,-10.039,NA
"A005",216,9.83,94.39,-3.35,18.075,-9.375,NA
"A005",217,9.13,93.51,-4.58,17.983,-10.084,NA
"A005",218,9.33,92.82,-4.55,18.091,-9.773,NA
"A005",219,9.43,93.14,-4,19.193,-9.33,NA
"A005",220,9.64,94.69,-3.53,18.93,-9.759,NA
"A005",221,10.42,94.49,-3.78,18.363,-9.934,NA
"A005",222,9.77,94.37,-3.53,18.397,-9.534,NA
"A005",223,10.33,94.55,-2.68,18.096,-8.867,NA
"A005",224,10.42,94.79,-3.52,19.63,-9.898,NA
"A005",225,11.03,94.26,-4.63,18.997,-10.724,NA
"A005",226,10.63,94.78,-4.4,19.305,-10.802,NA
"A006",1,52.52,37.65,80.32,14.334,-4.222,-4.222
"A006",2,53.14,36.15,80.74,14.092,-4.532,-4.532
"A006",3,53.92,35.76,80.89,14.489,-4.961,-4.961
"A006",4,54.11,35.61,82.03,13.963,-3.972,-3.972
"A006",5,54.56,35.5,81.95,14.342,-4.363,-4.363
"A006",6,54.06,34.35,81.48,14.065,-4.695,-4.695
"A006",7,53.11,34.31,81.35,13.83,-4.222,-4.222
"A006",8,53.79,34.33,82,13.922,-4.004,-4.004
"A006",9,53.6,33.79,82.72,13.815,-3.237,-3.237
"A006",10,52.75,33.89,81.46,13.577,-3.948,-3.948
"A006",11,53.77,33.97,82.43,14.099,-3.601,-3.601
"A006",12,53.45,33.49,82.11,13.372,-3.785,-3.785
"A006",13,52.86,34.08,81.09,14.006,-4.351,-4.351
"A006",14,54.15,34.38,81.91,13.955,-4.313,-4.313
"A006",15,54.66,33.75,81.28,13.87,-5.361,-5.361
"A006",16,55.37,32.82,83.03,13.769,-4.195,-4.195
"A006",17,54.85,32.77,81.86,14.373,-5.018,-5.018
"A006",18,55.03,33.28,81.72,14.612,-5.216,-5.216
"A006",19,54.56,32.89,81.09,14.977,-5.583,-5.583
"A006",20,55.32,32.76,82.4,13.891,-4.8,-4.8
"A006",21,55.65,32.42,82.48,14.796,-4.978,-4.978
"A006",22,56.52,32.3,83.65,13.676,-4.409,-4.409
"A006",23,56.97,33.01,83.57,14.08,-4.703,-4.703
"A006",24,56.34,32.61,84.34,13.856,-3.56,-3.56
"A006",25,56.69,32.1,85.18,12.658,-3.013,-3.013
"A006",26,56.69,32.42,85.24,13.449,-2.917,-2.917
"A006",27,57.26,32.23,85.5,13.865,-3.068,-3.068
"A006",28,57.09,31.94,85.07,13.111,-3.423,-3.423
"A006",29,57.84,31.89,85.28,13.891,-3.739,-3.739
"A006",30,58.01,31.96,86.16,12.863,-2.974,-2.974
"A006",31,58.11,33.43,85.83,12.875,-3.168,-3.168
"A006",32,59.4,33.45,86.86,13.321,-3.033,-3.033
"A006",33,58.41,32.89,85.78,13.564,-3.51,-3.51
"A006",34,59.77,32.33,87.01,13.96,-3.324,-3.324
"A006",35,58.47,30.62,84.7,14.512,-4.915,-4.915
"A006",36,58.88,30.63,84.82,14.613,-5.09,-5.09
"A006",37,58.33,30.73,83.94,13.906,-5.56,-5.56
"A006",38,58.3,29.96,84.14,13.868,-5.424,-5.424
"A006",39,58.35,31.61,84.95,14.272,-4.457,-4.457
"A006",40,57.32,30.55,84.54,13.72,-4.242,-4.242
"A006",41,58.51,29.42,84.96,13.921,-4.809,-4.809
"A006",42,58.35,29.15,85.79,13.626,-3.889,-3.889
"A006",43,58.5,29.91,86.37,13.934,-3.341,-3.341
"A006",44,58.97,29.9,87.63,12.572,-2.428,-2.428
"A006",45,59.65,30.43,87.4,13.693,-3.108,-3.108
"A006",46,60.23,29.52,87.08,13.521,-3.986,-3.986
"A006",47,60.54,29.12,88.72,13.264,-2.639,-2.639
"A006",48,59.93,29.8,88.03,13.308,-2.765,-2.765
"A006",49,59.38,29.97,87.99,12.541,-2.374,-2.374
"A006",50,57.94,30.46,85.92,13.751,-3.317,-3.317
"A006",51,57.59,31,86.53,12.872,-2.408,-2.408
"A006",52,58.18,31.52,86.47,13.368,-2.834,-2.834
"A006",53,57.3,31.98,84.89,13.956,-3.745,-3.745
"A006",54,56.44,32.42,83.66,13.847,-4.324,-4.324
"A006",55,56.73,31.49,82.93,14.187,-5.35,-5.35
"A006",56,56.11,31.44,83.08,14.514,-4.782,-4.782
"A006",57,55.83,29.95,83.19,13.684,-4.58,-4.58
"A006",58,56.84,30.67,84.06,14.017,-4.377,-4.377
"A006",59,56.46,30.89,83.68,14.114,-4.467,-4.467
"A006",60,57.25,30.21,85.45,12.885,-3.324,-3.324
"A006",61,57.35,29.58,85.1,13.118,-3.792,-3.792
"A006",62,58.3,28.84,87.09,12.53,-2.576,-2.576
"A006",63,59.19,28.76,88.18,12.7,-2.17,-2.17
"A006",64,60.41,31.04,89.21,12.423,-1.781,-1.781
"A006",65,60.06,30.92,88.81,12.458,-1.939,-1.939
"A006",66,60.62,30.45,89.12,12.533,-2.113,-2.113
"A006",67,59.74,29.88,88.32,12.235,-2.319,-2.319
"A006",68,59.56,29.64,88,12.464,-2.539,-2.539
"A006",69,59.63,29.27,87.92,12.311,-2.716,-2.716
"A006",70,59.27,29.36,86.75,12.582,-3.603,-3.603
"A006",71,60.03,29.3,87.73,13.122,-3.209,-3.209
"A006",72,59.82,28.93,87.26,12.327,-3.563,-3.563
"A006",73,59.79,27.87,86.52,13.703,-4.403,-4.403
"A006",74,59.24,27.08,86.32,13.708,-4.27,-4.27
"A006",75,59.43,26.92,86.12,14.235,-4.636,-4.636
"A006",76,59.03,27.7,87.51,12.301,-2.839,-2.839
"A006",77,58.64,27.2,88.14,12.176,-1.957,-1.957
"A006",78,58.62,27.02,87.9,12.727,-2.198,-2.198
"A006",79,58.46,26.76,87.71,13.107,-2.281,-2.281
"A006",80,57.67,25.93,86.61,12.489,-2.832,-2.832
"A006",81,57,24.96,86.6,12.845,-2.416,-2.416
"A006",82,57.84,25.04,86.62,12.777,-3.054,-3.054
"A006",83,57.3,23.78,85.65,13.616,-3.744,-3.744
"A006",84,56.49,24.55,85.4,13.175,-3.249,-3.249
"A006",85,57.52,24.59,85.92,13.244,-3.552,-3.552
"A006",86,57.96,24.98,86.03,13.787,-3.749,-3.749
"A006",87,57.83,25.27,86.2,12.888,-3.438,-3.438
"A006",88,56.95,24.61,84.1,13.883,-4.911,-4.911
"A006",89,58.56,24.53,85.21,13.557,-5.13,-5.13
"A006",90,59.08,24.56,85.45,13.97,-5.32,-5.32
"A006",91,58.67,25.01,85.1,14.113,-5.265,-5.265
"A006",92,59.5,24.68,86.66,13.843,-4.451,-4.451
"A006",93,59.35,24.44,85.91,14.892,-5.101,-5.101
"A006",94,60.16,23.87,87.18,13.464,-4.634,-4.634
"A006",95,59.48,24.17,86.56,13.621,-4.603,-4.603
"A006",96,59.73,23.56,86.6,14.325,-4.889,-4.889
"A006",97,60.52,23.29,86.9,14.106,-5.335,-5.335
"A006",98,60.5,23.68,87.19,14.24,-4.943,-4.943
"A006",99,61.06,24.19,87.34,15.04,-5.195,-5.195
"A006",100,60.84,24.78,86.44,14.668,-5.795,-5.795
"A006",101,60.89,25.23,85.19,15.794,-7.014,-7.014
"A006",102,61.3,23.97,85.8,16.145,-6.992,NA
"A006",103,61.23,24.31,86.57,15.126,-6.092,NA
"A006",104,60.63,24.04,85.87,14.794,-6.318,NA
"A006",105,60.76,23.37,86.28,14.378,-6.153,NA
"A006",106,61.36,23.77,86.7,15.518,-6.182,NA
"A006",107,61.51,24.55,87.04,14.226,-5.827,NA
"A006",108,61.7,24.12,88.6,14.295,-4.517,NA
"A006",109,61.96,23.77,88.17,13.889,-5.235,NA
"A006",110,61.82,23.33,88.99,14.071,-4.394,NA
"A006",111,61.64,23.51,88.46,15.126,-4.724,NA
"A006",112,62.86,23.68,89.05,14.34,-5.184,NA
"A006",113,63.38,22.73,90.11,13.522,-4.807,NA
"A006",114,63,23.53,88.98,14.721,-5.4,NA
"A006",115,62.9,23.19,89.34,14.078,-5.046,NA
"A006",116,63.16,23.14,89.06,14.257,-5.558,NA
"A006",117,62.58,23.49,89.22,14.688,-4.801,NA
"A006",118,61.72,21.81,88.85,13.58,-4.792,NA
"A006",119,60.97,22.03,88.78,13.772,-4.132,NA
"A006",120,60.97,21.61,88.64,14.139,-4.382,NA
"A006",121,62.18,21.31,89.67,14.151,-4.531,NA
"A006",122,61.74,22.31,89.14,14.236,-4.404,NA
"A006",123,61.33,21.49,88.77,14.1,-4.61,NA
"A006",124,62.4,21.57,89.51,14.269,-4.818,NA
"A006",125,62.08,21.93,89.29,13.818,-4.66,NA
"A006",126,61.25,22.36,89.56,13.822,-3.522,NA
"A006",127,61.92,22.9,89.59,13.297,-3.979,NA
"A006",128,61.85,23.32,90.42,12.982,-2.993,NA
"A006",129,62.61,23.24,90.52,13.776,-3.592,NA
"A006",130,62.46,23.65,90.67,12.957,-3.212,NA
"A006",131,63.74,22.35,92.79,12.259,-2.549,NA
"A006",132,64.14,22.75,92.44,12.789,-3.143,NA
"A006",133,64.78,22.1,92.5,13.341,-3.841,NA
"A006",134,64.57,22.26,93.02,13.193,-3.092,NA
"A006",135,64.39,22.15,92.98,13.348,-3.004,NA
"A006",136,64.76,20.97,94.84,12.167,-1.819,NA
"A006",137,64.14,20.53,94.74,12.467,-1.498,NA
"A006",138,64.63,20.31,95.03,11.557,-1.721,NA
"A006",139,64.79,20,95.04,12.863,-1.957,NA
"A006",140,64.19,19.4,96.52,11.919,-0.143,NA
"A006",141,63.71,19.53,95.91,11.292,-0.254,NA
"A006",142,63.26,20.21,95.15,11.964,-0.377,NA
"A006",143,63.29,20.65,95.54,11.325,0.127,NA
"A006",144,64.24,20.97,95.81,11.895,-0.384,NA
"A006",145,64.4,19.67,96.41,12.006,-0.342,NA
"A006",146,63.24,20.46,93.99,12.719,-1.434,NA
"A006",147,63.19,19.52,93.6,11.829,-2.087,NA
"A006",148,63.8,19.71,94.34,12.425,-1.849,NA
"A006",149,63.55,19.64,93.5,13.014,-2.482,NA
"A006",150,63.42,18.94,93.07,12.852,-3.032,NA
"A006",151,63.67,19.54,93.21,12.774,-2.913,NA
"A006",152,63.05,18.9,93.1,12.862,-2.671,NA
"A006",153,63.94,19.16,93,13.187,-3.505,NA
"A006",154,64.19,19.95,92.49,13.298,-3.983,NA
"A006",155,63.05,20.03,90.76,13.949,-4.623,NA
"A006",156,63.77,17.93,91.52,13.918,-5.292,NA
"A006",157,64.46,16.9,93.61,13.693,-4.252,NA
"A006",158,64,16.22,93.29,14.124,-4.437,NA
"A006",159,64.02,16.57,93.49,13.965,-4.103,NA
"A006",160,63.72,17.37,93.66,13.533,-3.322,NA
"A006",161,64.35,16.56,94.47,13.903,-3.433,NA
"A006",162,64.26,16.87,94.1,13.362,-3.594,NA
"A006",163,64.28,15.3,93.52,13.885,-4.876,NA
"A006",164,64.27,16.9,92.42,14.812,-5.267,NA
"A006",165,64.1,15.8,92.89,14.436,-5.114,NA
"A006",166,63.51,15.67,92.73,14.2,-4.793,NA
"A006",167,64.44,15.48,93.4,14.869,-5.067,NA
"A006",168,64.52,15.48,93.27,14.347,-5.256,NA
"A006",169,64.5,15.66,92.31,14.466,-6.131,NA
"A006",170,64.54,14.89,92.55,15.382,-6.275,NA
"A006",171,64.64,15.32,93.76,14.334,-4.956,NA
"A006",172,64.99,16.12,94.22,13.848,-4.465,NA
"A006",173,65.83,16.72,94.75,14.072,-4.429,NA
"A006",174,66.23,16.85,95.03,14.451,-4.455,NA
"A006",175,65.65,15.7,95.34,14.389,-4.127,NA
"A006",176,66.28,15.47,96.47,13.584,-3.664,NA
"A006",177,66.25,16.68,96.11,13.495,-3.465,NA
"A006",178,67.99,16.56,98.08,12.928,-3.06,NA
"A006",179,68.43,16.72,98.24,13.276,-3.206,NA
"A006",180,68.52,15.56,99.68,13.177,-2.338,NA
"A006",181,68.27,15.17,99.44,12.926,-2.533,NA
"A006",182,67.5,15.7,98.24,12.856,-2.847,NA
"A006",183,67.19,15.3,98.43,13.333,-2.562,NA
"A006",184,66.35,16.02,96.78,13.337,-3.16,NA
"A006",185,67.14,16.43,98.63,12.293,-1.84,NA
"A006",186,66.63,16.33,97.67,13.19,-2.388,NA
"A006",187,66.33,15.38,97.4,13.571,-2.808,NA
"A006",188,66.73,15.27,97.4,13.34,-3.213,NA
"A006",189,66.02,15.67,95.47,14.172,-4.342,NA
"A006",190,65.5,15.81,94.84,14.232,-4.44,NA
"A006",191,66.23,14.33,96.88,13.764,-3.725,NA
"A006",192,65.73,14.16,96.82,13.423,-3.421,NA
"A006",193,66.38,15.4,97.17,13.352,-3.073,NA
"A006",194,65.42,15.71,96.39,12.451,-2.861,NA
"A006",195,65.05,15.13,96.5,12.44,-2.676,NA
"A006",196,64.79,14.88,95.57,13.561,-3.49,NA
"A006",197,65.01,15.18,94.66,14.134,-4.457,NA
"A006",198,64.99,15.79,93.7,13.681,-5.12,NA
"A006",199,65.27,15.49,94.14,14.462,-5.073,NA
"A006",200,65,15.47,93.78,14.872,-5.196,NA
"A006",201,65.34,14.11,95.17,13.746,-4.752,NA
"A006",202,65.54,13.61,95.59,13.934,-4.746,NA
"A006",203,64.97,11.91,95.69,14.524,-5.016,NA
"A006",204,65.95,11.58,97.29,14.264,-4.441,NA
"A006",205,65.93,10.82,96.71,14.455,-5.398,NA
"A006",206,65.99,10.57,97.43,14.412,-4.866,NA
"A006",207,66.7,9.22,99.4,13.016,-4.187,NA
"A006",208,67.71,9.65,99.53,13.683,-4.633,NA
"A006",209,67.79,9.79,98.44,14.696,-5.723,NA
"A006",210,67.98,10.2,98.06,14.538,-6.035,NA
"A006",211,68.95,9.47,98.01,15.975,-7.207,NA
"A006",212,68.69,9.31,98.13,14.957,-6.969,NA
"A006",213,68.49,8.42,98.31,15.663,-7.084,NA
"A006",214,68.41,8.33,99.69,13.99,-5.685,NA
"A006",215,69.33,7.16,101.65,13.999,-4.999,NA
"A006",216,69.86,7.6,101.69,14.123,-5.122,NA
"A006",217,68.91,6.77,101.4,14.354,-5.135,NA
"A006",218,69.09,6.87,102.15,13.897,-4.463,NA
"A006",219,67.39,7.66,100.35,14.585,-4.606,NA
"A006",220,67.95,6.69,100.97,13.719,-4.907,NA
"A006",221,68.36,7.02,100.56,15.054,-5.453,NA
"A006",222,69,6.52,101.73,14.637,-4.995,NA
"A006",223,68.88,7.05,101.25,14.812,-5.125,NA
"A006",224,69.32,5.74,101.34,15.557,-6.001,NA
"A006",225,68.74,5.47,100.82,14.75,-6.249,NA
"A006",226,69.3,6.37,101.36,14.743,-5.666,NA
"A006",227,68.87,5.81,101.01,15.383,-5.987,NA
"A006",228,70.33,5.94,100.98,14.709,-6.965,NA
"A006",229,70.83,4.78,101.69,14.956,-7.152,NA
"A006",230,71.37,5.88,101.56,15.756,-7.123,NA
"A006",231,71.51,5.43,102.11,14.361,-6.875,NA
"A006",232,72.08,4.13,103.31,15.163,-6.651,NA
"A006",233,71,4.02,104.04,14.399,-5.277,NA
"A006",234,70.76,4.12,104.18,13.932,-4.928,NA
"A006",235,70.2,5.48,102.44,14.619,-5.643,NA
"A006",236,70.79,5.25,104.8,13.489,-3.79,NA
"A006",237,71.66,5.02,106.36,13.427,-2.916,NA
"A006",238,71.16,4.61,106.98,12.445,-2.161,NA
"A006",239,71.15,4.88,106.84,12.756,-2.169,NA
"A006",240,71.42,5.24,106.07,13.208,-2.948,NA
"A006",241,72.26,5.46,106.47,13.521,-3.004,NA
"A006",242,72.96,5.44,107.95,12.116,-1.984,NA
"A006",243,73.99,5.42,108.63,11.978,-1.974,NA
"A006",244,73.06,4.94,108.72,12.111,-1.501,NA
"A006",245,73.56,5.34,109.1,12.021,-1.26,NA
"A006",246,74.26,5.23,109.86,11.974,-0.989,NA
"A006",247,74.34,5.2,109.39,12.875,-1.526,NA
"A006",248,73.74,5.9,108.24,12.78,-1.985,NA
"A006",249,73.15,5.23,107.54,12.649,-2.615,NA
"A006",250,72.49,5.37,106.99,13.07,-2.668,NA
"A006",251,71.96,5.35,106,12.467,-3.318,NA
"A006",252,71.07,5.35,105.79,13.533,-2.947,NA
"A006",253,71.26,4.86,105.69,13.329,-3.402,NA
"A007",1,54.55,82.37,56.24,15.447,-9.866,-9.866
"A007",2,53.55,83.68,53.78,16.149,-10.588,-10.588
"A007",3,53.53,83.25,54.57,15.331,-9.98,-9.98
"A007",4,53.38,83.15,55.57,15.004,-8.847,-8.847
"A007",5,54.46,83.28,56.72,14.848,-8.859,-8.859
"A007",6,55.66,84.02,57.56,15.608,-8.932,-8.932
"A007",7,56.41,84.19,57.35,15.612,-9.804,-9.804
"A007",8,57.02,85.18,57.99,14.965,-9.304,-9.304
"A007",9,58.02,85.48,58.98,15.231,-9.084,-9.084
"A007",10,57.99,85.37,58.44,15.017,-9.65,-9.65
"A007",11,57.61,85.73,57.35,15.987,-10.255,-10.255
"A007",12,56.84,84.71,56.28,16.561,-11.058,-11.058
"A007",13,56.52,83.81,56.87,15.396,-10.556,-10.556
"A007",14,57.22,83.58,56.35,15.882,-11.823,-11.823
"A007",15,56.33,82.83,55.76,15.635,-11.929,-11.929
"A007",16,56.47,82.78,55.84,16.01,-12.009,-12.009
"A007",17,58.08,83.59,57.77,16.227,-11.162,-11.162
"A007",18,58.5,84.24,56.17,16.118,-12.834,-12.834
"A007",19,59.25,83.86,56.74,15.639,-13.027,-13.027
"A007",20,59.31,82.69,56.81,16.095,-13.513,-13.513
"A007",21,59.91,82.02,57.54,15.633,-13.543,-13.543
"A007",22,59.86,82.35,57.24,16.474,-13.666,-13.666
"A007",23,59.87,81.66,58.58,15.905,-12.628,-12.628
"A007",24,59.71,81.32,59.29,15.469,-11.951,-11.951
"A007",25,60.82,81.9,60.03,16.404,-11.769,-11.769
"A007",26,60.43,80.89,60.09,15.943,-11.869,-11.869
"A007",27,60.39,81.39,60.01,16.219,-11.699,-11.699
"A007",28,60.56,81.27,60.22,16.267,-11.672,-11.672
"A007",29,60.8,82.02,59.27,16.613,-12.45,-12.45
"A007",30,60.82,81.84,59.15,16.657,-12.671,-12.671
"A007",31,59.82,81.5,58.27,16.177,-12.975,-12.975
"A007",32,60.48,81.65,59.24,15.432,-12.422,-12.422
"A007",33,59.77,80.77,58.61,16.058,-12.92,-12.92
"A007",34,60.84,81.21,59.43,15.954,-12.678,-12.678
"A007",35,61.09,81.14,60.29,15.735,-12.03,-12.03
"A007",36,60.86,82.14,60.58,15.735,-11.133,-11.133
"A007",37,60.98,82.62,59.88,16.112,-11.714,-11.714
"A007",38,61.67,82.72,60.78,15.902,-11.249,-11.249
"A007",39,62.01,82.99,60.6,15.526,-11.535,-11.535
"A007",40,62.3,82.95,59.25,16.503,-13.099,-13.099
"A007",41,61.85,83.63,58.6,16.309,-13.159,-13.159
"A007",42,62.88,82.81,60.62,16.587,-12.151,-12.151
"A007",43,63.53,82.23,61.79,15.759,-11.616,-11.616
"A007",44,63.04,82.68,61.17,16.135,-11.743,-11.743
"A007",45,63.15,82.61,61.42,16.028,-11.596,-11.596
"A007",46,63.59,83.53,61.08,15.854,-11.818,-11.818
"A007",47,64.17,83.98,61.37,15.578,-11.68,-11.68
"A007",48,63.51,83.34,61.6,16.149,-11.324,-11.324
"A007",49,63.91,83.03,61.46,16.126,-11.835,-11.835
"A007",50,63.88,82.79,61.87,16.24,-11.513,-11.513
"A007",51,63.93,82.9,61.42,16.256,-11.936,-11.936
"A007",52,64.1,83.32,62.15,15.831,-11.134,-11.134
"A007",53,64.22,83.05,61.89,17.067,-11.583,-11.583
"A007",54,64.3,82.84,61.23,16.326,-12.371,-12.371
"A007",55,65.28,82.5,62.16,16.389,-12.128,-12.128
"A007",56,64.44,81.71,62.32,16.055,-11.837,-11.837
"A007",57,65.26,81.33,62.95,16.311,-11.814,-11.814
"A007",58,65.1,81.43,62.96,16.137,-11.68,-11.68
"A007",59,65.14,82.5,62.2,15.66,-12.014,-12.014
"A007",60,64.6,81.01,62.65,16.185,-11.898,-11.898
"A007",61,64.87,81.34,63.66,16.035,-10.895,-10.895
"A007",62,65.29,81.5,64.39,15.658,-10.326,-10.326
"A007",63,65.2,80.91,65.36,15.616,-9.553,-9.553
"A007",64,64.85,80.69,64.58,15.249,-10.242,-10.242
"A007",65,66.78,81.15,65.26,15.798,-10.364,-10.364
"A007",66,67.59,82.23,64.23,16.027,-11.334,-11.334
"A007",67,68.03,82.29,65.18,15.247,-10.552,-10.552
"A007",68,68.75,82.18,65.17,15.826,-10.933,-10.933
"A007",69,68.37,82.21,64.79,16.539,-11.141,-11.141
"A007",70,68.23,81.56,64.89,16.297,-11.244,-11.244
"A007",71,67.65,82.69,64.81,15.817,-10.584,-10.584
"A007",72,67.18,82.6,63.86,16.277,-11.346,-11.346
"A007",73,68.86,81.48,65.56,15.667,-10.89,-10.89
"A007",74,69.64,81.51,65.6,15.67,-11.177,-11.177
"A007",75,68.78,80.94,65.77,15.364,-10.884,-10.884
"A007",76,69.21,80.75,65.96,15.704,-10.958,-10.958
"A007",77,68.57,80.98,65.78,15.547,-10.76,-10.76
"A007",78,67.88,79.65,66.54,15.886,-10.264,-10.264
"A007",79,68.13,79.47,66.03,16.091,-10.963,-10.963
"A007",80,68.08,80.33,64.43,16.559,-12.167,-12.167
"A007",81,68.49,80.88,64.38,16.042,-12.161,-12.161
"A007",82,68.42,81.21,63.92,17.364,-12.456,-12.456
"A007",83,68.73,80.27,65.43,16.342,-11.491,-11.491
"A007",84,68.88,80.03,65.31,16.073,-11.779,NA
"A007",85,68.93,80.43,65.54,15.82,-11.396,NA
"A007",86,68.94,80.71,64.53,16.31,-12.282,NA
"A007",87,68.45,80.34,64.82,16.472,-11.941,NA
"A007",88,68.79,81.08,65.78,15.386,-10.814,NA
"A007",89,69.6,80.57,66.47,16.529,-10.693,NA
"A007",90,69.26,81.59,65.95,16.2,-10.631,NA
"A007",91,70.35,81.14,66.75,15.533,-10.476,NA
"A007",92,69.94,80.38,66.23,15.715,-11.158,NA
"A007",93,69.52,80.61,65.11,16.471,-12.001,NA
"A007",94,68.23,80.89,64.72,16.357,-11.706,NA
"A007",95,68.21,80.94,64.81,16.277,-11.589,NA
"A007",96,68.85,80.06,64.89,15.776,-12.176,NA
"A007",97,69.6,79.46,64.78,16.316,-12.866,NA
"A007",98,69.29,79.55,64.34,16.408,-13.13,NA
"A007",99,69.19,79.33,63.8,16.765,-13.722,NA
"A007",100,69.71,79.78,64.75,16.342,-12.8,NA
"A007",101,69.08,79.45,64.01,16.696,-13.423,NA
"A007",102,70.44,80.19,64.83,16.468,-12.84,NA
"A007",103,70.3,79.74,66.21,16.115,-11.609,NA
"A007",104,71.83,79.37,68.37,15.629,-10.217,NA
"A007",105,72.38,79.99,69.7,15.991,-8.812,NA
"A007",106,71.86,80.39,69.68,15.385,-8.465,NA
"A007",107,71.96,80.71,69.92,14.388,-8.119,NA
"A007",108,71.87,79.41,70.12,14.5,-8.464,NA
"A007",109,71.42,79.36,69.15,14.62,-9.281,NA
"A007",110,71.06,78.61,69.3,15.235,-9.326,NA
"A007",111,72.09,78.17,69.77,14.914,-9.464,NA
"A007",112,72.74,77.17,71.06,15.275,-8.87,NA
"A007",113,74.14,77.18,71.44,14.875,-9.002,NA
"A007",114,74.59,77.31,71.07,15.059,-9.466,NA
"A007",115,74.08,77.78,70.6,14.814,-9.54,NA
"A007",116,73.88,77.26,71.19,15.531,-9.119,NA
"A007",117,73.71,77.6,70.64,15.017,-9.445,NA
"A007",118,74.65,78.26,69.83,16.145,-10.273,NA
"A007",119,74.18,79.23,68.71,16.039,-10.775,NA
"A007",120,73.61,79.37,67.78,16.468,-11.447,NA
"A007",121,73.19,80.02,68.67,15.981,-10.119,NA
"A007",122,74.14,79.23,70.42,15.064,-9.053,NA
"A007",123,74.7,79.96,70.66,14.934,-8.665,NA
"A007",124,75.05,79.84,70.23,15.428,-9.26,NA
"A007",125,75.12,80.9,70.05,15.378,-8.975,NA
"A007",126,75.97,80.85,70.96,15.158,-8.352,NA
"A007",127,76.42,80.84,71.31,15.118,-8.137,NA
"A007",128,75.88,80.29,71.71,14.54,-7.824,NA
"A007",129,76.26,80.91,69.93,15.493,-9.437,NA
"A007",130,76.29,81.11,69.31,15.976,-9.976,NA
"A007",131,76.94,81.35,68.72,16.119,-10.649,NA
"A007",132,77.38,81.1,68.94,15.746,-10.665,NA
"A007",133,78.19,81.48,67.95,15.964,-11.708,NA
"A007",134,78.57,80.64,69.06,16.058,-11.089,NA
"A007",135,77.86,80.54,69.06,16.647,-10.936,NA
"A007",136,78.35,79.87,70.29,15.423,-10.163,NA
"A007",137,78.9,79.94,69.42,15.51,-11.153,NA
"A007",138,78.42,79.93,70.48,15.717,-9.968,NA
"A007",139,78.24,79.92,71.44,14.528,-8.971,NA
"A007",140,78.79,79.1,71.35,15.357,-9.613,NA
"A007",141,79.01,79.1,72.48,15.278,-8.537,NA
"A007",142,79.19,79.31,73.15,14.806,-7.821,NA
"A007",143,78.27,78.87,73.18,14.41,-7.746,NA
"A007",144,79.65,79.78,73.22,14.933,-7.645,NA
"A007",145,78.8,79.59,73.04,15.178,-7.68,NA
"A007",146,78.53,80.25,72.4,14.956,-7.921,NA
"A007",147,79.58,79.26,73.45,14.305,-7.652,NA
"A007",148,79.05,79.09,73.7,14.934,-7.34,NA
"A007",149,78.99,77.84,73.55,14.208,-8.112,NA
"A007",150,79.57,78.3,73.11,14.884,-8.474,NA
"A007",151,78.39,78.13,73.17,15.374,-8.164,NA
"A007",152,78.28,78.65,72.96,14.6,-8.08,NA
"A007",153,78.68,77.59,73.7,15.079,-7.989,NA
"A007",154,80.04,77.5,73.31,16.265,-8.832,NA
"A007",155,78.15,76.92,72.39,14.997,-9.49,NA
"A007",156,79.25,77.24,72.9,14.993,-9.139,NA
"A007",157,79.55,76.46,72.5,15.488,-10.05,NA
"A007",158,81.1,76.9,73.04,15.344,-9.725,NA
"A007",159,80.88,77.11,73.24,15.694,-9.349,NA
"A007",160,81.15,77.78,73.92,14.611,-8.386,NA
"A007",161,81.69,77.4,74.06,14.934,-8.604,NA
"A007",162,82.54,77.49,73.57,15.087,-9.29,NA
"A007",163,82.16,77.3,73.04,15.277,-9.818,NA
"A007",164,83.12,77.35,73.75,15.243,-9.359,NA
"A007",165,83.32,78.37,73.09,15.29,-9.512,NA
"A007",166,82.73,77.15,74.39,14.779,-8.715,NA
"A007",167,82.4,77.97,74.01,15.308,-8.551,NA
"A007",168,83.14,77.85,74.13,14.487,-8.707,NA
"A007",169,82.44,78.66,74.57,13.971,-7.624,NA
"A007",170,82.88,78.32,75.3,14.929,-7.196,NA
"A007",171,83.91,78.83,75.38,14.212,-7.13,NA
"A007",172,84,78.27,75.94,14.519,-6.907,NA
"A007",173,83.56,77.98,75.76,13.825,-7.117,NA
"A007",174,83.67,77.36,75.64,14.735,-7.618,NA
"A007",175,83.84,77.89,76.79,14.182,-6.229,NA
"A007",176,83.48,77.83,76,13.847,-6.939,NA
"A007",177,85.03,78.18,74.96,14.384,-8.238,NA
"A007",178,84.62,76.67,75.31,14.975,-8.63,NA
"A007",179,84.09,76.69,75.48,15.069,-8.291,NA
"A007",180,84.85,76.89,74.23,14.784,-9.662,NA
"A007",181,85.88,76.31,75.19,15.59,-9.364,NA
"A007",182,85.69,75.72,75.32,15.448,-9.538,NA
"A007",183,86.02,75.16,76.36,15.07,-8.956,NA
"A007",184,85.83,74.85,75.97,15.13,-9.472,NA
"A007",185,85.96,74.77,76.48,14.878,-9.061,NA
"A007",186,84.32,75.68,74.47,15.757,-9.971,NA
"A007",187,85.68,74.66,75.11,15.391,-10.392,NA
"A007",188,85.55,74.98,74.04,16.199,-11.226,NA
"A007",189,85.88,75.18,74.02,15.692,-11.231,NA
"A007",190,85.53,74.54,74.48,15.655,-11.055,NA
"A007",191,85.85,74.31,75.42,15.524,-10.371,NA
"A007",192,86.28,74.6,75.55,16.221,-10.201,NA
"A007",193,85.89,74.29,76.45,15.575,-9.36,NA
"A007",194,86.29,74.08,76.34,15.506,-9.744,NA
"A007",195,85.25,74.05,75.62,15.576,-10.128,NA
"A007",196,86.11,74.87,75.37,15.409,-10.156,NA
"A007",197,87.22,75.05,75.74,15.475,-10.056,NA
"A007",198,87.51,75.21,76,14.911,-9.805,NA
"A007",199,87.11,75.3,75.32,15.442,-10.28,NA
"A007",200,88.92,74.9,77.03,15.961,-9.496,NA
"A007",201,88.59,73.98,78.06,15.573,-8.945,NA
"A007",202,88.45,74.2,78.68,14.567,-8.128,NA
"A007",203,88.5,73.52,79.98,14.339,-7.294,NA
"A007",204,88.96,75.19,78.13,14.589,-8.225,NA
"A007",205,88.4,75.1,77.39,14.587,-8.815,NA
"A007",206,89.74,74.76,77.14,15.505,-9.808,NA
"A007",207,90.25,75.26,75.85,15.939,-10.977,NA
"A007",208,89.76,75.01,76.32,15.476,-10.464,NA
"A007",209,89.95,75.06,76.98,16.729,-9.847,NA
"A007",210,89.65,75.16,76.27,15.547,-10.378,NA
"A007",211,90.1,74.71,76.79,16.057,-10.339,NA
"A007",212,90.75,74.76,77.13,16.088,-10.24,NA
"A007",213,91.03,75.14,75.88,15.582,-11.346,NA
"A007",214,90.97,75.73,75.29,15.686,-11.521,NA
"A007",215,90.57,76,75.01,16.026,-11.459,NA
"A007",216,91.3,76.08,75.37,16.808,-11.349,NA
"A007",217,91.61,76.67,75.25,16.033,-11.234,NA
"A007",218,91.59,76.69,75.11,15.963,-11.339,NA
"A007",219,91.73,76,75.98,16.054,-10.989,NA
"A007",220,90.73,76.45,75.18,15.947,-11.066,NA
"A007",221,90.85,76.71,74.77,16.365,-11.357,NA
"A007",222,91.1,75.73,75.45,16.828,-11.418,NA
"A007",223,91.28,74.89,74.16,16.776,-13.337,NA
"A007",224,92.27,73.63,76.62,16.522,-12.195,NA
"A007",225,92.14,72.73,77.23,17.017,-12.145,NA
"A007",226,92.39,73.44,76.84,15.89,-12.165,NA
"A007",227,92.65,73.35,77.16,15.686,-12.032,NA
"A007",228,92.6,73.68,77.55,15.731,-11.383,NA
"A007",229,92.95,73.41,76.81,16.227,-12.48,NA
"A007",230,92.88,73.64,76.84,16.116,-12.257,NA
"A007",231,92.62,73.63,76.18,16.697,-12.791,NA
"A007",232,92.26,74.43,75.8,16.101,-12.464,NA
"A007",233,92.6,73.22,76.19,16.226,-13.061,NA
"A007",234,92.99,72.05,77.35,16.269,-12.905,NA
"A007",235,92.93,72.33,76.91,16.46,-13.115,NA
"A007",236,92.97,72.91,77.05,16.326,-12.597,NA
"A008",1,85.78,80.01,71.72,17.337,-10.681,-10.681
"A008",2,85.14,79.81,72.25,17.548,-10.077,-10.077
"A008",3,85.48,78.9,73.29,17.196,-9.635,-9.635
"A008",4,85.25,78.22,73.09,17.685,-10.148,-10.148
"A008",5,85.7,78.88,72.64,17.443,-10.368,-10.368
"A008",6,85.95,78.84,72.92,17.637,-10.187,-10.187
"A008",7,85.83,80.17,72.81,18.159,-9.526,-9.526
"A008",8,85.59,81.35,72.6,17.553,-9.064,-9.064
"A008",9,85.88,80.13,72.79,17.759,-9.58,-9.58
"A008",10,85.86,79.37,72.03,18.645,-10.749,-10.749
"A008",11,85.67,79.89,71.49,18.038,-10.95,-10.95
"A008",12,86.59,79.27,72.45,18.495,-10.601,-10.601
"A008",13,85.99,80.01,71.85,18.686,-10.619,-10.619
"A008",14,86.12,79.64,72.68,17.832,-10.032,-10.032
"A008",15,86.29,79.14,73.11,17.808,-9.933,-9.933
"A008",16,86.14,78.23,73.91,17.387,-9.592,-9.592
"A008",17,85.63,78.88,72.35,17.963,-10.637,-10.637
"A008",18,85.76,78.93,72.49,18.182,-10.501,-10.501
"A008",19,86.27,79.19,71.92,18.298,-11.088,-11.088
"A008",20,86.48,80.27,70.63,18.359,-11.848,-11.848
"A008",21,86.9,79.33,72.73,18.07,-10.386,-10.386
"A008",22,86.81,78.52,73.67,17.988,-9.884,-9.884
"A008",23,86.5,79.53,71.49,17.904,-11.398,-11.398
"A008",24,86.22,79.52,71.93,18.158,-10.874,-10.874
"A008",25,85.55,79.09,71.91,18.673,-10.934,-10.934
"A008",26,85.41,79.04,72.44,17.411,-10.381,-10.381
"A008",27,85.36,79.36,72.38,17.864,-10.262,-10.262
"A008",28,85.47,79.45,71.82,17.799,-10.799,-10.799
"A008",29,84.98,80.01,70.39,19.102,-11.788,-11.788
"A008",30,84.95,79.37,71.23,18.017,-11.288,-11.288
"A008",31,84.09,78.9,70.14,18.727,-12.382,-12.382
"A008",32,83.72,79.3,70.04,18.275,-12.161,-12.161
"A008",33,83.22,79.95,69.79,18.273,-11.934,-11.934
"A008",34,82.25,81.24,69.6,18.361,-11.22,-11.22
"A008",35,81.94,81.16,69.75,17.966,-11.038,-11.038
"A008",36,81.26,80.76,69.96,17.865,-10.846,-10.846
"A008",37,81.05,81.18,69.74,17.731,-10.799,-10.799
"A008",38,80.71,81.3,69.52,18.258,-10.884,-10.884
"A008",39,80.49,81.9,69.43,18.324,-10.63,-10.63
"A008",40,80.21,81.66,68.85,18.055,-11.252,-11.252
"A008",41,80.69,81.87,69.6,18.352,-10.523,-10.523
"A008",42,80.57,82.03,69.8,17.351,-10.228,-10.228
"A008",43,80.24,81.53,70,18.474,-10.176,-10.176
"A008",44,80.68,82.27,70.19,17.004,-9.749,-9.749
"A008",45,79.38,82.11,69.09,17.906,-10.59,-10.59
"A008",46,79.08,82.66,68.43,18.32,-10.925,-10.925
"A008",47,78.3,83.85,68.71,18.77,-9.929,-9.929
"A008",48,78.05,82.75,68.86,18.113,-10.188,-10.188
"A008",49,77.77,82.85,68.78,17.777,-10.148,-10.148
"A008",50,77.94,82.01,68.94,18.091,-10.404,-10.404
"A008",51,78.3,83.46,67.76,17.546,-11.045,-11.045
"A008",52,78.24,83.41,68.04,18.684,-10.766,-10.766
"A008",53,78.29,83.84,68.69,17.782,-9.953,-9.953
"A008",54,78.76,84.52,68.64,17.676,-9.836,-9.836
"A008",55,79.83,84.82,68.63,17.484,-9.991,-9.991
"A008",56,78.82,85.47,67.81,17.42,-10.303,-10.303
"A008",57,78.27,84.99,68.16,17.108,-9.998,-9.998
"A008",58,78.43,84.95,68.32,17.061,-9.895,-9.895
"A008",59,78.55,84.12,69,17.248,-9.587,-9.587
"A008",60,78.46,84.49,68.32,18.174,-10.091,-10.091
"A008",61,79.67,84.77,68.54,18.066,-10.07,-10.07
"A008",62,78.96,84.89,68.33,17.639,-10.052,-10.052
"A008",63,77.8,85.12,67.94,18.768,-10.05,-10.05
"A008",64,77.15,85.4,67.6,18.465,-10.096,-10.096
"A008",65,77.33,84.93,68.56,17.493,-9.377,-9.377
"A008",66,76.68,85.63,67,17.557,-10.474,-10.474
"A008",67,76.8,85.28,66.29,18.307,-11.365,-11.365
"A008",68,76.93,85.43,66.79,17.705,-10.836,-10.836
"A008",69,76.13,85.86,67.58,17.392,-9.652,-9.652
"A008",70,75.1,84.44,68.24,18.181,-9.258,-9.258
"A008",71,75.27,83.8,67.58,18.03,-10.233,-10.233
"A008",72,74.76,83.94,66.55,18.63,-11.044,-11.044
"A008",73,76.19,84.04,65.71,18.119,-12.274,-12.274
"A008",74,75.83,83.57,67.17,18.024,-10.9,-10.9
"A008",75,75.98,84.83,65.95,18.744,-11.648,-11.648
"A008",76,76.48,85.32,64.55,18.786,-12.997,-12.997
"A008",77,75.36,84.07,65.76,18.86,-11.964,-11.964
"A008",78,75.1,84.08,65.5,17.677,-12.148,-12.148
"A008",79,74.08,84.05,65.52,17.992,-11.819,-11.819
"A008",80,74.21,83.52,65.74,18.014,-11.866,-11.866
"A008",81,74.47,83.22,65.05,18.651,-12.754,-12.754
"A008",82,75.28,83.8,65.42,18.991,-12.395,-12.395
"A008",83,74.69,84.09,65.22,18.611,-12.3,-12.3
"A008",84,74.24,84.23,66.2,18.084,-11.112,-11.112
"A008",85,74.59,84.67,66.67,18.024,-10.581,-10.581
"A008",86,74.85,85.2,66.5,18.941,-10.614,-10.614
"A008",87,75.43,84.59,66.94,18.297,-10.591,-10.591
"A008",88,77.35,84.32,67,18.236,-11.19,NA
"A008",89,76.43,84.5,67.27,18.132,-10.594,NA
"A008",90,75.51,84.03,65.94,18.619,-11.849,NA
"A008",91,75.4,85.03,66,18.271,-11.35,NA
"A008",92,74.71,84.66,66.08,18.773,-11.208,NA
"A008",93,74.31,84.35,66.21,18.134,-11.079,NA
"A008",94,74.58,84.24,67.11,18.176,-10.309,NA
"A008",95,74.45,84.62,66.99,18.496,-10.228,NA
"A008",96,73.2,85.19,66.86,17.756,-9.721,NA
"A008",97,74.13,84.27,67.89,17.475,-9.38,NA
"A008",98,74.11,86.07,66.11,18.235,-10.423,NA
"A008",99,73.23,87.22,64.67,18.343,-11.136,NA
"A008",100,72.15,86.44,64.27,18.276,-11.454,NA
"A008",101,71.5,87.36,64.07,18.807,-11.064,NA
"A008",102,71.42,86.98,63.67,18.569,-11.579,NA
"A008",103,70.87,86.79,62.9,18.576,-12.209,NA
"A008",104,70.76,86.93,63.2,18.775,-11.812,NA
"A008",105,70.59,86.68,63.14,18.473,-11.903,NA
"A008",106,70.87,86.86,62.16,18.844,-12.929,NA
"A008",107,71.47,86.62,63.02,18.284,-12.393,NA
"A008",108,71.35,87.11,62.73,19.334,-12.444,NA
"A008",109,71.05,87.56,62.67,17.897,-12.219,NA
"A008",110,69.48,87.47,61.54,18.422,-12.739,NA
"A008",111,68.98,88.09,60.65,18.462,-13.18,NA
"A008",112,69.75,89.07,60.58,18.603,-13.219,NA
"A008",113,69.28,88.96,59.31,18.099,-14.319,NA
"A008",114,69.76,87.73,59.98,19.164,-14.328,NA
"A008",115,70.2,86.79,60.34,18.724,-14.505,NA
"A008",116,70.1,86.82,60.97,18.8,-13.829,NA
"A008",117,69.52,86.54,60.92,18.289,-13.744,NA
"A008",118,69.79,86.49,62.1,18.777,-12.691,NA
"A008",119,69.58,86.72,61.78,18.828,-12.838,NA
"A008",120,70.21,86.27,61.84,18.086,-13.213,NA
"A008",121,69.58,86.91,60.48,18.521,-14.06,NA
"A008",122,69.77,86.84,60.95,19.003,-13.703,NA
"A008",123,70.2,87.39,62.28,18.099,-12.34,NA
"A008",124,69.08,87.29,61.48,18.759,-12.698,NA
"A008",125,69.23,87.31,61.69,18.407,-12.557,NA
"A008",126,68.23,85.99,60.8,18.636,-13.516,NA
"A008",127,68.33,86.54,61.38,18.873,-12.76,NA
"A008",128,67.95,86.2,61.39,18.882,-12.721,NA
"A008",129,67.46,86.91,61.28,17.815,-12.314,NA
"A008",130,66.52,87.61,60.74,18.581,-12.118,NA
"A008",131,66.93,87.86,60.98,18.584,-11.988,NA
"A008",132,66.27,87.63,60.51,18.635,-12.21,NA
"A008",133,65.32,87.32,60.17,18.192,-12.173,NA
"A008",134,65.17,87.96,59.74,18.455,-12.277,NA
"A008",135,65.08,87.8,59.56,18.16,-12.47,NA
"A008",136,65.71,87.87,58.81,19.016,-13.537,NA
"A008",137,66.14,88.6,58.14,17.582,-14.143,NA
"A008",138,65.66,89,57.99,19.499,-13.892,NA
"A008",139,65.01,89.09,58.44,17.771,-13.056,NA
"A008",140,65.18,88.85,58.2,18.582,-13.476,NA
"A008",141,64.86,88.08,58.95,18.19,-12.849,NA
"A008",142,64.42,88.77,59.01,18.502,-12.278,NA
"A008",143,64.53,88.6,59.23,18.068,-12.175,NA
"A008",144,64.89,88.82,58.68,18.457,-12.848,NA
"A008",145,63.98,88.51,59.47,19.157,-11.651,NA
"A008",146,62.9,88.39,58.29,18.493,-12.222,NA
"A008",147,62.09,88.82,57.59,18.576,-12.232,NA
"A008",148,61.48,88.96,57.3,18.411,-12.056,NA
"A008",149,61.24,89.06,57.64,18.517,-11.506,NA
"A008",150,61.37,90.01,57.26,17.908,-11.615,NA
"A008",151,61.15,90.81,56.21,18.216,-12.216,NA
"A008",152,61.24,90.47,55.61,18.075,-13.004,NA
"A008",153,61.74,91.03,56.1,18.658,-12.65,NA
"A008",154,60.83,91.21,56.69,18.034,-11.354,NA
"A008",155,60.62,91.33,56.64,18.762,-11.212,NA
"A008",156,60.64,92.1,55.69,18.306,-11.897,NA
"A008",157,59.43,91.27,54.86,18.336,-12.118,NA
"A008",158,59.28,92.57,54.92,18.106,-11.481,NA
"A008",159,59.78,93.15,55.38,18.552,-11.202,NA
"A008",160,61.1,92.61,56.91,18.289,-10.827,NA
"A008",161,61.64,92.62,56.18,18.381,-11.923,NA
"A008",162,61.13,92.86,55.74,18.077,-11.927,NA
"A008",163,60.86,92.34,55.98,18.031,-11.686,NA
"A008",164,60.56,92.18,56.07,18.545,-11.429,NA
"A008",165,61.87,91.15,58.44,18.267,-10.354,NA
"A008",166,61.23,91.02,58.18,19.342,-10.22,NA
"A008",167,60.98,92.03,57.07,18.017,-10.784,NA
"A008",168,60.97,92.12,56.36,17.828,-11.455,NA
"A008",169,61.39,91.03,56.88,18.286,-11.633,NA
"A008",170,60.87,91.96,56.52,18.005,-11.281,NA
"A008",171,60.53,91.6,56.28,17.809,-11.417,NA
"A008",172,60.52,91.41,56.36,18.138,-11.391,NA
"A008",173,59.73,93.13,55.37,17.886,-11.177,NA
"A008",174,59.65,93.22,55.83,17.449,-10.628,NA
"A008",175,58.9,92.62,55.61,18.802,-10.465,NA
"A008",176,58.09,92.34,54.3,18.183,-11.207,NA
"A008",177,57.32,92.36,54.12,17.898,-10.708,NA
"A008",178,57.59,92.94,53.84,18.197,-11.038,NA
"A008",179,57.84,92.69,54.62,18.152,-10.557,NA
"A008",180,57.66,93.39,53.99,18.3,-10.794,NA
"A008",181,58.43,93.87,55.03,17.941,-10.243,NA
"A008",182,58.21,93.24,54.91,18.404,-10.384,NA
"A008",183,57.39,92.23,54.5,17.865,-10.436,NA
"A008",184,58.34,92.46,53.5,18.709,-12.17,NA
"A008",185,58.33,92.02,53.26,18.147,-12.563,NA
"A008",186,58.26,92.71,53.03,18.045,-12.501,NA
"A008",187,57.9,93.17,53.94,18.24,-11.126,NA
"A008",188,56.88,93.36,53.17,18.694,-10.936,NA
"A008",189,57.32,94.09,53.68,18.305,-10.583,NA
"A008",190,57.27,93.42,52.44,18.934,-11.997,NA
"A008",191,57.24,94.29,52.35,17.767,-11.773,NA
"A008",192,56.29,95.6,50.52,18.176,-12.359,NA
"A008",193,56.6,94.89,50.92,19.149,-12.456,NA
"A008",194,56.15,93.77,50.99,18.631,-12.313,NA
"A008",195,55.01,93.87,50.13,18.564,-12.02,NA
"A008",196,54.93,93.51,50.96,18.188,-11.217,NA
"A008",197,54.33,95.01,50.28,18.099,-10.855,NA
"A008",198,54.52,94.57,50.14,18.224,-11.309,NA
"A008",199,54.04,95.51,50.59,18.095,-10.114,NA
"A008",200,54.07,94.8,51.56,17.513,-9.351,NA
"A008",201,54.89,94.99,52.46,17.665,-9.25,NA
"A008",202,54.88,95.18,51.93,17.741,-9.727,NA
"A008",203,55.39,95.52,50.68,19.064,-11.383,NA
"A008",204,54,95.4,48.95,17.701,-11.738,NA
"A008",205,53.92,94.79,48.56,19.149,-12.193,NA
"A008",206,53.19,95.42,48.39,18.777,-11.42,NA
"A008",207,53.01,95.1,47.92,18.673,-11.766,NA
"A008",208,52.1,95.62,47.19,17.932,-11.326,NA
"A009",1,50.57,70.82,58.28,17.264,-9.743,-9.743
"A009",2,51.26,70.33,58.85,17.35,-10.18,-10.18
"A009",3,51.03,70.45,58.35,17.034,-10.372,-10.372
"A009",4,50.25,69.46,57.35,17.639,-11.063,-11.063
"A009",5,50.83,69.18,58.09,17.205,-11.088,-11.088
"A009",6,51.83,69.51,58.66,17.924,-11.381,-11.381
"A009",7,51.51,70.7,58.98,16.886,-10.123,-10.123
"A009",8,52.08,70.08,59.07,17.998,-10.932,-10.932
"A009",9,52.18,70.87,59.29,17.413,-10.402,-10.402
"A009",10,52.97,70.83,60.48,16.587,-10.022,-10.022
"A009",11,53.11,71.39,60.79,17.937,-9.559,-9.559
"A009",12,52.73,69.91,61.3,17.38,-9.431,-9.431
"A009",13,52.61,69.18,61.88,16.027,-9.101,-9.101
"A009",14,52.4,67.9,63.83,16.088,-7.57,-7.57
"A009",15,53.53,66.86,65.18,15.739,-7.775,-7.775
"A009",16,52.99,66.63,64.85,15.986,-7.713,-7.713
"A009",17,53.46,67.12,64.43,16.539,-8.34,-8.34
"A009",18,53.4,66.26,64.32,16.548,-8.795,-8.795
"A009",19,53.5,65.42,65.45,16.461,-8.147,-8.147
"A009",20,53.07,66.1,63.46,16.341,-9.435,-9.435
"A009",21,52.63,66.5,63.39,16.598,-8.903,-8.903
"A009",22,53.14,65.98,64.12,17.17,-8.891,-8.891
"A009",23,52.48,65.5,63.07,17.114,-9.561,-9.561
"A009",24,52.86,65.73,63.85,17.141,-9.023,-9.023
"A009",25,53.14,65.99,63.68,16.941,-9.328,-9.328
"A009",26,53.03,66.12,63.71,17.017,-9.14,-9.14
"A009",27,52.82,64.78,65.17,15.32,-8.095,-8.095
"A009",28,52.14,64.47,64.46,16.966,-8.323,-8.323
"A009",29,52.52,64.73,63.98,16.467,-9.031,-9.031
"A009",30,52.21,64.81,63.49,16.94,-9.202,-9.202
"A009",31,52.87,65.09,64.48,15.894,-8.695,-8.695
"A009",32,52.93,64.69,63.69,17.417,-9.717,-9.717
"A009",33,51.9,65.4,61.6,17.304,-10.516,-10.516
"A009",34,52.83,64.53,62.99,17.539,-10.404,-10.404
"A009",35,53.02,64.63,63.47,16.971,-10.05,-10.05
"A009",36,52.49,64.07,63.35,17.908,-9.94,-9.94
"A009",37,52.24,64.66,63.01,16.6,-9.772,-9.772
"A009",38,51.59,64.03,62.37,16.552,-10.089,-10.089
"A009",39,50.69,63.86,62.07,17.197,-9.573,-9.573
"A009",40,50.89,63.98,62.88,17.082,-8.912,-8.912
"A009",41,51.76,64.31,63.86,16.211,-8.632,-8.632
"A009",42,51.87,64.28,64.13,16.318,-8.471,-8.471
"A009",43,51.28,63.81,63.85,16.193,-8.403,-8.403
"A009",44,52.34,62.23,65.71,16.655,-8.267,-8.267
"A009",45,52.83,62.43,66.72,16.529,-7.613,-7.613
"A009",46,53.74,62.8,66.72,16.604,-8.256,-8.256
"A009",47,53.87,61.93,67.24,16.518,-8.222,-8.222
"A009",48,53.02,62.22,65.97,16.938,-8.63,-8.63
"A009",49,53.08,62.76,65.74,17.006,-8.667,-8.667
"A009",50,52.83,62.81,65.08,16.683,-9.084,-9.084
"A009",51,53.58,61.89,66.56,16.957,-8.674,-8.674
"A009",52,54.37,61.09,68.48,16.119,-7.772,-7.772
"A009",53,53.23,60.11,68.17,16.774,-7.547,-7.547
"A009",54,52.9,58.55,68.07,16.181,-8.045,-8.045
"A009",55,52.55,57.41,67.92,16.034,-8.395,-8.395
"A009",56,52.44,57.29,67.4,17.366,-8.868,-8.868
"A009",57,52.85,56.09,68.34,17.083,-8.832,-8.832
"A009",58,52.18,55.75,67.35,16.918,-9.389,-9.389
"A009",59,52.9,55.74,68.38,16.647,-8.99,-8.99
"A009",60,52.23,54.8,68.98,15.97,-8.238,-8.238
"A009",61,51.47,55.52,67.03,16.58,-9.174,-9.174
"A009",62,52.32,55.65,68.6,16.442,-8.307,-8.307
"A009",63,52.18,55.24,69.12,16.027,-7.85,-7.85
"A009",64,52.34,55.84,69.02,16.565,-7.826,-7.826
"A009",65,52.5,54.87,70.27,16.206,-7.158,-7.158
"A009",66,52.5,54.98,70.33,16.134,-7.038,-7.038
"A009",67,52.25,53.94,69.9,15.346,-7.736,-7.736
"A009",68,52.56,53.1,70.44,16.79,-7.851,-7.851
"A009",69,52.75,52.95,69.98,16.401,-8.541,-8.541
"A009",70,51.76,52.86,68.42,17.306,-9.304,-9.304
"A009",71,51.82,52.94,69.2,17.213,-8.536,-8.536
"A009",72,51.83,52.1,69.66,16.028,-8.485,-8.485
"A009",73,52.76,50.85,70.88,16.026,-8.628,-8.628
"A009",74,53.24,50.5,72.88,15.516,-7.166,-7.166
"A009",75,52.03,50.65,72.17,16.124,-6.838,-6.838
"A009",76,51.94,49.92,71.72,15.389,-7.558,-7.558
"A009",77,52.12,49.75,72.39,16.026,-7.108,-7.108
"A009",78,51.86,49.56,72.2,15.734,-7.181,-7.181
"A009",79,52.25,50.05,71.95,15.972,-7.509,-7.509
"A009",80,53.53,49.82,74.33,15.086,-6.261,-6.261
"A009",81,52.45,49.61,72.94,15.776,-6.897,-6.897
"A009",82,51.92,49.14,72.82,16.278,-6.811,-6.811
"A009",83,52.75,48.12,73.57,15.51,-7.19,-7.19
"A009",84,52.31,48.65,72.04,16.365,-8.138,-8.138
"A009",85,52.26,49.24,73.12,15.723,-6.738,-6.738
"A009",86,52.56,49.63,71.93,15.769,-7.985,-7.985
"A009",87,52.61,49.03,71.35,16.13,-8.886,-8.886
"A009",88,51.63,48.45,70.58,16.598,-9.132,-9.132
"A009",89,51.9,48.71,70.86,16.924,-8.953,-8.953
"A009",90,51.62,48.13,70.04,17.062,-9.829,-9.829
"A009",91,51.32,48.58,70.14,17.051,-9.275,-9.275
"A009",92,51.34,48.88,70.09,16.66,-9.188,-9.188
"A009",93,50.4,49.46,68.42,16.196,-9.779,-9.779
"A009",94,50.87,48.95,70.15,16.858,-8.705,-8.705
"A009",95,50.55,48.04,70.81,16.461,-8.215,NA
"A009",96,51.6,48.05,71.47,15.794,-8.413,NA
"A009",97,51.54,46.48,72.87,16.712,-7.701,NA
"A009",98,51.73,46.34,72.87,16.646,-7.913,NA
"A009",99,52.5,46.93,73.27,16.165,-7.836,NA
"A009",100,53.11,46.75,73.33,16.559,-8.316,NA
"A009",101,53.3,47.53,73.08,16.845,-8.362,NA
"A009",102,52.71,48.29,70.96,15.944,-9.687,NA
"A009",103,53.29,47.28,72.29,16.779,-9.263,NA
"A009",104,53.12,47.36,72.74,16.896,-8.65,NA
"A009",105,53.42,46.59,71.66,17.625,-10.282,NA
"A009",106,53.61,46.42,71.96,16.637,-10.201,NA
"A009",107,54.28,46.11,72.83,16.814,-9.947,NA
"A009",108,54.22,46.06,73.64,16.664,-9.11,NA
"A009",109,54.66,44.89,73.53,17.378,-10.013,NA
"A009",110,55.19,44.89,72.74,18.41,-11.178,NA
"A009",111,55.06,44.12,73.07,18.01,-11.053,NA
"A009",112,53.81,43.73,72.14,17.236,-11.273,NA
"A009",113,54.68,42.71,73.53,17.244,-10.871,NA
"A009",114,54.26,42.58,72.71,17.307,-11.44,NA
"A009",115,53.48,42.33,72.49,17.786,-11.221,NA
"A009",116,53,42.18,72.4,17.962,-11.046,NA
"A009",117,53.56,41.56,72.55,17.082,-11.492,NA
"A009",118,53.8,41.65,72.86,16.931,-11.318,NA
"A009",119,53.34,41.27,74.22,17.746,-9.776,NA
"A009",120,52.88,40.73,73.84,18.027,-10.032,NA
"A009",121,52.57,40.27,72.74,17.712,-11.07,NA
"A009",122,52.3,39.22,72.41,17.133,-11.553,NA
"A009",123,52.54,39.3,72.73,17.696,-11.371,NA
"A009",124,53.32,39.46,72.95,17.703,-11.617,NA
"A009",125,53.92,39,73.52,17.487,-11.567,NA
"A009",126,53.84,38.97,73.84,17.451,-11.205,NA
"A009",127,53.72,40.24,73.77,17.225,-10.818,NA
"A009",128,54.32,38.97,75.68,16.675,-9.682,NA
"A009",129,54.44,38.22,75.52,17.223,-10.121,NA
"A009",130,55.21,39.47,75.16,17.736,-10.644,NA
"A009",131,54.32,39.58,74.99,17.027,-10.202,NA
"A009",132,54.23,38.68,75.61,16.823,-9.777,NA
"A009",133,54.83,36.45,76.39,17.284,-9.915,NA
"A009",134,54.48,36.03,76.24,17.002,-9.912,NA
"A009",135,54.86,36.39,76.9,16.674,-9.436,NA
"A009",136,54.52,36.83,76.39,16.822,-9.633,NA
"A009",137,54.86,36.84,76.6,17.022,-9.64,NA
"A009",138,54.94,36.64,77.2,16.635,-9.136,NA
"A009",139,55.22,36.72,78.66,15.691,-7.84,NA
"A009",140,54.54,37.53,78.31,15.864,-7.56,NA
"A009",141,55.35,36.67,78.5,15.958,-8.098,NA
"A009",142,55.31,36.13,77.97,16.866,-8.708,NA
"A009",143,56.39,36.4,78.35,16.74,-8.984,NA
"A009",144,55.83,35.82,77.82,16.911,-9.255,NA
"A009",145,55.64,35.84,76.92,16.893,-10.035,NA
"A009",146,56.33,35.3,77.69,16.857,-9.809,NA
"A009",147,56.3,36.65,76.56,17.229,-10.66,NA
"A009",148,56.49,36.2,76.91,17.9,-10.524,NA
"A009",149,56.51,36.89,76.05,17.242,-11.247,NA
"A009",150,55.65,36.51,76.35,18.225,-10.472,NA
"A009",151,55.37,36,76.27,17.22,-10.478,NA
"A009",152,55.56,36.55,77.18,16.765,-9.573,NA
"A009",153,55.12,36.04,77.74,16.843,-8.827,NA
"A009",154,55.01,36.19,78.74,15.812,-7.736,NA
"A009",155,55.36,36.24,78.12,16.518,-8.569,NA
"A009",156,55.16,34.97,77.57,16.864,-9.218,NA
"A009",157,55.33,33.94,77.9,17.222,-9.156,NA
"A009",158,54.85,33.97,77.94,15.901,-8.791,NA
"A009",159,53.53,33.13,77.89,16.059,-8.096,NA
"A009",160,54.14,33.5,78.68,15.929,-7.652,NA
"A009",161,53.99,32.73,79.67,15.552,-6.654,NA
"A009",162,53.79,32.36,79.57,15.512,-6.668,NA
"A009",163,53.82,31.77,78.81,16.428,-7.496,NA
"A009",164,54.51,30.07,78.87,16.6,-7.995,NA
"A009",165,55.02,30.59,77.78,16.653,-9.399,NA
"A009",166,54.49,30.61,77.02,17.179,-9.802,NA
"A009",167,55.09,29.55,77.94,16.973,-9.346,NA
"A009",168,54.1,29.32,78.15,16.773,-8.481,NA
"A009",169,54.2,28.49,78.2,16.314,-8.53,NA
"A009",170,53.6,28.45,78.58,15.809,-7.762,NA
"A009",171,53.95,28.13,79.9,15.75,-6.683,NA
"A009",172,54.53,27.7,79.71,15.409,-7.282,NA
"A009",173,54.53,27.3,78.56,16.497,-8.444,NA
"A009",174,54.72,27.2,79.17,16.356,-7.968,NA
"A009",175,54.66,26.18,79.58,16.718,-7.568,NA
"A009",176,54.95,27.3,80.56,15.253,-6.741,NA
"A009",177,54.08,26.92,80.32,15.644,-6.395,NA
"A009",178,53.77,27.39,79.62,15.371,-6.866,NA
"A009",179,52.25,26.86,79.06,15.183,-6.472,NA
"A009",180,52.62,26.25,81.23,14.174,-4.555,NA
"A009",181,54.04,26.12,81.85,14.194,-4.884,NA
"A009",182,54.04,25.38,81.92,14.396,-4.849,NA
"A009",183,53.15,25.96,81.17,14.963,-4.97,NA
"A009",184,53.74,26.67,83.19,14.062,-3.311,NA
"A009",185,54.52,26.54,83.72,13.17,-3.319,NA
"A009",186,54.12,25.39,83.66,13.149,-3.158,NA
"A009",187,52.54,24.85,82.93,12.639,-2.886,NA
"A009",188,52.01,24.93,83.76,12.204,-1.725,NA
"A009",189,51.77,25.35,83.89,11.803,-1.427,NA
"A009",190,52.84,24.51,84.78,12.233,-1.248,NA
"A009",191,53.02,24.05,85.01,12.718,-1.173,NA
"A009",192,53.69,24.51,85.27,12.556,-1.32,NA
"A009",193,53.42,25.31,84.87,12.55,-1.484,NA
"A009",194,53.27,24.55,84.04,13.479,-2.263,NA
"A009",195,53.39,24.16,84.42,12.94,-1.998,NA
"A009",196,53.63,24.63,85.17,11.63,-1.375,NA
"A009",197,54.97,24.1,85.61,12.692,-1.925,NA
"A009",198,54.06,24.49,84.64,13.085,-2.206,NA
"A009",199,53.6,24.32,84.18,13.07,-2.376,NA
"A009",200,54.41,23.34,83.99,13.958,-3.228,NA
"A009",201,54.35,23.17,82.37,13.969,-4.82,NA
"A009",202,54.38,23.05,82,15.476,-5.229,NA
"A009",203,54.4,23.56,81.81,15.094,-5.372,NA
"A009",204,53.93,23.26,82.22,14.823,-4.673,NA
"A009",205,55.28,23.95,83.69,13.839,-4.094,NA
"A009",206,54.78,23.36,82.21,14.683,-5.264,NA
"A009",207,54.35,22.89,80.62,16.093,-6.611,NA
"A009",208,55.16,23.11,80.35,15.425,-7.443,NA
"A009",209,54.82,21.93,79.37,16.114,-8.355,NA
"A009",210,54.67,21.05,78.65,16.732,-9.142,NA
"A009",211,54.8,20.9,79.45,16.319,-8.464,NA
"A009",212,54.8,20.67,79.68,16.556,-8.296,NA
"A009",213,54.98,21.05,79.56,16.309,-8.456,NA
"A009",214,54.92,20.65,78.91,16.767,-9.152,NA
"A009",215,54.09,20.25,78.11,17.005,-9.439,NA
"A009",216,53.19,19.67,78.93,16.463,-8.146,NA
"A009",217,54.58,19.34,80.18,16.04,-7.981,NA
"A009",218,55.01,18.96,80.99,16.298,-7.614,NA
"A009",219,54.89,18.9,81.44,15.881,-7.092,NA
"A009",220,55.59,17.63,83.37,15.11,-6.168,NA
"A009",221,54.86,17.17,81.84,15.433,-7.317,NA
"A009",222,55.66,17.36,82.68,16.155,-7.016,NA
"A009",223,55.85,17.16,82.4,16.304,-7.535,NA
"A009",224,55.11,17.07,81.68,16.64,-7.712,NA
"A009",225,54.48,17.7,81.09,16.041,-7.562,NA
"A009",226,54.85,17.84,80.51,16.005,-8.365,NA
"A009",227,54.9,16.59,81.32,16.33,-8.116,NA
"A009",228,55.97,17.91,81.64,16.773,-8.087,NA
"A009",229,57.01,16.83,81.17,16.728,-9.878,NA
"A009",230,56.39,16.82,81.29,16.811,-9.233,NA
"A009",231,56.72,15.79,80.74,17.713,-10.532,NA
"A009",232,56.25,15.2,80.32,17.597,-10.864,NA
"A009",233,55.81,15.13,79.53,17.782,-11.328,NA
"A009",234,55.57,14.76,79.67,17.785,-11.207,NA
"A009",235,56.25,13.42,81.74,17.375,-10.445,NA
"A010",1,24.76,76.27,24.66,15.815,-4.774,-4.774
"A010",2,25.38,75.52,25.75,15.968,-5.267,-5.267
"A010",3,25.43,76.06,25.31,15.608,-4.87,-4.87
"A010",4,24.87,76.4,25.15,15.535,-4.126,-4.126
"A010",5,24.1,75.52,26.84,14.249,-3.485,-3.485
"A010",6,24.11,75.48,27.45,14.594,-2.942,-2.942
"A010",7,23.63,74.96,28.1,14.049,-2.909,-2.909
"A010",8,24.31,75.3,28.34,14.504,-2.448,-2.448
"A010",9,25,74.85,30.13,14.09,-1.743,-1.743
"A010",10,24.57,75.73,27.96,14.336,-2.256,-2.256
"A010",11,24.7,75.56,27.93,14.518,-2.647,-2.647
"A010",12,23.79,75.19,27.65,14.975,-3.052,-3.052
"A010",13,24.54,75.33,28.28,14.259,-2.582,-2.582
"A010",14,23.77,74.92,28.43,14.405,-2.711,-2.711
"A010",15,23.77,75.46,26.7,15.138,-3.563,-3.563
"A010",16,22.67,75.94,24.85,14.617,-4.132,-4.132
"A010",17,22.52,75.07,26.46,15.537,-3.937,-3.937
"A010",18,23.83,75.02,26.59,15.318,-4.424,-4.424
"A010",19,23.19,75.65,24.52,15.461,-5.183,-5.183
"A010",20,23.22,75.54,25.24,14.815,-4.648,-4.648
"A010",21,23.52,75.1,26.11,15.298,-4.635,-4.635
"A010",22,24.81,75.14,26.62,15.642,-4.684,-4.684
"A010",23,25.09,76.61,24.43,15.459,-4.631,-4.631
"A010",24,25.03,76.81,24.51,15.565,-4.197,-4.197
"A010",25,23.89,76.83,25.1,14.927,-2.927,-2.927
"A010",26,23.64,77.03,24.79,14.587,-2.764,-2.764
"A010",27,22.71,77,24.48,14.321,-2.706,-2.706
"A010",28,23.25,77.57,23.96,13.801,-2.481,-2.481
"A010",29,24.14,77.47,25.93,13.394,-1.127,-1.127
"A010",30,24.13,78.53,24.64,12.993,-0.601,-0.601
"A010",31,24.44,76.96,27.12,13.258,-0.97,-0.97
"A010",32,25.21,76.68,27.09,14.118,-1.928,-1.928
"A010",33,26.03,77.44,26.44,14.058,-1.884,-1.884
"A010",34,25.59,79.12,23.05,14.268,-2.175,-2.175
"A010",35,26.61,79.68,22.49,14.639,-2.647,-2.647
"A010",36,27.28,78.76,26.39,13.44,-0.804,-0.804
"A010",37,27.76,79.86,25.49,13.771,-0.447,-0.447
"A010",38,27.06,79.51,24.66,13.252,-1.155,-1.155
"A010",39,27.42,78.38,26.6,12.996,-1.332,-1.332
"A010",40,26.62,78.17,26.32,13.695,-1.262,-1.262
"A010",41,27.18,78.24,27.05,12.467,-0.891,-0.891
"A010",42,27.4,78.63,25.63,13.682,-1.888,-1.888
"A010",43,27.02,78.7,25.41,13.221,-1.644,-1.644
"A010",44,26.9,78.27,25.96,13.998,-1.691,-1.691
"A010",45,27.66,78.6,25.93,14.001,-1.879,-1.879
"A010",46,27.96,79.39,25.03,14.336,-1.84,-1.84
"A010",47,26.49,78.81,24.13,14.587,-2.318,-2.318
"A010",48,26.79,79.93,23.58,13.07,-1.32,-1.32
"A010",49,26.95,80.58,22.44,14.363,-1.612,-1.612
"A010",50,27.97,79.99,24.47,13.246,-1.489,-1.489
"A010",51,27.44,79.87,23.95,14.019,-1.668,-1.668
"A010",52,28.19,80.29,23.25,14.686,-2.481,-2.481
"A010",53,28.28,81.06,22.7,13.574,-2.008,-2.008
"A010",54,28.81,80.77,23.09,14.43,-2.634,-2.634
"A010",55,26.84,80.77,20.53,14.455,-3.137,-3.137
"A010",56,26.95,80.77,20.14,14.947,-3.642,-3.642
"A010",57,26.54,81.52,17.46,16.068,-4.804,-4.804
"A010",58,26.94,82.12,16.49,16.533,-5.329,-5.329
"A010",59,27.21,81.02,17.75,16.139,-5.897,-5.897
"A010",60,27.44,81.08,18,15.23,-5.788,-5.788
"A010",61,27.19,80.89,18.5,15.895,-5.329,-5.329
"A010",62,27.44,81.1,18.87,15.539,-4.888,-4.888
"A010",63,27.37,80.92,19.46,15.596,-4.5,-4.5
"A010",64,26.88,81.52,18.47,15.112,-4.129,-4.129
"A010",65,27.05,81.82,18.58,14.989,-3.758,-3.758
"A010",66,27.28,81.28,19.59,14.246,-3.758,-3.758
"A010",67,28.78,80.6,22.21,14.695,-3.721,-3.721
"A010",68,28.2,79.97,22.56,14.847,-3.666,-3.666
"A010",69,27.38,80.96,20.76,14.442,-3.142,-3.142
"A010",70,28.05,81.8,20.52,13.886,-2.91,-2.91
"A010",71,28.73,82.08,19.69,15.05,-4.134,-4.134
"A010",72,28.29,80.93,20.2,15.526,-4.707,-4.707
"A010",73,27.65,81.37,19.06,16.054,-4.54,-4.54
"A010",74,27.77,80.33,21.36,14.689,-3.865,-3.865
"A010",75,27.58,80.22,20.59,15.722,-4.629,-4.629
"A010",76,27.1,79.96,21.4,14.486,-3.74,-3.74
"A010",77,26.07,79.85,19.77,15.613,-4.636,-4.636
"A010",78,25.32,79.78,19.17,15.499,-4.782,-4.782
"A010",79,25.6,78.96,21.43,14.621,-4.064,-4.064
"A010",80,26.69,80.66,20.84,14.792,-2.849,-2.849
"A010",81,27.58,80.65,20.75,14.608,-3.811,-3.811
"A010",82,27.46,81.15,20.19,14.943,-3.522,NA
"A010",83,27.3,80.84,20.13,15.511,-3.873,NA
"A010",84,27.39,80.41,20.12,15.145,-4.617,NA
"A010",85,27.99,80.03,20.97,15.263,-4.946,NA
"A010",86,28.6,80.32,21.11,15.684,-5.022,NA
"A010",87,29.02,80.11,21.5,16.151,-5.41,NA
"A010",88,29.69,80.89,21.05,15.986,-5.555,NA
"A010",89,30.68,80.28,23.1,16.543,-5.631,NA
"A010",90,30.54,80.88,22.03,15.952,-5.707,NA
"A010",91,29.94,81.48,20.85,15.259,-5.274,NA
"A010",92,30.39,81.89,21.46,16.166,-4.731,NA
"A010",93,30.87,82.05,22,15.208,-4.67,NA
"A010",94,30.31,81.95,21.82,14.6,-4.195,NA
"A010",95,30.44,83.14,19.92,15.254,-4.849,NA
"A010",96,31.04,83.03,20.94,15.473,-4.809,NA
"A010",97,30.32,82.7,19.33,17.253,-5.769,NA
"A010",98,31.02,83.57,19.63,15.932,-5.517,NA
"A010",99,32.8,83.74,23.47,14.784,-4.317,NA
"A010",100,32.6,83.38,22.41,15.761,-5.418,NA
"A010",101,32.66,82.75,22.89,16.116,-5.704,NA
"A010",102,32.6,83.06,22.89,16.229,-5.267,NA
"A010",103,34,82.25,25.72,15.486,-5.682,NA
"A010",104,33.87,82.2,24.85,16.604,-6.387,NA
"A010",105,33.5,82.91,24.59,15.711,-5.239,NA
"A010",106,32.74,83.44,22.49,16.305,-5.514,NA
"A010",107,32.58,83.32,22.77,16.147,-5.088,NA
"A010",108,32.68,84.21,21.71,15.996,-5.431,NA
"A010",109,32.72,83.1,24.06,15.743,-4.252,NA
"A010",110,33.55,84.04,23.76,15.762,-5.041,NA
"A010",111,33.76,85.25,24.07,15.345,-4.084,NA
"A010",112,34.96,84.89,26.65,15.046,-3.995,NA
"A010",113,35.29,84.22,27.65,15.206,-4.17,NA
"A010",114,34.16,84.59,24.59,16.787,-4.816,NA
"A010",115,32.91,85.59,20.89,16.177,-5.504,NA
"A010",116,33.01,86.02,20.24,15.429,-6.026,NA
"A010",117,34.06,84.85,22.83,17.133,-6.176,NA
"A010",118,34.18,85.36,22.3,16.856,-6.545,NA
"A010",119,34.33,85.09,22.89,16.75,-6.424,NA
"A010",120,34.54,85.92,23.77,15.506,-5.37,NA
"A010",121,34.35,85.24,24.94,14.612,-4.312,NA
"A010",122,34.4,85.78,24.76,15.18,-4.203,NA
"A010",123,34.44,85.33,24.94,15.112,-4.407,NA
"A010",124,34.39,86.43,24.53,14.466,-4.008,NA
"A010",125,35.91,86.37,28.01,15.392,-3.493,NA
"A010",126,36.11,85.83,29.34,14.396,-2.895,NA
"A010",127,36.95,85.16,30.79,14.898,-3.572,NA
"A010",128,36.92,84.85,30.26,15.68,-4.263,NA
"A010",129,36.76,84.88,29.93,15.388,-4.237,NA
"A010",130,37.14,84.71,30.22,15.693,-4.837,NA
"A010",131,37.6,85.56,30.16,15.678,-5.256,NA
"A010",132,36.68,85.4,26.84,16.469,-6.803,NA
"A010",133,36.88,86.89,27.38,16.117,-5.805,NA
"A010",134,37.38,86.61,28.43,16.432,-5.91,NA
"A010",135,36.99,86.98,27.4,15.177,-5.958,NA
"A010",136,37.05,87.41,26.1,17.107,-7.2,NA
"A010",137,37.45,88.55,26.81,16.657,-6.912,NA
"A010",138,37.06,88.38,27.07,15.837,-5.911,NA
"A010",139,37.36,88.83,28.16,15.614,-5.319,NA
"A010",140,36.53,88.94,26.86,15.379,-4.884,NA
"A010",141,35.93,88.69,26.84,14.491,-3.762,NA
"A010",142,36.46,89.4,28.12,14.511,-3.409,NA
"A010",143,36.54,88.84,28.41,14.979,-3.372,NA
"A010",144,36.47,89.73,27.45,14.615,-4.047,NA
"A010",145,37.74,89.84,30.15,14.601,-3.934,NA
"A010",146,37.24,89.42,29.05,14.58,-4.057,NA
"A010",147,37.01,89.21,28.66,15.144,-4.019,NA
"A010",148,37.77,90.2,30.03,15.466,-4.079,NA
"A010",149,38.25,89.58,32.12,15.381,-3.024,NA
"A010",150,37.65,89.45,31.22,14.665,-2.719,NA
"A010",151,37.79,88.96,31.17,14.937,-3.16,NA
"A010",152,37.81,88.77,31.51,14.489,-2.905,NA
"A010",153,38.53,89.5,32.79,14.561,-2.962,NA
"A010",154,37.75,89.69,30.62,15.49,-3.486,NA
"A010",155,37.83,89.57,30.89,14.558,-3.409,NA
"A010",156,39.28,89.57,33.41,14.983,-3.893,NA
"A010",157,38.48,89.14,31.06,15.717,-4.654,NA
"A010",158,38.72,89.17,31.17,16.159,-5.039,NA
"A010",159,38.77,88.89,31.04,16.221,-5.33,NA
"A010",160,38.77,89.11,32.27,15.533,-4.051,NA
"A010",161,38.98,89.92,32.75,14.769,-3.869,NA
"A010",162,39.56,90.93,33.77,14.993,-3.973,NA
"A010",163,39.36,91.14,32.41,15.077,-4.924,NA
"A010",164,40.42,90.88,34.59,15.143,-4.912,NA
"A010",165,40.84,90.66,36.03,15.405,-4.344,NA
"A010",166,40.49,90.33,36.01,15.851,-3.679,NA
"A010",167,41.08,90.63,37.59,14.947,-3.283,NA
"A010",168,41.37,90.29,38.54,13.837,-2.961,NA
"A010",169,41.55,90.76,38.68,14.663,-3.142,NA
"A010",170,42.03,90.8,38.74,14.874,-4.031,NA
"A010",171,41.15,91.18,37.27,14.565,-3.702,NA
"A010",172,41.66,91.43,37.41,15.155,-4.573,NA
"A010",173,41.2,92.33,37.13,15.87,-3.966,NA
"A010",174,41.39,92.98,37.77,15.064,-3.743,NA
"A010",175,40.63,92.79,36.05,14.787,-3.964,NA
"A010",176,40.32,92.95,35.54,15.224,-3.871,NA
"A010",177,39.79,93.28,33.91,15.836,-4.507,NA
"A010",178,40.52,93.16,35.35,15.087,-4.488,NA
"A010",179,41.38,92.85,37.48,15.254,-4.007,NA
"A010",180,40.95,92.86,36.99,14.946,-3.652,NA
"A010",181,40.75,93.03,37.3,14.681,-2.971,NA
"A010",182,39.99,92.72,35.81,14.472,-2.912,NA
"A010",183,38.98,92.9,33.78,14.133,-2.983,NA
"A010",184,39.32,91.75,33.62,14.378,-3.651,NA
"A010",185,39.94,91.24,36.09,14.082,-2.427,NA
"A010",186,40.3,92.58,37.08,14.578,-2.233,NA
"A010",187,40.68,92.2,38.09,13.569,-1.962,NA
"A010",188,40.13,91.42,36.86,13.996,-2.035,NA
"A010",189,41.46,90.91,39.1,13.795,-2.507,NA
"A010",190,41.04,91.04,38.93,13.294,-1.834,NA
"A010",191,41.07,90.6,38.44,14.276,-2.409,NA
"A010",192,40.65,90.84,37.64,14.226,-2.333,NA
"A010",193,40.8,91.19,38.43,13.739,-1.833,NA
"A010",194,40.15,91.62,36.9,14.195,-2.039,NA
"A010",195,40.94,92.24,37.41,14.055,-3.155,NA
"A010",196,40.68,93.39,37.76,14.135,-2.424,NA
"A010",197,41.9,92.92,41.23,13.56,-1.279,NA
"A010",198,42.75,91.86,42.55,13.19,-1.569,NA
"A010",199,43.34,92.84,42.34,14.133,-2.91,NA
"A010",200,44.28,93.23,43.81,13.898,-3.182,NA
"A010",201,44.26,93.44,43.88,15.422,-3.083,NA
"A010",202,42.98,93.83,42.14,14.186,-2.484,NA
"A010",203,41.75,92.76,40.4,14.029,-1.806,NA
"A010",204,41.32,92.31,39.39,14.019,-1.924,NA
"A010",205,40.54,92.3,38.38,13.498,-1.395,NA
"A010",206,40.49,92.59,38.61,13.097,-1.101,NA
"A010",207,41.62,92.55,40.49,13.482,-1.45,NA
"A010",208,42.29,92.17,40.81,14.175,-2.421,NA
"A010",209,42.29,92.01,39.72,14.208,-3.52,NA
"A010",210,42.25,92.9,40,14.548,-3.177,NA
"A010",211,42.88,93.57,40.85,15.146,-3.573,NA
"A010",212,43.98,93.72,43.02,14.796,-3.448,NA
"A010",213,42.66,93.08,40.18,14.821,-3.791,NA
"A011",1,51.11,13.44,79.46,15.904,-9.181,-9.181
"A011",2,52.25,13.87,79.69,16.097,-9.352,-9.352
"A011",3,52.78,13.13,80.3,16.386,-9.54,-9.54
"A011",4,53.07,12.18,81.97,15.38,-8.679,-8.679
"A011",5,52.51,12.75,81.19,15.724,-8.718,-8.718
"A011",6,52.31,13.29,80.01,15.205,-9.433,-9.433
"A011",7,53.14,13.72,80.81,15.752,-8.899,-8.899
"A011",8,55.56,14.3,81.49,16.601,-9.635,-9.635
"A011",9,54.73,14.64,81.34,15.684,-8.95,-8.95
"A011",10,54.02,13.9,81.36,15.761,-8.84,-8.84
"A011",11,54.37,13.68,82.26,15.026,-8.325,-8.325
"A011",12,54.75,13.8,82.19,15.851,-8.592,-8.592
"A011",13,54.71,12.89,82.48,15.895,-8.848,-8.848
"A011",14,54.97,13.71,82.12,15.103,-8.894,-8.894
"A011",15,56.39,13.8,83.36,15.544,-8.709,-8.709
"A011",16,56.33,13.02,84.12,15.279,-8.375,-8.375
"A011",17,57.26,12.81,85.9,14.349,-7.484,-7.484
"A011",18,57.53,12.54,85.93,15.156,-7.844,-7.844
"A011",19,57.43,12.24,86.24,15.562,-7.648,-7.648
"A011",20,57.82,11.6,87.44,14.995,-7.181,-7.181
"A011",21,57.78,12.35,86.13,14.977,-7.982,-7.982
"A011",22,57.92,10.96,87.01,15.406,-8.117,-8.117
"A011",23,57.01,10.82,86.19,15.466,-8.29,-8.29
"A011",24,57.09,11.29,85.93,15.549,-8.284,-8.284
"A011",25,56.27,11.29,84.75,15.813,-8.82,-8.82
"A011",26,57.29,10.63,86.25,15.616,-8.582,-8.582
"A011",27,56.97,10.17,85.77,15.74,-9.13,-9.13
"A011",28,58.4,11.06,87.91,14.438,-7.554,-7.554
"A011",29,59.49,11.13,87.84,15.742,-8.494,-8.494
"A011",30,60.11,10.74,88.35,15.068,-8.765,-8.765
"A011",31,60.05,10.61,87.87,16.271,-9.286,-9.286
"A011",32,60.06,10.59,86.63,16.02,-10.539,-10.539
"A011",33,59.9,10.03,86.9,16.522,-10.488,-10.488
"A011",34,60.05,9.49,87.53,15.988,-10.346,-10.346
"A011",35,60.48,9.37,88.06,15.946,-10.258,-10.258
"A011",36,60.43,9.37,89.01,15.361,-9.268,-9.268
"A011",37,60.82,8.66,90.13,16.266,-8.934,-8.934
"A011",38,61.18,9.41,90.65,15.117,-8.232,-8.232
"A011",39,61.75,7.82,92.87,14.466,-7.505,-7.505
"A011",40,62.23,8.69,92.34,15.238,-7.881,-7.881
"A011",41,61.86,8.9,91.29,15.082,-8.48,-8.48
"A011",42,62.75,8.25,91.16,15.571,-9.757,-9.757
"A011",43,63.01,9.17,91.51,16.148,-9.066,-9.066
"A011",44,63.37,9.73,90.58,15.923,-9.967,-9.967
"A011",45,62.41,8.45,90.01,16.399,-10.501,-10.501
"A011",46,62.41,9.68,89,15.655,-10.765,-10.765
"A011",47,62.87,11.21,88.59,16.28,-10.66,-10.66
"A011",48,63.92,11.63,88.38,16.849,-11.561,-11.561
"A011",49,63.1,11.69,87.82,16.291,-11.355,-11.355
"A011",50,63.88,12.33,87.86,16.473,-11.667,-11.667
"A011",51,62.98,12.21,86.84,16.562,-11.946,-11.946
"A011",52,63.09,11.4,87.58,16.677,-11.764,-11.764
"A011",53,63.27,12.23,87.62,16.524,-11.411,-11.411
"A011",54,63.01,11.74,87.17,16.912,-11.91,-11.91
"A011",55,63.82,11.61,88.91,16.62,-10.953,-10.953
"A011",56,64.33,11.86,88.91,16.074,-11.264,-11.264
"A011",57,64.21,11.64,88.81,16.162,-11.383,-11.383
"A011",58,65.14,12.43,89.12,16.54,-11.463,-11.463
"A011",59,65.46,11.83,89.97,16.202,-11.206,-11.206
"A011",60,65.23,12.59,89.44,16.208,-11.14,-11.14
"A011",61,64.68,11.79,89.05,17.103,-11.47,-11.47
"A011",62,64.58,10.65,89.06,16.963,-11.99,-11.99
"A011",63,64.03,11.05,88.21,16.925,-12.148,-12.148
"A011",64,63.83,11.23,88.88,16.281,-11.202,-11.202
"A011",65,64.87,11.09,90.53,16.398,-10.535,-10.535
"A011",66,64.78,11.53,90.69,16.152,-10.062,-10.062
"A011",67,65.57,12.01,90.79,16.388,-10.382,-10.382
"A011",68,65.41,11.89,90.68,16.141,-10.426,-10.426
"A011",69,65.99,11.21,91.09,16.734,-10.863,-10.863
"A011",70,64.96,10.75,90.4,16.636,-10.919,-10.919
"A011",71,64.67,11.25,90.98,16.078,-9.824,-9.824
"A011",72,64.48,10.61,90.99,15.843,-9.997,-9.997
"A011",73,65.03,11.02,91.94,14.832,-9.287,-9.287
"A011",74,65.75,11.29,91.55,16.342,-10.159,-10.159
"A011",75,65.9,11.19,92.1,16.99,-9.787,-9.787
"A011",76,66.29,11.19,92.85,16.006,-9.36,-9.36
"A011",77,66.28,11.15,92.67,16.156,-9.55,-9.55
"A011",78,66.53,10.32,93.36,16.313,-9.509,-9.509
"A011",79,66.87,10.38,92.72,15.574,-10.391,-10.391
"A011",80,67.33,11.14,92.8,15.519,-10.302,-10.302
"A011",81,67.06,10.35,93.34,15.17,-9.946,-9.946
"A011",82,66.25,11.13,92.34,16.013,-9.878,-9.878
"A011",83,67.17,11.71,92.7,16.588,-9.976,-9.976
"A011",84,67.81,10.2,94.14,16.549,-9.817,-9.817
"A011",85,68.13,9.17,94.7,15.169,-10.038,-10.038
"A011",86,68.25,9.46,93.86,16.35,-10.83,-10.83
"A011",87,69.01,10.42,94.24,16.151,-10.557,-10.557
"A011",88,70.28,10.71,94.28,16.274,-11.344,-11.344
"A011",89,70.14,11.11,93.76,16.609,-11.568,-11.568
"A011",90,70.18,10.91,92.71,17.12,-12.742,-12.742
"A011",91,69.54,9.94,93.05,16.929,-12.387,-12.387
"A011",92,69.48,10.87,92.85,17.415,-12.096,-12.096
"A011",93,71.16,9.97,93.96,16.482,-12.658,-12.658
"A011",94,72.24,10.34,95.38,16.426,-11.835,-11.835
"A011",95,72.24,10.13,96.24,16.289,-11.08,-11.08
"A011",96,72.06,10.86,95.68,16.916,-11.181,-11.181
"A011",97,71.85,10.71,94.85,16.798,-11.925,-11.925
"A011",98,71.68,10.74,94.99,16.897,-11.656,-11.656
"A011",99,71.85,10.4,96.13,16.611,-10.781,-10.781
"A011",100,72.65,9.91,96.71,16.959,-10.989,NA
"A011",101,72.97,9.48,97.93,15.323,-10.183,NA
"A011",102,72.74,9.39,97.65,16.619,-10.349,NA
"A011",103,72.38,9.93,97.13,16.104,-10.369,NA
"A011",104,72.17,9.19,97.25,16.841,-10.45,NA
"A011",105,72.27,9.95,96.68,16.356,-10.733,NA
"A011",106,72.89,10.97,95.91,16.879,-11.486,NA
"A011",107,72.81,10.45,96.32,17.155,-11.244,NA
"A011",108,73.31,8.74,97.79,15.865,-10.882,NA
"A011",109,73.96,7.9,98.54,16.304,-10.935,NA
"A011",110,74.13,7.49,99.67,15.298,-10.1,NA
"A011",111,73.12,7.76,98.65,16.577,-10.34,NA
"A011",112,72.97,8.19,98.64,16.407,-10.056,NA
"A011",113,72.62,9.52,97.95,16.018,-9.91,NA
"A011",114,74.01,8.6,100.63,15.486,-8.575,NA
"A011",115,73.88,9.75,100.31,15.104,-8.299,NA
"A011",116,73.56,10.51,100.11,15.047,-7.952,NA
"A011",117,73.35,11.17,99.39,15.221,-8.237,NA
"A011",118,73.95,10.03,100.54,15.575,-7.998,NA
"A011",119,74.57,10.08,101.26,15.548,-7.665,NA
"A011",120,74.06,10.3,100.85,15.011,-7.64,NA
"A011",121,74.43,9.6,100.84,15.774,-8.196,NA
"A011",122,74.26,9.42,101.15,15.583,-7.852,NA
"A011",123,74.86,9.66,100.38,15.587,-8.919,NA
"A011",124,75.35,9.2,101.16,15.263,-8.656,NA
"A011",125,75.85,9.18,102.28,14.731,-7.858,NA
"A011",126,75.8,11.09,100.65,15.709,-8.635,NA
"A011",127,76.85,10.05,102.06,15.411,-8.343,NA
"A011",128,76.41,10.17,101.15,15.451,-8.921,NA
"A011",129,76.72,10.48,100.83,16.04,-9.305,NA
"A011",130,77.02,9.73,102.03,15.829,-8.61,NA
"A011",131,76.09,10.04,101.55,14.783,-8.381,NA
"A011",132,76.67,10.27,100.94,15.882,-9.257,NA
"A011",133,76.93,8.81,100.84,15.852,-10.134,NA
"A011",134,76.9,9.66,101.7,15.853,-8.898,NA
"A011",135,77.4,8.4,102.34,15.935,-9.098,NA
"A011",136,77.78,8.45,101.96,15.487,-9.684,NA
"A011",137,76.76,8.4,100.98,15.607,-10.065,NA
"A011",138,78.2,8.71,101.8,15.893,-9.991,NA
"A011",139,78.22,8.83,101.78,16.706,-9.976,NA
"A011",140,79.29,8.51,102.01,16.331,-10.507,NA
"A011",141,79.85,8.02,102.73,15.371,-10.322,NA
"A011",142,81.21,8.52,104.07,15.615,-9.573,NA
"A011",143,81.1,8.38,103.49,16.402,-10.153,NA
"A011",144,80.96,7.84,103.86,15.659,-9.915,NA
"A011",145,81.73,8.93,104,15.695,-9.774,NA
"A011",146,82.75,8.53,104.13,15.931,-10.398,NA
"A011",147,82.67,8.05,104.64,15.583,-10.036,NA
"A011",148,82.61,8.04,104.81,16.131,-9.827,NA
"A011",149,83.1,7.18,105.66,15.548,-9.612,NA
"A011",150,84.02,7.08,105.48,16.335,-10.347,NA
"A011",151,83.47,7.3,105.34,16.261,-10.093,NA
"A011",152,84.54,7.03,105.34,16.783,-10.799,NA
"A011",153,84.26,7.03,104.71,15.872,-11.277,NA
"A011",154,84.3,6.89,105.26,16.265,-10.806,NA
"A011",155,83.45,6.72,105.12,16.044,-10.533,NA
"A011",156,83.91,7.26,105.22,16.35,-10.474,NA
"A011",157,84.28,8.24,105.82,16.894,-9.694,NA
"A011",158,84.04,8.07,105.79,15.977,-9.654,NA
"A011",159,83.46,9.03,105.07,15.952,-9.653,NA
"A011",160,83.91,8.62,104.71,15.718,-10.436,NA
"A011",161,84.52,8.56,104.82,16.221,-10.696,NA
"A011",162,84.22,7.93,105.11,15.966,-10.496,NA
"A011",163,84.78,8.2,104.63,16.807,-11.179,NA
"A011",164,85.02,8.45,104.44,16.077,-11.402,NA
"A011",165,85.04,8.94,104.33,16.599,-11.322,NA
"A011",166,84.94,8.44,104.93,16.558,-10.867,NA
"A011",167,84.91,8.34,105.92,16.095,-9.903,NA
"A011",168,85.83,8.22,105.98,15.915,-10.41,NA
"A011",169,86.8,8.93,105.8,16.105,-10.839,NA
"A011",170,86.33,8.86,104.3,16.511,-12.111,NA
"A011",171,85.62,8.9,102.78,16.109,-13.215,NA
"A011",172,85.14,8.29,102.7,16.745,-13.271,NA
"A011",173,85.72,7.97,103.96,17.141,-12.47,NA
"A011",174,87.01,7.84,104.77,16.282,-12.435,NA
"A011",175,86.84,8.11,105.69,16.713,-11.298,NA
"A011",176,87.72,7.96,106.39,16.608,-11.153,NA
"A011",177,86.21,6.74,105.74,16.915,-11.46,NA
"A011",178,86.24,5.6,106.17,16.482,-11.494,NA
"A011",179,86.99,4.86,108.07,16.342,-10.31,NA
"A011",180,87.05,4.25,108.34,17.053,-10.32,NA
"A011",181,87.64,3.52,108.37,16.498,-10.912,NA
"A011",182,87.37,3.18,108.24,15.826,-11.025,NA
"A011",183,87.66,2.52,107.2,16.857,-12.492,NA
"A011",184,87.94,3.18,107.53,16.781,-12.053,NA
"A011",185,89,3.51,108.02,16.793,-12.02,NA
"A011",186,89.43,3.54,107.84,17.638,-12.422,NA
"A011",187,89.42,3.69,107.53,17.067,-12.668,NA
"A011",188,88.95,2.97,106.89,16.886,-13.334,NA
"A011",189,90.01,4.04,107.58,17.625,-12.805,NA
"A011",190,89.81,4.63,107.04,16.559,-13.002,NA
"A011",191,89.27,4.47,107.73,17.074,-12.072,NA
"A011",192,89.49,5.31,106.43,16.835,-13.164,NA
"A011",193,90.71,3.83,107.43,16.592,-13.424,NA
"A011",194,90.28,4.67,105.39,17.274,-14.891,NA
"A011",195,90.71,4.72,105.19,16.763,-15.307,NA
"A011",196,89.83,4.67,104.21,16.488,-15.821,NA
"A011",197,88.33,3.93,102.29,16.61,-17.211,NA
"A011",198,89,4.96,101.76,16.414,-17.696,NA
"A011",199,88.31,5.16,100.81,16.05,-18.184,NA
"A011",200,89.98,5.96,100.91,16.391,-18.689,NA
"A011",201,90.52,5.44,100.23,16.511,-19.872,NA
"A011",202,90.95,6.17,100.97,16.836,-19.077,NA
"A011",203,91.53,6.97,101.11,16.503,-18.934,NA
"A011",204,92.12,6.64,101.99,16.518,-18.517,NA
"A011",205,92.17,8.29,101.27,16.426,-18.602,NA
"A011",206,92.5,8.13,102.06,17.889,-18.059,NA
"A011",207,92.92,7.79,103.52,16.414,-16.966,NA
"A011",208,92.72,6.75,103.35,17.221,-17.441,NA
"A011",209,93.19,6.79,104.68,16.357,-16.349,NA
"A011",210,92.33,5.87,105.66,16.675,-15.274,NA
"A011",211,92.3,5.97,105.65,17.348,-15.217,NA
"A011",212,93.95,6.7,107.24,16.705,-14.257,NA
"A011",213,93.89,5.81,109.03,16.368,-12.784,NA
"A011",214,94.09,5.24,109.29,16.518,-12.862,NA
"A011",215,93.66,6.02,108.74,17.19,-12.867,NA
"A011",216,93.59,6.13,109.01,17.108,-12.51,NA
"A011",217,92.66,7.6,107.74,16.459,-12.677,NA
"A011",218,93.21,7.98,108.59,17.298,-11.976,NA
"A011",219,92.13,7.94,108.75,17.142,-11.245,NA
"A011",220,92.84,8.06,110.36,15.911,-9.973,NA
"A011",221,93.23,7.77,110.66,16.6,-10.006,NA
"A011",222,93.95,7.14,111.63,15.33,-9.68,NA
"A011",223,94.64,6.42,111.81,16.621,-10.177,NA
"A011",224,95.05,6.45,113.83,15.322,-8.365,NA
"A012",1,44.76,69.64,51.89,19.406,-9.639,-9.639
"A012",2,44.53,70.11,49.99,20.542,-10.921,-10.921
"A012",3,45.3,70.76,51.06,20.349,-10.463,-10.463
"A012",4,46.02,70.15,51.62,21.191,-11.273,-11.273
"A012",5,45.67,71.67,49.95,20.012,-11.458,-11.458
"A012",6,45.64,70.59,50.24,20.16,-11.873,-11.873
"A012",7,45.76,71.22,50.14,20.008,-11.71,-11.71
"A012",8,46.64,70.33,52.1,19.934,-11.49,-11.49
"A012",9,46.48,69.57,51.11,20.187,-12.754,-12.754
"A012",10,46.13,69.57,50.48,19.886,-12.926,-12.926
"A012",11,46.96,68.21,51.88,20.549,-13.385,-13.385
"A012",12,46.81,69.34,49.84,20.107,-14.567,-14.567
"A012",13,45.92,68.32,49.88,19.707,-14.008,-14.008
"A012",14,46.61,67.85,50.52,20.433,-14.504,-14.504
"A012",15,46.48,67.01,49.9,20.463,-15.448,-15.448
"A012",16,46.9,67.3,49.86,20.682,-15.838,-15.838
"A012",17,47.39,66.14,50.19,20.043,-16.711,-16.711
"A012",18,47.9,64.9,50.75,20.37,-17.384,-17.384
"A012",19,47.58,65.36,50.07,20.103,-17.468,-17.468
"A012",20,47.34,64.46,50.37,20.114,-17.344,-17.344
"A012",21,46.92,64.15,49.99,20.694,-17.378,-17.378
"A012",22,46.27,64.07,48.88,19.935,-17.753,-17.753
"A012",23,46.77,62.78,50.55,20.809,-17.309,-17.309
"A012",24,46.54,62.57,50.21,20.399,-17.488,-17.488
"A012",25,47.65,62.82,51.71,20.302,-17.154,-17.154
"A012",26,47.5,61.72,51.03,19.918,-18.19,-18.19
"A012",27,47.88,62.17,52.55,20.438,-16.886,-16.886
"A012",28,47.76,62.47,52.1,19.816,-17.055,-17.055
"A012",29,48.54,62.41,53.15,20.869,-16.913,-16.913
"A012",30,48.43,62.59,53.21,21.384,-16.641,-16.641
"A012",31,48.38,63.07,53.28,20.166,-16.284,-16.284
"A012",32,48.5,62.55,53.97,20.469,-15.983,-15.983
"A012",33,49.03,62.73,55.04,20.501,-15.404,-15.404
"A012",34,49.5,61.69,57.5,20.781,-13.93,-13.93
"A012",35,49.54,60.78,58.66,21.01,-13.228,-13.228
"A012",36,50.33,60.41,60.59,20.813,-12.27,-12.27
"A012",37,49.05,60.49,58.86,19.862,-12.642,-12.642
"A012",38,48.79,61.26,59.71,20.41,-11.162,-11.162
"A012",39,49.05,62.14,59.72,19.858,-11.022,-11.022
"A012",40,48.81,61.77,60.19,20.239,-10.461,-10.461
"A012",41,48.12,60.76,60.81,19.498,-9.57,-9.57
"A012",42,48.44,60.2,61.36,19.313,-9.629,-9.629
"A012",43,48.28,59.44,61.85,19.3,-9.324,-9.324
"A012",44,48.38,58,63.14,19.153,-8.825,-8.825
"A012",45,48.31,57.32,62.83,19.15,-9.398,-9.398
"A012",46,48.52,57.18,62.48,19.215,-10.046,-10.046
"A012",47,48.69,57.6,62.68,18.789,-9.811,-9.811
"A012",48,49.06,57.7,62.95,20.569,-9.883,-9.883
"A012",49,48.85,57.94,62.04,19.069,-10.449,-10.449
"A012",50,49.06,57.64,62.26,19.887,-10.593,-10.593
"A012",51,49.91,56.93,63.27,19.626,-10.796,-10.796
"A012",52,49.48,56.8,63.25,20.014,-10.444,-10.444
"A012",53,50.13,56.8,64.7,19.093,-9.642,-9.642
"A012",54,50.33,56.36,64.44,20.011,-10.302,-10.302
"A012",55,50.27,56.57,65.15,19.105,-9.437,-9.437
"A012",56,50.13,57.23,63.59,19.639,-10.553,-10.553
"A012",57,49.97,57.19,64.09,20.189,-9.905,-9.905
"A012",58,50.1,56.29,65.34,19.347,-9.207,-9.207
"A012",59,49.54,56.45,64.53,20.717,-9.393,-9.393
"A012",60,49.9,55.41,66.58,18.871,-8.202,-8.202
"A012",61,50.24,55.51,66.28,19.003,-8.777,-8.777
"A012",62,50.64,54.97,65.5,19.56,-10.197,-10.197
"A012",63,51.12,54.77,65.51,20.557,-10.73,-10.73
"A012",64,50.72,53.93,66.46,18.984,-9.819,-9.819
"A012",65,51.77,54.48,67.61,19.296,-9.354,-9.354
"A012",66,50.82,54.81,67.42,20.33,-8.524,-8.524
"A012",67,49.77,53.42,67.75,18.514,-7.883,-7.883
"A012",68,49.8,52.28,68.64,18.521,-7.604,-7.604
"A012",69,51.03,51.69,69.89,18.473,-7.754,-7.754
"A012",70,50.3,50.45,69.14,19.508,-8.477,-8.477
"A012",71,50.13,50.15,69.2,18.831,-8.422,-8.422
"A012",72,50.92,51.13,68.79,19.335,-9.032,-9.032
"A012",73,50.55,50.75,69,18.744,-8.687,-8.687
"A012",74,50.67,51.3,67.78,19.021,-9.737,-9.737
"A012",75,51.99,51.13,69.08,19.662,-9.66,-9.66
"A012",76,52.27,49.86,69.04,20.016,-10.53,-10.53
"A012",77,51.47,49.26,69.01,19.929,-10.19,-10.19
"A012",78,51.31,49.49,69.87,18.987,-9.092,-9.092
"A012",79,51.93,49.6,69.96,18.966,-9.454,NA
"A012",80,51.39,50.15,68.93,19.343,-9.775,NA
"A012",81,51.73,50.18,69.1,19.315,-9.872,NA
"A012",82,50.49,48.96,67.53,20.103,-10.992,NA
"A012",83,49.07,48.66,65.49,19.797,-11.956,NA
"A012",84,49.04,49.34,64.61,20.115,-12.449,NA
"A012",85,50.21,49.56,65.56,20.783,-12.423,NA
"A012",86,50.54,49.03,66.91,20.31,-11.622,NA
"A012",87,50.93,48.81,68.13,19.63,-10.844,NA
"A012",88,50.93,48.79,68.85,20.089,-10.127,NA
"A012",89,51.11,49.38,67.97,20.056,-10.87,NA
"A012",90,52.34,48.37,69.95,19.716,-10.374,NA
"A012",91,52.03,47.84,70.29,19.55,-10.035,NA
"A012",92,52.58,49.64,69.55,20.193,-10.376,NA
"A012",93,52.88,50.05,69.48,20.037,-10.497,NA
"A012",94,53.41,49.49,69.8,20.201,-10.85,NA
"A012",95,53.28,48.86,69.84,19.737,-10.988,NA
"A012",96,53.34,49.26,69.2,20.289,-11.491,NA
"A012",97,53.98,49.59,68.31,19.663,-12.73,NA
"A012",98,54.53,48.66,69.18,20.256,-12.68,NA
"A012",99,55.23,47.83,70.53,20.687,-12.199,NA
"A012",100,55.42,48.12,70.45,20.922,-12.282,NA
"A012",101,55.65,47.27,71.26,20.421,-11.995,NA
"A012",102,56.96,47,73.07,19.255,-11.192,NA
"A012",103,56.84,46.89,73.76,19.498,-10.471,NA
"A012",104,55.74,47.01,74.45,18.217,-8.976,NA
"A012",105,55.47,47.72,73.9,19.314,-9.035,NA
"A012",106,54.5,47.46,72.55,20.335,-9.814,NA
"A012",107,54.14,45.92,73.05,19.725,-9.706,NA
"A012",108,53.95,45.96,72.22,19.114,-10.386,NA
"A012",109,55.44,45.5,74.9,19.362,-8.937,NA
"A012",110,56.13,45,76.56,18.22,-7.942,NA
"A012",111,56.67,44.33,77.34,19.009,-7.778,NA
"A012",112,56.19,43.19,76.66,18.572,-8.569,NA
"A012",113,55.95,42.7,77.02,19.266,-8.223,NA
"A012",114,55.39,42.02,76.16,19.23,-8.946,NA
"A012",115,54.8,42.77,76.5,18.554,-7.953,NA
"A012",116,54.53,42.1,76.38,18.442,-8.127,NA
"A012",117,55.67,41.27,76.9,19.24,-8.654,NA
"A012",118,55.12,41.86,75.18,19.653,-9.811,NA
"A012",119,54.24,42.42,74.24,19.866,-9.965,NA
"A012",120,53.98,41.84,74.49,19.465,-9.738,NA
"A012",121,53.73,41.71,73.74,19.297,-10.368,NA
"A012",122,52.57,41.86,73.43,19.448,-9.831,NA
"A012",123,52.46,42.2,73.43,19.641,-9.626,NA
"A012",124,53.27,41.8,73.86,19.423,-9.905,NA
"A012",125,53.45,41.04,73.82,19.582,-10.329,NA
"A012",126,53.6,39.69,73.71,20.024,-10.973,NA
"A012",127,54.07,39.74,73.95,20.645,-11.027,NA
"A012",128,53.78,38.56,73.92,19.766,-11.207,NA
"A012",129,54.51,39.26,74.3,19.894,-11.107,NA
"A012",130,54.05,38.32,74.69,19.324,-10.679,NA
"A012",131,54.08,38.58,76.02,19.301,-9.295,NA
"A012",132,54.06,38.43,76.83,18.582,-8.506,NA
"A012",133,54.82,37.27,78.15,18.933,-7.974,NA
"A012",134,55.05,36.93,78.68,18.589,-7.662,NA
"A012",135,55.27,36.37,77.63,19.025,-8.977,NA
"A012",136,55.79,35.86,77.52,19.477,-9.531,NA
"A012",137,55.52,36.2,77.17,18.925,-9.635,NA
"A012",138,55.94,35.38,78.28,19.348,-8.952,NA
"A012",139,56.08,36.5,78.06,19.431,-9.044,NA
"A012",140,55.37,36.41,77.63,19.708,-9.032,NA
"A012",141,55.4,35.71,77.91,19.39,-8.905,NA
"A012",142,55.45,34.75,78.21,19.593,-8.804,NA
"A012",143,55.65,35.03,78.06,18.632,-9.043,NA
"A012",144,56.25,33.57,79.04,19.668,-8.679,NA
"A012",145,57.63,32.95,79.62,18.641,-9.117,NA
"A012",146,57.54,33.3,79.47,19.374,-9.156,NA
"A012",147,57.29,34.25,79.85,19.283,-8.469,NA
"A012",148,57.2,33.61,80.09,19.27,-8.264,NA
"A012",149,57.23,33.16,79.21,19.124,-9.229,NA
"A012",150,57.4,32.73,78.75,19.08,-9.855,NA
"A012",151,56.25,32.82,77.75,19.672,-10.067,NA
"A012",152,55.82,33.01,76.55,18.99,-10.953,NA
"A012",153,56.96,33.39,78.24,19.486,-9.983,NA
"A012",154,56.44,33.18,76.73,20.505,-11.16,NA
"A012",155,56.77,32.58,76.59,19.764,-11.601,NA
"A012",156,56.38,31.59,76.57,19.44,-11.462,NA
"A012",157,56.57,31.99,77.4,19.845,-10.722,NA
"A012",158,56.28,31.79,77.09,20.317,-10.85,NA
"A012",159,57.3,31.66,77.53,20.137,-11.136,NA
"A012",160,57.21,31.09,78.1,19.746,-10.563,NA
"A012",161,56.34,30.57,78.33,19.771,-9.761,NA
"A012",162,57.45,29.94,78.94,19.613,-9.993,NA
"A012",163,56.66,30.77,77.73,19.87,-10.567,NA
"A012",164,57.21,31.55,78.81,19.218,-9.807,NA
"A012",165,56.7,31.12,78.28,19.42,-10.018,NA
"A012",166,56.53,30.48,77.93,19.587,-10.299,NA
"A012",167,56.81,29.15,78.48,19.463,-10.053,NA
"A012",168,57.33,28.42,77.83,18.998,-11.143,NA
"A012",169,57.1,27.76,78.21,19.715,-10.638,NA
"A012",170,57.63,27.89,78.25,20.216,-10.988,NA
"A012",171,56.99,27.25,77.56,19.859,-11.24,NA
"A012",172,57.21,27.29,78.52,19.844,-10.443,NA
"A012",173,57.54,27.49,79.13,20.951,-10.077,NA
"A012",174,57.32,27.44,79.9,19.162,-9.145,NA
"A012",175,57.82,26.48,79.86,19.865,-9.649,NA
"A012",176,59.03,25.71,80.52,20.048,-10.055,NA
"A012",177,59.43,26.62,81.5,18.863,-9.286,NA
"A012",178,60.13,26.87,81.98,18.877,-9.348,NA
"A012",179,60.15,26.73,82.74,19.117,-8.622,NA
"A012",180,61,27.9,82.09,19.042,-9.804,NA
"A012",181,60.85,28.24,80.49,20.733,-11.239,NA
"A012",182,60.24,27.79,79.6,20.12,-11.703,NA
"A012",183,60.54,27.77,79.65,19.978,-11.89,NA
"A012",184,61.24,27.37,80.69,21.007,-11.478,NA
"A012",185,60.9,27.63,80.45,19.79,-11.395,NA
"A012",186,61.28,27.51,81.51,19.662,-10.66,NA
"A012",187,61.38,27.9,80.82,19.724,-11.381,NA
"A012",188,60.84,28.51,80.39,19.946,-11.288,NA
"A012",189,61.89,28.12,81.3,19.503,-11.272,NA
"A012",190,62.5,28.86,81.79,20.151,-11.136,NA
"A012",191,61.87,28.4,82.2,19.561,-10.303,NA
"A012",192,60.57,27.49,81.63,19.29,-9.97,NA
"A012",193,59.08,26.81,80.58,19.516,-9.902,NA
"A012",194,58.31,27.91,79.83,19.925,-9.932,NA
"A012",195,58.49,26.96,81.13,19.242,-8.868,NA
"A012",196,58.57,26.2,81.06,19.277,-9.082,NA
"A012",197,58.63,26.29,81.06,19.514,-9.118,NA
"A012",198,58.24,26.41,80.37,19.199,-9.475,NA
"A012",199,57.79,26.08,80.96,19.286,-8.567,NA
"A012",200,58.28,25.45,80.76,18.797,-9.225,NA
"A012",201,58.77,25.1,80.71,19.21,-9.72,NA
"A012",202,59.33,25.96,81.93,18.634,-8.862,NA
"A012",203,59.6,25.06,82.57,18.684,-8.566,NA
"A012",204,59.15,24.4,81.3,19.036,-9.554,NA
"A012",205,59.25,24.34,82.09,19.237,-8.856,NA
"A012",206,59.76,25.23,82.36,19.639,-8.882,NA
"A012",207,60.64,24.93,83.14,19.406,-8.897,NA
"A012",208,60.69,25.26,82.47,19.139,-9.558,NA
"A012",209,60.61,24.3,81.68,20.29,-10.443,NA
"A012",210,60.88,22.67,82.41,19.617,-10.274,NA
"A012",211,61.32,22.1,81.8,20.021,-11.415,NA
"A013",1,39.24,53.39,59.15,14.225,-4.678,-4.678
"A013",2,40.09,53.45,60.9,13.763,-3.926,-3.926
"A013",3,41.37,53.22,62.55,14.109,-3.983,-3.983
"A013",4,41.27,53.01,62.43,14.324,-4.127,-4.127
"A013",5,40.94,52.85,62.07,13.228,-4.194,-4.194
"A013",6,39.66,53.23,59.27,14.488,-5.183,-5.183
"A013",7,39.16,53.76,58.02,14.765,-5.445,-5.445
"A013",8,37.78,53.7,55.95,15.017,-5.862,-5.862
"A013",9,37.81,54.26,55.86,14.812,-5.582,-5.582
"A013",10,36.85,53.69,54.53,14.725,-6.165,-6.165
"A013",11,36.82,52.68,55,15.677,-6.408,-6.408
"A013",12,36.29,51.78,55.62,14.876,-5.878,-5.878
"A013",13,36.32,52.21,55.14,14.996,-6.038,-6.038
"A013",14,35.92,51.88,54.67,14.561,-6.306,-6.306
"A013",15,35.49,51.5,55.25,14.57,-5.54,-5.54
"A013",16,36.5,49.95,56.86,15.604,-6.394,-6.394
"A013",17,35.95,49.13,57.37,14.618,-5.981,-5.981
"A013",18,35.6,49.62,55.96,14.592,-6.561,-6.561
"A013",19,35.96,49.86,55.75,15.812,-6.967,-6.967
"A013",20,36.12,50.18,56.56,15.395,-6.078,-6.078
"A013",21,35.44,49.38,57.07,14.741,-5.483,-5.483
"A013",22,33.44,48.11,55.21,15.885,-6.297,-6.297
"A013",23,33.13,48.04,54.53,14.925,-6.706,-6.706
"A013",24,34.35,47.9,55.47,15.776,-7.226,-7.226
"A013",25,34,48.43,54.04,16.403,-7.772,-7.772
"A013",26,34.89,48.64,54.51,16.433,-8.099,-8.099
"A013",27,34.19,48.91,53.86,15.783,-7.725,-7.725
"A013",28,34.68,48.89,53.92,15.553,-8.218,-8.218
"A013",29,33.86,48.89,53.67,15.865,-7.566,-7.566
"A013",30,32.22,49.36,51.87,15.54,-7.142,-7.142
"A013",31,32.28,49.31,51.68,16.089,-7.445,-7.445
"A013",32,32.38,48.45,52.1,16.51,-7.923,-7.923
"A013",33,32.43,48.41,53.48,14.721,-6.632,-6.632
"A013",34,32.87,48.46,53.98,15.441,-6.583,-6.583
"A013",35,32.37,48.01,53.27,15.703,-7.168,-7.168
"A013",36,32.23,47.2,53.76,15.064,-7.304,-7.304
"A013",37,32.39,48.1,52.41,16.777,-7.968,-7.968
"A013",38,32.5,48.62,52.85,15.265,-7.14,-7.14
"A013",39,31.61,48.18,52.11,15.391,-7.343,-7.343
"A013",40,31.35,47.66,52.89,15.931,-6.788,-6.788
"A013",41,31.2,48.01,52.44,15.445,-6.735,-6.735
"A013",42,30.58,47.69,51.87,15.569,-6.93,-6.93
"A013",43,30.31,46.78,51.98,16.258,-7.427,-7.427
"A013",44,29.74,46.85,51.32,14.863,-7.387,-7.387
"A013",45,29.47,47.62,50.53,15.859,-7.136,-7.136
"A013",46,29.97,48.03,51.13,16.248,-6.691,-6.691
"A013",47,29.17,48.5,50.23,14.166,-6.291,-6.291
"A013",48,28.47,48.47,48.99,14.614,-6.798,-6.798
"A013",49,28.38,47.42,50.39,15.575,-6.273,-6.273
"A013",50,28.99,48.53,49.71,15.294,-6.57,-6.57
"A013",51,28.78,48.03,50.06,15.006,-6.464,-6.464
"A013",52,27.81,47.84,48.56,16.745,-7.08,-7.08
"A013",53,28.86,47.23,51.26,14.873,-6.124,-6.124
"A013",54,28.14,46.92,50.5,14.743,-6.386,-6.386
"A013",55,28.93,47.65,51.5,13.765,-5.556,-5.556
"A013",56,28.57,48.57,50.43,14.73,-5.363,-5.363
"A013",57,28.62,49.36,48.22,16.159,-6.904,-6.904
"A013",58,27.81,48.9,47.82,15.51,-6.855,-6.855
"A013",59,27.67,48.32,48.23,14.945,-6.811,-6.811
"A013",60,26.48,48.74,47.33,15.224,-6.031,-6.031
"A013",61,26.95,47.59,48.67,15.71,-6.248,-6.248
"A013",62,27.05,46.64,49.64,15.289,-6.27,-6.27
"A013",63,27.02,47.15,48.94,15.536,-6.473,-6.473
"A013",64,27.29,46.67,50.01,15.921,-6.157,-6.157
"A013",65,27.46,47.5,48.88,15.581,-6.687,-6.687
"A013",66,26.64,48.21,48.05,14.697,-5.955,-5.955
"A013",67,26.9,48.48,47.87,15.133,-6.174,-6.174
"A013",68,26.72,48.71,49.53,13.67,-4.12,-4.12
"A013",69,27.54,48.23,50.39,13.914,-4.59,-4.59
"A013",70,27.83,47.52,51.28,14.468,-4.68,-4.68
"A013",71,26.92,46.39,51.25,14.248,-4.76,-4.76
"A013",72,27.49,46.04,51.4,15.166,-5.593,-5.593
"A013",73,27.84,45.56,51.3,15.339,-6.584,-6.584
"A013",74,28.15,45.42,52.41,14.639,-5.959,-5.959
"A013",75,28.45,45.13,53.77,14.437,-5.223,-5.223
"A013",76,29.19,44.99,54.23,15.37,-5.733,-5.733
"A013",77,28.64,44.63,52.86,15.407,-6.851,-6.851
"A013",78,29.32,44.75,53.28,15.365,-7.061,-7.061
"A013",79,29.07,44.51,52.48,16.316,-7.837,-7.837
"A013",80,28.63,45.14,51.91,16.162,-7.277,-7.277
"A013",81,28.05,45.81,50.77,15.757,-7.101,-7.101
"A013",82,27.58,44.89,51.55,15.668,-6.687,-6.687
"A013",83,26.4,44.55,50.61,15.362,-6.578,-6.578
"A013",84,26.06,44.84,50.62,15.783,-5.877,-5.877
"A013",85,25.93,44.43,49.96,14.398,-6.787,NA
"A013",86,25.98,45.13,49.89,15.395,-6.23,NA
"A013",87,26.13,44.31,50.74,14.86,-6.367,NA
"A013",88,27.77,44.08,52.66,15.738,-6.613,NA
"A013",89,27.44,44.47,51.84,15.103,-6.666,NA
"A013",90,28.29,43.19,53.99,15.707,-6.779,NA
"A013",91,28.19,43.1,54.71,14.581,-6.037,NA
"A013",92,27.63,43.65,54.1,14.417,-5.453,NA
"A013",93,28.04,42.92,54.59,14.805,-6.164,NA
"A013",94,27.28,41.83,54.64,15.351,-6.357,NA
"A013",95,26.58,41.41,54.41,15.239,-6.187,NA
"A013",96,25.23,40.86,53.36,15.016,-6.116,NA
"A013",97,24.72,40.9,52.39,14.933,-6.397,NA
"A013",98,24.04,41.42,52.03,14.578,-5.323,NA
"A013",99,24.7,41.09,52.5,14.917,-6.059,NA
"A013",100,24.73,40.25,52.59,15.968,-6.872,NA
"A013",101,24.77,40.36,52.18,16.119,-7.234,NA
"A013",102,24.19,39.91,51.22,16.042,-7.876,NA
"A013",103,23.02,39.87,48.92,16.268,-8.611,NA
"A013",104,23.78,39.85,50.53,16.12,-8.08,NA
"A013",105,23.96,40.56,51.15,16.111,-6.965,NA
"A013",106,23.4,40.51,49.79,16.341,-7.607,NA
"A013",107,25.07,41.63,51.1,16.232,-7.398,NA
"A013",108,25.05,40.67,51.95,17.043,-7.499,NA
"A013",109,24.68,40.52,51.49,16.18,-7.639,NA
"A013",110,24.72,39.8,51.87,16.505,-8.042,NA
"A013",111,24.5,38.72,52.29,16.261,-8.454,NA
"A013",112,24.36,39.18,52.72,16.242,-7.359,NA
"A013",113,24.48,39.91,51.24,16.406,-8.245,NA
"A013",114,24.22,41.26,48.96,16.886,-8.789,NA
"A013",115,23.61,40.72,50.55,15.407,-6.933,NA
"A013",116,23.96,41.89,50.98,15.894,-5.783,NA
"A013",117,23.55,41.31,51.33,15.253,-5.459,NA
"A013",118,23.18,40.48,50.59,14.335,-6.544,NA
"A013",119,23.66,41.17,50.62,14.928,-6.46,NA
"A013",120,23.1,40.63,49.99,15.302,-6.867,NA
"A013",121,23.62,40.41,50.97,15.385,-6.84,NA
"A013",122,23.5,40.79,50.49,15.937,-6.758,NA
"A013",123,22.14,41.12,49.24,15.104,-5.73,NA
"A013",124,22.78,41.14,49.28,15.464,-6.6,NA
"A013",125,22.83,40.59,51.49,14.462,-5.024,NA
"A013",126,21.76,41.11,49,14.336,-5.41,NA
"A013",127,20.5,40.73,46.83,15.342,-6.025,NA
"A013",128,20.34,41.3,45.57,15.412,-6.447,NA
"A013",129,20.87,40.63,48.1,14.736,-5.424,NA
"A013",130,20.76,40.77,48.11,14.114,-5.112,NA
"A013",131,21.23,40.63,50.73,13.945,-3.368,NA
"A013",132,21.46,40.21,51.3,14.061,-3.582,NA
"A013",133,21.12,40.29,50.35,14.238,-3.935,NA
"A013",134,22.27,40.88,51.32,13.798,-4.088,NA
"A013",135,22.58,41.41,51.11,14.532,-4.196,NA
"A013",136,23.39,41.18,51.21,13.964,-5.485,NA
"A013",137,22.37,41.19,50.33,14.367,-4.902,NA
"A013",138,22.47,40.5,51.58,14.517,-4.506,NA
"A013",139,22.75,41.07,50.57,14.475,-5.331,NA
"A013",140,21.96,40.74,49.19,15.772,-5.896,NA
"A013",141,21.32,40.64,49.01,14.336,-5.213,NA
"A013",142,21.75,40.1,49.03,15.633,-6.416,NA
"A013",143,22.16,40.5,50.03,14.694,-5.607,NA
"A013",144,21.89,39.74,49.53,15.187,-6.504,NA
"A013",145,22.46,39.68,50.82,14.937,-6.104,NA
"A013",146,22.46,39.99,49.67,14.942,-6.942,NA
"A013",147,22.93,38.87,51.09,15.309,-7.371,NA
"A013",148,22.1,38.87,50.5,15.489,-6.761,NA
"A013",149,22.38,37.84,51.84,15.687,-6.933,NA
"A013",150,22.62,38.01,52.48,16.004,-6.458,NA
"A013",151,22,37.77,50.92,15.881,-7.389,NA
"A013",152,20.41,39.21,46.9,15.759,-7.436,NA
"A013",153,19.01,39.44,45.38,15.6,-6.403,NA
"A013",154,18.78,39.99,44.35,15.235,-6.461,NA
"A013",155,18.77,39.39,45.23,15.361,-6.203,NA
"A013",156,19,38.52,46.64,15.571,-6.146,NA
"A013",157,20.58,38.7,48.97,15.744,-6.17,NA
"A013",158,21.14,38.53,50.51,14.601,-5.688,NA
"A013",159,20.44,39.23,48.04,14.548,-6.308,NA
"A013",160,20.41,39.84,48,14.784,-5.641,NA
"A013",161,19.07,39.22,45.81,14.964,-6.331,NA
"A013",162,19.25,39.39,45.32,16.822,-6.93,NA
"A013",163,19.32,39.56,45.7,15.782,-6.478,NA
"A013",164,19.59,39.3,46.9,15.274,-6.008,NA
"A013",165,19.22,38.42,46.85,15.098,-6.429,NA
"A013",166,20.1,38,48.38,15.009,-6.787,NA
"A013",167,19.27,39.04,45.27,15.476,-7.397,NA
"A013",168,18.91,39.13,44.8,15.52,-7.169,NA
"A013",169,19.17,38.14,46.73,15.946,-6.766,NA
"A013",170,17.24,37.7,43.36,16.037,-7.394,NA
"A013",171,17.14,38.24,42.92,15.638,-7.02,NA
"A013",172,16.42,38.41,41.88,16.474,-6.585,NA
"A013",173,16.66,38.64,42.27,15.443,-6.355,NA
"A013",174,17.97,38.77,45.65,14.201,-5.133,NA
"A013",175,18.09,38.64,45.57,15.448,-5.56,NA
"A013",176,18.04,38.7,44.74,14.869,-6.219,NA
"A013",177,18.48,38.99,43.95,15.464,-7.45,NA
"A013",178,18.25,37.92,45.62,15.03,-6.608,NA
"A013",179,18.32,37.05,45.94,15.898,-7.424,NA
"A013",180,17.69,36.87,44.92,15.719,-7.6,NA
"A013",181,17.79,36.45,46.71,15.555,-6.505,NA
"A013",182,18.49,37.38,46.31,15.692,-6.945,NA
"A013",183,19.1,37.02,48.43,14.454,-6.253,NA
"A013",184,18.46,36.58,47.13,14.678,-7.035,NA
"A013",185,17.95,36.78,46.39,15.364,-6.672,NA
"A013",186,18.97,35.18,49.87,15.89,-6.791,NA
"A013",187,18.69,34.94,49.06,15.486,-7.451,NA
"A013",188,17.99,33.11,50.89,15.418,-6.793,NA
"A013",189,18.1,33.1,51.09,15.644,-6.765,NA
"A013",190,18.8,33.25,52.23,15.682,-6.475,NA
"A013",191,18.62,34.06,50.76,15.545,-6.716,NA
"A013",192,18,33.45,51.17,14.871,-6.09,NA
"A013",193,18.48,32.75,52.93,15.392,-5.917,NA
"A013",194,18.74,32.75,52.56,15.974,-6.665,NA
"A013",195,17.66,32.36,51.83,14.871,-6.291,NA
"A013",196,18.14,32.48,52.02,16.198,-6.649,NA
"A013",197,17.66,32.4,51.28,15.552,-6.798,NA
"A013",198,17.31,31.57,52.47,15.53,-6.133,NA
"A013",199,15.54,32.52,49.03,14.736,-5.669,NA
"A013",200,16.57,31.71,52.2,15.414,-5.152,NA
"A013",201,16.85,31.04,53.42,15.176,-5.197,NA
"A013",202,16.41,30.23,53.87,14.831,-5.166,NA
"A013",203,15.73,30.11,53.22,14.788,-5.052,NA
"A013",204,15.79,30.14,52.64,15.158,-5.66,NA
"A013",205,16,29.66,52.83,14.828,-6.387,NA
"A013",206,15.32,30.6,51.26,15.001,-5.758,NA
"A013",207,15.69,31.8,50.02,14.832,-5.902,NA
"A013",208,14.76,31.58,48.21,15.062,-6.625,NA
"A013",209,14.49,31.81,46.43,16.463,-7.672,NA
"A013",210,14.3,31.77,46.11,16.584,-7.767,NA
"A013",211,13.6,31.9,44.55,16.344,-8.06,NA
"A013",212,14.12,31.62,45.41,16.323,-8.42,NA
"A013",213,13.8,31,45.84,16.833,-8.418,NA
"A013",214,13.61,31.12,45.13,16.506,-8.664,NA
"A013",215,13.84,31.32,45.71,16.331,-8.134,NA
"A013",216,12.86,31.97,43.14,15.949,-8.259,NA
"A013",217,12.43,32.03,42.76,16.567,-7.894,NA
"A013",218,12.95,31.84,43.72,16.747,-8.007,NA
"A013",219,12.19,31.66,43.31,15.642,-7.568,NA
"A013",220,12.69,32.05,42.95,16.63,-8.065,NA
"A013",221,11.11,33.06,39.49,15.517,-7.498,NA
"A013",222,11.05,32.7,40.68,15.506,-6.803,NA
"A013",223,10.41,32.6,40.1,16.002,-6.594,NA
"A013",224,10.2,31.69,40.56,15.825,-7.384,NA
"A013",225,10.16,31.69,41.22,15.924,-6.659,NA
"A013",226,9.44,31.39,41.34,15.462,-6.056,NA
"A013",227,9.33,31.75,40.58,14.854,-6.032,NA
"A013",228,9.66,31.67,41.55,15.508,-5.662,NA
"A014",1,24.15,87.18,11.49,14.18,-2.291,-2.291
"A014",2,23.92,87.81,10.43,14.583,-2.773,-2.773
"A014",3,23.21,86.13,11.13,14.772,-2.662,-2.662
"A014",4,22.83,85.71,10.15,14.518,-3.742,-3.742
"A014",5,23.82,85.53,10.46,14.989,-4.386,-4.386
"A014",6,23.14,85.57,9.79,14.172,-4.474,-4.474
"A014",7,23.88,85.64,11.94,14.525,-2.856,-2.856
"A014",8,24.05,85.46,11.79,14.428,-3.322,-3.322
"A014",9,24.02,85.96,10.9,15.05,-3.708,-3.708
"A014",10,24.44,84.8,12.5,14.859,-3.643,-3.643
"A014",11,24.73,85.03,12.15,15.303,-3.984,-3.984
"A014",12,25.27,85.83,12.79,13.869,-3.077,-3.077
"A014",13,26.33,86.11,13,14.805,-3.712,-3.712
"A014",14,26.93,86.03,14.47,13.827,-2.959,-2.959
"A014",15,27.24,86.28,14.75,14.605,-2.85,-2.85
"A014",16,26.06,86.12,12.91,15.04,-3.513,-3.513
"A014",17,25.76,85.87,14.46,13.892,-1.859,-1.859
"A014",18,26.55,85.06,15.31,13.812,-2.575,-2.575
"A014",19,26.9,85.73,14.23,14.726,-3.417,-3.417
"A014",20,26.87,84.4,14.4,15.266,-4.512,-4.512
"A014",21,26.79,84.84,13.47,15.295,-4.894,-4.894
"A014",22,27.21,84.71,14.07,14.625,-4.881,-4.881
"A014",23,27.48,84.22,16.26,14.639,-3.516,-3.516
"A014",24,28.05,84.82,15.48,15.302,-4.35,-4.35
"A014",25,27.02,85.28,13.71,15.282,-4.477,-4.477
"A014",26,27.47,85.53,13.73,15.646,-4.754,-4.754
"A014",27,28.3,86.12,15.61,14.478,-3.398,-3.398
"A014",28,27.97,86.83,15.22,14.376,-2.889,-2.889
"A014",29,29.08,86.42,17.05,14.845,-2.791,-2.791
"A014",30,30.15,86.74,18.28,14.149,-2.876,-2.876
"A014",31,30.47,88.22,17.92,14.806,-3.038,-3.038
"A014",32,30.85,87.86,18.48,14.479,-3.196,-3.196
"A014",33,30.23,87.52,17.89,14.273,-2.974,-2.974
"A014",34,29.78,87.7,17.06,14.116,-3.068,-3.068
"A014",35,29.58,87.62,16.56,14.648,-3.307,-3.307
"A014",36,30.58,87.52,17.67,14.94,-3.733,-3.733
"A014",37,30,87.49,18.62,13.711,-1.916,-1.916
"A014",38,30.15,87.33,17.97,14.893,-2.873,-2.873
"A014",39,30.23,87.19,18.02,14.027,-3.008,-3.008
"A014",40,29.93,87.12,18.31,13.363,-2.306,-2.306
"A014",41,30.22,87.72,18.02,13.719,-2.742,-2.742
"A014",42,30.13,86.95,17.64,14.699,-3.369,-3.369
"A014",43,30.45,86,19.22,14.036,-2.888,-2.888
"A014",44,30.95,86.19,19.96,13.756,-2.767,-2.767
"A014",45,30.83,85.75,20.16,14.263,-2.696,-2.696
"A014",46,31.25,85.29,20.33,15.011,-3.555,-3.555
"A014",47,30.52,84.95,19.63,15.499,-3.415,-3.415
"A014",48,30.59,85.35,19.26,14.408,-3.547,-3.547
"A014",49,31.11,85.68,20.31,14.656,-3.035,-3.035
"A014",50,31.3,85.69,20.3,14.315,-3.342,-3.342
"A014",51,31.61,85.62,20.67,13.977,-3.503,-3.503
"A014",52,31.17,86.92,18.82,14.607,-3.809,-3.809
"A014",53,30.55,86.76,17.46,15.324,-4.303,-4.303
"A014",54,30.62,86.33,17.28,15.139,-4.858,-4.858
"A014",55,30.35,86.25,17.22,15.641,-4.55,-4.55
"A014",56,30.65,86.68,17.71,15.243,-4.248,-4.248
"A014",57,29.89,85.49,17.43,14.218,-4.225,-4.225
"A014",58,29.86,86.04,16.79,15.116,-4.405,-4.405
"A014",59,29.15,87.15,14.69,16.167,-4.804,-4.804
"A014",60,28.82,87.49,13.99,15.128,-4.873,-4.873
"A014",61,29.71,86.47,17.34,14.41,-3.349,-3.349
"A014",62,28.96,86.91,15.65,14.87,-3.709,-3.709
"A014",63,29.94,86.66,17.92,13.785,-2.983,-2.983
"A014",64,29.63,86.01,18.9,13.955,-1.991,-1.991
"A014",65,29.38,86.57,18.08,13.232,-2.069,-2.069
"A014",66,30.26,87.3,19.86,13.044,-1.154,-1.154
"A014",67,29.86,88.25,19.13,13.248,-0.895,-0.895
"A014",68,30.12,87.87,19.93,12.474,-0.623,-0.623
"A014",69,30.37,87.54,20.46,13.047,-0.609,-0.609
"A014",70,29.68,87.52,19.42,13.326,-0.64,-0.64
"A014",71,30.05,87.23,20.7,12.216,-0.05,-0.05
"A014",72,30.08,86.84,20.65,12.556,-0.341,-0.341
"A014",73,31.01,86.68,21.6,13.15,-0.923,-0.923
"A014",74,30.98,86.19,21.66,12.347,-1.122,-1.122
"A014",75,31.12,85.37,23.57,12.194,-0.033,-0.033
"A014",76,30.85,87.33,21.42,12.61,-0.498,-0.498
"A014",77,30.46,88.2,21.25,11.73,0.297,0.297
"A014",78,30.64,88.08,20.28,13.445,-1,NA
"A014",79,30.89,87.62,21.01,13.215,-0.828,NA
"A014",80,31.03,87.38,21.46,13.504,-0.715,NA
"A014",81,31.19,88.15,21.34,12.926,-0.779,NA
"A014",82,30.9,88.14,18.96,14.205,-2.702,NA
"A014",83,30.83,87.99,18.19,13.877,-3.406,NA
"A014",84,30.59,88.24,17.19,15.509,-3.947,NA
"A014",85,30.38,88.55,17.05,14.295,-3.679,NA
"A014",86,31.17,88.29,18.07,14.95,-3.981,NA
"A014",87,30.67,89.01,17.14,14.844,-3.93,NA
"A014",88,30.71,88.2,17.29,14.95,-4.048,NA
"A014",89,30.75,87.41,17.13,15.083,-4.598,NA
"A014",90,30.15,87.04,15.72,16.422,-5.271,NA
"A014",91,30.61,86.83,16.72,15.428,-5.088,NA
"A014",92,31.36,87.7,17.48,15.543,-5.074,NA
"A014",93,31.64,87.55,17.83,15.824,-5.256,NA
"A014",94,32.15,88.25,19.54,14.202,-4.151,NA
"A014",95,31.82,89.42,17.64,16.243,-5.238,NA
"A014",96,32.26,88.8,18.14,15.432,-5.579,NA
"A014",97,33.08,88.5,20.12,15.65,-5.109,NA
"A014",98,34.06,88.91,22.39,15.912,-4.548,NA
"A014",99,35.11,88.99,24.85,14.476,-4.066,NA
"A014",100,35.5,89.4,25.83,14.582,-3.777,NA
"A014",101,35.67,89.01,26.75,14.557,-3.262,NA
"A014",102,36.06,89.67,27.72,14.525,-2.973,NA
"A014",103,37.09,88.83,30.71,13.549,-2.206,NA
"A014",104,37.53,88.67,31.85,13.225,-2.001,NA
"A014",105,37.4,88.25,33.24,12.656,-0.467,NA
"A014",106,36.05,88.23,29.54,13.865,-1.427,NA
"A014",107,36.65,87.91,31.57,13.401,-0.719,NA
"A014",108,36.25,87.44,31.5,12.331,-0.163,NA
"A014",109,35.28,88.34,29.19,12.411,-0.218,NA
"A014",110,34.78,88.96,27.33,12.989,-0.958,NA
"A014",111,34.9,88.81,26.25,14.243,-2.312,NA
"A014",112,35.36,88.49,26.71,15.03,-2.817,NA
"A014",113,34.45,88.4,24.97,13.762,-2.824,NA
"A014",114,35.15,88.87,25.93,14.478,-3.095,NA
"A014",115,34.71,88.78,25.57,14.041,-2.621,NA
"A014",116,34.04,88.57,24.79,14.428,-2.185,NA
"A014",117,34.73,89.53,26,13.447,-2.119,NA
"A014",118,34.51,88.81,25.07,14.434,-2.731,NA
"A014",119,34.66,89.11,24.45,15.425,-3.589,NA
"A014",120,35.48,89.41,25.83,14.861,-3.738,NA
"A014",121,35.7,89.25,26.52,14.565,-3.501,NA
"A014",122,36.19,89.38,26.85,14.835,-4.143,NA
"A014",123,36.05,90.08,26.93,14.89,-3.7,NA
"A014",124,38.46,90.87,31.49,14.528,-4.003,NA
"A014",125,36.77,89.56,28.79,14.263,-3.333,NA
"A014",126,36.38,89.13,28.83,14.325,-2.576,NA
"A014",127,37.23,89.38,29.72,14.296,-3.361,NA
"A014",128,37.68,88.74,31.4,14.161,-2.747,NA
"A014",129,38.26,88.43,32.76,13.775,-2.675,NA
"A014",130,37.63,88.85,31.26,14.376,-2.757,NA
"A014",131,38.5,89.24,32.74,14.373,-2.997,NA
"A014",132,38.34,88.22,31.7,14.841,-3.956,NA
"A014",133,37.43,88.75,29.17,15.028,-4.464,NA
"A014",134,37.76,89.52,29.54,14.92,-4.606,NA
"A014",135,36.39,90.68,26.42,15.486,-4.886,NA
"A014",136,36.76,91,27.34,15.418,-4.71,NA
"A014",137,35.19,90.74,23.68,15.267,-5.282,NA
"A014",138,36.3,91.11,25.92,15.576,-5.222,NA
"A014",139,36.65,91.58,27.38,15.487,-4.52,NA
"A014",140,36.18,92.2,27.03,15.088,-4.075,NA
"A014",141,37.45,93.02,30.57,14.49,-3.203,NA
"A014",142,37.8,92.76,30.61,14.54,-3.785,NA
"A014",143,37.05,92.83,29.14,14.645,-3.797,NA
"A014",144,36,93.16,26.58,15.009,-4.437,NA
"A014",145,35.53,92.38,25.96,14.557,-3.935,NA
"A014",146,36.3,92.4,27.86,14.707,-3.513,NA
"A014",147,37.1,92.82,29.15,15.215,-3.895,NA
"A014",148,36.72,92.51,28.77,14.562,-3.439,NA
"A014",149,37.06,93.22,29.3,14.511,-3.774,NA
"A014",150,37.27,92.67,30.73,13.561,-2.597,NA
"A014",151,37.13,92.84,31.13,13.595,-1.972,NA
"A014",152,36.9,92.6,30.37,13.731,-2.213,NA
"A014",153,37.56,92.44,30.89,13.785,-2.956,NA
"A014",154,37.92,93.14,31.81,14.246,-2.913,NA
"A014",155,38.11,93.14,31.28,14.537,-3.809,NA
"A014",156,37.62,92.44,30.54,14.858,-3.419,NA
"A014",157,37.94,92.27,31.74,14.852,-2.818,NA
"A014",158,38.22,91.97,31.73,14.797,-3.363,NA
"A014",159,37.93,92.27,31.03,14.604,-3.504,NA
"A014",160,38.73,92.8,32.48,14.728,-3.759,NA
"A014",161,37.93,92.51,30.68,14.227,-3.915,NA
"A014",162,37.01,92.25,29.47,14.013,-3.25,NA
"A014",163,36.98,92.4,29.48,14.739,-3.217,NA
"A014",164,37.5,92.41,30.08,13.755,-3.634,NA
"A014",165,37.61,92.89,29.61,15.052,-4.446,NA
"A014",166,37.24,91.8,29.01,14.667,-4.086,NA
"A014",167,37.67,92.04,30.76,15.186,-3.241,NA
"A014",168,37.73,92.22,29.72,14.964,-4.421,NA
"A014",169,37.93,92.4,29.52,15.418,-5.054,NA
"A014",170,38.58,93.58,31.46,15.38,-4.667,NA
"A014",171,38.5,93.76,32.08,15.57,-3.95,NA
"A014",172,37.93,93.82,31.4,14.061,-3.549,NA
"A014",173,38.14,93.48,32.79,14.034,-2.462,NA
"A014",174,38.04,93.49,32.04,13.988,-3.02,NA
"A014",175,38.37,92.39,32.56,14.432,-2.888,NA
"A014",176,38.66,92.15,34.84,13.171,-1.152,NA
"A014",177,38.87,91.8,35.22,12.757,-1.162,NA
"A014",178,39.08,92.22,36.19,12.557,-0.647,NA
"A014",179,40.12,92.28,37.19,14.052,-1.747,NA
"A014",180,39.7,91.4,35.1,13.547,-2.931,NA
"A014",181,39.39,92.41,34.03,14.402,-3.462,NA
"A014",182,38.85,93.92,33.55,14.841,-3.198,NA
"A014",183,38.95,94.62,33.68,13.784,-3.492,NA
"A014",184,38.84,93.75,33.12,14.959,-3.575,NA
"A014",185,39.04,94.07,33.9,14.549,-3.272,NA
"A014",186,39.26,95.08,34.57,14.617,-3.359,NA
"A014",187,39.48,95.27,33.6,15.071,-4.822,NA
"A014",188,40.44,95.33,35.51,14.742,-4.714,NA
"A014",189,40.16,96.52,35.99,14.824,-4.158,NA
"A014",190,40.88,95.8,37.54,14.295,-3.651,NA
"A014",191,40.49,95.87,37,14.094,-3.488,NA
"A014",192,40.23,95.37,36.68,14.762,-3.156,NA
"A014",193,39.46,94.98,35.37,14.479,-2.895,NA
"A014",194,40.35,94.14,36.84,15.274,-2.873,NA
"A014",195,40.66,94.78,36.84,14.531,-3.632,NA
"A014",196,41.23,94.47,38.48,14.674,-2.987,NA
"A014",197,41.79,93.51,38.66,14.787,-3.694,NA
"A014",198,42.6,93.55,40.18,14.555,-3.719,NA
"A014",199,41.58,94.36,37.95,15.457,-4.144,NA
"A014",200,41.47,95.29,37.39,15.076,-4.728,NA
"A014",201,41.87,95.45,37.99,15.384,-4.888,NA
"A014",202,42.86,96.56,39.77,15.288,-5.131,NA
"A014",203,42.98,96.3,40.41,14.832,-4.629,NA
"A014",204,43.46,96.07,41.02,15.239,-4.814,NA
"A014",205,42.29,95.43,38.84,14.99,-4.794,NA
"A014",206,43.3,95.04,39.83,16.189,-5.544,NA
"A014",207,43.86,95.77,42.02,15.353,-4.447,NA
"A015",1,48,67.69,59.15,13.577,-7.658,-7.658
"A015",2,47.52,67.29,58.83,12.77,-7.624,-7.624
"A015",3,48.48,67.5,59.63,14.368,-7.841,-7.841
"A015",4,48.55,68.15,59.67,14.504,-7.539,-7.539
"A015",5,48.53,68.26,59.52,13.279,-7.595,-7.595
"A015",6,48.85,67.47,59.93,13.794,-7.983,-7.983
"A015",7,48.35,67.53,59,14.104,-8.306,-8.306
"A015",8,49.13,67.18,59.36,14.37,-9.017,-9.017
"A015",9,49.71,67.24,60.36,14.63,-8.618,-8.618
"A015",10,49.91,68.41,60.5,13.831,-8.096,-8.096
"A015",11,49.9,69,60.42,13.778,-7.853,-7.853
"A015",12,50.37,69,59.85,14.18,-8.929,-8.929
"A015",13,50.09,70.1,59.85,13.912,-8.04,-8.04
"A015",14,49.92,69.33,60.9,14.325,-7.217,-7.217
"A015",15,49.32,69.81,59.25,13.954,-7.936,-7.936
"A015",16,48.63,70.62,56.8,15.849,-9.102,-9.102
"A015",17,49.51,70.56,57.59,14.58,-9.387,-9.387
"A015",18,49.24,69.88,57.91,14.274,-9.136,-9.136
"A015",19,49.39,70.56,57.49,14.07,-9.348,-9.348
"A015",20,48.93,71.17,57.07,14.289,-8.866,-8.866
"A015",21,49.54,70.58,56.99,15.123,-10.009,-10.009
"A015",22,50,71.3,57.4,13.998,-9.714,-9.714
"A015",23,49.81,72.06,56.63,14.491,-9.824,-9.824
"A015",24,48.9,73.07,54.72,15.174,-10.031,-10.031
"A015",25,49.43,73.28,55.39,15.161,-9.886,-9.886
"A015",26,49.81,73.15,55.34,14.803,-10.47,-10.47
"A015",27,50.01,73.45,54.02,16.109,-11.859,-11.859
"A015",28,49.31,72.99,53.23,15.015,-12.075,-12.075
"A015",29,48.57,73.03,51.9,16.085,-12.459,-12.459
"A015",30,49.53,73.85,52.67,15.308,-12.384,-12.384
"A015",31,49.49,74.17,52.04,15.689,-12.75,-12.75
"A015",32,50.48,73.47,54.57,16.04,-11.839,-11.839
"A015",33,50.56,72.75,55.13,15.769,-11.793,-11.793
"A015",34,50.78,73.03,56.03,14.872,-10.973,-10.973
"A015",35,51.38,73.42,56.96,15.281,-10.507,-10.507
"A015",36,51.69,73.45,56.77,14.924,-11.014,-11.014
"A015",37,51.62,74.13,56.69,15.057,-10.633,-10.633
"A015",38,52.03,74.55,56.85,15.787,-10.679,-10.679
"A015",39,52.61,74.34,58.27,15.085,-9.999,-9.999
"A015",40,51.74,74.44,57.13,14.83,-10.153,-10.153
"A015",41,52.46,74.63,58.56,14.556,-9.398,-9.398
"A015",42,53.07,75.43,58.93,14.516,-9.234,-9.234
"A015",43,53.62,76.2,58.48,15.068,-9.843,-9.843
"A015",44,54.25,76.18,59.29,15.007,-9.678,-9.678
"A015",45,54.17,76.14,59.36,14.7,-9.544,-9.544
"A015",46,53.94,75.94,58.9,14.442,-9.89,-9.89
"A015",47,53.15,76.07,57.89,14.824,-10.005,-10.005
"A015",48,52.34,76.7,56.46,15.426,-10.209,-10.209
"A015",49,53.36,76.86,57.96,14.478,-9.729,-9.729
"A015",50,53.74,76.71,59.78,13.736,-8.385,-8.385
"A015",51,53.71,77.19,59.48,14.411,-8.399,-8.399
"A015",52,53.73,77.09,59.35,14.395,-8.608,-8.608
"A015",53,54.08,76.58,60.04,14.19,-8.54,-8.54
"A015",54,53.99,77.52,58.83,14.035,-9.163,-9.163
"A015",55,54.51,77.75,59.36,14.338,-9.044,-9.044
"A015",56,54.94,78.3,58.99,14.474,-9.565,-9.565
"A015",57,54.81,78.53,57.78,15.189,-10.52,-10.52
"A015",58,54.75,79.49,56.64,15.241,-11.113,-11.113
"A015",59,53.61,79.38,56.03,14.931,-10.576,-10.576
"A015",60,53.12,79.46,55.52,14.738,-10.496,-10.496
"A015",61,52.61,78.92,55.05,14.957,-10.688,-10.688
"A015",62,50.66,79.26,51.86,15.04,-11.287,-11.287
"A015",63,49.94,79.44,50.56,15.239,-11.517,-11.517
"A015",64,50.99,79.13,53.05,15.114,-10.604,-10.604
"A015",65,51.29,79.81,52.22,14.792,-11.421,-11.421
"A015",66,51.25,80.35,50.71,15.784,-12.567,-12.567
"A015",67,51.67,79.35,52.12,16.132,-12.261,-12.261
"A015",68,51.22,78.68,52.33,15.357,-11.882,-11.882
"A015",69,51.01,78.22,52.69,15.359,-11.534,-11.534
"A015",70,51.11,77.9,53.47,15.463,-11.056,-11.056
"A015",71,52.24,77.65,55.09,14.701,-10.937,-10.937
"A015",72,52.87,77.84,56.58,15.295,-10.046,-10.046
"A015",73,53.59,79.37,55.74,15.974,-10.853,-10.853
"A015",74,52.38,80.6,54.85,14.947,-9.694,-9.694
"A015",75,51.65,80.86,54.45,14.533,-9.05,-9.05
"A015",76,51.17,80.5,52.64,14.795,-10.448,-10.448
"A015",77,51.46,80.85,52.84,14.656,-10.434,-10.434
"A015",78,51.28,82.33,51.43,15.417,-10.794,-10.794
"A015",79,51.68,81.82,52.89,14.702,-10.122,-10.122
"A015",80,51.39,81.7,51.23,15.362,-11.475,-11.475
"A015",81,51.94,82.19,51.92,15.34,-11.236,-11.236
"A015",82,52.81,81.73,53.3,15.062,-11.164,-11.164
"A015",83,53.08,80.97,54.95,15.312,-10.219,-10.219
"A015",84,53.43,81.38,55.74,14.998,-9.623,NA
"A015",85,54.77,81.28,57.51,14.399,-9.365,NA
"A015",86,55.72,80.15,58.42,15.663,-9.956,NA
"A015",87,55.36,80.81,57.23,13.819,-10.466,NA
"A015",88,56.61,79.17,58.7,14.692,-10.985,NA
"A015",89,56.86,79.31,58.9,15.475,-10.937,NA
"A015",90,56.32,79.65,59.25,15.062,-9.942,NA
"A015",91,56.5,80.19,58.9,15.564,-10.192,NA
"A015",92,56.9,79.8,60.14,14.737,-9.494,NA
"A015",93,57.69,79.21,59.7,15.279,-10.893,NA
"A015",94,58.29,79.14,60.12,14.862,-11.006,NA
"A015",95,57.79,79.69,59.89,15.013,-10.569,NA
"A015",96,58.6,79.86,61.2,14.522,-9.846,NA
"A015",97,57.64,80.87,60.2,14.041,-9.577,NA
"A015",98,57.33,80.92,60.13,14.394,-9.351,NA
"A015",99,57.72,81.53,59.47,15.588,-10.076,NA
"A015",100,57.38,81.54,58.78,15.663,-10.467,NA
"A015",101,57.65,81.87,59.08,14.807,-10.253,NA
"A015",102,58.28,82.69,59.26,14.271,-10.237,NA
"A015",103,56.74,82.41,58.71,14.31,-9.563,NA
"A015",104,57.23,82.04,58.41,15.113,-10.473,NA
"A015",105,58.05,81.5,58.87,15.2,-10.975,NA
"A015",106,58.06,81.52,58.45,15.21,-11.386,NA
"A015",107,57.78,82.02,59.31,15.492,-10.065,NA
"A015",108,57.39,83.12,60.09,14.122,-8.443,NA
"A015",109,56.49,83.2,58.76,14.482,-8.919,NA
"A015",110,57.59,82.93,60.81,13.302,-7.99,NA
"A015",111,58.43,82.89,60.83,13.973,-8.703,NA
"A015",112,58.26,81.49,61.88,14.755,-8.139,NA
"A015",113,56.88,81.03,61.21,13.383,-7.836,NA
"A015",114,57.69,81.22,60.33,15.352,-9.33,NA
"A015",115,58.12,81.68,60.02,14.463,-9.797,NA
"A015",116,57.7,82.01,60.33,14.487,-8.986,NA
"A015",117,58.12,82.26,61.65,13.97,-7.91,NA
"A015",118,58.49,82.83,61.22,14.234,-8.388,NA
"A015",119,58.44,83.43,61.14,14.458,-8.166,NA
"A015",120,57.61,83.27,60.23,13.874,-8.432,NA
"A015",121,57.48,84.95,60.33,14.048,-7.486,NA
"A015",122,58.3,85.13,59.73,14.134,-8.724,NA
"A015",123,60.03,85.92,60.51,14.817,-9.004,NA
"A015",124,58.99,85.96,60.52,14.243,-8.157,NA
"A015",125,58.69,86.58,61.03,13.208,-7.146,NA
"A015",126,57.08,87.39,59.61,14.012,-6.832,NA
"A015",127,57.5,86.59,59.93,13.264,-7.212,NA
"A015",128,57.12,87.27,59.94,13.826,-6.579,NA
"A015",129,57.29,88.19,59.14,13.535,-7.177,NA
"A015",130,56.73,88.59,57.22,14.461,-8.419,NA
"A015",131,56.42,89.2,56.12,14.684,-8.997,NA
"A015",132,56.28,88.94,56.57,14.09,-8.497,NA
"A015",133,56.48,89.12,55.92,14.443,-9.278,NA
"A015",134,57.31,88.97,56.2,15.577,-9.834,NA
"A015",135,58.33,89.03,57.37,15.463,-9.543,NA
"A015",136,58.3,88.98,57.55,14.482,-9.354,NA
"A015",137,59.24,88.6,58.21,15.143,-9.616,NA
"A015",138,60.75,89.7,57.45,15.496,-11.107,NA
"A015",139,60.26,90.48,57.4,14.743,-10.5,NA
"A015",140,60.21,90.07,56.61,15.63,-11.413,NA
"A015",141,59.55,90.13,55.67,15.783,-11.817,NA
"A015",142,59.13,90.32,56.64,15.713,-10.453,NA
"A015",143,59.45,89.35,56.61,13.675,-11.091,NA
"A015",144,60.75,89.79,58.08,15.802,-10.442,NA
"A015",145,60.62,89.43,59.07,14.714,-9.495,NA
"A015",146,60.93,89.53,58.96,14.903,-9.785,NA
"A015",147,60.15,88.73,57.82,15.072,-10.664,NA
"A015",148,59.15,89.28,56.55,14.996,-10.94,NA
"A015",149,59.62,90.31,55.54,15.101,-11.941,NA
"A015",150,60.09,90.74,56.04,15.732,-11.647,NA
"A015",151,60.41,90.66,55.93,15.518,-12.017,NA
"A015",152,59.94,91.04,55.58,15.655,-11.879,NA
"A015",153,60.73,90.46,56.17,15.796,-12.088,NA
"A015",154,59.94,89.67,56.95,15.696,-11.011,NA
"A015",155,60.88,90.45,58.51,15.393,-9.858,NA
"A015",156,60.27,90.05,58.55,15.235,-9.526,NA
"A015",157,59.7,90.27,59.2,13.974,-8.352,NA
"A015",158,60.16,90.93,59.01,14.503,-8.657,NA
"A015",159,61.35,91.35,59.45,14.321,-8.915,NA
"A015",160,61.89,91.81,59.44,14.839,-9.124,NA
"A015",161,62.39,92.76,58.78,15.232,-9.771,NA
"A015",162,63.14,93.27,60.12,13.887,-8.716,NA
"A015",163,62.7,93.26,60.54,14.43,-8.021,NA
"A015",164,62.76,94.22,60.06,14.242,-8.194,NA
"A015",165,63.76,93.45,60.74,14.676,-8.411,NA
"A015",166,63.27,93.39,60.91,14.382,-7.958,NA
"A015",167,62.76,93.29,61.57,13.327,-7.02,NA
"A015",168,62.62,94.18,61.21,13.561,-6.974,NA
"A015",169,62.4,95,60.42,14.59,-7.335,NA
"A015",170,62.27,96.25,59.68,13.902,-7.553,NA
"A015",171,62.82,95.71,60.48,13.873,-7.29,NA
"A015",172,63.18,96.18,60.79,13.754,-7.036,NA
"A015",173,61.93,95.02,59.6,14.185,-7.844,NA
"A015",174,61.7,95.11,59.24,13.714,-8.011,NA
"A015",175,61.6,96.09,58.77,13.711,-8.081,NA
"A015",176,61.29,95.13,59.32,13.771,-7.654,NA
"A015",177,60.79,94.35,58.95,14.1,-7.957,NA
"A015",178,61.44,94.38,59.71,14.149,-7.633,NA
"A015",179,61.22,93.12,59.93,13.444,-7.708,NA
"A015",180,61.48,94.07,58.81,13.995,-8.664,NA
"A015",181,62.1,93.1,59.03,14.428,-9.203,NA
"A015",182,61.07,93.45,57.96,14.912,-9.452,NA
"A015",183,61.6,93.88,59.04,13.735,-8.588,NA
"A015",184,61.39,93.28,58.28,15.115,-9.409,NA
"A015",185,62.48,92.51,60.55,13.972,-8.137,NA
"A015",186,63.64,91.63,61.92,13.146,-7.823,NA
"A015",187,64.53,90.99,62.81,14.151,-7.697,NA
"A015",188,65.2,91.56,62.75,13.443,-7.913,NA
"A015",189,65.63,92.06,63.12,13.794,-7.599,NA
"A015",190,65.78,91.38,64.43,13.799,-6.621,NA
"A015",191,65.75,92.12,63.63,13.207,-7.133,NA
"A015",192,64.84,91.9,63.18,13.751,-7.161,NA
"A015",193,64.42,91.78,61.54,14.474,-8.602,NA
"A015",194,65.14,92.19,63.08,13.09,-7.312,NA
"A015",195,64.98,92.17,63.58,12.821,-6.746,NA
"A015",196,64.32,91.09,63.6,12.323,-6.744,NA
"A015",197,63.33,90.84,64.11,12.359,-5.734,NA
"A015",198,63.08,91.73,63.02,13.33,-6.339,NA
"A015",199,62.65,92.62,61.9,13.418,-6.867,NA
"A015",200,62.92,94.23,61.86,13.37,-6.494,NA
"A015",201,62.76,95.09,61.52,12.712,-6.43,NA
"A015",202,63.57,95.21,61.56,14.052,-6.844,NA
"A015",203,62.65,94.75,60.61,13.695,-7.388,NA
"A015",204,63.19,94.18,60.49,13.607,-8.048,NA
"A015",205,63.86,94.17,59.48,14.77,-9.462,NA
"A016",1,44.23,18.14,81.13,14.774,-2.593,-2.593
"A016",2,44.58,19.19,80.51,15.527,-2.924,-2.924
"A016",3,45.41,19.74,80.95,14.282,-2.52,-2.52
"A016",4,44.12,19.77,80.89,14.348,-2.251,-2.251
"A016",5,44.29,19.28,81.48,14.551,-1.85,-1.85
"A016",6,43.78,19.74,80.51,14.424,-2.559,-2.559
"A016",7,43.4,19.89,80.17,15.602,-2.772,-2.772
"A016",8,43.91,18.68,80.91,14.786,-2.542,-2.542
"A016",9,43.51,18.42,82.05,13.98,-1.408,-1.408
"A016",10,43.26,18.06,82.41,13.502,-1.136,-1.136
"A016",11,43.06,18.85,81.18,14.218,-2.035,-2.035
"A016",12,43.31,19.4,81.68,14.125,-1.392,-1.392
"A016",13,41.95,20.02,82.15,13.101,-0.452,-0.452
"A016",14,42.49,19.67,82.03,14.281,-0.79,-0.79
"A016",15,42.09,20.01,80.7,14.593,-1.936,-1.936
"A016",16,42.09,19.95,79.57,14.877,-3.085,-3.085
"A016",17,42.47,20.58,79.39,14.351,-3.14,-3.14
"A016",18,42.58,21.53,78.58,14.384,-3.712,-3.712
"A016",19,42.85,23.01,79.35,13.969,-2.65,-2.65
"A016",20,42.66,23.6,80.08,14.089,-1.745,-1.745
"A016",21,43.1,23.39,80.48,13.666,-1.508,-1.508
"A016",22,42.14,23.79,80.32,13.616,-1.336,-1.336
"A016",23,41.18,24.4,80.31,14.015,-0.958,-0.958
"A016",24,40.94,24.21,79.86,13.386,-1.386,-1.386
"A016",25,40.4,24.74,78.85,14.09,-2.118,-2.118
"A016",26,38.85,23.81,78.99,14.745,-1.816,-1.816
"A016",27,39.51,24.89,78.95,13.248,-1.727,-1.727
"A016",28,39.59,25.62,78.64,14.249,-1.872,-1.872
"A016",29,39.78,25.55,78.56,14.882,-2.028,-2.028
"A016",30,40.27,24.64,79.66,14.285,-1.306,-1.306
"A016",31,39.58,24.58,79.48,13.807,-1.307,-1.307
"A016",32,39.61,24.66,79.76,13.713,-1.011,-1.011
"A016",33,38.7,24.31,79.64,13.248,-0.973,-0.973
"A016",34,40.44,24.73,79.95,13.531,-1.04,-1.04
"A016",35,41,25.34,79.27,14.853,-1.735,-1.735
"A016",36,40.84,26.06,80.01,13.367,-0.781,-0.781
"A016",37,41.77,25.85,80.03,14.247,-1.098,-1.098
"A016",38,41.2,26.67,78.64,14.848,-2.123,-2.123
"A016",39,41.38,26.52,79.43,13.714,-1.434,-1.434
"A016",40,42.19,26.72,79.51,14.347,-1.574,-1.574
"A016",41,42.37,27.82,79.52,14.547,-1.419,-1.419
"A016",42,42.84,28.18,78.7,15.142,-2.351,-2.351
"A016",43,42.31,29.41,79.46,14.422,-1.13,-1.13
"A016",44,42,28.61,78.91,14.085,-1.729,-1.729
"A016",45,41.34,28.51,78.23,14.486,-2.177,-2.177
"A016",46,41.97,28.75,78.24,14.585,-2.364,-2.364
"A016",47,42.75,28.5,79.19,13.932,-1.761,-1.761
"A016",48,42.49,27.83,78.8,13.848,-2.183,-2.183
"A016",49,42.7,29.26,77.97,14.427,-2.816,-2.816
"A016",50,42.45,29.06,79.23,13.107,-1.498,-1.498
"A016",51,42.54,27.4,79.44,13.325,-1.641,-1.641
"A016",52,41.84,27.66,78.84,14.403,-1.936,-1.936
"A016",53,42.56,28.49,79.14,14.213,-1.737,-1.737
"A016",54,42.03,28.81,79.22,14.033,-1.389,-1.389
"A016",55,40.72,29.11,79.72,13.555,-0.291,-0.291
"A016",56,41.76,28.84,80.24,13.479,-0.252,-0.252
"A016",57,41.35,29.65,80.34,13.217,0.197,0.197
"A016",58,40.85,30.6,79.41,13.387,-0.255,-0.255
"A016",59,40.37,30.51,78.96,13.085,-0.509,-0.509
"A016",60,40.77,31.52,78.47,14.216,-0.874,-0.874
"A016",61,40.79,31.77,77.66,13.518,-1.615,-1.615
"A016",62,39.65,32.64,75.85,14.268,-2.522,-2.522
"A016",63,40.12,32.34,75.7,14.545,-3.042,-3.042
"A016",64,40.81,31.64,75.32,15.367,-4.004,-4.004
"A016",65,40.21,31.96,74.52,15.309,-4.405,-4.405
"A016",66,39.7,33.32,73.94,15.726,-4.192,-4.192
"A016",67,38.86,32.78,74.44,14.759,-3.452,-3.452
"A016",68,39.44,33.11,74.74,15.31,-3.328,-3.328
"A016",69,39.53,33.18,74.93,14.631,-3.169,-3.169
"A016",70,40.3,34.3,75.56,14.845,-2.503,-2.503
"A016",71,40.02,33.94,76.01,14.196,-2.045,-2.045
"A016",72,39.51,33.96,75.39,14.326,-2.351,-2.351
"A016",73,40.32,34.11,76.19,14.407,-1.964,NA
"A016",74,40.99,33.9,76.03,14.841,-2.593,NA
"A016",75,40.55,34.34,74.73,15.05,-3.468,NA
"A016",76,39.56,34.35,72.75,15.477,-4.854,NA
"A016",77,38.93,35.2,72.18,15.89,-4.622,NA
"A016",78,37.19,36.23,71.25,15.596,-3.796,NA
"A016",79,36.74,36.53,69.52,15.629,-5.008,NA
"A016",80,36.29,36.96,69.06,16.281,-4.853,NA
"A016",81,36,36.81,68.29,16.922,-5.504,NA
"A016",82,35.48,37.23,66.84,17.216,-6.26,NA
"A016",83,35.98,36.91,67.91,16.43,-5.802,NA
"A016",84,35.45,35.75,68.32,16.152,-5.775,NA
"A016",85,34.99,38.37,66.35,16.219,-5.501,NA
"A016",86,35.29,38.91,66.5,15.852,-5.177,NA
"A016",87,35.32,39.89,66.08,15.941,-4.852,NA
"A016",88,35.14,39.12,66.41,16.653,-4.975,NA
"A016",89,34.74,39.17,65.45,16.161,-5.555,NA
"A016",90,34.32,39,64.91,16.606,-5.879,NA
"A016",91,35.3,39.62,65.68,16.055,-5.442,NA
"A016",92,36.4,39.35,67.84,15.627,-4.431,NA
"A016",93,36.54,39.09,67.53,16.076,-5.054,NA
"A016",94,37.27,38.7,68.39,15.906,-5.074,NA
"A016",95,36.89,38.51,68.73,15.651,-4.569,NA
"A016",96,36.06,39.31,67.4,15.558,-4.616,NA
"A016",97,36.83,40.76,67.33,15.73,-4.212,NA
"A016",98,37.02,40.82,66.79,16.011,-4.871,NA
"A016",99,36.34,39.79,68.95,15.431,-2.933,NA
"A016",100,36.2,40.28,68.14,15.802,-3.235,NA
"A016",101,35.63,39.56,69.06,14.337,-2.401,NA
"A016",102,36.28,39.63,70.69,14.011,-1.276,NA
"A016",103,37.71,39.15,72.08,13.71,-1.421,NA
"A016",104,38.37,40.15,70.8,14.84,-2.521,NA
"A016",105,37.8,40.36,69.92,14.751,-2.774,NA
"A016",106,37.69,41.18,69.4,14.624,-2.577,NA
"A016",107,38.09,40.52,70.19,13.874,-2.63,NA
"A016",108,37.5,41.93,68.66,14.881,-2.545,NA
"A016",109,36.41,42.25,66.76,14.484,-3.171,NA
"A016",110,36.76,42.86,65.36,15.2,-4.389,NA
"A016",111,36.75,42.87,66.04,15.597,-3.692,NA
"A016",112,36.5,43.5,64.85,14.657,-4.103,NA
"A016",113,37.19,44.27,64.45,15.608,-4.518,NA
"A016",114,37.2,44.8,64.57,15.076,-3.937,NA
"A016",115,35.96,44.33,63.08,16.098,-4.607,NA
"A016",116,35.33,44.47,62,16.106,-4.926,NA
"A016",117,35.54,45.02,60.89,16.354,-5.736,NA
"A016",118,35.71,44.04,61.01,16.8,-6.692,NA
"A016",119,34.9,44.96,59.38,16.857,-6.651,NA
"A016",120,34.13,45.57,58.07,16.842,-6.587,NA
"A016",121,34.37,45.45,59.39,16.063,-5.632,NA
"A016",122,35.63,44.9,61.98,15.9,-4.86,NA
"A016",123,35.82,44.57,61.77,16.973,-5.559,NA
"A016",124,36.33,44.73,62.61,16.343,-5.082,NA
"A016",125,35.28,45.92,60.22,16.811,-5.312,NA
"A016",126,34.54,46.45,60.04,16.151,-4.212,NA
"A016",127,34.95,46.94,58.83,16.248,-5.408,NA
"A016",128,36.26,46.55,59.77,16.256,-6.228,NA
"A016",129,36.28,47.93,59.03,15.089,-5.75,NA
"A016",130,36.63,47.63,60.79,15.516,-4.641,NA
"A016",131,36.73,48.09,61.15,15.251,-3.977,NA
"A016",132,37.03,49.13,59.93,15.116,-4.637,NA
"A016",133,37.31,48.82,60.4,15.807,-4.73,NA
"A016",134,36.03,48.37,59.2,15.319,-4.913,NA
"A016",135,34.91,48.71,57.94,15.314,-4.634,NA
"A016",136,34.47,48.49,57.46,16.235,-4.819,NA
"A016",137,34.77,48.83,57.85,15.336,-4.452,NA
"A016",138,34,49.66,56.5,15.47,-4.192,NA
"A016",139,33.27,49.28,55.7,16.141,-4.533,NA
"A016",140,32.45,49.24,55.04,15.332,-4.342,NA
"A016",141,32.38,51.7,51.55,16.385,-5.56,NA
"A016",142,31.26,51.49,50.48,16.39,-5.595,NA
"A016",143,29.72,52.07,49.32,16.091,-4.643,NA
"A016",144,30.78,52.8,51.57,13.603,-2.922,NA
"A016",145,30.58,53.75,52.02,13.767,-1.54,NA
"A016",146,31.14,54.99,51.21,14.853,-2.018,NA
"A016",147,31.27,56.11,50.77,14.303,-1.843,NA
"A016",148,32.04,56.13,51.55,14.169,-1.855,NA
"A016",149,32.31,54.58,53.89,13.024,-0.884,NA
"A016",150,32.25,53.45,53.99,14.096,-1.57,NA
"A016",151,33.6,54.25,54.14,14.908,-2.307,NA
"A016",152,32.34,55.1,51.74,14.372,-2.693,NA
"A016",153,32.36,55.32,51.36,14.93,-2.941,NA
"A016",154,32.98,55.16,51.62,15.044,-3.477,NA
"A016",155,33.37,55.21,51.9,14.87,-3.598,NA
"A016",156,32.96,55.7,49.79,15.72,-4.915,NA
"A016",157,33.22,56.11,49.69,16.102,-5.011,NA
"A016",158,32.27,56.58,48.18,15.696,-5.177,NA
"A016",159,31.97,55.94,48.68,15.47,-4.781,NA
"A016",160,32.26,55.68,49.6,14.726,-4.352,NA
"A016",161,32.69,55.39,50.5,15.762,-4.115,NA
"A016",162,32.97,55.65,49.21,16.482,-5.521,NA
"A016",163,32.23,55.7,48.54,15.914,-5.37,NA
"A016",164,32.02,55.63,48.05,16.548,-5.662,NA
"A016",165,31.48,56.8,46.86,16.008,-5.521,NA
"A016",166,31.7,57.26,46.14,16.306,-6.179,NA
"A016",167,31.3,57.01,47.38,15.859,-4.684,NA
"A016",168,31.03,57.9,46.26,16.358,-4.99,NA
"A016",169,30.43,58.1,46.26,15.738,-4.282,NA
"A016",170,31.2,57.47,47.83,15.212,-3.849,NA
"A016",171,31.14,57.39,47.28,15.543,-4.386,NA
"A016",172,30.33,58.02,45.48,16.213,-5.01,NA
"A016",173,29.3,58.19,44.93,15.612,-4.506,NA
"A016",174,29,58.91,43.44,16.46,-5.342,NA
"A016",175,28.62,60.06,41.81,16.504,-6.034,NA
"A016",176,29.04,58.45,43.88,16.431,-5.185,NA
"A016",177,28.72,58.4,43.91,15.745,-4.903,NA
"A016",178,28.91,58.13,44.24,16.35,-4.888,NA
"A016",179,29.42,59.3,44.54,15.173,-4.394,NA
"A016",180,29.91,59.42,45.45,15.181,-3.862,NA
"A016",181,30.71,58.96,45.83,15.765,-4.49,NA
"A016",182,30.99,60.04,46.6,14.839,-3.375,NA
"A016",183,31.05,60.44,44.64,16.111,-5.163,NA
"A016",184,30.97,60.92,44.54,15.628,-4.931,NA
"A016",185,30.76,60.52,43.47,16.668,-6.015,NA
"A016",186,30.99,60.71,44.11,16.556,-5.488,NA
"A016",187,30.87,61.8,43.91,15.945,-4.965,NA
"A016",188,31.37,61.72,44.22,16.194,-5.176,NA
"A016",189,30.44,61.49,43.46,15.469,-5.188,NA
"A016",190,30.44,62.01,43.06,15.641,-5.291,NA
"A016",191,29.25,62.66,42.86,15.386,-4.092,NA
"A016",192,29.24,63.59,42.9,15.042,-3.505,NA
"A016",193,29.04,62.77,43.85,14.817,-2.869,NA
"A016",194,28.75,62.46,43.82,15.219,-2.839,NA
"A016",195,28.35,62.1,42.88,15.528,-3.68,NA
"A016",196,30.04,61.71,45.01,14.611,-3.154,NA
"A016",197,30.22,61.99,45,14.589,-3.162,NA
"A016",198,30.45,61.05,44.82,15.086,-4.088,NA
"A016",199,30.78,61.55,45.88,15.114,-3.048,NA
"A016",200,31.03,61.86,45.64,15.069,-3.352,NA
"A017",1,82.3,23.95,103.97,13.858,-4.11,-4.11
"A017",2,80.64,24.03,102.99,13.661,-4.092,-4.092
"A017",3,79.61,25.03,102.8,13.408,-3.283,-3.283
"A017",4,79.48,25.81,102.5,12.677,-3.199,-3.199
"A017",5,81.38,26.5,101.86,13.426,-4.687,-4.687
"A017",6,81.29,26.81,101.09,14.071,-5.284,-5.284
"A017",7,81.28,26.14,101.8,14.297,-4.836,-4.836
"A017",8,80.86,25.47,100.82,14.904,-5.836,-5.836
"A017",9,79.19,25.04,99.49,15.131,-6.337,-6.337
"A017",10,79.74,25.29,98.6,15.467,-7.462,-7.462
"A017",11,78.94,26.11,97.54,15.735,-7.724,-7.724
"A017",12,78.37,26.89,97.95,14.255,-6.675,-6.675
"A017",13,79.15,26.79,97.73,15.471,-7.409,-7.409
"A017",14,78.66,26.94,97.58,15.512,-7.203,-7.203
"A017",15,78.32,26.82,96.8,15.338,-7.825,-7.825
"A017",16,78.53,26.31,97.51,15.539,-7.437,-7.437
"A017",17,78.53,26.21,98.39,14.916,-6.595,-6.595
"A017",18,79.25,26.87,98.48,14.411,-6.679,-6.679
"A017",19,80.07,26.71,99.57,14.738,-6.133,-6.133
"A017",20,79.1,26.27,99.55,14.578,-5.75,-5.75
"A017",21,77.81,26.47,99.35,13.665,-5.109,-5.109
"A017",22,77.04,26.02,99.82,13.064,-4.339,-4.339
"A017",23,77.38,26.22,99.9,13.037,-4.386,-4.386
"A017",24,76.75,26.42,98.21,14.127,-5.605,-5.605
"A017",25,77.28,25.97,99.54,13.501,-4.784,-4.784
"A017",26,77.4,26.55,100.37,13.588,-3.797,-3.797
"A017",27,77.88,25.53,100.67,12.747,-4.181,-4.181
"A017",28,78.45,26.39,100.83,13.249,-4.041,-4.041
"A017",29,79.13,25.38,102.62,12.766,-3.041,-3.041
"A017",30,79.33,25.29,103.2,12.89,-2.621,-2.621
"A017",31,79.15,25.41,102.31,12.555,-3.355,-3.355
"A017",32,78.71,24.19,102.19,12.906,-3.674,-3.674
"A017",33,78.78,24.1,102.41,13.375,-3.542,-3.542
"A017",34,78.55,23.42,102.2,12.621,-3.871,-3.871
"A017",35,78.1,23.25,101.72,13.56,-4.138,-4.138
"A017",36,78.79,22.45,102.33,13.197,-4.267,-4.267
"A017",37,78.23,22.47,101.79,13.556,-4.451,-4.451
"A017",38,77.91,22.56,101.97,13.082,-4.047,-4.047
"A017",39,77.7,22.93,100.93,13.871,-4.811,-4.811
"A017",40,76.44,22.3,100.36,13.796,-4.829,-4.829
"A017",41,76.75,22.32,100.31,13.985,-5.066,-5.066
"A017",42,76.83,22.94,100.23,13.997,-4.96,-4.96
"A017",43,77.29,22.61,101.29,13.325,-4.317,-4.317
"A017",44,76.03,22.77,100.59,13.394,-4.158,-4.158
"A017",45,76.08,23.28,101.18,13.086,-3.399,-3.399
"A017",46,76.45,23.62,101.46,12.328,-3.225,-3.225
"A017",47,75.88,22.62,101.16,13.37,-3.536,-3.536
"A017",48,75.16,21.8,102.1,12.179,-2.438,-2.438
"A017",49,74.45,21.47,101.21,12.271,-2.965,-2.965
"A017",50,75.05,22.14,100.18,13.142,-4.164,-4.164
"A017",51,74.64,23.8,99.07,14.417,-4.371,-4.371
"A017",52,74.19,24.68,97.79,14.06,-5.027,-5.027
"A017",53,74.23,23.65,98.17,14.646,-5.055,-5.055
"A017",54,73.55,23.86,97.62,13.438,-5.07,-5.07
"A017",55,73.2,24.84,98.44,12.518,-3.656,-3.656
"A017",56,72.49,24.53,98.92,12.738,-2.788,-2.788
"A017",57,72.16,25.48,99.61,11.812,-1.539,-1.539
"A017",58,71.44,25.33,98.7,12.185,-1.996,-1.996
"A017",59,71.06,25.25,98.23,12.354,-2.21,-2.21
"A017",60,70.49,25.2,97.53,13.223,-2.518,-2.518
"A017",61,71.84,25.79,97.93,12.964,-2.885,-2.885
"A017",62,71.37,25.6,97,12.743,-3.554,-3.554
"A017",63,70.85,25.24,96.7,12.887,-3.601,-3.601
"A017",64,71.29,25.08,97.61,13.504,-3.062,-3.062
"A017",65,72.01,24.55,98.13,12.65,-3.24,-3.24
"A017",66,72.57,25.15,97.56,13.103,-3.987,-3.987
"A017",67,72.14,25.82,98.41,12.48,-2.61,-2.61
"A017",68,72.34,25.21,98.48,13.369,-2.889,-2.889
"A017",69,72.19,23.31,98.87,12.713,-3.055,-3.055
"A017",70,72.91,23.27,99.25,12.917,-3.208,-3.208
"A017",71,72.3,22.63,98.46,12.577,-3.784,-3.784
"A017",72,72.13,22.76,97.91,13.257,-4.171,-4.171
"A017",73,71.2,22.74,97.31,13.397,-4.088,-4.088
"A017",74,69.81,23.44,96.69,12.834,-3.431,-3.431
"A017",75,69.67,25.41,95.26,13.549,-4.112,-4.112
"A017",76,69.13,24.99,94.22,14.666,-4.874,-4.874
"A017",77,69.3,24.58,94.17,13.838,-5.177,-5.177
"A017",78,68.85,24.24,93.8,14.308,-5.31,-5.31
"A017",79,68.81,24.47,92.8,14.863,-6.213,-6.213
"A017",80,69.33,24.3,93.43,14.327,-6.032,-6.032
"A017",81,68.01,24.8,93.07,14.403,-5.207,-5.207
"A017",82,67.26,24.53,93.45,13.637,-4.31,-4.31
"A017",83,67.52,25.68,93.1,13.573,-4.535,-4.535
"A017",84,67.35,26.73,93.83,12.807,-3.387,-3.387
"A017",85,67.78,27.38,93.22,13.513,-4.14,-4.14
"A017",86,67.63,27.75,92.93,13.709,-4.206,-4.206
"A017",87,67.91,28.58,93.26,13.38,-3.853,-3.853
"A017",88,67.8,29.16,92.94,12.842,-3.935,-3.935
"A017",89,68,27.54,94.21,13.495,-3.266,-3.266
"A017",90,67.93,28.09,93.66,13.036,-3.608,-3.608
"A017",91,68.04,27.08,94.09,12.618,-3.553,-3.553
"A017",92,67.33,26.05,92.94,12.934,-4.448,-4.448
"A017",93,66.43,26,92.19,13.363,-4.491,-4.491
"A017",94,66.82,26.25,91.47,14.339,-5.454,-5.454
"A017",95,66.55,26.28,91.66,14.479,-5.047,-5.047
"A017",96,65.85,26.99,90.78,13.982,-5.19,-5.19
"A017",97,66.2,26.5,91.61,14.389,-4.763,-4.763
"A017",98,66.37,26.32,90.72,13.919,-5.833,-5.833
"A017",99,66.05,27.44,89.48,14.578,-6.533,-6.533
"A017",100,65.61,27.28,88.92,14.033,-6.795,-6.795
"A017",101,66.22,28.45,89.28,15.478,-6.619,-6.619
"A017",102,67.07,26.91,91.05,14.658,-5.898,-5.898
"A017",103,66.88,26.65,90.42,13.771,-6.444,-6.444
"A017",104,66.65,26.8,90.87,14.535,-5.777,-5.777
"A017",105,64.94,26.97,89.88,13.041,-5.37,-5.37
"A017",106,64.84,26.44,90.14,13.416,-5.15,-5.15
"A017",107,63.71,26.53,89.51,14.191,-4.835,-4.835
"A017",108,64.22,26.53,91.35,12.804,-3.414,-3.414
"A017",109,63.46,25.45,90.99,12.211,-3.37,NA
"A017",110,63.75,26.21,91.17,12.608,-3.271,NA
"A017",111,64.92,26.39,92.09,13.223,-3.275,NA
"A017",112,64.24,26.29,90.63,13.015,-4.199,NA
"A017",113,62.89,26.54,89.35,13.116,-4.314,NA
"A017",114,62.94,26.53,88.42,14.802,-5.283,NA
"A017",115,62.33,26.14,87.39,14.763,-5.886,NA
"A017",116,61.42,25.95,86.24,15.488,-6.304,NA
"A017",117,62.61,25.28,86.96,13.998,-6.709,NA
"A017",118,61.6,25.24,86.25,14.894,-6.56,NA
"A017",119,61.57,24.57,86.83,14.069,-6.083,NA
"A017",120,60.74,25.48,85.98,14.415,-6.054,NA
"A017",121,59.47,25.89,84.7,14.318,-6.213,NA
"A017",122,59.45,25.84,84.44,15.312,-6.469,NA
"A017",123,59.9,25.51,85.09,14.167,-6.232,NA
"A017",124,59.87,25.31,84.84,14.639,-6.49,NA
"A017",125,60.02,25.13,85.12,14.864,-6.355,NA
"A017",126,59.88,25.07,85.12,15.285,-6.257,NA
"A017",127,59.14,24.65,86.17,14.16,-4.631,NA
"A017",128,59.02,24.94,86.18,13.89,-4.479,NA
"A017",129,58.37,26,84.84,13.991,-5.156,NA
"A017",130,59.04,25.99,85.83,13.773,-4.708,NA
"A017",131,58.56,25.77,86.15,13.752,-4.024,NA
"A017",132,58.81,27.23,86.13,13.516,-4.088,NA
"A017",133,57.66,27.39,84.98,13.566,-4.322,NA
"A017",134,57.18,27.75,85.36,13.128,-3.545,NA
"A017",135,56.87,26.98,85.02,12.781,-3.713,NA
"A017",136,56.82,27.28,85.07,13.003,-3.594,NA
"A017",137,57.25,27.49,84.9,13.694,-4.079,NA
"A017",138,57.42,27.56,84.54,14.048,-4.569,NA
"A017",139,56.97,27.73,83.99,13.339,-4.757,NA
"A017",140,57.41,27.02,83.97,13.316,-5.171,NA
"A017",141,58.35,27.64,85.48,13.723,-4.336,NA
"A017",142,57.77,27.3,85.63,12.752,-3.773,NA
"A017",143,57.59,26.42,85.29,13.775,-4.042,NA
"A017",144,56.36,26.75,84.28,13.66,-4.081,NA
"A017",145,56.17,27.03,83.86,13.835,-4.347,NA
"A017",146,56.88,27.47,84.24,12.935,-4.463,NA
"A017",147,56.45,27.87,84.84,12.889,-3.508,NA
"A017",148,56.02,28.18,85.27,12.519,-2.75,NA
"A017",149,55.03,27.82,84.43,13.148,-2.902,NA
"A017",150,55.55,27.33,84.49,12.645,-3.23,NA
"A017",151,55.22,28.39,83.82,13.358,-3.616,NA
"A017",152,55.79,27.72,83.89,13.72,-3.992,NA
"A017",153,55.84,28.51,83.33,13.236,-4.535,NA
"A017",154,55.72,27.97,83.66,13.447,-4.153,NA
"A017",155,55.5,28.02,82.79,14.059,-4.86,NA
"A017",156,56.5,27.83,84.14,14.037,-4.255,NA
"A017",157,56.12,27.58,84.31,13.042,-3.818,NA
"A017",158,56.39,27.86,84.55,13.326,-3.759,NA
"A017",159,55.95,27.62,84.24,13.23,-3.761,NA
"A017",160,55.86,27.17,83.35,13.146,-4.615,NA
"A017",161,55.83,26.31,82.84,13.408,-5.154,NA
"A017",162,55.32,26.28,81.65,14.744,-5.975,NA
"A017",163,54.49,26.12,81.09,14.687,-5.949,NA
"A017",164,53.94,26.08,81.48,14.494,-5.178,NA
"A017",165,54.68,26.17,81.29,14.461,-5.884,NA
"A017",166,53.53,25.88,79.98,15.266,-6.413,NA
"A017",167,53.76,26.63,79.07,15.474,-7.441,NA
"A017",168,53.55,26.09,78.4,15.605,-7.995,NA
"A017",169,53.12,26.4,79.25,14.508,-6.857,NA
"A017",170,52.67,27.02,79.07,14.574,-6.718,NA
"A017",171,54.27,27.93,80.64,15.099,-6.167,NA
"A017",172,53.41,28.74,79.14,15.328,-7.062,NA
"A017",173,53.54,28.24,79.11,14.74,-7.197,NA
"A017",174,53.23,28.7,79.63,15.284,-6.456,NA
"A017",175,52.54,29.14,79.31,14.453,-6.331,NA
"A017",176,52.24,28.95,80,13.814,-5.456,NA
"A017",177,51.49,29.18,80.26,13.377,-4.738,NA
"A017",178,50.58,28.67,78.85,14.319,-5.644,NA
"A017",179,50.11,29.1,78.53,13.897,-5.684,NA
"A017",180,50.62,28.73,77.43,15.571,-7.09,NA
"A017",181,50.46,28.56,77.64,14.549,-6.795,NA
"A017",182,50.34,28.38,77.78,14.573,-6.601,NA
"A017",183,49.83,28.18,77.45,14.684,-6.657,NA
"A017",184,49.7,27.22,77.75,14.429,-6.336,NA
"A017",185,49.19,26.32,77.84,14.537,-6.027,NA
"A017",186,48.87,26.84,77.21,15.445,-6.468,NA
"A017",187,49.15,26.35,77.63,14.873,-6.216,NA
"A017",188,49.91,26.53,78.77,13.819,-5.453,NA
"A017",189,49.34,26.17,79.04,14.128,-4.914,NA
"A017",190,48.84,26.89,77.53,14.704,-6.14,NA
"A017",191,49.81,27.05,77.48,15.286,-6.671,NA
"A017",192,50.18,26.91,76.79,15.389,-7.56,NA
"A017",193,48.73,26.76,76.39,15.254,-7.232,NA
"A017",194,48.64,27.23,76.48,15.418,-7.07,NA
"A017",195,48.46,27.96,76.85,14.512,-6.577,NA
"A017",196,48.76,27.6,76.27,14.749,-7.322,NA
"A017",197,48.75,28.72,76.19,15.316,-7.331,NA
"A017",198,49.34,28.87,76.38,14.539,-7.439,NA
"A017",199,48.94,29.63,76.39,15.087,-7.178,NA
"A017",200,48.37,29.85,76.54,14.629,-6.717,NA
"A017",201,46.58,29.9,75.48,14.933,-6.893,NA
"A017",202,45.85,29.6,76.17,14.889,-5.902,NA
"A017",203,46.37,29.35,76.56,14.437,-5.783,NA
"A017",204,46.58,28.89,76.68,14.651,-5.801,NA
"A017",205,45.74,29.42,76.25,14.075,-5.795,NA
"A017",206,45.99,29.68,75.96,15.076,-6.169,NA
"A017",207,46.05,29.42,76.62,13.688,-5.568,NA
"A017",208,46.2,29.3,77.32,13.732,-4.945,NA
"A017",209,46.79,29.92,77.85,13.841,-4.626,NA
"A017",210,47.2,29.98,77.41,14.191,-5.257,NA
"A017",211,46.63,29.6,77.26,14.145,-5.17,NA
"A017",212,45.79,29.03,76.79,14.006,-5.329,NA
"A017",213,47.23,30.4,77.21,14.731,-5.43,NA
"A017",214,47.54,29.68,77.29,14.779,-5.565,NA
"A017",215,47.25,29.95,77.15,14.068,-5.54,NA
"A017",216,46.76,28.26,77.25,13.975,-5.365,NA
"A017",217,46.75,27.72,77.62,13.634,-5.04,NA
"A017",218,45.2,28.18,77.68,13.786,-4.289,NA
"A017",219,46.17,28.12,75.86,15.082,-6.515,NA
"A017",220,45.85,28,76.03,14.484,-6.226,NA
"A017",221,46.42,27.59,76.4,14.26,-6.127,NA
"A017",222,45.72,27.38,76.61,14.247,-5.653,NA
"A017",223,46.08,28.47,77.61,13.587,-4.689,NA
"A017",224,46.63,27.8,78.36,13.117,-4.239,NA
"A017",225,46.72,28.65,78.56,13.218,-4.011,NA
"A017",226,46,29,78.05,13.163,-4.164,NA
"A017",227,45.02,29.09,78.09,13.296,-3.689,NA
"A017",228,44.35,28.79,79.29,12.949,-2.245,NA
"A017",229,44.26,28.52,79.87,11.721,-1.669,NA
"A017",230,43.33,28.59,78.52,12.413,-2.642,NA
"A017",231,43.36,28.41,78.17,13.64,-3.032,NA
"A017",232,44.54,28,78.6,12.45,-3.125,NA
"A017",233,43.73,27.61,78.11,13.672,-3.357,NA
"A017",234,44.15,28.77,78.57,12.513,-2.885,NA
"A017",235,42.45,29.36,77.89,12.916,-2.766,NA
"A017",236,41.51,29.32,77.06,13.095,-3.229,NA
"A017",237,40.45,29.54,76.73,12.866,-3.059,NA
"A017",238,40.01,29.58,76.29,12.831,-3.298,NA
"A017",239,38.65,29.37,76.12,12.102,-2.95,NA
"A017",240,40.43,29.95,75.98,13.462,-3.687,NA
"A017",241,40.44,30.26,76.25,12.41,-3.329,NA
"A017",242,40.46,30.45,76.06,13.325,-3.467,NA
"A017",243,39.67,30.42,75.43,13.217,-3.753,NA
"A017",244,39.69,30.13,76.13,12.153,-3.156,NA
"A017",245,40.52,30.6,76.32,13.09,-3.196,NA
"A017",246,38.98,30.9,74.71,14.39,-3.98,NA
"A017",247,39.19,31.28,74.33,13.907,-4.319,NA
"A017",248,38.73,31.04,74.77,13.511,-3.741,NA
"A017",249,39.07,30.91,74.58,14.157,-4.15,NA
"A017",250,39.61,30.55,75.18,13.948,-3.929,NA
"A017",251,38.85,30.2,75.47,12.951,-3.405,NA
"A017",252,37.59,29.91,74.5,13.075,-3.891,NA
"A017",253,37.67,29.91,74.47,12.79,-3.955,NA
"A017",254,37.01,30.61,72.71,14.391,-5.114,NA
"A017",255,37.25,29.15,73.6,14.295,-4.92,NA
"A017",256,37.58,29.74,72.52,13.919,-5.93,NA
"A017",257,37.58,31.26,71.97,14.941,-5.872,NA
"A017",258,39.17,31.65,72.56,14.332,-5.941,NA
"A017",259,39.49,30.88,73.22,14.188,-5.724,NA
"A017",260,38.82,30.16,72.92,14.356,-5.955,NA
"A017",261,38.09,29.76,72.96,14.148,-5.722,NA
"A017",262,36.94,29.27,72.22,14.538,-6.11,NA
"A017",263,38.01,29.37,72.13,15.517,-6.66,NA
"A017",264,37.37,28.42,72.03,14.168,-6.814,NA
"A017",265,37.46,28.02,72.41,13.985,-6.608,NA
"A017",266,36.67,27.86,72.03,15.483,-6.729,NA
"A017",267,37.06,28.28,72.66,14.813,-6.104,NA
"A017",268,36.95,28.92,72.56,13.869,-5.917,NA
"A017",269,37.4,29.47,73.17,14.152,-5.306,NA
"A017",270,36.92,29.34,73.11,14.196,-5.194,NA
"A017",271,37.38,28.95,73.6,13.786,-5.056,NA
"A017",272,36.52,29.6,72.15,14.79,-5.853,NA
"A017",273,37.3,29.44,72.92,14.352,-5.512,NA
"A017",274,36.13,29.99,73.46,13.704,-4.185,NA
"A017",275,36.16,29.61,74.78,13.943,-3.044,NA
"A017",276,36.3,30.13,75.08,12.56,-2.579,NA
"A017",277,36.88,29.52,75.95,12.363,-2.259,NA
"A017",278,37.55,28.3,76.36,12.694,-2.6,NA
"A017",279,37.28,27.49,75.44,13.576,-3.698,NA
"A017",280,37.33,27.84,74.67,12.844,-4.359,NA
"A017",281,36.81,28.45,73.26,13.986,-5.324,NA
"A017",282,37.45,29.24,73.31,14.456,-5.276,NA
"A017",283,36.59,30.06,72.72,13.621,-5.123,NA
"A017",284,36.38,29.32,73.71,13.487,-4.337,NA
"A017",285,36.32,28.77,73.98,13.253,-4.265,NA
"A017",286,36.13,28.55,73.74,13.582,-4.51,NA
"A017",287,35.9,29.04,74.4,12.927,-3.527,NA
"A017",288,35.91,28.82,74.37,12.56,-3.659,NA
"A017",289,35.28,28.78,74.17,13.663,-3.573,NA
"A017",290,34.25,29.8,73.5,12.334,-3.227,NA
"A017",291,34.1,29.05,74.5,12.267,-2.507,NA
"A017",292,34.95,30.04,75.06,11.689,-1.934,NA
"A017",293,34.11,30.31,74.03,12.456,-2.358,NA
"A017",294,33.63,30.74,72.56,12.687,-3.315,NA
"A017",295,34.26,29.17,73.87,13.54,-3.17,NA
"A017",296,33.86,29.89,73.29,12.591,-3.174,NA
"A017",297,33.37,30.48,71.93,13.748,-3.919,NA
"A017",298,33.91,28.79,73.25,13.175,-3.782,NA
"A017",299,33.92,28.58,72.98,12.415,-4.155,NA
"A017",300,34.18,29.87,72.55,13.436,-4.103,NA
"A017",301,33.25,30.23,72.29,12.85,-3.628,NA
"A018",1,71.9,28.6,93.27,15.396,-6.638,-6.638
"A018",2,71.23,27.57,93.13,15.893,-6.67,-6.67
"A018",3,71.38,28.45,92.97,15.181,-6.635,-6.635
"A018",4,71.39,28.17,92.87,15.855,-6.841,-6.841
"A018",5,71.32,27.21,93.29,14.973,-6.694,-6.694
"A018",6,71.23,27.97,92.23,15.106,-7.432,-7.432
"A018",7,71.17,27.95,92.21,16.535,-7.424,-7.424
"A018",8,71.24,26.72,91.74,16.329,-8.354,-8.354
"A018",9,71.85,26.07,92.51,16.223,-8.221,-8.221
"A018",10,72.17,27.21,92.19,16.083,-8.376,-8.376
"A018",11,70.11,26.76,91.06,17.188,-8.201,-8.201
"A018",12,69.08,26,90.01,16.558,-8.737,-8.737
"A018",13,69.62,25.32,91.68,16.017,-7.681,-7.681
"A018",14,69.75,24.24,91.25,17.412,-8.55,-8.55
"A018",15,70.02,24.63,92.31,16.018,-7.569,-7.569
"A018",16,69.64,25.83,92.16,15.617,-7.057,-7.057
"A018",17,69.14,27.25,91.61,15.206,-6.799,-6.799
"A018",18,68.95,27.17,91.22,15.574,-7.074,-7.074
"A018",19,68.03,28.01,90.04,16.097,-7.325,-7.325
"A018",20,67.29,27.26,89.46,16.056,-7.564,-7.564
"A018",21,66.61,28.74,88.76,15.367,-7.346,-7.346
"A018",22,66.44,26.98,89.49,15.568,-6.946,-6.946
"A018",23,66.49,26.41,89.02,16.35,-7.596,-7.596
"A018",24,65.72,26.91,88.91,15.403,-6.98,-6.98
"A018",25,65.63,27.1,88.44,14.959,-7.326,-7.326
"A018",26,64.02,26.97,87.66,15.477,-6.846,-6.846
"A018",27,62.83,26.82,86.12,16.071,-7.438,-7.438
"A018",28,62.69,26.7,85.38,16.659,-8.085,-8.085
"A018",29,62.34,25.88,85.39,16.769,-7.939,-7.939
"A018",30,62.44,25.11,84.56,16.209,-8.999,-8.999
"A018",31,62.13,24.51,84.74,17.336,-8.67,-8.67
"A018",32,62.45,24.25,84.78,16.398,-8.962,-8.962
"A018",33,62.06,24.09,84.35,16.437,-9.081,-9.081
"A018",34,61.23,24.36,82.21,17.457,-10.444,-10.444
"A018",35,62.41,23.4,83.33,17.579,-10.559,-10.559
"A018",36,62.17,23.63,83.31,17.87,-10.314,-10.314
"A018",37,61.91,22.57,83.68,17.088,-9.956,-9.956
"A018",38,61.09,22.96,82.72,16.553,-10.092,-10.092
"A018",39,60.91,22.05,82.81,17.654,-10.033,-10.033
"A018",40,61.11,21.87,83.13,17.068,-9.954,-9.954
"A018",41,61.52,22.62,83.23,17.152,-10.044,-10.044
"A018",42,62.05,21.85,83.94,17.169,-9.999,-9.999
"A018",43,62.76,21.54,85.73,17.463,-8.942,-8.942
"A018",44,62.67,22.52,85.98,15.99,-8.353,-8.353
"A018",45,61.62,22.36,85.29,16.425,-8.133,-8.133
"A018",46,61.61,22.33,83.03,17.527,-10.392,-10.392
"A018",47,61.31,23,82.25,17.104,-10.749,-10.749
"A018",48,61.4,22.76,83.06,17.462,-10.073,-10.073
"A018",49,61.23,22.66,81.54,17.266,-11.462,-11.462
"A018",50,60.48,21.96,80.35,17.544,-12.135,-12.135
"A018",51,60.63,22.29,81.69,16.995,-10.855,-10.855
"A018",52,58.83,22.09,80.48,17.395,-10.507,-10.507
"A018",53,58.33,23.04,79.99,17.233,-10.373,-10.373
"A018",54,58.25,21.93,80.14,17.268,-10.376,-10.376
"A018",55,58.09,21.98,80.77,16.86,-9.591,-9.591
"A018",56,58.63,22.38,81.54,17.057,-9.217,-9.217
"A018",57,59.03,21.5,82.17,16.533,-9.119,-9.119
"A018",58,58.64,20.91,81.91,16.476,-9.184,-9.184
"A018",59,57.7,21.72,81.66,15.834,-8.429,-8.429
"A018",60,57.18,21.84,80.65,16.335,-8.965,-8.965
"A018",61,56.69,21.5,79.43,17.535,-9.849,-9.849
"A018",62,57.48,20.68,79.53,17.576,-10.605,-10.605
"A018",63,56.86,19.49,78.87,17.793,-11.065,-11.065
"A018",64,56.43,20.02,77.74,17.457,-11.682,-11.682
"A018",65,56.68,19.72,77.92,17.455,-11.793,-11.793
"A018",66,57.2,18.46,79.72,17.49,-10.834,-10.834
"A018",67,57.15,19.13,80.33,16.951,-9.959,-9.959
"A018",68,57.31,18.73,80.11,17.29,-10.451,-10.451
"A018",69,56.06,18.3,79.24,17.827,-10.421,-10.421
"A018",70,55.4,19.3,78.58,17.285,-10.223,-10.223
"A018",71,56.11,19.89,78.7,17.29,-10.503,-10.503
"A018",72,55.27,20.58,78.07,17.341,-10.282,-10.282
"A018",73,56.34,19.97,79.77,17.491,-9.596,-9.596
"A018",74,56.94,18.5,80.42,17.062,-9.905,-9.905
"A018",75,56.8,18.69,80.95,16.822,-9.188,-9.188
"A018",76,56.96,18.42,80.57,16.99,-9.796,-9.796
"A018",77,56.77,18.41,81.17,17.31,-9.043,-9.043
"A018",78,56.33,18.26,80.03,17.44,-9.867,-9.867
"A018",79,56.31,18.75,79.58,17.219,-10.135,-10.135
"A018",80,56.07,18.44,79.28,17.556,-10.332,-10.332
"A018",81,55.1,18.84,78.79,18.012,-9.921,-9.921
"A018",82,53.76,19.24,78.14,16.533,-9.461,-9.461
"A018",83,54.6,19.42,79.26,17.363,-8.9,-8.9
"A018",84,56.55,19.39,79.96,16.486,-9.749,-9.749
"A018",85,56.08,19.94,78.99,17.05,-10.165,-10.165
"A018",86,55.68,19.01,78.96,16.368,-10.146,-10.146
"A018",87,55.28,18.47,78.94,17.471,-10.039,-10.039
"A018",88,54.66,18.49,78.5,17.721,-10,-10
"A018",89,53.58,17.58,78.7,16.222,-9.35,-9.35
"A018",90,53.91,16.52,78.93,16.807,-9.806,-9.806
"A018",91,53.84,15.8,78.72,16.739,-10.314,-10.314
"A018",92,53.05,16.16,78.67,17.085,-9.647,-9.647
"A018",93,52.59,16.73,78.36,17.228,-9.391,-9.391
"A018",94,51.92,16.35,78.27,16.618,-9.24,-9.24
"A018",95,50.98,16.63,78.55,16.415,-8.286,-8.286
"A018",96,50.29,16.03,77.9,16.561,-8.863,-8.863
"A018",97,50.67,15.27,78.97,16.48,-8.375,NA
"A018",98,50.91,15.26,79.14,16.521,-8.338,NA
"A018",99,51.74,15.43,79.03,17.06,-8.825,NA
"A018",100,52.85,16.2,79.52,15.833,-8.646,NA
"A018",101,53.52,15.9,80.96,16.417,-7.807,NA
"A018",102,53.36,15.77,81.97,14.885,-6.747,NA
"A018",103,52.7,15.88,80.56,16.659,-7.664,NA
"A018",104,53.8,16.02,81.2,16.236,-7.697,NA
"A018",105,52.88,15.46,80.47,16.035,-8.078,NA
"A018",106,53.14,16.29,79.42,16.501,-8.896,NA
"A018",107,53.5,15.29,80.77,16.665,-8.291,NA
"A018",108,52.78,15.71,79.17,16.489,-9.189,NA
"A018",109,52.29,15.03,79.48,16.382,-8.925,NA
"A018",110,51.06,15.84,77.22,16.788,-10.039,NA
"A018",111,50.57,15.71,77.55,16.521,-9.511,NA
"A018",112,51.44,16.96,76.1,17.958,-10.85,NA
"A018",113,50.63,17.36,75.56,17.671,-10.776,NA
"A018",114,51.08,16.15,76.04,17.187,-11.075,NA
"A018",115,50.08,16.49,75.34,17.051,-11.097,NA
"A018",116,49.64,16.06,75.52,17.205,-10.906,NA
"A018",117,49.77,15.47,76.99,17.432,-9.794,NA
"A018",118,49.1,15.64,76.86,17.059,-9.536,NA
"A018",119,48.35,15.57,76.72,16.626,-9.398,NA
"A018",120,47.76,14.06,76.53,18.12,-10.189,NA
"A018",121,46.87,13.92,75.9,17.024,-10.587,NA
"A018",122,46.61,13.83,76.88,16.922,-9.578,NA
"A018",123,46.68,13.65,76.92,16.739,-9.657,NA
"A018",124,45.96,13.75,77.8,16.134,-8.493,NA
"A018",125,44.39,13.32,76.98,16.223,-9.141,NA
"A018",126,44.4,14.44,77.18,16.564,-8.301,NA
"A018",127,44.94,14.33,77.18,17.035,-8.494,NA
"A018",128,45.48,14.1,77.15,17.631,-8.807,NA
"A018",129,45.39,13.64,77.26,16.839,-8.937,NA
"A018",130,44.18,14.09,76.4,17.098,-9.22,NA
"A018",131,43.67,14.96,76.11,17.164,-8.934,NA
"A018",132,44.13,14.53,76.03,17.175,-9.342,NA
"A018",133,44.23,13.66,75.67,16.803,-10.213,NA
"A018",134,44.07,14.65,76.32,16.182,-8.97,NA
"A018",135,43.49,13.47,75.99,17.289,-9.831,NA
"A018",136,42.55,13.42,75.95,16.132,-9.692,NA
"A018",137,42.58,13.01,77.17,17.575,-8.715,NA
"A018",138,42.66,13.75,76.29,17.294,-9.191,NA
"A018",139,42.09,13.82,76.86,16.326,-8.47,NA
"A018",140,41.62,13.85,77.14,16.811,-8.081,NA
"A018",141,41.91,13.7,77.4,16.18,-7.964,NA
"A018",142,42.75,12.62,78.33,16.484,-7.821,NA
"A018",143,41.9,13.67,77.78,16.094,-7.59,NA
"A018",144,41.09,12.55,78.01,15.723,-7.836,NA
"A018",145,40.72,11.99,76.88,16.767,-9.214,NA
"A018",146,40.18,11.25,77.34,17.469,-9.081,NA
"A018",147,39.93,11.21,77.21,16.75,-9.173,NA
"A018",148,39.41,11.63,77.79,16.824,-8.231,NA
"A018",149,38.57,10.68,77.73,16.737,-8.649,NA
"A018",150,38.81,10.1,77.96,16.496,-8.82,NA
"A018",151,38.71,10.62,77.37,17.224,-9.078,NA
"A018",152,38.64,11.27,77.69,15.724,-8.37,NA
"A018",153,39.36,11.8,76.83,17.096,-9.082,NA
"A018",154,39.27,11.39,77.39,16.701,-8.744,NA
"A018",155,38.6,12.07,76.93,16.283,-8.67,NA
"A018",156,38.8,11.99,76.95,16.644,-8.736,NA
"A018",157,37.85,12.42,76.65,16.861,-8.595,NA
"A018",158,37.69,12.32,76.88,16.77,-8.381,NA
"A018",159,37.25,11.81,76.74,16.539,-8.691,NA
"A018",160,36.97,12.72,75.5,16,-9.387,NA
"A018",161,37.05,12.94,75.12,16.805,-9.667,NA
"A018",162,36.75,12.28,75.66,17.294,-9.399,NA
"A018",163,37.64,12.3,76.24,16.851,-9.016,NA
"A018",164,38.28,12.94,75.58,17.253,-9.478,NA
"A018",165,37.72,12.76,75.76,16.948,-9.271,NA
"A018",166,38.14,13.48,74.08,17.543,-10.662,NA
"A018",167,37.38,13.73,73.26,18.284,-11.194,NA
"A018",168,36.9,13.4,73.8,17.729,-10.715,NA
"A018",169,36.63,13.7,72.94,18.324,-11.363,NA
"A018",170,35.37,12.77,74.26,17.004,-10.206,NA
"A018",171,34.39,13.46,74.23,17.101,-9.621,NA
"A018",172,34.12,13.45,73.8,17.083,-9.981,NA
"A018",173,33.53,13.77,73.17,16.67,-10.28,NA
"A018",174,34,13.35,75.21,16.864,-8.58,NA
"A018",175,34.24,12.33,76.51,15.974,-7.864,NA
"A018",176,33.2,11.77,76.76,16.249,-7.556,NA
"A018",177,33.44,11.14,76.7,16.068,-8.012,NA
"A018",178,34.14,9.71,76.89,16.347,-8.777,NA
"A018",179,33.63,10.43,75.93,16.455,-9.205,NA
"A018",180,32.6,8.96,76.46,17.116,-9.058,NA
"A018",181,33.11,8.22,77.01,16.881,-9.068,NA
"A018",182,32.75,8.01,75.4,16.692,-10.652,NA
"A018",183,31.63,7.97,75.61,17.077,-10.021,NA
"A018",184,30.35,8.76,74.64,17.147,-10.075,NA
"A018",185,30.42,7.91,75.5,17.109,-9.652,NA
"A018",186,31.35,7.98,75.97,17.453,-9.538,NA
"A018",187,31.39,7.47,75.54,17.814,-10.235,NA
"A018",188,31.1,7.98,74.62,17.085,-10.79,NA
"A018",189,32.49,7.72,75.39,17.812,-10.71,NA
"A018",190,32.35,7.66,75.86,16.785,-10.207,NA
"A018",191,31.52,7.73,74.82,17.039,-10.881,NA
"A018",192,31.85,7.49,75.27,17.52,-10.683,NA
"A018",193,31.62,7.93,75.01,17.36,-10.642,NA
"A018",194,30.18,7.46,75.89,16.964,-9.372,NA
"A018",195,29.31,7.94,74.61,17.224,-10.044,NA
"A018",196,30.07,7.71,74.44,17.606,-10.655,NA
"A018",197,29.99,8.42,73.96,17.891,-10.762,NA
"A018",198,29.13,9.2,74.92,17.378,-9.057,NA
"A018",199,29.39,9.1,74.89,17.065,-9.253,NA
"A018",200,28.77,8.8,74.36,16.74,-9.648,NA
"A018",201,29.07,8.33,75.2,16.517,-9.163,NA
"A018",202,29.16,7.31,76.65,16.969,-8.234,NA
"A018",203,29.15,8.04,75.42,16.669,-9.115,NA
"A018",204,28.63,6.77,75.39,17.023,-9.491,NA
"A018",205,28.19,7.81,73.47,17.359,-10.725,NA
"A018",206,27.85,7.13,73.2,17.413,-11.145,NA
"A018",207,28.5,7.92,73.29,17.097,-10.998,NA
"A018",208,28.56,7.91,73.58,17.016,-10.746,NA
"A018",209,29.63,8.38,74.3,17.848,-10.29,NA
"A018",210,29.92,7.69,75.42,17.601,-9.622,NA
"A018",211,29.75,8.25,74.66,17.284,-10.039,NA
"A018",212,29.29,7.9,74.67,16.871,-9.996,NA
"A018",213,29.66,7.94,75.24,16.849,-9.568,NA
"A018",214,29.29,6.99,76.41,16.087,-8.678,NA
"A018",215,28.4,6.61,75.96,16.962,-8.884,NA
"A018",216,27.93,6.81,75.2,17.019,-9.333,NA
"A018",217,27.19,6.59,75.71,16.295,-8.561,NA
"A018",218,27.45,6.55,76.64,16.29,-7.773,NA
"A018",219,27.09,7.36,76.03,15.387,-7.834,NA
"A018",220,27.04,8.11,75.9,15.984,-7.61,NA
"A018",221,26.47,8.08,74.77,16.423,-8.465,NA
"A018",222,25.83,7.32,74.97,16.291,-8.283,NA
"A018",223,25.75,5.6,75.64,16.21,-8.339,NA
"A018",224,24.14,5,76.02,16.008,-7.376,NA
"A018",225,23.42,6.11,74.72,15.724,-7.785,NA
"A019",1,69.23,31.47,95.75,12.046,-1.448,-1.448
"A019",2,69.66,31.21,95.7,11.674,-1.861,-1.861
"A019",3,70.53,31.85,96.21,11.965,-1.727,-1.727
"A019",4,70.63,31.87,94.95,11.748,-3.041,-3.041
"A019",5,71.39,31.89,94.99,13.288,-3.484,-3.484
"A019",6,71.6,32.81,95.69,12.538,-2.609,-2.609
"A019",7,70.96,32.91,94.99,12.956,-2.868,-2.868
"A019",8,70.72,31.94,94.62,11.917,-3.408,-3.408
"A019",9,70.59,31.78,95.67,12.217,-2.322,-2.322
"A019",10,71.61,31.54,95.92,12.053,-2.805,-2.805
"A019",11,70.71,30.92,96.62,12.496,-1.736,-1.736
"A019",12,71.89,30.86,98.08,11.67,-1.065,-1.065
"A019",13,72.31,31.25,98.24,11.523,-1.043,-1.043
"A019",14,71.57,31.91,97.6,11.556,-0.982,-0.982
"A019",15,72.25,30.72,97.52,11.545,-1.902,-1.902
"A019",16,72.49,31.36,97.36,12.932,-1.997,-1.997
"A019",17,71.69,31.31,97.7,11.964,-1.165,-1.165
"A019",18,71.7,32.09,97.95,12.059,-0.651,-0.651
"A019",19,71.31,31.6,97.47,11.938,-1.045,-1.045
"A019",20,70.23,30.62,97.89,10.741,-0.245,-0.245
"A019",21,70.77,30.93,97.54,11.339,-0.849,-0.849
"A019",22,71.35,31.03,97.44,12.118,-1.299,-1.299
"A019",23,70.56,30.4,96.04,11.308,-2.386,-2.386
"A019",24,69.74,31.75,95.06,12.031,-2.382,-2.382
"A019",25,69.79,31.84,95.21,12.256,-2.242,-2.242
"A019",26,68.92,32.09,95.19,11.873,-1.604,-1.604
"A019",27,70.55,31.64,95.8,12.145,-2.209,-2.209
"A019",28,70.24,31.71,95.41,12.215,-2.378,-2.378
"A019",29,70.73,32.38,95.55,12.582,-2.338,-2.338
"A019",30,71.71,31.32,96.17,12.279,-2.696,-2.696
"A019",31,70.77,31.65,94.62,13.294,-3.531,-3.531
"A019",32,71.32,30.87,94.39,13.346,-4.375,-4.375
"A019",33,71.2,29.84,94.19,13.557,-4.844,-4.844
"A019",34,70.83,29.04,94.65,13.543,-4.399,-4.399
"A019",35,71.1,29.92,93.59,14.391,-5.345,-5.345
"A019",36,71.74,30.24,93.96,14.869,-5.294,-5.294
"A019",37,72.68,29.81,94.25,14.61,-5.76,-5.76
"A019",38,73.25,30.89,93.51,14.429,-6.486,-6.486
"A019",39,73.85,29.98,93.71,14.588,-6.989,-6.989
"A019",40,73.45,30.77,92.52,15.475,-7.645,-7.645
"A019",41,72.82,31.04,92.58,14.874,-7.101,-7.101
"A019",42,72.02,29.88,92.88,15.409,-6.678,-6.678
"A019",43,71.59,29.73,92.68,15.488,-6.651,-6.651
"A019",44,72.15,29.75,94.56,13.603,-5.133,-5.133
"A019",45,72.29,30.12,94.26,13.849,-5.401,-5.401
"A019",46,71.81,29.61,94.43,14.029,-5.088,-5.088
"A019",47,71.65,29.61,94.99,13.246,-4.415,-4.415
"A019",48,71.06,29.79,94.1,14.043,-4.851,-4.851
"A019",49,71.73,29.28,95.25,13.209,-4.315,-4.315
"A019",50,71.77,28.28,96.26,12.861,-3.673,-3.673
"A019",51,71.74,28.56,96.25,12.482,-3.567,-3.567
"A019",52,71.96,28.63,97.12,12.833,-2.82,-2.82
"A019",53,72.03,28.48,97.78,12.674,-2.26,-2.26
"A019",54,71.84,28.97,98.27,12.032,-1.476,-1.476
"A019",55,71.69,29.7,98.13,11.555,-1.271,-1.271
"A019",56,71.53,28.95,97.65,11.711,-1.896,-1.896
"A019",57,71.03,29.45,97.55,11.551,-1.493,-1.493
"A019",58,70.32,29.39,96.13,12.208,-2.458,-2.458
"A019",59,69.41,29.34,95.58,12.388,-2.392,-2.392
"A019",60,69.27,30.12,95.63,12.276,-2.002,-2.002
"A019",61,69.54,30.36,95.73,11.861,-2.021,-2.021
"A019",62,69.68,31.06,95.41,11.563,-2.215,-2.215
"A019",63,70.21,29.57,97.21,11.901,-1.238,-1.238
"A019",64,70.87,28.99,97.98,12.18,-1.108,-1.108
"A019",65,70.71,28.92,98.31,11.095,-0.694,-0.694
"A019",66,70.61,29.36,98.32,11.368,-0.469,-0.469
"A019",67,70.16,28.14,98.29,11.143,-0.583,-0.583
"A019",68,71.33,27.65,99.74,11.414,-0.101,-0.101
"A019",69,72.35,26.99,100.85,10.428,0.086,0.086
"A019",70,73.54,27.32,102.08,10.983,0.641,0.641
"A019",71,73.39,26.61,102.3,10.688,0.705,0.705
"A019",72,73.1,27.26,101.58,10.828,0.402,0.402
"A019",73,72.57,27.75,99.62,12.261,-1.033,-1.033
"A019",74,73.41,26.68,100.78,11.857,-0.805,-0.805
"A019",75,73.76,26.09,101.61,11.519,-0.414,-0.414
"A019",76,73.8,27.21,100.38,11.166,-1.272,-1.272
"A019",77,73,27.21,100.11,11.556,-1.017,-1.017
"A019",78,72.71,27.31,99.1,11.728,-1.792,-1.792
"A019",79,73.38,26.64,100.04,12.187,-1.54,-1.54
"A019",80,73.54,26.6,99.17,12.193,-2.525,-2.525
"A019",81,73.82,26.61,99.92,12.599,-1.956,-1.956
"A019",82,74.12,26.35,100.26,12.484,-1.909,-1.909
"A019",83,75,26.36,100.53,12.137,-2.207,-2.207
"A019",84,74.72,26.97,99.73,12.246,-2.612,-2.612
"A019",85,74.2,26.7,99.03,13.048,-3.068,-3.068
"A019",86,75.33,26.42,100.73,11.254,-2.2,-2.2
"A019",87,75.85,26.82,101.09,12.419,-2.019,-2.019
"A019",88,76.06,27.16,100.02,13.172,-3.096,-3.096
"A019",89,75.73,26.58,99.75,12.741,-3.371,-3.371
"A019",90,75.02,25.89,99.06,13.582,-3.867,-3.867
"A019",91,75.75,26.29,99.24,13.126,-4.005,-4.005
"A019",92,75.84,25.63,99.61,12.964,-3.936,-3.936
"A019",93,76.02,25.03,101.61,12.304,-2.277,-2.277
"A019",94,76.02,25.9,99.43,12.9,-4.131,-4.131
"A019",95,75.45,25.84,99.64,13.318,-3.582,-3.582
"A019",96,75.44,25.88,99.43,13.737,-3.767,-3.767
"A019",97,75.91,25.98,99.82,12.214,-3.643,-3.643
"A019",98,76.24,25.67,99.45,13.312,-4.339,-4.339
"A019",99,75.53,25.17,98.23,13.86,-5.282,-5.282
"A019",100,74.87,25.23,97.63,13.507,-5.442,-5.442
"A019",101,75.13,24.63,97.11,15.177,-6.346,-6.346
"A019",102,75.06,24.47,97.08,14.301,-6.401,-6.401
"A019",103,75.7,22.97,98.27,15.103,-6.186,-6.186
"A019",104,74.89,23.36,97.69,14.512,-6.089,-6.089
"A019",105,75.54,24.05,98.41,14.92,-5.534,-5.534
"A019",106,74.79,24.38,97.39,14.424,-5.941,-5.941
"A019",107,74.97,24.94,96.91,14.156,-6.331,-6.331
"A019",108,75.55,24.28,98.19,14.334,-5.674,-5.674
"A019",109,75.59,24.49,97.77,14.189,-6.037,-6.037
"A019",110,75.31,24.16,97.67,14.433,-6.081,-6.081
"A019",111,76.32,23.98,98.75,13.827,-5.713,-5.713
"A019",112,76.03,23.85,97.6,14.913,-6.734,-6.734
"A019",113,76.55,23.92,97.68,15.659,-6.963,-6.963
"A019",114,77.35,24.35,97.76,15.596,-7.22,-7.22
"A019",115,77.94,24.43,98.43,15.093,-6.877,-6.877
"A019",116,78.7,24.34,98.76,14.884,-7.048,-7.048
"A019",117,80.01,23.87,99.46,15.871,-7.323,-7.323
"A019",118,79.97,24.14,100.83,14.047,-5.813,-5.813
"A019",119,79.44,24.38,101.13,13.229,-5.106,-5.106
"A019",120,79.24,23.31,101.92,14.236,-4.618,NA
"A019",121,79.31,22.52,102.94,13.502,-3.947,NA
"A019",122,79.79,22.34,102.6,13.228,-4.641,NA
"A019",123,79.8,22.05,101.92,14.119,-5.442,NA
"A019",124,79.15,21.25,101.96,14.723,-5.323,NA
"A019",125,79.21,21.93,102.63,13.455,-4.425,NA
"A019",126,79.47,22.17,101.89,14.543,-5.223,NA
"A019",127,79.19,21.92,100.68,14.099,-6.372,NA
"A019",128,79.45,22.6,101.19,14.714,-5.753,NA
"A019",129,80,22.71,101.97,13.317,-5.257,NA
"A019",130,80.37,23.37,101.79,14.495,-5.391,NA
"A019",131,80.38,23.86,101.64,13.903,-5.361,NA
"A019",132,81.52,23.95,101.91,14.248,-5.725,NA
"A019",133,82.42,23.89,101.75,15.129,-6.426,NA
"A019",134,82.25,23.06,102.76,13.87,-5.649,NA
"A019",135,82.05,22.92,101.86,15.079,-6.487,NA
"A019",136,82.31,23.8,100.9,15.047,-7.246,NA
"A019",137,82.21,22.41,101.82,14.711,-6.819,NA
"A019",138,82.01,22.75,101.25,15.328,-7.14,NA
"A019",139,81.52,22.17,101.23,14.892,-7.099,NA
"A019",140,81.7,23.43,101.51,14.411,-6.425,NA
"A019",141,81.08,22.46,101.45,14.555,-6.509,NA
"A019",142,80.67,22.9,101.74,14.636,-5.805,NA
"A019",143,81.15,22.57,102.77,13.273,-5.187,NA
"A019",144,81.99,21.64,103.92,13.898,-4.896,NA
"A019",145,81.66,21.86,102.45,14.375,-6.091,NA
"A019",146,81.05,22.01,102.12,14.837,-6.006,NA
"A019",147,80.54,20.87,102.5,14.391,-5.768,NA
"A019",148,80.37,21.49,101.97,15.524,-5.956,NA
"A019",149,80.33,21.77,103,13.715,-4.793,NA
"A019",150,79.98,21.61,102.77,14.339,-4.875,NA
"A019",151,80.3,20.45,103.21,14.474,-5.086,NA
"A019",152,79.68,20.37,103.28,13.24,-4.674,NA
"A019",153,80.05,20.97,103.81,13.251,-4.135,NA
"A019",154,79.92,20.78,103.87,12.86,-4.058,NA
"A019",155,79.96,19.91,104.85,12.732,-3.454,NA
"A019",156,80.55,18.79,105.39,13.391,-3.707,NA
"A019",157,81.25,19.73,105.88,12.827,-3.259,NA
"A019",158,81.41,19.23,105.43,12.509,-3.996,NA
"A019",159,80.76,18.87,105.29,13.147,-3.902,NA
"A019",160,79.66,18.03,104.88,12.972,-3.991,NA
"A019",161,79.83,17.67,105.39,12.559,-3.728,NA
"A019",162,79.77,18.23,105.47,12.844,-3.386,NA
"A019",163,79.81,17.98,104.01,13.799,-4.976,NA
"A019",164,79.72,18.8,103.61,14.478,-4.985,NA
"A019",165,80,18.62,104.08,13.97,-4.755,NA
"A019",166,81.15,18.42,104.16,14.566,-5.444,NA
"A019",167,81.1,17.94,103.75,14.295,-6.023,NA
"A019",168,80.65,17.97,103.9,14.218,-5.586,NA
"A019",169,81.07,18.41,104.56,13.458,-4.998,NA
"A019",170,80.99,17.8,105.58,13.211,-4.175,NA
"A019",171,81.07,18.37,104.96,14.143,-4.612,NA
"A019",172,82.59,18.15,104.79,14.065,-5.761,NA
"A019",173,82.42,18.92,104.65,13.772,-5.498,NA
"A019",174,82.95,19.06,105.27,14.283,-5.126,NA
"A019",175,82.07,18.72,105.08,13.93,-4.944,NA
"A019",176,81.96,19.16,105.37,13.788,-4.419,NA
"A019",177,81.86,19.22,104.75,14.03,-4.945,NA
"A019",178,81.61,19.49,104.43,13.582,-5.019,NA
"A019",179,82.15,20.22,105.4,13.329,-4.079,NA
"A019",180,82.44,20.87,105.31,11.972,-4.077,NA
"A019",181,82.33,18.94,105.42,13.819,-4.664,NA
"A019",182,82.17,18.97,105.04,14.072,-4.94,NA
"A019",183,82.93,18.84,105.29,13.817,-5.185,NA
"A019",184,83.06,18.92,105.76,13.57,-4.758,NA
"A019",185,83.9,18.55,105.81,14.266,-5.337,NA
"A019",186,83.56,17.38,105.41,14.706,-6.013,NA
"A019",187,84.14,17.28,106.96,13.53,-4.83,NA
"A019",188,84.84,18.03,107.12,13.863,-4.773,NA
"A019",189,84.13,18.11,106.43,13.394,-5.023,NA
"A019",190,83.66,18.34,106.37,13.327,-4.722,NA
"A019",191,83.58,17.55,105.82,13.637,-5.536,NA
"A019",192,84.3,17.74,105.71,14.561,-5.995,NA
"A019",193,83.87,17.31,105.36,14.803,-6.263,NA
"A019",194,84,17.4,104.29,14.912,-7.373,NA
"A019",195,84.99,18.54,105.47,14.946,-6.302,NA
"A019",196,84.7,17.87,105.9,13.987,-5.98,NA
"A019",197,84.82,18.69,106.2,14.178,-5.421,NA
"A019",198,85.14,18.66,105.94,14.93,-5.867,NA
"A019",199,84.37,18.79,106.18,13.51,-5.143,NA
"A019",200,84.8,18.91,107.99,13.383,-3.528,NA
"A019",201,84.32,19.05,107.77,13.579,-3.416,NA
"A019",202,84.7,18.74,107.63,12.678,-3.898,NA
"A019",203,85.98,18.4,108.06,14.094,-4.323,NA
"A019",204,85.17,19.24,108.28,12.47,-3.315,NA
"A019",205,84.87,19.09,108.19,12.134,-3.287,NA
"A019",206,84.79,18.38,108.72,13.161,-3.003,NA
"A019",207,85.17,18.24,107.61,13.469,-4.38,NA
"A019",208,85.78,16.68,108.34,13.385,-4.621,NA
"A019",209,86.04,16.83,108.89,13.474,-4.156,NA
"A019",210,85.48,16.02,109.85,12.84,-3.206,NA
"A019",211,86.63,16.44,110.58,12.314,-2.95,NA
"A019",212,87.07,15.99,110.59,13.214,-3.367,NA
"A019",213,87.18,15.39,111.27,12.881,-2.995,NA
"A019",214,86.17,15.64,109.42,12.852,-4.179,NA
"A019",215,85.59,15.66,109,13.138,-4.259,NA
"A019",216,85.39,15.87,109.21,12.545,-3.855,NA
"A019",217,84.58,15.68,107.43,14.267,-5.26,NA
"A019",218,85.03,15.05,107.87,14.148,-5.327,NA
"A019",219,85.39,14.55,109.99,13.422,-3.599,NA
"A019",220,85.51,14.42,109.69,13.322,-4.022,NA
"A019",221,86.27,15.11,109.85,13.134,-4.02,NA
"A019",222,85.76,14.64,110.36,12.752,-3.405,NA
"A019",223,85.18,14.82,110.46,12.293,-2.905,NA
"A019",224,85.16,14.44,110.82,12.602,-2.687,NA
"A019",225,84.64,13.99,111.6,12.218,-1.796,NA
"A019",226,84.64,14.34,110.91,13.442,-2.342,NA
"A019",227,83.96,13.69,110.2,11.93,-2.926,NA
"A019",228,84.24,13.8,110.18,13.467,-3.064,NA
"A019",229,84.28,13.36,110.24,12.413,-3.199,NA
"A019",230,84.66,13.05,110.61,12.654,-3.179,NA
"A019",231,84.69,12.65,110.94,12.242,-3.017,NA
"A019",232,84.36,12.87,111.62,11.876,-2.072,NA
"A019",233,84.67,13.72,111.05,11.3,-2.465,NA
"A019",234,85.12,13.21,111.74,11.666,-2.241,NA
"A019",235,84.83,13,111.64,12.752,-2.257,NA
"A019",236,84.59,13.28,110.69,11.81,-2.96,NA
"A019",237,84.29,14.55,109.75,12.726,-3.223,NA
"A019",238,84.32,12.57,110.61,12.677,-3.174,NA
"A019",239,84.76,12.29,110.78,12.505,-3.37,NA
"A019",240,84.61,12.71,111.53,12.682,-2.358,NA
"A019",241,85.99,13.42,111.51,12.379,-2.881,NA
"A019",242,85.94,13.2,109.74,13.784,-4.708,NA
"A019",243,87.12,14.15,110.04,13.632,-4.691,NA
"A019",244,87.33,14.35,109.45,13.892,-5.31,NA
"A019",245,86.92,13.65,110.06,13.545,-4.748,NA
"A019",246,86.32,13.52,109.86,13.454,-4.669,NA
"A019",247,85.92,13.16,109.07,13.892,-5.379,NA
"A019",248,86.82,13.06,111.28,13.144,-3.715,NA
"A019",249,86.5,12.92,112.55,12.129,-2.319,NA
"A019",250,86.14,12.96,112.71,11.428,-1.948,NA
"A019",251,86.04,13.3,112.64,11.915,-1.821,NA
"A019",252,87.17,12.76,112.32,13.446,-2.995,NA
"A019",253,87.26,11.8,112.45,12.959,-3.296,NA
"A019",254,87.46,11.37,113.32,12.467,-2.713,NA
"A019",255,87.7,11.28,114.03,12.286,-2.172,NA
"A019",256,87.88,11.18,113.53,12.415,-2.811,NA
"A019",257,88.94,11.05,114.26,12.651,-2.72,NA
"A019",258,88.64,10.9,114.81,12.11,-2.063,NA
"A019",259,88.28,11.22,113.45,12.8,-3.097,NA
"A019",260,88.43,11.34,112.79,13.654,-3.789,NA
"A019",261,87.74,10.79,112.65,12.646,-3.771,NA
"A019",262,88.24,11.01,111.75,13.911,-4.861,NA
"A019",263,87.55,10.91,111.88,12.968,-4.39,NA
"A019",264,87.22,10.67,112.12,12.716,-4.062,NA
"A019",265,87.51,10.94,110.58,14.248,-5.651,NA
"A019",266,86.29,10.62,110.03,14.199,-5.646,NA
"A019",267,87.71,10.06,111,14.678,-5.696,NA
"A019",268,87.5,10,111.69,13.732,-4.913,NA
"A019",269,87.82,9.98,111.66,13.615,-5.132,NA
"A019",270,88.7,9.19,112.15,14.581,-5.444,NA
"A019",271,88.75,9.37,112.03,14.187,-5.516,NA
"A019",272,88.57,9.86,111.21,13.8,-6.043,NA
"A019",273,88.08,9.78,110.39,15.189,-6.622,NA
"A019",274,88.86,10.7,110.07,14.888,-7.008,NA
"A019",275,89.29,11.28,109.74,15.275,-7.345,NA
"A019",276,88.65,12.09,108.75,15.836,-7.653,NA
"A019",277,87.77,13.22,109.26,14.67,-6.204,NA
"A019",278,88.57,13.06,109.65,15.301,-6.321,NA
"A019",279,89.61,13.38,109.99,14.322,-6.433,NA
"A019",280,89,12.34,110.63,14.523,-5.872,NA
"A019",281,89.02,11.4,110.46,14.91,-6.425,NA
"A019",282,90.2,11.36,110.89,14.781,-6.659,NA
"A019",283,89.9,11.2,111.69,14.325,-5.76,NA
"A019",284,90.37,10.98,112.73,13.555,-5.072,NA
"A019",285,91.36,11.06,113.17,13.811,-5.144,NA
"A019",286,91.24,10.37,114.33,12.944,-4.201,NA
"A019",287,92.08,10.45,115.06,13.339,-3.903,NA
"A019",288,91.77,9.74,114.02,13.898,-5.058,NA
"A019",289,92.78,10.34,114.15,13.976,-5.242,NA
"A019",290,93.29,9.95,115.01,13.618,-4.815,NA
"A019",291,93.14,9.13,115.28,14.138,-4.791,NA
"A019",292,93.4,8.69,115.16,13.326,-5.228,NA
"A019",293,92.91,9.24,115.84,12.634,-4.067,NA
"A019",294,92.46,9.02,115.31,13.287,-4.432,NA
"A019",295,92.85,9.47,114.5,13.922,-5.275,NA
"A019",296,92.85,9.64,114.79,13.888,-4.918,NA
"A019",297,92.81,9.97,115.07,13.343,-4.488,NA
"A019",298,92.65,9.68,115.52,12.904,-4.059,NA
"A019",299,92.61,8.66,116,13.073,-3.962,NA
"A019",300,91.61,9.49,116.34,11.641,-2.736,NA
"A019",301,91.66,8.8,117.84,11.245,-1.547,NA
"A019",302,91.34,7.79,117.87,12.488,-1.742,NA
"A019",303,90.93,7.46,117.05,11.958,-2.479,NA
"A019",304,90.72,7.29,117.11,11.962,-2.36,NA
"A019",305,91.68,6.76,118.28,10.918,-1.937,NA
"A019",306,92.48,6.06,118.57,12.262,-2.368,NA
"A019",307,92.24,5.69,118.9,12.223,-2.055,NA
"A019",308,92.21,5.79,118.48,11.977,-2.421,NA
"A019",309,92.83,7,118.1,12.737,-2.659,NA
"A019",310,91.83,8.36,116.63,12.929,-3.026,NA
"A019",311,92.42,7.31,116.45,13.351,-3.954,NA
"A019",312,93.17,6.93,116.09,14.347,-4.883,NA
"A019",313,93.12,7.02,116.54,13.526,-4.364,NA
"A019",314,94,5.43,116.93,14.221,-5.097,NA
"A019",315,95.45,5.21,117.63,14.314,-5.282,NA
"A019",316,95.96,5.08,118.19,14.143,-5.054,NA
"A019",317,95.19,5.29,117.6,13.829,-5.135,NA
"A019",318,95.26,5.81,117.9,14.23,-4.664,NA
"A019",319,94.51,6.98,117.87,13.415,-3.818,NA
"A019",320,95.24,6.48,119.78,11.505,-2.512,NA
"A019",321,95.57,6.14,120.17,12.4,-2.434,NA
"A019",322,94.72,6.24,120.16,11.987,-1.934,NA
"A019",323,95.32,5.58,120.33,12.208,-2.358,NA
"A019",324,95.52,5.47,120.73,12.06,-2.11,NA
"A019",325,95.65,6.07,119.91,11.819,-2.767,NA
"A019",326,96.09,6.41,119.28,13.095,-3.507,NA
"A019",327,96.77,6.81,120.03,12.628,-2.973,NA
"A019",328,95.65,6.9,118.04,13.262,-4.311,NA
"A019",329,95.71,6.3,118.97,12.824,-3.652,NA
"A019",330,95.93,6.35,119.59,12.44,-3.128,NA
"A020",1,31.86,76.83,28.64,14.716,-6.543,-6.543
"A020",2,32.21,76.31,29.9,14.339,-6.474,-6.474
"A020",3,31.79,75.8,30.65,13.808,-5.879,-5.879
"A020",4,32.33,76.18,30.96,14.178,-5.75,-5.75
"A020",5,31.81,77.22,29.74,13.449,-4.832,-4.832
"A020",6,32.19,76.49,31.35,13.843,-4.75,-4.75
"A020",7,32.3,75.9,31.49,13.367,-5.579,-5.579
"A020",8,32.65,75.72,31.94,14.021,-5.816,-5.816
"A020",9,33.04,76,31.91,14.466,-6.002,-6.002
"A020",10,33.97,76.1,32.45,14.418,-6.648,-6.648
"A020",11,33.83,76.32,31.85,15.078,-6.77,-6.77
"A020",12,34.17,75.99,32.93,13.975,-6.617,-6.617
"A020",13,33.97,75.57,32.94,15.722,-6.853,-6.853
"A020",14,34.73,75.97,32.37,15.758,-8.019,-8.019
"A020",15,34.44,76.37,32.09,15.057,-7.359,-7.359
"A020",16,34.02,76.03,32.17,14.768,-7.096,-7.096
"A020",17,34.25,75.17,34.82,13.317,-5.878,-5.878
"A020",18,34.32,74.81,36.04,13.79,-5.202,-5.202
"A020",19,34.42,73.87,37.85,13.396,-4.674,-4.674
"A020",20,34.43,73.75,38.59,12.235,-4.097,-4.097
"A020",21,35.4,73.73,39.6,12.485,-4.497,-4.497
"A020",22,36.73,73.89,39.6,14.236,-6.291,-6.291
"A020",23,37.24,74.04,40.03,14.511,-6.492,-6.492
"A020",24,37.3,75.03,39.39,14.029,-6.13,-6.13
"A020",25,37.11,74.71,39.42,14.012,-6.165,-6.165
"A020",26,36.59,74.61,38.84,13.018,-6.045,-6.045
"A020",27,36.43,74.22,40.02,13.362,-5.06,-5.06
"A020",28,36.6,74.08,41.31,12.33,-4.192,-4.192
"A020",29,37.3,74.36,42.19,13.014,-4.08,-4.08
"A020",30,38.1,73.71,44.35,12.736,-3.862,-3.862
"A020",31,38.11,73.72,43.7,13.117,-4.513,-4.513
"A020",32,38.17,73.58,43.99,12.845,-4.465,-4.465
"A020",33,38.22,74.63,42.76,13.071,-4.685,-4.685
"A020",34,37.65,75.06,42.08,12.571,-3.973,-3.973
"A020",35,37.29,74.51,41.52,13.281,-4.567,-4.567
"A020",36,37.97,74.05,42.29,13.534,-5.364,-5.364
"A020",37,38,74.27,41.92,13.529,-5.549,-5.549
"A020",38,38.13,74.14,41.33,13.847,-6.48,-6.48
"A020",39,37.57,75.66,37.61,15.307,-7.645,-7.645
"A020",40,37.51,75.93,37.78,14.881,-7.066,-7.066
"A020",41,38.71,75.65,39.77,14.407,-7.371,-7.371
"A020",42,38.71,76.65,39.25,13.743,-6.836,-6.836
"A020",43,40.05,76.31,42.4,13.936,-6.333,-6.333
"A020",44,39.99,75.93,42.71,13.988,-6.308,-6.308
"A020",45,40.32,76.58,42.67,14.475,-6.244,-6.244
"A020",46,41.06,76.65,44.39,13.847,-5.743,-5.743
"A020",47,41.84,76.57,45.35,13.647,-6.175,-6.175
"A020",48,41.82,76.94,45.06,13.985,-6.097,-6.097
"A020",49,41.12,77.4,43.69,13.349,-5.805,-5.805
"A020",50,41.51,78.39,42.31,14.324,-6.939,-6.939
"A020",51,41.64,78.17,42.21,14.749,-7.466,-7.466
"A020",52,42.18,79.12,43.25,14.635,-6.514,-6.514
"A020",53,42.7,78.65,44.72,14.21,-6.416,-6.416
"A020",54,42.39,78.8,42.12,14.529,-8.322,-8.322
"A020",55,42.47,78.74,42.98,15.081,-7.66,-7.66
"A020",56,42.16,79.53,42.15,14.588,-7.217,-7.217
"A020",57,41.28,79.27,41.04,14.79,-6.96,-6.96
"A020",58,41.21,78.94,41.79,14.376,-6.398,-6.398
"A020",59,41,79.26,41.86,13.725,-5.62,-5.62
"A020",60,41.49,77.88,44.15,12.755,-5.545,-5.545
"A020",61,41.44,79.11,43.27,13.502,-5.16,-5.16
"A020",62,41.21,78.71,42.44,14.216,-5.967,-5.967
"A020",63,41.44,79.07,43.91,13.759,-4.564,-4.564
"A020",64,42.39,79.92,44.37,14.242,-5.087,-5.087
"A020",65,42.18,80.68,43.32,13.261,-5.085,-5.085
"A020",66,43.56,81.27,44.12,14.861,-6.37,-6.37
"A020",67,43.96,80.58,43.92,14.944,-7.847,-7.847
"A020",68,43.73,79.63,45.33,14.54,-6.791,-6.791
"A020",69,42.48,80.5,41.99,14.533,-7.133,-7.133
"A020",70,42.69,80.47,42.26,14.095,-7.258,-7.258
"A020",71,43.63,80.01,45.1,13.319,-6.532,-6.532
"A020",72,45.13,81.22,46.24,14.237,-7.12,-7.12
"A020",73,45.01,81.71,46.7,14.559,-6.107,-6.107
"A020",74,45.42,81.38,47.55,13.772,-6.218,-6.218
"A020",75,45.08,81.92,45.86,14.739,-6.907,-6.907
"A020",76,44.9,81.69,46.44,14.893,-6.159,-6.159
"A020",77,44.67,81.09,45.32,13.394,-7.33,-7.33
"A020",78,44.3,80.96,44.22,15.206,-7.859,-7.859
"A020",79,45.88,80.78,48.11,15.003,-6.859,-6.859
"A020",80,46.59,81.19,48.17,14.87,-7.722,-7.722
"A020",81,45.05,81.67,43.97,14.999,-8.921,-8.921
"A020",82,44.44,82.09,43.04,14.683,-8.453,-8.453
"A020",83,44.95,81.75,44.04,15.506,-8.617,-8.617
"A020",84,44.81,82.48,44.37,14.962,-7.519,-7.519
"A020",85,44.79,82.58,44.29,15.177,-7.503,-7.503
"A020",86,44.65,82.22,43.99,15.078,-7.796,-7.796
"A020",87,45,82.15,44.94,14.849,-7.533,-7.533
"A020",88,44.5,81.7,45.08,15.186,-6.803,-6.803
"A020",89,43.52,81.94,42.94,14.925,-6.951,-6.951
"A020",90,43.28,81.62,43.58,13.774,-6.099,-6.099
"A020",91,44.31,82.54,45.33,13.078,-5.607,-5.607
"A020",92,44.34,83.24,43.97,13.798,-6.543,-6.543
"A020",93,45.33,84.9,44.12,14.427,-7.217,-7.217
"A020",94,45.44,84.54,43.7,14.858,-8.034,-8.034
"A020",95,45.74,84.78,44.38,15.221,-7.772,NA
"A020",96,46.68,84.85,47.12,14.756,-6.658,NA
"A020",97,47.4,84.7,47.23,15.063,-7.87,NA
"A020",98,47.16,84.75,47.22,15.075,-7.443,NA
"A020",99,47.55,84.69,48.5,13.58,-6.857,NA
"A020",100,47.11,83.53,48.09,15.487,-7.176,NA
"A020",101,47.4,83.08,49.76,14.282,-6.267,NA
"A020",102,47.32,82.6,50.41,13.585,-5.775,NA
"A020",103,47.52,82.61,50.98,13.384,-5.517,NA
"A020",104,48.32,83.03,52.69,13.419,-4.84,NA
"A020",105,48.41,82.77,53.44,12.82,-4.39,NA
"A020",106,49.01,83.13,53.71,12.931,-4.835,NA
"A020",107,48.91,83.4,53.94,12.823,-4.308,NA
"A020",108,49.87,83.53,55.79,13.613,-3.82,NA
"A020",109,50.22,84.18,56.71,12.685,-3.075,NA
"A020",110,49.8,84.91,55.42,12.998,-3.387,NA
"A020",111,49.67,84.65,55.05,13.553,-3.683,NA
"A020",112,50.15,85.22,55.92,12.265,-3.247,NA
"A020",113,48.92,86,52.48,13.762,-4.448,NA
"A020",114,48.79,86.27,51.93,13.081,-4.677,NA
"A020",115,49.24,85.9,52.64,13.47,-4.845,NA
"A020",116,50.76,86.55,54.55,12.739,-4.89,NA
"A020",117,51.01,86.13,54.06,14.155,-5.92,NA
"A020",118,50.1,86.71,51.33,14.694,-7.09,NA
"A020",119,50.92,87.71,51.56,14.596,-7.633,NA
"A020",120,51.53,86.52,53.18,14.199,-7.342,NA
"A020",121,51.77,86.76,53.35,14.635,-7.392,NA
"A020",122,50.92,86.57,52.68,14.981,-6.976,NA
"A020",123,51.65,85.58,53.96,14.381,-7.131,NA
"A020",124,51.44,85.46,53.83,14.377,-7.042,NA
"A020",125,52.36,85.31,54.53,15.731,-7.619,NA
"A020",126,52.06,85.72,54.78,14.025,-6.806,NA
"A020",127,51.57,85.59,54.01,14.756,-6.97,NA
"A020",128,51.34,85.63,53.19,14.938,-7.47,NA
"A020",129,51.74,86.58,54.59,14.44,-6.184,NA
"A020",130,52,85.69,55.36,13.733,-6.144,NA
"A020",131,51.51,86.55,54.3,14.917,-6.184,NA
"A020",132,51.74,85.93,55.28,14.041,-5.784,NA
"A020",133,51.43,85.98,56.36,12.957,-4.262,NA
"A020",134,52.07,86.96,54.89,14.076,-6.168,NA
"A020",135,53.18,86.82,55.55,15.189,-6.958,NA
"A020",136,52.59,87.23,54.62,14.858,-6.987,NA
"A020",137,53.05,86.3,56.64,13.913,-5.927,NA
"A020",138,52.21,86.45,55.42,14.001,-6.033,NA
"A020",139,51.61,85.34,55.59,13.391,-5.556,NA
"A020",140,52.41,86,56.58,13.583,-5.32,NA
"A020",141,52.87,85.72,58.31,13.223,-4.294,NA
"A020",142,51.8,85.88,56.83,13.195,-4.333,NA
"A020",143,50.11,85.59,53.32,13.419,-5.608,NA
"A020",144,50.9,86.36,53.85,13.779,-5.88,NA
"A020",145,52.1,86,55.54,13.899,-5.955,NA
"A020",146,51.67,86.22,54.54,14.568,-6.295,NA
"A020",147,52.5,85.81,55.22,13.896,-6.879,NA
"A020",148,52.71,86.87,54.92,14.2,-6.991,NA
"A020",149,53.27,86.9,55.37,14.103,-7.225,NA
"A020",150,53.97,85.88,57.35,14.689,-6.486,NA
"A020",151,54.38,87.04,57.31,14.065,-6.508,NA
"A020",152,54.77,86.76,57.89,13.955,-6.484,NA
"A020",153,56.24,86.96,59.18,14.248,-6.626,NA
"A020",154,54.94,88.27,56.94,14.375,-7.014,NA
"A020",155,55.8,87.35,58.5,14.102,-6.71,NA
"A020",156,56.23,87.79,59.4,13.178,-6.062,NA
"A020",157,56.84,89.37,60.2,12.88,-5.248,NA
"A020",158,56.62,89.45,59.57,13.875,-5.642,NA
"A020",159,58.22,89.53,60.8,13.133,-5.831,NA
"A020",160,59.06,89.47,61.94,14.287,-5.412,NA
"A020",161,58.06,88.16,61.53,13.694,-5.493,NA
"A020",162,58.99,87.91,62.98,13.121,-4.924,NA
"A020",163,59.04,89.2,61.63,14.388,-5.802,NA
"A020",164,60.01,90.14,61.71,13.648,-6.133,NA
"A020",165,59.32,89.2,61.22,14.218,-6.445,NA
"A020",166,59.46,88.47,61.12,14.71,-6.937,NA
"A020",167,59.41,88.87,60.22,14.746,-7.637,NA
"A020",168,60.03,89.44,61.62,14.635,-6.505,NA
"A020",169,60.1,89.2,61.96,14.255,-6.303,NA
"A020",170,59.82,88.96,62.02,14.089,-6.127,NA
"A020",171,59.52,88.55,63.01,13.607,-5.058,NA
"A020",172,59.71,87.88,64.21,12.925,-4.269,NA
"A020",173,60.41,87.99,64.24,13.568,-4.723,NA
"A020",174,60.22,89.36,64.43,13.279,-3.865,NA
"A020",175,60.82,89,64.17,13.082,-4.706,NA
"A020",176,59.26,88.25,63.02,13.243,-4.962,NA
"A020",177,58.82,88.58,61.69,13.488,-5.811,NA
"A020",178,59.56,87.83,63.21,12.544,-5.173,NA
"A020",179,58.62,87.58,62.99,13.32,-4.73,NA
"A020",180,58.51,87.57,62.5,13.321,-5.134,NA
"A020",181,58.59,88.36,63.82,12.705,-3.57,NA
"A020",182,58.79,88.04,63.57,12.798,-4.102,NA
"A020",183,59.08,88.33,63.08,12.957,-4.724,NA
"A020",184,59.18,88.43,62.87,13.769,-4.973,NA
"A020",185,59.76,87.85,63.6,13.36,-4.936,NA
"A020",186,59.72,88.1,63.98,13.094,-4.417,NA
"A020",187,59.92,87.74,64.16,12.948,-4.534,NA
"A020",188,59.33,87.92,62.96,13.832,-5.209,NA
"A020",189,59.68,87.7,63.66,13.57,-4.869,NA
"A020",190,59.49,87.65,63.64,13.204,-4.76,NA
"A020",191,61.75,87.68,65.04,14.027,-4.995,NA
"A020",192,61.47,88.54,65.49,13,-4.023,NA
"A020",193,61.08,88.11,64.82,13.466,-4.585,NA
"A020",194,61.47,87.74,65.13,13.791,-4.697,NA
"A020",195,62.08,87.86,65.26,13.296,-4.926,NA
"A020",196,62.41,88.66,65.3,13.409,-4.796,NA
"A020",197,62.9,88.61,65.99,13.435,-4.434,NA
"A020",198,62.7,89.47,64.83,14.086,-5.145,NA
"A020",199,62.96,89.64,64.5,13.173,-5.573,NA
"A020",200,62.99,91.04,64.95,13.271,-4.608,NA
"A020",201,63.09,91.68,63.8,13.873,-5.582,NA
"A020",202,62.95,92.1,63.28,13.944,-5.86,NA
"A020",203,62.87,93.03,62.83,14.433,-5.923,NA
"A020",204,63.08,93.16,62.48,14.531,-6.355,NA
"A020",205,63.76,93.17,61.93,14.482,-7.315,NA
"A020",206,63.63,93.05,61.83,14.845,-7.392,NA
"A020",207,63.81,92.42,61.75,15.218,-7.809,NA
"A020",208,63.39,92.53,61.42,15.149,-7.843,NA
"A020",209,63.42,92.06,61.85,14.547,-7.605,NA
"A020",210,63.81,92.31,61.71,14.771,-7.887,NA
"A020",211,64.26,92.36,62.01,14.954,-7.826,NA
"A020",212,63.37,92.57,60.56,14.531,-8.673,NA
"A020",213,64.48,93.53,61.72,14.739,-7.826,NA
"A020",214,64.34,93.99,60.45,15.175,-8.847,NA
"A020",215,64.28,93.79,61.14,14.743,-8.197,NA
"A020",216,63.53,93.59,61.43,14.497,-7.528,NA
"A020",217,64.64,94.24,61.69,14.822,-7.688,NA
"A020",218,64.67,94.56,61.6,13.917,-7.682,NA
"A020",219,64.76,93.53,62.11,15.588,-7.586,NA
"A020",220,65.2,93.48,62.56,14.64,-7.403,NA
"A020",221,65.65,92.39,63.34,14.482,-7.264,NA
"A020",222,66.16,92.52,63.95,14.486,-6.873,NA
"A020",223,66.53,91.85,63.73,14.895,-7.54,NA
"A020",224,66.92,92.41,63.75,15.006,-7.514,NA
"A020",225,67.89,93.01,64.04,14.67,-7.483,NA
"A020",226,67.85,92.11,63.27,15.212,-8.554,NA
"A020",227,68.34,91.39,64.29,15.379,-8.027,NA
"A020",228,68.38,92.19,63.95,15.38,-8.094,NA
"A020",229,68.66,92.83,64.11,14.456,-7.836,NA
"A020",230,67.58,92.79,64.27,14.677,-7.181,NA
"A020",231,67.39,93.1,64.43,13.909,-6.814,NA
"A020",232,68.5,93.54,65.4,14.204,-6.218,NA
"A020",233,67.85,94.71,63.8,15.232,-7.097,NA
"A020",234,67.48,94.1,62.93,14.86,-7.998,NA
"A020",235,67.53,93.86,62.28,15.52,-8.758,NA
"A020",236,66.45,93.58,63.17,15.061,-7.424,NA
"A020",237,66.42,93.33,62.89,14.93,-7.779,NA
"A020",238,66.6,93.27,63.14,15.512,-7.651,NA
"A020",239,65.97,93.08,62.79,14.435,-7.729,NA
"A020",240,66.44,92.73,62.49,14.945,-8.406,NA
"A020",241,66.38,93.77,61.65,15.311,-8.846,NA
"A020",242,67.57,93.48,62.61,15.377,-8.592,NA
"A020",243,66.88,94.43,63.07,14.886,-7.448,NA
"A020",244,67.04,94.71,63.88,14.933,-6.617,NA
"A020",245,67.89,95.9,63.45,14.103,-7.047,NA
"A020",246,67.63,96.42,63.98,14.015,-6.206,NA
"A020",247,67.97,95.98,64.06,14.809,-6.455,NA
"A020",248,68.91,95.62,65.09,13.513,-5.995,NA
"A020",249,69.09,95.88,64.97,14.132,-6.111,NA
"A020",250,68.96,94.59,65.46,13.749,-6.005,NA
"A020",251,69.38,94.17,67,13.527,-4.804,NA
"A020",252,68.57,94.46,66.97,12.541,-4.358,NA
"A020",253,68.97,94.67,66.73,14.462,-4.718,NA
"A020",254,68.39,94.56,67.19,12.342,-4.027,NA
"A020",255,68.15,95.13,67.24,12.736,-3.653,NA
"A020",256,69.64,94.52,66.86,12.935,-4.942,NA
"A020",257,70.22,94.66,67.15,13.535,-4.854,NA
"A021",1,64.22,62.63,76.49,17.142,-5.872,-5.872
"A021",2,64.16,62.36,75.64,18.484,-6.805,-6.805
"A021",3,63.32,62.17,75.99,17.883,-6.041,-6.041
"A021",4,63.57,63.9,75.8,17.362,-5.643,-5.643
"A021",5,63.26,63.39,76.21,17.42,-5.271,-5.271
"A021",6,62.31,63.95,75.54,17.081,-5.124,-5.124
"A021",7,62.66,63.36,76.02,17.062,-5.107,-5.107
"A021",8,62.33,63.63,75.77,16.604,-5.049,-5.049
"A021",9,62.72,64.38,75.37,16.8,-5.358,-5.358
"A021",10,63.04,64.78,76.13,16.278,-4.612,-4.612
"A021",11,63.12,64.68,77.57,16.005,-3.266,-3.266
"A021",12,63.3,64.74,77.2,16.094,-3.723,-3.723
"A021",13,62.17,64.91,77.14,15.578,-3.032,-3.032
"A021",14,62.64,64.46,76.51,16.166,-4.138,-4.138
"A021",15,62.07,65.08,75.9,16.631,-4.138,-4.138
"A021",16,61.92,65.07,76.84,15.986,-3.114,-3.114
"A021",17,61.41,64.1,77.44,15.086,-2.602,-2.602
"A021",18,60.97,64.63,76.85,15.784,-2.691,-2.691
"A021",19,59.87,64.38,76.4,15.821,-2.528,-2.528
"A021",20,59.8,64.29,75.43,15.429,-3.498,-3.498
"A021",21,59.73,64.95,74.43,16.641,-4.168,-4.168
"A021",22,58.53,64.09,74.22,16.82,-3.917,-3.917
"A021",23,58.74,64.49,75,16.212,-3.112,-3.112
"A021",24,59.03,64.69,74.59,15.563,-3.638,-3.638
"A021",25,60.06,65.16,75.5,15.551,-3.224,-3.224
"A021",26,59.6,65.86,74.17,16.311,-3.946,-3.946
"A021",27,59.51,65.69,73.38,16.592,-4.745,-4.745
"A021",28,59.15,66.25,73.81,16.59,-3.827,-3.827
"A021",29,59.68,66.36,74.07,16.106,-3.877,-3.877
"A021",30,58.88,66.6,74.02,16.514,-3.284,-3.284
"A021",31,58.66,66.76,74.23,14.775,-2.851,-2.851
"A021",32,57.43,67.14,73.27,15.304,-2.746,-2.746
"A021",33,56.26,67.19,72.32,15.546,-2.786,-2.786
"A021",34,55.17,67.99,69.45,16.135,-4.4,-4.4
"A021",35,55.03,68.4,68.67,16.104,-4.873,-4.873
"A021",36,54.99,68.04,68.28,17.618,-5.394,-5.394
"A021",37,55.04,68.01,70.1,16.309,-3.644,-3.644
"A021",38,55.32,67.47,70.84,15.661,-3.378,-3.378
"A021",39,54.1,67.53,70.13,15.872,-3.021,-3.021
"A021",40,53.72,67.09,69.41,15.887,-3.602,-3.602
"A021",41,52.24,67.28,68,15.303,-3.559,-3.559
"A021",42,52.24,66.43,69.09,15.943,-2.87,-2.87
"A021",43,52.56,66.66,69.82,15.346,-2.341,-2.341
"A021",44,52.62,67.24,68.42,15.816,-3.511,-3.511
"A021",45,52.92,67.62,67.88,16.218,-4.153,-4.153
"A021",46,52.74,67.36,68.23,16.511,-3.765,-3.765
"A021",47,52.91,67.84,68.41,15.84,-3.508,-3.508
"A021",48,52.92,67.97,68.64,15.275,-3.228,-3.228
"A021",49,54.19,68.15,69.66,15.948,-3.276,-3.276
"A021",50,53.75,67.3,69.53,15.916,-3.417,-3.417
"A021",51,53.71,66.15,70.01,15.701,-3.429,-3.429
"A021",52,53.7,67.92,68.39,16.568,-4.218,-4.218
"A021",53,53.38,68.66,68.15,16.194,-3.818,-3.818
"A021",54,52.7,68.1,67.54,16.963,-4.067,-4.067
"A021",55,52.77,67.65,66.95,17.225,-4.931,-4.931
"A021",56,53.65,67.31,67.84,15.94,-5.01,-5.01
"A021",57,52.62,67.6,67.42,16.836,-4.342,-4.342
"A021",58,51.66,67.36,66.34,16.441,-4.601,-4.601
"A021",59,51.58,67.62,66.31,17.475,-4.431,-4.431
"A021",60,52.02,66.96,66.71,17.142,-4.784,-4.784
"A021",61,52.01,66.79,66.48,16.515,-5.089,-5.089
"A021",62,51.92,67.26,66.63,16.295,-4.624,-4.624
"A021",63,51.42,67.63,65.58,16.495,-5.003,-5.003
"A021",64,51.57,67.36,65.74,16.713,-5.124,-5.124
"A021",65,51.2,67.89,65.1,16.788,-5.118,-5.118
"A021",66,51.89,67.35,65.37,17.498,-5.808,-5.808
"A021",67,51.7,67.95,65.77,16.811,-4.935,-4.935
"A021",68,51,68.52,64.44,17.635,-5.263,-5.263
"A021",69,50.86,67.94,64.38,17.164,-5.471,-5.471
"A021",70,50.86,68.84,63.92,16.626,-5.474,-5.474
"A021",71,51.11,68.7,65.07,17.013,-4.66,-4.66
"A021",72,51.46,69.48,65.13,16.805,-4.55,-4.55
"A021",73,51.89,69,66.56,15.764,-3.812,-3.812
"A021",74,50.8,68.95,65.64,15.962,-3.626,-3.626
"A021",75,50.18,69.91,64.58,14.951,-3.506,-3.506
"A021",76,50.51,69.7,64.67,15.286,-3.885,-3.885
"A021",77,50.13,68.7,64.7,17.016,-3.974,-3.974
"A021",78,49.35,69.98,62.62,16.649,-4.503,-4.503
"A021",79,49.13,69.9,61.13,17.616,-5.776,-5.776
"A021",80,49.49,70.86,61.1,17.648,-5.674,-5.674
"A021",81,49.05,70.02,60.45,17.102,-6.294,-6.294
"A021",82,48.36,69.4,59.32,17.88,-6.964,-6.964
"A021",83,47.88,69.28,57.98,18.075,-7.795,-7.795
"A021",84,48.08,68.88,58.98,17.41,-7.263,-7.263
"A021",85,46.99,69.41,57.8,17.628,-6.797,-6.797
"A021",86,47.31,69.38,58.91,17.018,-6.108,-6.108
"A021",87,46.96,69.57,58.02,17.188,-6.45,-6.45
"A021",88,47.07,69.56,58.37,17.406,-6.24,-6.24
"A021",89,47.02,70.26,57.74,17.476,-6.389,-6.389
"A021",90,47.09,70.27,59.17,16.733,-5.047,-5.047
"A021",91,46.55,71.48,58.07,16.503,-4.663,-4.663
"A021",92,46.88,72.47,57.52,16.714,-5.004,-5.004
"A021",93,45.88,72.91,56.2,16.953,-4.649,-4.649
"A021",94,45.93,73.68,55.86,16.433,-4.512,-4.512
"A021",95,46.14,74.35,55.18,17.015,-4.999,-4.999
"A021",96,45.89,74.29,54.68,17.161,-5.173,-5.173
"A021",97,45.91,73.41,54.97,17.24,-5.568,-5.568
"A021",98,45.63,72.82,55.69,17.045,-4.868,-4.868
"A021",99,45.35,73.34,54.92,17.105,-4.864,-4.864
"A021",100,44.35,72.19,55.31,15.996,-3.872,NA
"A021",101,42.83,73.16,52.1,16.719,-4.053,NA
"A021",102,42.89,73.66,51.52,16.83,-4.301,NA
"A021",103,43.3,73.59,52.59,16.536,-3.924,NA
"A021",104,42.75,73.64,50.57,17.417,-5.055,NA
"A021",105,42.92,73.79,49.97,17.082,-5.807,NA
"A021",106,43.48,73.2,50.72,17.397,-6.393,NA
"A021",107,43.74,72.9,52.43,16.908,-5.311,NA
"A021",108,42.39,73.07,49.33,17.997,-6.225,NA
"A021",109,42.67,73.03,49.93,17.45,-6.078,NA
"A021",110,41.47,74.93,47.14,17.419,-5.297,NA
"A021",111,40.64,74.47,46.11,17.531,-5.422,NA
"A021",112,42.12,74.23,48.86,17.683,-5.257,NA
"A021",113,41.57,73.9,48,16.878,-5.546,NA
"A021",114,40.35,73.22,47.52,16.872,-4.717,NA
"A021",115,40.62,73.33,46.88,17.411,-5.678,NA
"A021",116,40.09,72.61,46.93,16.808,-5.466,NA
"A021",117,39.27,71.61,46.26,17.092,-5.791,NA
"A021",118,38.15,72.1,44.2,17.366,-5.702,NA
"A021",119,38.04,72.39,43.74,17.894,-5.716,NA
"A021",120,38.48,73.41,44.47,16.988,-4.639,NA
"A021",121,39.91,73.47,46.72,16.265,-4.589,NA
"A021",122,39.98,73.59,44.94,18.389,-6.359,NA
"A021",123,40.07,73.24,45.34,17.909,-6.433,NA
"A021",124,39.8,73.83,44.64,17.619,-6.143,NA
"A021",125,38.72,73.88,42.84,17.095,-6.169,NA
"A021",126,38.89,73.22,43.8,17.517,-6.15,NA
"A021",127,39.75,72.97,44.33,17.669,-7.206,NA
"A021",128,40.11,73.82,44.26,18.404,-7.035,NA
"A021",129,41.29,74.53,46.45,17.4,-6.072,NA
"A021",130,41.03,73.73,47.12,16.244,-5.726,NA
"A021",131,41.17,73.56,46.98,18.382,-6.237,NA
"A021",132,40.54,73.47,47.13,18.183,-5.174,NA
"A021",133,39.2,74.36,44.46,16.716,-4.838,NA
"A021",134,39.38,74.29,44.33,16.946,-5.32,NA
"A021",135,37.83,74.73,42.21,16.358,-4.484,NA
"A021",136,37.9,75.53,41.32,16.284,-4.617,NA
"A021",137,37.57,74.34,41.46,16.359,-5.245,NA
"A021",138,36.92,75.46,39.37,16.646,-5.057,NA
"A021",139,36.17,76.03,37.45,16.867,-5.101,NA
"A021",140,35.3,76.37,36.03,16.207,-4.725,NA
"A021",141,34.9,76.97,33.74,17.482,-5.647,NA
"A021",142,35.5,76.54,35.78,16.646,-5.079,NA
"A021",143,36.28,77.79,35.41,16.855,-5.197,NA
"A021",144,36.15,77.75,34.94,17.167,-5.508,NA
"A021",145,36.59,78.24,35.83,16.827,-4.768,NA
"A021",146,36.37,78.6,35.08,16.679,-4.705,NA
"A021",147,36.32,78.62,35.35,16.488,-4.334,NA
"A021",148,36.46,78.56,35.36,16.355,-4.644,NA
"A021",149,36.05,78.44,33.47,16.695,-5.951,NA
"A021",150,35.9,78.81,33.73,16.609,-5.004,NA
"A021",151,36.38,78.46,35.54,17.105,-4.448,NA
"A021",152,36.2,79.36,34.64,16.285,-3.962,NA
"A021",153,36.27,79.42,35.33,15.829,-3.321,NA
"A021",154,35.2,79.26,34.15,15.605,-2.842,NA
"A021",155,35.71,78.76,35.19,15.416,-3.287,NA
"A021",156,35.17,78.46,35.32,15.73,-2.616,NA
"A021",157,35.66,78.31,35.81,15.963,-3.125,NA
"A021",158,35.72,78.92,34.64,15.975,-3.661,NA
"A021",159,35.27,80.32,32.87,15.74,-2.949,NA
"A021",160,35.78,80.24,33.13,16.288,-3.702,NA
"A021",161,35.54,79.58,34.33,15.949,-2.857,NA
"A021",162,36.41,80.21,35.06,15.105,-2.932,NA
"A021",163,35.23,80.5,32.69,15.353,-2.857,NA
"A021",164,34.9,80.18,32.19,15.48,-3.168,NA
"A021",165,33.96,80.5,29.78,16.484,-3.598,NA
"A021",166,33.21,81.32,27,15.547,-4.144,NA
"A021",167,32.08,80.66,24.97,17.281,-5.235,NA
"A021",168,31.63,80.85,23.4,17.1,-5.896,NA
"A021",169,31.97,81.82,23.24,17.546,-5.347,NA
"A021",170,31.74,82.01,22.2,17.92,-5.786,NA
"A021",171,31.58,82.17,21.84,17.149,-5.715,NA
"A021",172,31.26,82.34,21.14,16.421,-5.747,NA
"A021",173,30.12,82.05,19.78,17.509,-5.855,NA
"A021",174,29.81,81.33,19.98,18.411,-6.176,NA
"A021",175,30.01,81.6,18.67,17.249,-7.392,NA
"A021",176,30.34,80.92,18.84,19.208,-8.559,NA
"A021",177,30.48,80.88,19.42,18.891,-8.224,NA
"A021",178,30.31,82.12,17.32,19.441,-8.49,NA
"A021",179,29.63,81.2,17.69,18.285,-8.425,NA
"A021",180,30.41,80.71,19.41,18.469,-8.373,NA
"A021",181,29.39,81.76,17.13,18.319,-7.938,NA
"A021",182,28.07,82.22,15.33,17.275,-7.545,NA
"A021",183,27.75,83.05,14.48,19.167,-6.971,NA
"A021",184,27.02,83.19,13.41,17.995,-7.074,NA
"A021",185,26.94,83.64,13.64,16.824,-6.213,NA
"A021",186,27.24,82.14,15.45,17.745,-6.638,NA
"A021",187,27.69,82.07,16.27,17.389,-6.392,NA
"A021",188,28,81.88,17.65,17.039,-5.596,NA
"A021",189,28.04,80.44,20.66,17.21,-4.693,NA
"A021",190,29.03,80.65,21.39,16.332,-4.753,NA
"A021",191,29.1,80.59,21.21,16.617,-5.116,NA
"A021",192,27.27,81.24,18.72,16.526,-4.673,NA
"A021",193,26.22,80.81,18.41,17.018,-4.631,NA
"A021",194,26.94,81.01,18.53,16.4,-4.865,NA
"A021",195,26.75,80.53,19.54,16.571,-4.401,NA
"A021",196,26.55,80.28,19.54,17.24,-4.611,NA
"A021",197,26.89,79.88,20.19,17.002,-4.891,NA
"A021",198,26.62,81.24,18.7,16.582,-4.06,NA
"A021",199,26.51,81.7,17.33,16.776,-4.647,NA
"A021",200,26.28,82.75,15.93,16.779,-4.383,NA
"A021",201,25.64,82.52,14.7,16.789,-5.327,NA
"A021",202,25.17,82.06,14.97,16.699,-5.317,NA
"A021",203,23.75,82.51,13.67,16.998,-4.883,NA
"A021",204,23.48,82.08,14.48,16.162,-4.521,NA
"A021",205,22.6,82.5,13.46,15.818,-4.337,NA
"A021",206,23.24,83.38,13.32,15.965,-3.641,NA
"A021",207,23.45,83.34,13.73,15.76,-3.426,NA
"A021",208,22.85,82.83,13.72,15.912,-3.752,NA
"A021",209,22.82,82.93,13.82,15.614,-3.479,NA
"A021",210,22.68,84.11,11.58,16.892,-4.021,NA
"A021",211,22.55,84.56,11.92,15.772,-3.038,NA
"A021",212,22.51,85.01,11.42,15.249,-2.967,NA
"A021",213,22.57,85.04,11.76,15.702,-2.648,NA
"A021",214,21.54,85.52,10.18,15.711,-2.991,NA
"A021",215,21.48,85.03,10.42,14.988,-3.259,NA
"A021",216,21.97,85.09,9.47,16.252,-4.465,NA
"A021",217,21.48,84.83,8.87,16.472,-5.047,NA
"A021",218,22.17,85.14,9.36,16.534,-4.66,NA
"A021",219,22.97,85.57,9.78,16.876,-4.354,NA
"A021",220,23.17,85.67,10.58,15.544,-3.612,NA
"A021",221,24.13,86.77,10.74,16.395,-3.306,NA
"A021",222,23.24,85.1,10.63,16.416,-4.211,NA
"A021",223,22.33,84.6,9.45,16.587,-5.292,NA
"A021",224,22.32,85.07,8.14,17.367,-6.063,NA
"A021",225,21.89,86.78,6.39,18.105,-5.837,NA
"A021",226,22.61,87.39,6.72,17.511,-5.616,NA
"A021",227,22.9,86.39,7.9,17.469,-5.415,NA
"A021",228,22.15,86.6,8.45,16.231,-4.116,NA
"A021",229,21.47,87.53,7.46,16.53,-3.905,NA
"A021",230,20.58,87.93,7.3,15.807,-3.193,NA
"A021",231,19.17,88.77,5.07,16.436,-4.058,NA
"A021",232,19.48,89.13,4.42,16.828,-4.757,NA
"A021",233,20.43,89.1,5.6,15.927,-4.242,NA
"A021",234,20.3,87.99,5.75,16.385,-4.514,NA
"A021",235,20.32,88.91,5.76,16.377,-4.08,NA
"A021",236,19.41,87.53,5.34,17.159,-4.661,NA
"A021",237,19,87,5.21,16.443,-4.975,NA
"A021",238,18.85,87.27,5.47,16.971,-4.402,NA
"A021",239,18.88,87.59,4.22,17.146,-5.419,NA
"A021",240,17.95,86.12,4.92,17.392,-5.574,NA
"A021",241,18.48,86.84,4.31,17.178,-5.727,NA
"A021",242,18.73,85.95,5.5,17.278,-5.565,NA
"A021",243,19.3,86.86,3.98,17.896,-6.498,NA
"A021",244,19.33,86.69,3.63,18.461,-7.005,NA
"A021",245,19.87,86.79,3.67,18.877,-7.21,NA
"A021",246,20.07,86.55,4.85,17.641,-6.362,NA
"A021",247,18.27,86.84,3.12,17.807,-6.811,NA
"A021",248,18.35,86.1,3.23,18.865,-7.477,NA
"A021",249,18.13,87.71,0.03,18.963,-9.1,NA
"A021",250,18.6,87.32,0.89,18.747,-8.8,NA
"A021",251,18.3,87.96,0.93,18.038,-8.123,NA
"A021",252,17.93,88.69,1.65,18.453,-6.759,NA
"A021",253,17.45,89,1.27,17.328,-6.73,NA
"A021",254,16.67,88.55,1.12,17.36,-6.696,NA
"A021",255,16.89,88.45,1.97,17.378,-6.017,NA
"A021",256,16.95,88.85,2.16,17.61,-5.645,NA
"A021",257,16.33,88.63,2.29,16.923,-5.316,NA
"A021",258,15.34,90.12,1.36,17.544,-5.195,NA
"A021",259,15.22,90.44,1.84,16.51,-4.599,NA
"A021",260,14.81,89.38,2.15,16.498,-4.415,NA
"A021",261,15.11,89.67,0.95,17.72,-5.63,NA
"A021",262,16.07,90.39,1.34,17.166,-5.523,NA
"A021",263,17.01,90.01,1.94,17.104,-5.495,NA
"A021",264,15.99,90.46,1.51,17.708,-5.299,NA
"A021",265,14.7,90.1,1.49,16.26,-4.788,NA
"A021",266,14.57,89.67,1.57,16.7,-4.783,NA
"A021",267,13.75,88.54,1.75,17.088,-4.897,NA
"A021",268,13.71,88.86,1.64,16.075,-4.798,NA
"A021",269,14.25,88.72,1.12,17.382,-5.575,NA
"A021",270,14.96,89.34,0.94,17.248,-5.699,NA
"A022",1,84.61,72.24,80.49,14.865,-6.16,-6.16
"A022",2,84.13,72.1,80.18,15.678,-6.386,-6.386
"A022",3,83.86,73,79.29,15.977,-6.624,-6.624
"A022",4,83.71,71.82,80.48,14.901,-6.108,-6.108
"A022",5,82.74,71.23,79.71,16.356,-6.887,-6.887
"A022",6,82.17,71.63,78.73,15.677,-7.42,-7.42
"A022",7,82.38,71.92,79.03,15.985,-7.027,-7.027
"A022",8,81.69,72.64,78.37,15.578,-7.013,-7.013
"A022",9,81.4,71.94,78.54,15.728,-7.164,-7.164
"A022",10,81.91,71.72,78.72,15.721,-7.286,-7.286
"A022",11,82.07,71.46,79.26,15.099,-6.962,-6.962
"A022",12,81.82,71.97,78.16,15.802,-7.669,-7.669
"A022",13,81.26,72.56,77.7,16.02,-7.587,-7.587
"A022",14,81.38,72.4,77.28,15.831,-8.136,-8.136
"A022",15,80.88,72.85,76.8,16.318,-8.192,-8.192
"A022",16,80.95,72.2,77.48,16.167,-7.91,-7.91
"A022",17,79.01,72.6,77.17,15.227,-7.315,-7.315
"A022",18,79.59,71.36,78.2,15.89,-7.183,-7.183
"A022",19,78.67,72.17,77.62,15.883,-6.984,-6.984
"A022",20,78.55,72.62,77.83,15.106,-6.478,-6.478
"A022",21,78.45,72.5,77.9,14.649,-6.437,-6.437
"A022",22,78.03,72.26,77.8,14.719,-6.523,-6.523
"A022",23,78.36,72.2,78.01,15.39,-6.46,-6.46
"A022",24,77.74,73.18,76.59,15.753,-7.131,-7.131
"A022",25,77.97,73.57,77.48,15.277,-6.118,-6.118
"A022",26,76.67,73.11,77.83,14.604,-5.551,-5.551
"A022",27,76.69,72.67,77.78,15.085,-5.842,-5.842
"A022",28,77.07,72.62,77.12,15.721,-6.658,-6.658
"A022",29,75.77,73.49,76.19,15.127,-6.663,-6.663
"A022",30,75.64,73.13,76.19,16.011,-6.801,-6.801
"A022",31,76.28,72.79,76.16,15.61,-7.241,-7.241
"A022",32,76.41,71.57,77.66,15.045,-6.434,-6.434
"A022",33,75.86,72.46,76.65,14.986,-6.768,-6.768
"A022",34,75.45,72.29,76.9,15.682,-6.442,-6.442
"A022",35,75.18,72.3,76.66,15.461,-6.579,-6.579
"A022",36,75.5,72.71,77.04,15.111,-6.114,-6.114
"A022",37,75.53,73.25,75.87,15.484,-7.022,-7.022
"A022",38,74.82,71.95,76.8,15.537,-6.481,-6.481
"A022",39,73.8,72.46,76.31,15.456,-6.314,-6.314
"A022",40,73.91,72.19,75.69,16.01,-7.11,-7.11
"A022",41,74.09,71.93,74.95,16.502,-8.047,-8.047
"A022",42,74.29,71.53,74.96,16.74,-8.322,-8.322
"A022",43,74.55,70.87,75.48,17.193,-8.237,-8.237
"A022",44,74.35,70.9,75.83,16.414,-7.791,-7.791
"A022",45,74.85,69.94,75.33,17.269,-8.975,-8.975
"A022",46,73.9,70.35,74.78,16.848,-8.932,-8.932
"A022",47,73.84,70.64,74.47,16.998,-9.063,-9.063
"A022",48,73.64,70.58,74.53,16.376,-8.951,-8.951
"A022",49,72.49,70.62,73.76,16.144,-9.218,-9.218
"A022",50,71.43,71.27,73.76,16.635,-8.441,-8.441
"A022",51,71.73,71.9,73.81,15.856,-8.22,-8.22
"A022",52,70.96,71.01,74.47,15.745,-7.642,-7.642
"A022",53,71.09,69.97,75.44,15.768,-7.226,-7.226
"A022",54,69.7,70.13,74.79,14.88,-7.15,-7.15
"A022",55,69.17,70.17,73.98,15.881,-7.688,-7.688
"A022",56,70.39,70.25,73.93,16.547,-8.282,-8.282
"A022",57,70.08,71.13,72.68,17.153,-8.974,-8.974
"A022",58,70.07,70.05,73.86,16.506,-8.294,-8.294
"A022",59,69.9,70.49,74.37,15.385,-7.504,-7.504
"A022",60,69.68,70.42,74.47,15.392,-7.328,-7.328
"A022",61,69.76,70.55,74.54,16.025,-7.235,-7.235
"A022",62,70.6,71.35,74.37,15.765,-7.424,-7.424
"A022",63,69.67,70.58,74.83,16.211,-6.884,-6.884
"A022",64,70.07,70.87,74.78,15.398,-6.997,-6.997
"A022",65,70.13,71.44,74.38,15.394,-7.159,-7.159
"A022",66,69.89,73.09,73.26,15.511,-7.402,-7.402
"A022",67,69.75,72.57,72.13,16.927,-8.704,-8.704
"A022",68,69.95,72.07,73.89,15.454,-7.272,-7.272
"A022",69,69.69,71.34,74.18,15.762,-7.203,-7.203
"A022",70,69.74,72.05,73.66,15.511,-7.413,-7.413
"A022",71,68.69,72.27,72.47,15.586,-8.009,-8.009
"A022",72,68.82,71.91,72.07,15.984,-8.645,-8.645
"A022",73,68.6,71.08,71.91,15.905,-9.076,-9.076
"A022",74,68.19,70.06,70.65,17.215,-10.594,-10.594
"A022",75,67.45,70.73,69.8,16.926,-10.77,-10.77
"A022",76,67.26,70.87,69.9,16.877,-10.512,-10.512
"A022",77,67.05,71.88,69.55,17.21,-10.296,-10.296
"A022",78,66.65,71.61,69.9,17.108,-9.872,-9.872
"A022",79,66.79,71.85,70.59,17.079,-9.138,-9.138
"A022",80,66.5,71.93,70.61,16.631,-8.936,-8.936
"A022",81,65.96,71.39,70.54,16.261,-8.973,-8.973
"A022",82,64.45,70.63,70.03,16.523,-8.991,-8.991
"A022",83,64.03,69.41,70.03,16.418,-9.288,-9.288
"A022",84,63.05,68.24,70.89,16.76,-8.366,-8.366
"A022",85,63.23,67.35,71.39,16.168,-8.365,-8.365
"A022",86,62.88,67.57,71.06,15.853,-8.395,-8.395
"A022",87,62.52,66.43,71.58,16.197,-8.147,-8.147
"A022",88,62.49,65.73,71.85,17.155,-8.163,-8.163
"A022",89,62.56,65.69,71.68,16.872,-8.398,-8.398
"A022",90,62.25,65.95,70.6,15.959,-9.172,NA
"A022",91,62.66,66.36,71,17.352,-8.839,NA
"A022",92,61.16,65.6,71.17,16.569,-8.076,NA
"A022",93,60.99,67.15,70.54,15.852,-7.924,NA
"A022",94,60.45,66.72,70.9,16.03,-7.405,NA
"A022",95,60.41,67.69,69.55,16.529,-8.303,NA
"A022",96,59.95,67.73,70.14,15.589,-7.395,NA
"A022",97,60.58,67.32,70.91,15.854,-7.222,NA
"A022",98,61.37,67.26,71.73,15.259,-6.929,NA
"A022",99,61.82,66.95,72.09,14.711,-6.984,NA
"A022",100,61.48,66.51,72.82,15.235,-6.234,NA
"A022",101,60.83,67.26,71.56,15.487,-6.76,NA
"A022",102,60.07,68.1,69.82,15.779,-7.628,NA
"A022",103,59.86,68.08,70.3,16.089,-7.024,NA
"A022",104,59.19,68.24,69.21,15.997,-7.583,NA
"A022",105,58.86,68.51,69.5,15.342,-6.941,NA
"A022",106,59.64,67.94,70.54,14.504,-6.691,NA
"A022",107,59.99,68.45,70.45,15.704,-6.801,NA
"A022",108,59.47,68.67,69.32,16.054,-7.487,NA
"A022",109,60.04,68.77,68.79,15.817,-8.351,NA
"A022",110,59.13,69.33,68.68,15.92,-7.595,NA
"A022",111,58.77,69.84,68.6,15.856,-7.193,NA
"A022",112,58.09,70.69,66.75,16.405,-8.163,NA
"A022",113,58.43,70.89,65.54,16.662,-9.53,NA
"A022",114,59.23,70.61,67,15.986,-8.766,NA
"A022",115,59.12,69.35,68.11,15.898,-8.142,NA
"A022",116,59.13,69.56,67.66,16.565,-8.516,NA
"A022",117,59.53,69.54,68.49,15.761,-7.969,NA
"A022",118,59.38,67.54,69.35,15.438,-7.88,NA
"A022",119,59,66.68,69.35,16.576,-8.001,NA
"A022",120,58.05,67.29,68.54,16.139,-7.866,NA
"A022",121,57.57,68.23,68.51,15.402,-7.134,NA
"A022",122,57.46,68.33,69.26,16.092,-6.251,NA
"A022",123,57.32,67.69,69,14.906,-6.689,NA
"A022",124,57.73,67.98,68.01,15.259,-7.857,NA
"A022",125,57.21,67.68,67.9,15.679,-7.723,NA
"A022",126,57.06,67.72,67.48,15.769,-8.006,NA
"A022",127,57.04,67.95,68.16,15.82,-7.203,NA
"A022",128,57.33,67.37,67.88,16.001,-7.957,NA
"A022",129,57.05,67.55,67.94,15.841,-7.615,NA
"A022",130,57.3,67.87,67.99,15.714,-7.613,NA
"A022",131,55.6,67.7,66.96,15.777,-7.389,NA
"A022",132,54.96,67.45,66.52,14.822,-7.405,NA
"A022",133,54.56,67.56,66.45,15.591,-7.078,NA
"A022",134,53.1,68.18,64.65,15.946,-7.283,NA
"A022",135,52.49,68.41,63.76,16.4,-7.49,NA
"A022",136,51.66,67.47,63.69,15.805,-7.201,NA
"A022",137,51.08,67.38,63.81,15.565,-6.538,NA
"A022",138,52.06,66.82,64.56,15.696,-7.044,NA
"A022",139,52.67,66.16,65.93,15.75,-6.57,NA
"A022",140,53.15,66.45,65.67,16.134,-7.129,NA
"A022",141,52.36,65.88,66.21,14.98,-6.127,NA
"A022",142,53.32,66.26,66.81,15.602,-6.227,NA
"A022",143,52.5,65.46,66.67,15.16,-5.988,NA
"A022",144,52.32,66.29,64.77,14.996,-7.329,NA
"A022",145,50.22,66.03,62.25,16.291,-7.876,NA
"A022",146,49.63,66.4,62.83,16.217,-6.481,NA
"A022",147,49.06,66.07,62.26,15.522,-6.605,NA
"A022",148,48.43,66.51,60.55,16.059,-7.374,NA
"A022",149,47.42,67,59.08,15.335,-7.402,NA
"A022",150,46.49,66.9,57.58,16.427,-7.839,NA
"A022",151,46.19,65.5,57.64,16.597,-8.154,NA
"A022",152,46.23,65.95,56.7,16.446,-8.902,NA
"A022",153,46.77,66.13,58.24,16.75,-7.931,NA
"A022",154,46.43,65.7,58.3,15.262,-7.685,NA
"A022",155,46.12,65.98,58.48,15.299,-6.965,NA
"A022",156,45.03,67.62,56.81,14.808,-6.337,NA
"A022",157,45.92,67.1,58.42,15.412,-6.176,NA
"A022",158,46.09,67.35,57.86,15.868,-6.809,NA
"A022",159,46.4,67.54,57.99,15.709,-6.948,NA
"A022",160,45.92,67.59,57.77,15.147,-6.538,NA
"A022",161,46.37,67.61,59.09,14.735,-5.777,NA
"A022",162,46.89,67.59,59.8,14.03,-5.727,NA
"A022",163,45.4,68.22,58.28,14.07,-4.996,NA
"A022",164,45.15,67.24,57.78,14.937,-5.749,NA
"A022",165,46.17,65.87,59.33,14.923,-6.251,NA
"A022",166,45.23,66.13,58.04,15.559,-6.213,NA
"A022",167,44.53,66.3,58.12,14.937,-5.137,NA
"A022",168,44.42,66.2,57.25,14.975,-5.91,NA
"A022",169,44.08,65.14,56.81,15.95,-6.501,NA
"A022",170,43.62,64.46,56.73,15.454,-6.352,NA
"A022",171,42.94,64.94,56.39,14.727,-5.52,NA
"A022",172,42.76,64.84,55.8,15.037,-5.945,NA
"A022",173,42.72,63.76,55.76,15.948,-6.511,NA
"A022",174,41.8,63.61,53.97,15.641,-7.153,NA
"A022",175,42.03,63.48,54.31,16.106,-7.202,NA
"A022",176,42.15,62.88,54.34,15.739,-7.653,NA
"A022",177,42.11,62.91,55.24,15.38,-6.689,NA
"A022",178,42.82,62.8,55.73,15.071,-7.184,NA
"A022",179,42.1,61.82,54.79,15.867,-7.7,NA
"A022",180,42.07,61.72,54.63,15.595,-7.872,NA
"A022",181,41.92,62.38,54.33,15.462,-7.63,NA
"A022",182,41.76,63.06,52.92,16.006,-8.462,NA
"A022",183,42.2,63.95,53.19,16.326,-8.288,NA
"A022",184,41.36,63.72,52.4,16.606,-8.079,NA
"A022",185,41.18,63.65,51.83,16.504,-8.455,NA
"A022",186,41.18,63.13,52.11,17.07,-8.456,NA
"A022",187,41.05,63.32,52.28,15.886,-8.009,NA
"A022",188,40.74,63.65,52.4,15.556,-7.303,NA
"A022",189,41.45,62.55,54.01,15.919,-7.236,NA
"A022",190,40.77,61.85,53.1,16.06,-7.62,NA
"A022",191,40.65,61.38,53.74,15.658,-7.072,NA
"A022",192,41.62,61.67,55.32,15.362,-6.618,NA
"A022",193,41.91,62.8,55.12,14.894,-6.598,NA
"A022",194,41.59,63.49,53.65,15.686,-7.275,NA
"A022",195,40.24,63.66,51.15,15.81,-7.871,NA
"A022",196,40.23,63,51.13,16.577,-8.243,NA
"A022",197,39.72,62.62,50.25,16.11,-8.657,NA
"A022",198,39.4,62.73,49.59,16.467,-8.82,NA
"A022",199,39.06,63.17,48.65,16.648,-9.067,NA
"A022",200,39.04,62.75,48.97,16.945,-8.941,NA
"A022",201,38.66,62.33,48.96,16.503,-8.695,NA
"A022",202,37.95,62.22,48.44,15.73,-8.356,NA
"A022",203,38.11,61.68,49.21,15.94,-8.091,NA
"A022",204,38.46,59.9,50.36,16.538,-8.4,NA
"A022",205,38.25,58.99,51.23,15.935,-7.775,NA
"A022",206,37.8,59.17,49.27,16.616,-9.047,NA
"A022",207,37.21,58.94,49.36,16.608,-8.336,NA
"A022",208,36.08,59.13,48.21,15.772,-7.975,NA
"A022",209,36.1,60.39,47.5,16.888,-7.969,NA
"A022",210,35.66,60.16,47.16,16.032,-7.906,NA
"A022",211,35.59,59.95,47.58,16.437,-7.518,NA
"A022",212,34.22,60.26,45.12,15.762,-8.173,NA
"A022",213,33.8,60.23,44.42,16.612,-8.406,NA
"A022",214,34.52,60.3,45.52,16.462,-8.106,NA
"A022",215,33.74,61.37,42.73,17.253,-9.374,NA
"A023",1,41.35,74.31,41.82,18.106,-11.005,-11.005
"A023",2,41.94,74.25,42.2,18.149,-11.624,-11.624
"A023",3,42.03,73.42,42.98,17.717,-11.712,-11.712
"A023",4,41.83,73.85,42.5,18.116,-11.501,-11.501
"A023",5,41.2,74.5,39.85,18.751,-12.561,-12.561
"A023",6,42.89,74.8,43.12,18.461,-11.746,-11.746
"A023",7,44.11,74.8,44.89,18.691,-11.898,-11.898
"A023",8,45.35,74.79,46.92,18.938,-11.771,-11.771
"A023",9,44.09,74.26,45.14,18.938,-12.05,-12.05
"A023",10,43.79,75.05,43.68,18.181,-12.405,-12.405
"A023",11,43.12,75.73,41.69,18.419,-12.731,-12.731
"A023",12,44.34,75.5,43.66,18.576,-12.917,-12.917
"A023",13,44.68,75.81,44.65,18.341,-12.211,-12.211
"A023",14,43.47,75.52,42.53,18.289,-12.644,-12.644
"A023",15,43.55,75.62,43.15,18.747,-12.071,-12.071
"A023",16,43.77,76.11,42.7,19.388,-12.464,-12.464
"A023",17,43.93,75.8,43.26,18.542,-12.431,-12.431
"A023",18,43.81,76.16,41.73,18.341,-13.446,-13.446
"A023",19,44.07,76.49,41.98,18.784,-13.358,-13.358
"A023",20,43.11,76.08,41.53,18.648,-12.573,-12.573
"A023",21,43.6,76.52,41.36,18.99,-13.177,-13.177
"A023",22,44.41,76.55,41.77,18.93,-14.047,-14.047
"A023",23,43.94,75.74,41.9,18.66,-13.841,-13.841
"A023",24,43.79,76.27,41.91,18.853,-13.148,-13.148
"A023",25,45.09,76.22,44.66,19.013,-12.518,-12.518
"A023",26,45.32,75.97,45.87,19.36,-11.853,-11.853
"A023",27,45.88,76.98,45.9,18.215,-11.927,-11.927
"A023",28,46.48,75.85,48.63,18.295,-10.952,-10.952
"A023",29,45.97,76.1,47.24,18.618,-11.389,-11.389
"A023",30,45.76,76.33,47.26,18.294,-10.887,-10.887
"A023",31,46.07,76.66,46.56,19.041,-11.793,-11.793
"A023",32,46.55,76.13,47.84,19.173,-11.637,-11.637
"A023",33,46.46,76.65,47.3,18.783,-11.654,-11.654
"A023",34,46.78,76.81,47.81,18.187,-11.501,-11.501
"A023",35,46.58,77.04,47.35,19.024,-11.497,-11.497
"A023",36,47.06,77.86,48.75,17.867,-10.239,-10.239
"A023",37,47.18,77.45,49.4,17.186,-10.053,-10.053
"A023",38,48.09,76.71,50.87,18.519,-10.422,-10.422
"A023",39,48.61,76.93,50.61,17.571,-11.265,-11.265
"A023",40,47.83,76.12,48.82,18.743,-12.516,-12.516
"A023",41,48.05,75.81,49.98,18.281,-11.871,-11.871
"A023",42,48.18,75.63,50.31,18.925,-11.838,-11.838
"A023",43,48.54,76.36,50.86,17.949,-11.291,-11.291
"A023",44,48.44,76.89,51.01,18.701,-10.656,-10.656
"A023",45,48.96,75.79,52.79,17.906,-10.315,-10.315
"A023",46,48.29,75.81,51.6,18.459,-10.571,-10.571
"A023",47,49.01,75.2,53.93,17.446,-9.61,-9.61
"A023",48,49.88,74.48,54.7,17.894,-10.395,-10.395
"A023",49,50.3,75.52,54.52,18.83,-10.448,-10.448
"A023",50,49.73,76.45,52.61,18.843,-11.07,-11.07
"A023",51,48.84,76.7,50.97,17.828,-11.362,-11.362
"A023",52,48.92,77.33,49.9,18.885,-12.129,-12.129
"A023",53,49.01,77.47,50.21,17.933,-11.851,-11.851
"A023",54,49.54,77.46,49.63,19.524,-13.156,-13.156
"A023",55,49.56,77.1,51.13,18.761,-11.916,-11.916
"A023",56,48.71,77.46,49.16,19.232,-12.494,-12.494
"A023",57,48.98,77.85,49.66,19.017,-12.111,-12.111
"A023",58,49.7,78.32,50.47,18.83,-11.985,-11.985
"A023",59,50.06,78.85,49.74,18.655,-12.87,-12.87
"A023",60,48.97,79.29,47.14,19.853,-13.683,-13.683
"A023",61,47.9,79.08,45.73,19.312,-13.674,-13.674
"A023",62,47.54,78.15,45.8,19.102,-13.699,-13.699
"A023",63,47.94,78.08,46.43,19.256,-13.716,-13.716
"A023",64,47.89,78.73,45.99,18.973,-13.631,-13.631
"A023",65,48.54,79.22,46.94,18.361,-13.312,-13.312
"A023",66,48.66,79.51,47.77,18.506,-12.463,-12.463
"A023",67,48.55,79.51,47.95,18.955,-12.129,-12.129
"A023",68,49.53,80.48,49.17,19.04,-11.7,-11.7
"A023",69,49.09,80.96,48.97,18.555,-10.979,-10.979
"A023",70,49.84,80.27,50.38,19.374,-11.064,-11.064
"A023",71,49.97,81.12,49.05,18.628,-12.069,-12.069
"A023",72,49.09,81,48.27,19.136,-11.649,-11.649
"A023",73,49.23,80.93,49.35,19.001,-10.827,-10.827
"A023",74,50.5,80.74,51.13,17.558,-10.944,-10.944
"A023",75,51.06,80.65,52.94,18.063,-9.923,-9.923
"A023",76,51.64,80.62,53.82,18.194,-9.799,-9.799
"A023",77,51.77,79.76,54,18.409,-10.258,-10.258
"A023",78,52.01,80.01,54.04,18.614,-10.383,-10.383
"A023",79,51.62,79.77,53.73,17.68,-10.34,-10.34
"A023",80,51.93,79.68,54.46,18.003,-10.05,-10.05
"A023",81,51.5,80.24,53.18,18.32,-10.482,-10.482
"A023",82,51.97,79.37,53.06,18.739,-11.669,-11.669
"A023",83,51.69,79.23,52.29,19.546,-12.174,-12.174
"A023",84,51.93,79.94,52.61,18.274,-11.754,-11.754
"A023",85,51.83,80.2,52.55,18.36,-11.547,-11.547
"A023",86,51.73,80.61,52.43,18.803,-11.301,-11.301
"A023",87,50.68,81.61,49.76,19.086,-12.056,-12.056
"A023",88,50.55,80.95,50.81,18.161,-11.204,-11.204
"A023",89,49.58,80.55,49.29,18.199,-11.612,-11.612
"A023",90,49.99,80.53,48.66,19.519,-12.833,-12.833
"A023",91,49.88,81.45,48.65,18,-12.143,-12.143
"A023",92,50.15,80.21,50.32,18.764,-11.594,-11.594
"A023",93,51.37,79.44,52.97,18.194,-10.976,-10.976
"A023",94,51.68,79.28,54.07,17.337,-10.36,-10.36
"A023",95,51.27,79.5,53.05,18.614,-10.74,-10.74
"A023",96,51.54,79.1,53.4,17.672,-10.967,-10.967
"A023",97,50.18,78.21,52.87,18.869,-10.296,-10.296
"A023",98,50.88,78.64,53.18,18.107,-10.617,-10.617
"A023",99,50.39,77.98,52.36,18.22,-11.216,-11.216
"A023",100,49.65,79.21,51.48,18.635,-10.345,-10.345
"A023",101,50.61,80.01,52.43,18.498,-10.207,-10.207
"A023",102,51.84,80.31,53.44,17.625,-10.601,-10.601
"A023",103,52.07,81.24,53.2,18.623,-10.613,-10.613
"A023",104,52.95,80.99,54.79,19.209,-10.221,-10.221
"A023",105,53.04,80.99,53.61,19.129,-11.507,-11.507
"A023",106,52.82,81.07,53.32,18.696,-11.496,-11.496
"A023",107,53.43,80.53,55.23,17.555,-10.57,-10.57
"A023",108,53.71,80.28,54.75,19.017,-11.497,-11.497
"A023",109,53.65,80.99,55.09,18.525,-10.717,-10.717
"A023",110,53.79,80.42,56.03,17.246,-10.234,-10.234
"A023",111,54.35,80.01,57.52,17.785,-9.562,NA
"A023",112,54.45,80.31,57.83,18.237,-9.205,NA
"A023",113,55.01,80.43,58.23,18.131,-9.305,NA
"A023",114,55.85,81.66,58.96,17.558,-8.818,NA
"A023",115,55.73,81.58,59.02,17.464,-8.676,NA
"A023",116,56.54,82.04,59.94,17.513,-8.31,NA
"A023",117,56.7,80.85,59.14,18.71,-9.824,NA
"A023",118,56.04,80.81,58.86,17.504,-9.501,NA
"A023",119,55.41,81,57.82,18.281,-9.844,NA
"A023",120,54.94,82.08,57.01,18.277,-9.64,NA
"A023",121,54.96,81.43,57.32,18.432,-9.673,NA
"A023",122,54.87,81.68,56.82,17.901,-9.957,NA
"A023",123,55.5,81.63,57.42,18.475,-10.026,NA
"A023",124,55.68,82.34,57.81,18.145,-9.474,NA
"A023",125,55.17,81.24,58.05,17.905,-9.253,NA
"A023",126,55.94,81.63,59.27,17.293,-8.603,NA
"A023",127,56.67,81.85,59.45,17.943,-9.017,NA
"A023",128,56.45,82.07,58.44,17.371,-9.715,NA
"A023",129,56.88,82.76,59.78,17.276,-8.462,NA
"A023",130,57.02,83.57,58.56,17.504,-9.444,NA
"A023",131,57.92,84.33,59.9,18.522,-8.572,NA
"A023",132,57.66,84.26,59.53,17.302,-8.74,NA
"A023",133,58.47,85.43,59.12,18.021,-9.351,NA
"A023",134,58.35,85.56,59,17.719,-9.309,NA
"A023",135,57.78,84.69,59.45,17.715,-8.748,NA
"A023",136,57.77,84.78,58.7,18.179,-9.445,NA
"A023",137,57.45,85.06,58.21,18.012,-9.53,NA
"A023",138,57.35,84.65,58.22,17.996,-9.607,NA
"A023",139,58.26,83.91,59.12,18.69,-9.826,NA
"A023",140,58.1,83.05,58.77,18.425,-10.415,NA
"A023",141,57.94,82.85,59.26,17.79,-9.877,NA
"A023",142,58.07,83.12,58.77,17.913,-10.355,NA
"A023",143,58.75,83.69,59.78,17.811,-9.67,NA
"A023",144,58.82,83.19,60.04,17.741,-9.681,NA
"A023",145,58.68,83.76,60.14,17.218,-9.219,NA
"A023",146,58.1,82.82,60.52,17.475,-8.773,NA
"A023",147,58.37,83.15,59.85,17.733,-9.513,NA
"A023",148,57.82,84.74,57.56,18.499,-10.652,NA
"A023",149,57.89,84.75,57.1,18.242,-11.159,NA
"A023",150,57.72,85.63,57.64,18.4,-10.106,NA
"A023",151,58.18,85.27,57.38,18.432,-10.913,NA
"A023",152,58.71,84.2,58.44,17.418,-10.755,NA
"A023",153,58.25,85.1,57.89,18.748,-10.535,NA
"A023",154,58.2,85.37,57.92,18.289,-10.347,NA
"A023",155,59.37,85.89,57.84,18.841,-11.171,NA
"A023",156,59.27,85.77,58.42,18.316,-10.562,NA
"A023",157,59.48,85.66,59.69,17.775,-9.507,NA
"A023",158,59.13,85.05,59.09,17.793,-10.087,NA
"A023",159,60.08,85.71,58.28,18.897,-11.359,NA
"A023",160,60.05,86.42,57.35,18.072,-11.973,NA
"A023",161,59.47,86.62,57.08,18.827,-11.709,NA
"A023",162,59.64,86.79,55.79,18.556,-13.068,NA
"A023",163,59.94,87.24,56.14,19.302,-12.765,NA
"A023",164,60.81,87.96,56.65,18.9,-12.621,NA
"A023",165,60.14,87.47,55.25,18.828,-13.718,NA
"A023",166,60.12,87.31,55.74,18.461,-13.283,NA
"A023",167,60.14,86.86,55.84,18.377,-13.367,NA
"A023",168,59.51,86.21,55.92,18.094,-13.071,NA
"A023",169,59.34,86.65,55.56,18.7,-13.125,NA
"A023",170,58.52,88.1,54.21,19.365,-13.22,NA
"A023",171,57.89,88.64,52.9,18.625,-13.776,NA
"A023",172,59.1,88.19,54.36,18.682,-13.514,NA
"A023",173,60.07,87.47,56.79,18.609,-12.124,NA
"A023",174,60.81,87.85,56.24,18.64,-13.077,NA
"A023",175,61.16,88.55,56.8,19.092,-12.485,NA
"A023",176,60.7,89.01,54.4,19.123,-14.383,NA
"A023",177,59.48,88.71,53.08,19.655,-14.897,NA
"A023",178,59.75,88.07,53.76,19.561,-14.674,NA
"A023",179,59.17,88.95,53.96,18.746,-13.678,NA
"A023",180,59.67,88.75,55.61,18.239,-12.494,NA
"A023",181,60.28,87.64,56.07,18.325,-12.932,NA
"A023",182,60.28,88.62,54.39,19.587,-14.228,NA
"A023",183,60.9,89.26,54.78,19.127,-14.047,NA
"A023",184,60.11,89.02,54.11,19.289,-14.234,NA
"A023",185,59.86,89.64,55.27,18.743,-12.648,NA
"A023",186,59.97,89.21,56.64,18.854,-11.528,NA
"A023",187,60.26,88.6,57.01,18.993,-11.606,NA
"A023",188,60.46,87.44,57.59,18.581,-11.628,NA
"A023",189,61.13,87.68,57.88,18.153,-11.729,NA
"A023",190,60.61,87.6,57.85,18.288,-11.41,NA
"A023",191,59.76,87.22,57.74,17.85,-11.035,NA
"A023",192,60.33,87.01,59.04,18.272,-10.258,NA
"A023",193,60.54,86.85,59.16,18.735,-10.359,NA
"A023",194,60.66,87.07,59.42,18.697,-10.09,NA
"A023",195,59.86,88.15,58.47,18.024,-10.02,NA
"A023",196,60.41,88.23,58.67,17.536,-10.212,NA
"A023",197,59.82,88.8,57.8,18.378,-10.402,NA
"A023",198,60.88,89.39,58.52,18.933,-10.248,NA
"A023",199,61.01,88.98,58.11,18.889,-10.901,NA
"A023",200,61.37,90.21,58.13,18.407,-10.669,NA
"A023",201,60.68,89.85,58.86,18.072,-9.586,NA
"A023",202,60.77,89.63,59.57,17.78,-9.033,NA
"A023",203,62.19,89.81,61.32,18.327,-8.186,NA
"A023",204,61.44,88.84,61.58,17.086,-7.791,NA
"A023",205,61.3,89.15,61.49,17.072,-7.669,NA
"A023",206,62.5,89.95,62.16,16.771,-7.495,NA
"A023",207,62.39,90.39,62.79,16.75,-6.632,NA
"A023",208,62.07,90.29,63.57,16.731,-5.678,NA
"A023",209,61.87,89.87,62.13,17.457,-7.139,NA
"A023",210,61.61,89.1,63.29,15.695,-6.102,NA
"A023",211,61.7,88.94,63.23,16.556,-6.289,NA
"A023",212,61.6,88.83,63.1,15.306,-6.389,NA
"A023",213,61.91,87.95,63.29,17.22,-6.746,NA
"A023",214,62.48,88.65,63.35,16.3,-6.797,NA
"A023",215,62.66,88.71,63.48,16.188,-6.756,NA
"A023",216,62.5,89.04,62.01,17.347,-7.996,NA
"A023",217,62.01,89.25,61.5,17.374,-8.096,NA
"A023",218,62.37,89.18,61.14,17.594,-8.728,NA
"A023",219,62.36,89.31,61.08,17.183,-8.727,NA
"A023",220,63.04,90.31,62.05,17.065,-7.819,NA
"A023",221,62.57,91.3,61.72,17.188,-7.476,NA
"A023",222,62.92,92.01,61.16,17.766,-7.997,NA
"A023",223,63.03,90.97,62.42,16.957,-7.196,NA
"A023",224,63.27,92.09,62.71,16.456,-6.637,NA
"A023",225,62.6,91.52,62.3,16.803,-6.835,NA
"A023",226,63.16,91.33,62.09,17.134,-7.477,NA
"A023",227,62.83,91.25,61.16,17.41,-8.223,NA
"A023",228,63.06,92.02,61.13,17.552,-8.113,NA
"A023",229,63.37,92.18,59.85,17.728,-9.521,NA
"A023",230,62.46,92.46,59.42,17.88,-9.285,NA
"A023",231,61.23,92.2,58.9,17.97,-9.071,NA
"A023",232,62.39,91.54,60.25,18.352,-8.75,NA
"A023",233,61.85,91.63,60.42,17.339,-8.188,NA
"A023",234,62.13,92.16,60.85,17.48,-7.746,NA
"A023",235,62.31,92.44,59.84,18.605,-8.765,NA
"A023",236,63.23,91.99,60.79,17.437,-8.564,NA
"A023",237,63.28,91.21,60.78,17.363,-8.899,NA
"A023",238,62.69,92.2,59.25,18.184,-9.693,NA
"A023",239,63.23,92.53,59.29,17.548,-9.868,NA
"A023",240,64.14,93.09,59.57,17.749,-9.934,NA
"A023",241,64.76,92.16,58.76,19.054,-11.437,NA
"A023",242,65.23,91.87,59.77,18.867,-10.794,NA
"A023",243,65.94,92.49,59.94,18.28,-10.79,NA
"A023",244,66.2,92,59.47,18.678,-11.573,NA
"A023",245,65.68,91.24,58.43,18.686,-12.615,NA
"A023",246,66.28,90.91,59.23,18.866,-12.254,NA
"A023",247,67.09,91.08,59.98,18.31,-11.854,NA
"A023",248,67.2,91.27,59.7,18.917,-12.117,NA
"A023",249,66.55,91,59.5,18.332,-12.091,NA
"A023",250,67.65,91.11,60.74,18.867,-11.357,NA
"A023",251,67.87,91.42,61.56,17.65,-10.527,NA
"A023",252,67.52,91.14,60.97,18.16,-11.045,NA
"A023",253,68.21,92.12,60.47,18.155,-11.521,NA
"A023",254,69.08,92.02,61.05,19.181,-11.371,NA
"A023",255,67.15,92,60.38,18.287,-11.138,NA
"A023",256,67.13,92.04,60.07,18.309,-11.432,NA
"A023",257,66.98,93.23,59.24,18.535,-11.754,NA
"A023",258,66.85,93.34,58.78,18.318,-12.11,NA
"A023",259,66.21,93.55,58.22,19.303,-12.26,NA
"A023",260,67.16,93.71,58.74,18.261,-12.174,NA
"A023",261,68.02,93.1,59.65,18.436,-11.903,NA
"A023",262,68.09,92.99,60.08,18.595,-11.544,NA
"A023",263,68.61,92.41,60.11,18.901,-11.956,NA
"A023",264,68.5,92.78,60.82,18.605,-11.075,NA
"A023",265,68.36,92.77,59.96,18.16,-11.87,NA
"A023",266,69.22,94.18,61.39,18.161,-10.341,NA
"A023",267,68.34,93.8,60.76,18.225,-10.694,NA
"A023",268,68.23,93.4,60.75,18.878,-10.791,NA
"A023",269,68.41,92.46,61.17,18.403,-10.796,NA
"A023",270,67.85,93.21,59.77,18.852,-11.656,NA
"A023",271,69.88,93.78,59.57,19.361,-12.59,NA
"A023",272,69.6,92.09,60.78,17.913,-11.853,NA
"A023",273,70.31,91.89,61.57,19.159,-11.439,NA
"A023",274,69.35,91.8,61.32,17.881,-11.303,NA
"A023",275,69.14,91.66,60.89,18.834,-11.693,NA
"A023",276,68.91,92.2,60.26,18.831,-12.031,NA
"A023",277,68.3,92.08,60.23,18.778,-11.817,NA
"A023",278,69.4,92.59,59.17,19.224,-13.193,NA
"A023",279,69.91,92.56,59.72,18.365,-12.876,NA
"A023",280,70.43,91.61,61.63,18.307,-11.519,NA
"A023",281,70.62,92.1,61.44,18.533,-11.623,NA
"A023",282,71.37,92.41,61.97,18.876,-11.288,NA
"A023",283,71.87,92.32,61.89,18.397,-11.599,NA
"A023",284,72.69,92.53,62.8,18.753,-10.93,NA
"A023",285,72.43,93.2,61.69,18.512,-11.717,NA
"A023",286,71.58,93.59,61.36,19.493,-11.574,NA
"A023",287,72.21,94.23,60.63,18.451,-12.354,NA
"A023",288,72.29,94.49,61.35,18.983,-11.571,NA
"A023",289,72.45,94.21,60.75,18.734,-12.326,NA
"A023",290,72.29,93.22,61.43,18.57,-11.91,NA
"A023",291,71.84,92.62,61.42,18.452,-11.954,NA
"A023",292,71.19,92.74,61.46,18.431,-11.614,NA
"A023",293,71.55,93.49,60.61,19.215,-12.346,NA
"A023",294,71.33,94.23,60.3,18.337,-12.319,NA
"A023",295,70.38,94.19,59.89,19.163,-12.35,NA
"A023",296,70.19,94.58,60.94,18.231,-11.076,NA
"A023",297,69.99,94.35,61.79,18.48,-10.216,NA
"A023",298,71.32,95.48,62.2,17.179,-10.007,NA
"A023",299,70.68,94.72,61.69,19.046,-10.498,NA
"A023",300,70.95,93.68,61.5,18.819,-11.149,NA
"A023",301,71.08,94.45,61.67,18.847,-10.773,NA
"A024",1,62.53,75.44,71.74,13.29,-4.036,-4.036
"A024",2,63.33,75.51,72.19,12.534,-4.034,-4.034
"A024",3,63.92,75.07,73.2,13.859,-3.553,-3.553
"A024",4,65.59,74.39,74.49,12.772,-3.485,-3.485
"A024",5,65.91,74.28,73.88,13.4,-4.319,-4.319
"A024",6,66.29,74.97,73.4,13.98,-4.682,-4.682
"A024",7,67.74,75.66,74.17,13.933,-4.322,-4.322
"A024",8,67.27,75.96,74.1,13.582,-4.04,-4.04
"A024",9,66.68,75.91,73.11,13.392,-4.761,-4.761
"A024",10,67.26,77.08,73.16,14.121,-4.471,-4.471
"A024",11,67.63,76.73,73.2,14.876,-4.773,-4.773
"A024",12,68.15,76.63,73.42,14.349,-4.831,-4.831
"A024",13,68.08,76.24,72.92,14.494,-5.477,-5.477
"A024",14,68.36,75.71,74.39,13.574,-4.376,-4.376
"A024",15,68.01,76.15,73.41,14.013,-4.997,-4.997
"A024",16,67.66,76.66,74.1,13.061,-3.907,-3.907
"A024",17,68.61,76.38,74.78,12.947,-3.804,-3.804
"A024",18,68.71,75.22,75.08,13.024,-4.064,-4.064
"A024",19,67.93,74.56,75.91,13.427,-3.175,-3.175
"A024",20,67.63,73.66,77,12.164,-2.336,-2.336
"A024",21,68.16,73.72,78.36,12.025,-1.212,-1.212
"A024",22,68.69,74.74,77.85,11.988,-1.51,-1.51
"A024",23,68.14,74.41,77.62,12.043,-1.633,-1.633
"A024",24,67.36,74.62,77.72,12.345,-1.06,-1.06
"A024",25,66.6,74.14,77.3,11.925,-1.308,-1.308
"A024",26,67.23,73.51,77.4,12.549,-1.807,-1.807
"A024",27,66.49,73.29,75.85,12.661,-3.086,-3.086
"A024",28,66.51,72.13,75.58,12.931,-3.886,-3.886
"A024",29,66.36,72.08,76.05,12.674,-3.358,-3.358
"A024",30,66.82,71.35,75.98,13.23,-3.985,-3.985
"A024",31,67.33,71.93,76.01,12.487,-3.968,-3.968
"A024",32,67.26,71.8,76.76,13.27,-3.24,-3.24
"A024",33,67.67,71.94,75.68,13.862,-4.459,-4.459
"A024",34,67.72,72.23,75.8,13.541,-4.232,-4.232
"A024",35,68.05,71.63,75.61,13.925,-4.849,-4.849
"A024",36,67.13,72.71,75.13,13.124,-4.391,-4.391
"A024",37,67.22,73.23,74.5,13.282,-4.832,-4.832
"A024",38,67.94,73.04,74.81,13.014,-4.968,-4.968
"A024",39,67.48,72.81,74.4,14.386,-5.247,-5.247
"A024",40,67.56,72.39,74.98,14.34,-4.906,-4.906
"A024",41,67.51,71.92,75.34,13.994,-4.72,-4.72
"A024",42,67.2,72.4,75.3,13.656,-4.394,-4.394
"A024",43,68.18,72.64,75.48,13.49,-4.587,-4.587
"A024",44,69.09,72.64,76.72,13.544,-3.783,-3.783
"A024",45,69.03,72.81,76.38,13.23,-4.009,-4.009
"A024",46,69.49,71.28,77.54,13.173,-3.776,-3.776
"A024",47,68.95,70.89,77.49,13.532,-3.75,-3.75
"A024",48,70.64,72.13,78.49,12.581,-2.955,-2.955
"A024",49,71.38,71.11,79.46,12.624,-2.794,-2.794
"A024",50,71.32,70.91,80.24,11.811,-2.082,-2.082
"A024",51,71.33,70.1,81.8,11.232,-0.912,-0.912
"A024",52,71.7,69.69,82.26,11.444,-0.81,-0.81
"A024",53,71.57,69.38,82.35,11.792,-0.809,-0.809
"A024",54,71.49,68.39,82.58,11.532,-1.008,-1.008
"A024",55,71.19,68.82,82.75,10.863,-0.498,-0.498
"A024",56,70.48,68.59,82.14,11.841,-0.882,-0.882
"A024",57,69.98,68.69,81.69,11.652,-1.052,-1.052
"A024",58,70.13,68.76,80.76,12.083,-2.019,-2.019
"A024",59,70.6,67.98,81.95,12.046,-1.412,-1.412
"A024",60,71.19,67.79,81.95,12.191,-1.783,-1.783
"A024",61,71.38,67.36,81.69,12.446,-2.337,-2.337
"A024",62,71.29,67.41,81.56,11.821,-2.394,-2.394
"A024",63,72.81,68.07,82.38,12.558,-1.964,-1.964
"A024",64,72.62,68.26,82.55,11.227,-1.619,-1.619
"A024",65,72.51,67.21,82.56,12.54,-2.067,-2.067
"A024",66,73.89,67.01,83.74,12.381,-1.613,-1.613
"A024",67,74.73,65.7,84.09,12.49,-2.283,-2.283
"A024",68,73.89,65.12,83.65,12.93,-2.616,-2.616
"A024",69,73.85,65.87,82.96,13.371,-2.932,-2.932
"A024",70,74.39,64.99,83.05,13.297,-3.518,-3.518
"A024",71,74.38,65.54,82.93,12.761,-3.362,-3.362
"A024",72,74.24,66.2,82.34,13.318,-3.566,-3.566
"A024",73,74.16,66.53,82.41,12.563,-3.295,-3.295
"A024",74,74.63,66.5,82.29,13.64,-3.646,-3.646
"A024",75,74.85,67.27,83.14,12.982,-2.509,-2.509
"A024",76,75.04,67.21,82.92,12.629,-2.844,-2.844
"A024",77,74.66,66.64,83,12.563,-2.883,-2.883
"A024",78,74.28,66.11,82.7,13.329,-3.273,-3.273
"A024",79,75.76,66.23,83.08,13.481,-3.499,-3.499
"A024",80,75.65,66.36,82.31,13.844,-4.151,-4.151
"A024",81,74.3,66.36,81.85,13.307,-4,-4
"A024",82,74.88,66.36,82.43,12.694,-3.686,-3.686
"A024",83,75.02,66.38,83.15,12.48,-3.015,-3.015
"A024",84,74,66.29,83.58,11.488,-2.171,-2.171
"A024",85,74.44,66.22,82.9,13.326,-3.089,-3.089
"A024",86,75.51,65.63,83.4,12.711,-3.361,-3.361
"A024",87,74.38,65.46,82.71,13.425,-3.628,-3.628
"A024",88,75.2,65.63,83.16,13.064,-3.459,-3.459
"A024",89,75.53,64.78,83.33,14.035,-3.868,-3.868
"A024",90,75.49,64.79,82.92,13.137,-4.249,-4.249
"A024",91,75.88,65,82.56,14.235,-4.687,-4.687
"A024",92,74.8,65.16,81.49,14.458,-5.182,-5.182
"A024",93,75.01,64.8,81.97,13.744,-4.975,-4.975
"A024",94,74.81,64.34,82.82,13.368,-4.256,-4.256
"A024",95,75.76,64.05,83.6,13.4,-4.067,-4.067
"A024",96,75.37,64.13,83.14,13.749,-4.296,-4.296
"A024",97,75.91,63.52,83.27,14.564,-4.728,-4.728
"A024",98,76.43,63.16,84.26,12.971,-4.154,-4.154
"A024",99,76.04,62.54,85.01,13.595,-3.532,-3.532
"A024",100,75.5,62.84,84.68,13.171,-3.447,-3.447
"A024",101,74.24,61.39,84.97,13.304,-3.234,-3.234
"A024",102,73.93,61.45,84.31,12.337,-3.722,-3.722
"A024",103,74.17,62.13,83.68,13.617,-4.137,-4.137
"A024",104,73.81,62.22,84.19,12.824,-3.418,-3.418
"A024",105,74.12,61.34,84.79,12.729,-3.38,-3.38
"A024",106,75.07,61.8,84.57,13.167,-3.859,-3.859
"A024",107,75.06,61.33,84.41,14.027,-4.232,-4.232
"A024",108,75.82,62.16,84.18,13.651,-4.439,-4.439
"A024",109,75.91,61.13,84.44,13.723,-4.712,-4.712
"A024",110,76.78,60.47,84.89,14.406,-5.007,-5.007
"A024",111,76.26,60.25,84.95,14.258,-4.788,-4.788
"A024",112,75.68,59.68,85.44,13.202,-4.284,-4.284
"A024",113,75.59,60.26,84.57,13.641,-4.833,-4.833
"A024",114,75.28,60.68,85.02,13.306,-4.042,-4.042
"A024",115,74.88,61.02,84.19,13.537,-4.505,-4.505
"A024",116,75.31,60.35,86.09,13.163,-3.131,-3.131
"A024",117,76.02,59.81,86.23,12.665,-3.595,NA
"A024",118,76.46,60.52,86.53,12.518,-3.183,NA
"A024",119,76.35,60.58,86.04,12.419,-3.592,NA
"A024",120,77.34,59.4,86.42,13.228,-4.264,NA
"A024",121,77.5,58.72,87.21,12.602,-3.872,NA
"A024",122,76.29,57.75,87.12,13.584,-3.804,NA
"A024",123,76.42,57.35,87.33,13.649,-3.842,NA
"A024",124,76.78,57.17,88,14.258,-3.447,NA
"A024",125,76.98,57.46,87.07,13.524,-4.339,NA
"A024",126,78.44,58.12,86.97,14.744,-4.87,NA
"A024",127,78.6,58.46,87.22,14.067,-4.542,NA
"A024",128,78.43,58.36,88.91,12.88,-2.811,NA
"A024",129,78.86,57.82,89.25,13.299,-2.946,NA
"A024",130,78.8,57.8,88.89,12.546,-3.286,NA
"A024",131,78.91,57.57,88.08,13.259,-4.259,NA
"A024",132,78.82,57.91,88.14,13.157,-3.999,NA
"A024",133,79.59,58.46,87.59,13.675,-4.661,NA
"A024",134,80.7,59.01,89.14,12.98,-3.401,NA
"A024",135,80.53,58.26,89.53,12.257,-3.299,NA
"A024",136,80.63,56.98,91.03,12.395,-2.463,NA
"A024",137,80.92,56.35,90.75,12.175,-3.194,NA
"A024",138,82.4,56.64,91.89,13.028,-2.674,NA
"A024",139,81.19,55.87,91.87,12.813,-2.445,NA
"A024",140,82.03,56.25,92.82,12.317,-1.74,NA
"A024",141,81.21,56.34,92.52,12.371,-1.578,NA
"A024",142,81.71,55.68,93.12,11.677,-1.549,NA
"A024",143,81.93,55.85,93.55,11.527,-1.15,NA
"A024",144,82.12,56.05,93.28,12.078,-1.423,NA
"A024",145,82.06,57.13,92.89,11.551,-1.263,NA
"A024",146,81.81,57.64,92.75,11.628,-1.023,NA
"A024",147,80.9,57.54,93.26,10.769,-0.106,NA
"A024",148,81.06,56.51,94.12,10.72,0.178,NA
"A024",149,80.85,55.89,93.69,12.039,-0.433,NA
"A024",150,80.8,55.71,93.39,11.621,-0.801,NA
"A024",151,80.67,56.15,92.58,12.621,-1.329,NA
"A024",152,81.18,55.83,93.57,11.642,-0.747,NA
"A024",153,81.35,55.83,94.68,10.799,0.272,NA
"A024",154,81.54,55.78,95.05,11.271,0.512,NA
"A024",155,80.12,55.35,93.73,11.038,-0.271,NA
"A024",156,80.29,55.07,93.14,11.431,-1.075,NA
"A024",157,79.41,55.07,91.48,12.646,-2.279,NA
"A024",158,79.94,55.71,91.08,12.681,-2.664,NA
"A024",159,80.1,55.61,90.88,13.007,-2.985,NA
"A024",160,80.27,54.7,92.1,12.597,-2.28,NA
"A024",161,81.2,55.11,92.36,12.441,-2.309,NA
"A024",162,80.81,54.18,92.53,12.179,-2.363,NA
"A024",163,80.2,53.76,91.96,12.248,-2.806,NA
"A024",164,80.82,52.9,92.63,12.767,-2.851,NA
"A024",165,81.18,52.46,94.3,12.23,-1.568,NA
"A024",166,80.64,51.89,94.23,11.766,-1.607,NA
"A024",167,80.97,52.77,92.95,13.305,-2.669,NA
"A024",168,81.52,52.88,94.33,11.612,-1.538,NA
"A024",169,81.72,52.28,94.72,12.652,-1.522,NA
"A024",170,81.89,52.13,94.5,12.483,-1.891,NA
"A024",171,81.54,51.47,93.85,13.112,-2.65,NA
"A024",172,81.88,50.15,94.93,12.82,-2.34,NA
"A024",173,81.73,50.4,95.03,12.538,-2.042,NA
"A024",174,82.66,50.17,95.1,12.321,-2.58,NA
"A024",175,82.61,50.31,95.76,12.205,-1.831,NA
"A024",176,82.08,50.65,94.38,12.377,-2.781,NA
"A024",177,82.02,50.04,94.5,12.846,-2.885,NA
"A024",178,81.28,49.82,94.63,12.593,-2.457,NA
"A024",179,81.59,48.56,95.09,12.405,-2.707,NA
"A024",180,82.07,49.17,95.14,12.331,-2.655,NA
"A024",181,82.33,48.21,96.31,11.813,-2.029,NA
"A024",182,82.28,48.32,95.81,12.701,-2.461,NA
"A024",183,82.02,48.64,96.1,12.168,-1.897,NA
"A024",184,82.56,48.04,97.25,11.439,-1.291,NA
"A024",185,83.09,47.22,97.55,11.966,-1.63,NA
"A024",186,83.82,47.15,97.42,11.875,-2.183,NA
"A024",187,83.92,47.78,96.86,12.193,-2.521,NA
"A024",188,83.11,48.26,96.04,12.78,-2.709,NA
"A024",189,82.6,48.57,96.05,12.145,-2.284,NA
"A024",190,83.46,48.98,95.65,13.091,-2.971,NA
"A024",191,83.56,49.53,96.13,12.529,-2.308,NA
"A024",192,83.27,49.67,96.35,12.571,-1.872,NA
"A024",193,82.88,48.42,96.23,12.142,-2.321,NA
"A024",194,82.65,48.68,95.29,12.766,-3.025,NA
"A024",195,83.02,49.19,95.66,12.57,-2.639,NA
"A024",196,83.75,49.56,96.29,11.604,-2.236,NA
"A024",197,84.23,49.08,97.37,11.982,-1.627,NA
"A024",198,84.53,50.03,97.27,11.734,-1.465,NA
"A024",199,84.83,49.39,98.4,12.131,-0.787,NA
"A024",200,85.15,49.26,99.03,10.985,-0.384,NA
"A024",201,85.27,50.03,97.8,12.57,-1.346,NA
"A024",202,86.37,49.58,99.11,11.394,-0.821,NA
"A024",203,86.05,49.57,98.56,12.267,-1.2,NA
"A024",204,86.14,48.57,98.5,11.873,-1.749,NA
"A024",205,86.37,49.42,98.14,11.867,-1.866,NA
"A024",206,86.62,48.94,100.05,11.788,-0.298,NA
"A024",207,86.68,47.83,98.97,12.423,-1.891,NA
"A024",208,86.49,48.41,98.59,11.989,-1.926,NA
"A024",209,86.53,48.32,99.17,11.591,-1.399,NA
"A024",210,87.24,47.79,99.57,11.694,-1.616,NA
"A024",211,86.68,47.87,98.69,12.734,-2.156,NA
"A024",212,86.47,47.85,98.44,12.831,-2.299,NA
"A024",213,86.73,46.92,99.38,11.904,-1.91,NA
"A024",214,86.91,46.64,100.1,12.325,-1.402,NA
"A024",215,86.57,45.79,99.93,11.877,-1.746,NA
"A024",216,87.77,46.26,100.21,11.946,-1.924,NA
"A024",217,88.04,46.44,99.3,12.658,-2.906,NA
"A024",218,88.46,45.7,99.05,13.374,-3.698,NA
"A024",219,88.75,45.48,99.05,13.851,-3.952,NA
"A024",220,88.56,45.3,97.91,14.72,-5.062,NA
"A024",221,88.94,45.02,97.9,14.683,-5.4,NA
"A024",222,88.64,45.26,98.97,13.486,-4.06,NA
"A024",223,89.27,44.53,100.45,13.031,-3.237,NA
"A024",224,88.91,44.26,99.39,13.622,-4.212,NA
"A024",225,89.05,42.94,100.61,12.346,-3.623,NA
"A024",226,89.34,42.87,101.27,12.817,-3.141,NA
"A024",227,89.49,42.92,100.79,13.368,-3.687,NA
"A024",228,88.63,42.43,100.69,12.395,-3.517,NA
"A024",229,88.35,41.73,100.91,13.054,-3.431,NA
"A024",230,89.28,41.97,101.65,12.415,-3.102,NA
"A024",231,88.19,42.52,100.72,13.118,-3.207,NA
"A024",232,87.94,43.02,100.34,12.75,-3.25,NA
"A024",233,86.94,43.27,99.68,12.271,-3.256,NA
"A024",234,86.77,43.95,98.6,13.332,-3.958,NA
"A024",235,87.46,43.73,98.09,15.056,-4.94,NA
"A024",236,87.67,43.88,97.69,14.062,-5.393,NA
"A024",237,87.87,43.85,97.71,14.157,-5.491,NA
"A024",238,87.8,43.69,98.11,14.519,-5.128,NA
"A024",239,88.05,42.96,98.65,13.627,-5.027,NA
"A024",240,87.3,43.82,97.1,15.22,-5.809,NA
"A024",241,88.3,42.81,99.56,13.483,-4.311,NA
"A024",242,88.46,43.42,99.3,14.208,-4.411,NA
"A024",243,88.26,42.72,99.73,12.985,-4.153,NA
"A024",244,89.45,42.65,100.49,13.831,-4.077,NA
"A024",245,90.02,42.5,100.62,13.367,-4.325,NA
"A024",246,89.84,42.42,100.42,14.299,-4.453,NA
"A024",247,89.7,41.92,100.72,13.745,-4.288,NA
"A024",248,89.58,41.03,100.94,12.792,-4.367,NA
"A024",249,89.92,41,101.72,13.137,-3.787,NA
"A024",250,89.3,40.77,101.49,13.376,-3.767,NA
"A024",251,88.85,40.16,102.38,13.297,-2.876,NA
"A024",252,90.9,40.28,104.26,12.47,-2.073,NA
"A024",253,90.33,40.43,104.95,11.762,-1.018,NA
"A024",254,89.64,41.09,105.33,12.197,0.01,NA
"A024",255,88.69,41.56,104.34,11.671,-0.263,NA
"A024",256,88.28,42.57,103.46,11.584,-0.497,NA
"A024",257,88.22,41.37,104,11.925,-0.418,NA
"A024",258,89.33,41.39,104.38,12.387,-0.643,NA
"A024",259,89.62,41.07,104.72,11.715,-0.591,NA
"A024",260,90.29,39.82,104.91,12.114,-1.284,NA
"A024",261,90.61,39.98,105.37,11.123,-0.93,NA
"A024",262,90.29,40.09,105.23,10.939,-0.847,NA
"A024",263,90.18,39.45,105.04,11.861,-1.241,NA
"A024",264,89.92,39.29,105.56,11.587,-0.65,NA
"A024",265,89.7,39.92,105.22,10.839,-0.605,NA
"A024",266,89.71,40.71,104.95,12.426,-0.555,NA
"A024",267,90.79,39.57,106.05,11.638,-0.523,NA
"A024",268,90.94,39.31,106.26,11.275,-0.494,NA
"A024",269,91.32,40.07,106.94,11.252,0.283,NA
"A024",270,91.63,38.95,107.38,10.926,0.094,NA
"A024",271,91.39,38.15,106.48,11.726,-0.996,NA
"A024",272,92.64,38.34,106.42,11.515,-1.665,NA
"A024",273,92.17,37.51,105.36,12.751,-2.801,NA
"A024",274,92.8,37.22,106.68,11.956,-1.952,NA
"A024",275,92.74,37.06,106.54,12.366,-2.121,NA
"A024",276,93.91,36.57,108.58,12.065,-0.919,NA
"A024",277,92.94,37.31,107.68,12.319,-0.985,NA
"A024",278,92.68,37.5,108.1,11.185,-0.347,NA
"A024",279,91.86,37.68,106.47,12.133,-1.454,NA
"A024",280,92.69,37.95,106.74,11.988,-1.537,NA
"A024",281,93.04,37.17,106.13,12.962,-2.648,NA
"A024",282,93.77,37.05,105.41,13.317,-3.82,NA
"A024",283,93.36,36.4,105.64,12.497,-3.636,NA
"A024",284,92.49,35.6,106.45,12.623,-2.667,NA
"A024",285,93.88,35.98,108.54,11.402,-1.187,NA
"A024",286,94.32,35.51,108.93,12.176,-1.225,NA
"A024",287,94.73,35.25,109.49,12.174,-0.993,NA
"A024",288,94.88,35.04,108.89,12.506,-1.766,NA
"A024",289,95.35,35.46,108.36,12.198,-2.385,NA
"A024",290,94.99,35.63,107.96,12.946,-2.513,NA
"A024",291,94.55,35.72,107.23,12.568,-2.97,NA
"A025",1,84.59,52.98,92.83,16.41,-4.616,-4.616
"A025",2,83.99,53.83,91.51,17.316,-5.211,-5.211
"A025",3,82.87,53.86,90.27,17.433,-5.856,-5.856
"A025",4,82.89,54.83,90.4,17.016,-5.284,-5.284
"A025",5,83.5,55.02,90.86,16.849,-5.048,-5.048
"A025",6,82.71,54.46,90.82,16.235,-4.944,-4.944
"A025",7,81.55,54.72,89.9,17.039,-5.134,-5.134
"A025",8,81.53,54.39,90.97,16.38,-4.204,-4.204
"A025",9,82.22,53.98,91.74,15.736,-3.986,-3.986
"A025",10,81.58,55.12,90.84,15.56,-4.022,-4.022
"A025",11,81.82,55.05,90.94,16.783,-4.083,-4.083
"A025",12,82.51,54.48,91.64,15.883,-4.011,-4.011
"A025",13,81.68,54.61,90.86,16.272,-4.291,-4.291
"A025",14,81.23,54.79,90.34,16.725,-4.493,-4.493
"A025",15,81.36,54.9,90.04,16.577,-4.81,-4.81
"A025",16,81.69,54.12,89.41,17.175,-5.982,-5.982
"A025",17,81.97,55.7,88.93,17.989,-5.868,-5.868
"A025",18,81.82,56.25,89.49,16.992,-4.965,-4.965
"A025",19,82.24,55.8,90.12,16.686,-4.762,-4.762
"A025",20,82.18,54.62,89.87,16.783,-5.538,-5.538
"A025",21,80.75,53.58,88.67,17.471,-6.47,-6.47
"A025",22,81.26,53.55,88.85,17.127,-6.576,-6.576
"A025",23,80.31,53.96,88.54,17.576,-6.193,-6.193
"A025",24,80.13,53.35,88.79,17.342,-6.124,-6.124
"A025",25,81.19,53.25,89.05,17.834,-6.477,-6.477
"A025",26,81.04,53.51,89.01,17.349,-6.316,-6.316
"A025",27,81.28,54.24,89.53,16.37,-5.592,-5.592
"A025",28,82.49,54.15,91.13,17.252,-4.663,-4.663
"A025",29,81.6,54.63,89.4,16.831,-5.701,-5.701
"A025",30,81.32,55.67,88.53,16.657,-5.944,-5.944
"A025",31,82.53,56.76,88.88,16.318,-5.69,-5.69
"A025",32,83.46,57.02,89.26,17.13,-5.652,-5.652
"A025",33,83.95,57.53,89.18,17.174,-5.73,-5.73
"A025",34,83.78,58.64,88.66,17.063,-5.597,-5.597
"A025",35,83.77,58.26,88.82,17.036,-5.636,-5.636
"A025",36,82.73,57.64,89.18,17.372,-5.059,-5.059
"A025",37,82.39,56.81,89.16,15.772,-5.317,-5.317
"A025",38,82.08,56.85,90.03,15.914,-4.27,-4.27
"A025",39,83.06,57.31,90.94,16.444,-3.625,-3.625
"A025",40,83.06,56.69,92,15.086,-2.874,-2.874
"A025",41,82.19,56.45,90.83,15.781,-3.713,-3.713
"A025",42,83.12,56.87,90.64,16.27,-4.172,-4.172
"A025",43,82.37,57.11,90.11,16.273,-4.205,-4.205
"A025",44,82.76,56.13,90.91,15.87,-4.085,-4.085
"A025",45,83.81,56.1,89.86,16.385,-5.681,-5.681
"A025",46,83.82,56.25,88.69,17.738,-6.792,-6.792
"A025",47,83.51,56.63,87.71,18.189,-7.423,-7.423
"A025",48,84.25,56.35,89,17.191,-6.659,-6.659
"A025",49,84.4,56.11,89.28,17.577,-6.563,-6.563
"A025",50,83.89,56.49,88.88,17.56,-6.519,-6.519
"A025",51,83.88,56.06,89.13,17.67,-6.469,-6.469
"A025",52,84.22,56.58,90.29,17.159,-5.229,-5.229
"A025",53,83.87,56.51,90.15,17.202,-5.23,-5.23
"A025",54,83.29,56.49,89.98,16.832,-5.113,-5.113
"A025",55,82.28,56.14,89.6,17.117,-5.144,-5.144
"A025",56,82.82,55.83,89.4,16.954,-5.767,-5.767
"A025",57,83.42,55.55,90.18,16.815,-5.429,-5.429
"A025",58,84.11,55.95,91.26,16.931,-4.517,-4.517
"A025",59,82.82,55,90.92,16.521,-4.639,-4.639
"A025",60,83.54,54.95,92,16.575,-3.966,-3.966
"A025",61,83.71,54.11,91.8,16.299,-4.646,-4.646
"A025",62,83.28,54.3,91.79,16.42,-4.343,-4.343
"A025",63,84.34,54.37,92.09,16.466,-4.57,-4.57
"A025",64,83.1,54.55,91.68,16.282,-4.244,-4.244
"A025",65,82.78,54.6,91.75,15.543,-3.981,-3.981
"A025",66,83.16,55.36,92.64,15.634,-2.925,-2.925
"A025",67,83.99,54.7,92.33,16.059,-3.986,-3.986
"A025",68,84.99,54.94,93.38,15.359,-3.338,-3.338
"A025",69,85.11,54.82,92.35,15.903,-4.494,-4.494
"A025",70,85.52,54.96,92.14,17.122,-4.853,-4.853
"A025",71,84.72,54.94,92.03,15.925,-4.556,-4.556
"A025",72,86.11,55.28,92.09,16.81,-5.053,-5.053
"A025",73,86.09,55.4,92.3,16.105,-4.771,-4.771
"A025",74,86.52,54.99,93.37,16.018,-4.127,-4.127
"A025",75,86.73,54.17,94.34,16.2,-3.664,-3.664
"A025",76,86.52,54.95,93.58,15.971,-3.942,-3.942
"A025",77,86.72,54.95,93.79,16.185,-3.831,-3.831
"A025",78,87.25,55.75,94.08,14.947,-3.422,-3.422
"A025",79,86.93,55.25,93.7,16.792,-3.887,-3.887
"A025",80,86.15,55.14,93.05,16.038,-4.186,-4.186
"A025",81,86.33,55.58,93.24,15.739,-3.871,-3.871
"A025",82,86.79,56.11,93.51,15.592,-3.577,-3.577
"A025",83,86.92,55.9,93.79,15.481,-3.466,-3.466
"A025",84,86.46,55.4,93.61,15.844,-3.657,-3.657
"A025",85,86.21,55.48,93.45,15.844,-3.643,-3.643
"A025",86,86.98,54.81,94.77,15.019,-3.057,-3.057
"A025",87,87.06,54.65,94.17,15.304,-3.782,-3.782
"A025",88,87.19,55.69,95.05,15.677,-2.455,-2.455
"A025",89,87.81,55.83,94.89,14.974,-2.868,-2.868
"A025",90,86.91,55.92,94.36,15.445,-2.877,-2.877
"A025",91,86.49,56,93.31,15.447,-3.674,-3.674
"A025",92,86.3,56.41,92.21,16.281,-4.476,-4.476
"A025",93,87.16,55.3,92.88,16.587,-4.796,-4.796
"A025",94,87,56,92.32,17.29,-4.928,-4.928
"A025",95,85.79,55.4,92.14,16.82,-4.775,-4.775
"A025",96,85.42,54.57,92.39,15.947,-4.734,-4.734
"A025",97,85.89,54.83,92.63,16.432,-4.617,-4.617
"A025",98,85.53,55.76,91.49,16.467,-5.119,-5.119
"A025",99,86.64,55.47,92.6,16.27,-4.731,-4.731
"A025",100,86.15,54.2,92.83,16.103,-4.857,-4.857
"A025",101,85.27,54.7,91.75,17.217,-5.236,-5.236
"A025",102,86.09,54.62,92.79,16.306,-4.668,-4.668
"A025",103,85.97,53.87,91.98,16.481,-5.765,-5.765
"A025",104,86.44,54.72,92.19,16.275,-5.4,-5.4
"A025",105,86.11,55.01,91.71,17.481,-5.56,-5.56
"A025",106,85.16,55.14,91.03,17.236,-5.679,-5.679
"A025",107,85.48,54.37,91.74,17.246,-5.514,-5.514
"A025",108,85.72,54.75,90.81,17.306,-6.389,-6.389
"A025",109,85.97,54.33,91.65,17.13,-5.878,-5.878
"A025",110,86.76,53.83,92.64,16.94,-5.546,-5.546
"A025",111,86.99,53.35,93.79,16.829,-4.749,-4.749
"A025",112,87.21,53.63,94.24,16.441,-4.283,NA
"A025",113,87.42,54.23,94.76,15.947,-3.586,NA
"A025",114,88.27,53.28,95.82,14.818,-3.428,NA
"A025",115,87.61,52.76,95.13,16.42,-4.014,NA
"A025",116,87.72,52.77,95.31,16.444,-3.893,NA
"A025",117,88.1,53.48,95,15.248,-4.065,NA
"A025",118,88.53,52.14,96.1,16.375,-3.832,NA
"A025",119,88.13,51.89,96.49,15.466,-3.342,NA
"A025",120,88.19,52.97,96.04,15.186,-3.317,NA
"A025",121,88.1,52.8,96.9,15.221,-2.484,NA
"A025",122,88.44,52.49,96.58,15.905,-3.137,NA
"A025",123,88.81,53.1,97.25,15.334,-2.381,NA
"A025",124,88.75,54.2,95.65,15.6,-3.403,NA
"A025",125,88.5,54.48,96.27,15.258,-2.525,NA
"A025",126,87.48,53.96,95.98,15.131,-2.519,NA
"A025",127,88.89,54.04,96.21,15.536,-2.999,NA
"A025",128,88.19,54.95,96.8,14.809,-1.594,NA
"A025",129,87.84,53.65,98.17,13.836,-0.675,NA
"A025",130,87.2,54.46,97.31,14.018,-0.806,NA
"A025",131,88,55.25,97.53,14.556,-0.617,NA
"A025",132,88.59,55.95,96.92,13.748,-1.184,NA
"A025",133,88.21,55.77,96.1,14.346,-1.891,NA
"A025",134,88.55,55.67,96.3,14.465,-1.925,NA
"A025",135,87.46,55.63,95.11,15.618,-2.563,NA
"A025",136,87.54,55.74,94.45,14.848,-3.211,NA
"A025",137,87.45,54.64,95.91,14.552,-2.247,NA
"A025",138,86.79,54.43,97.08,13.474,-0.833,NA
"A025",139,86.49,54.2,97.25,13.174,-0.613,NA
"A025",140,86.57,53.78,96.53,14.387,-1.581,NA
"A025",141,86.24,54.76,94.28,15.528,-3.184,NA
"A025",142,86.08,54.43,93.99,15.857,-3.55,NA
"A025",143,87.03,54.9,93.87,16.058,-3.942,NA
"A025",144,87.46,55.63,92.62,17.418,-5.048,NA
"A025",145,87.58,55.37,92.64,17.108,-5.222,NA
"A025",146,87.29,54.63,93.97,16.348,-4.108,NA
"A025",147,87.71,53.19,95.02,16.16,-3.972,NA
"A025",148,87.87,52.52,95.29,16.016,-4.105,NA
"A025",149,88.13,53.13,95.02,16.374,-4.224,NA
"A025",150,87.36,53.64,92.86,16.744,-5.732,NA
"A025",151,86.87,53.29,92.2,16.861,-6.297,NA
"A025",152,87.42,54.21,90.97,17.299,-7.384,NA
"A025",153,87.82,53.97,91.45,17.723,-7.233,NA
"A025",154,87.91,52.97,93.56,17.218,-5.648,NA
"A025",155,88.34,53.92,93.76,16.95,-5.222,NA
"A025",156,87.41,52.54,94.12,16.512,-5.018,NA
"A025",157,87.09,52.59,94.05,16.675,-4.896,NA
"A025",158,88.52,54.46,93.76,16.875,-5.052,NA
"A025",159,88.38,54.14,94.01,16.252,-4.877,NA
"A025",160,88.74,54.48,93.98,16.203,-4.937,NA
"A025",161,89.24,54.33,95.51,16.072,-3.744,NA
"A025",162,88.28,54.54,94.49,15.659,-4.161,NA
"A025",163,88.16,53.91,94.66,15.441,-4.233,NA
"A025",164,88.37,54.97,93.92,16.679,-4.557,NA
"A025",165,87.63,54.88,93.94,15.935,-4.199,NA
"A025",166,86.55,55.34,91.41,17.306,-5.927,NA
"A025",167,87.36,56.56,91.33,16.857,-5.823,NA
"A025",168,88,56.93,91.2,17.495,-6.089,NA
"A025",169,88.93,56.96,91.47,17.158,-6.284,NA
"A025",170,89.6,56.23,93.06,16.991,-5.426,NA
"A025",171,89.5,57.45,91.96,16.924,-5.836,NA
"A025",172,89.76,57.04,92.69,16.897,-5.454,NA
"A025",173,88.8,57.06,91.44,17.429,-6.196,NA
"A025",174,89.08,57.25,91.42,17.571,-6.267,NA
"A025",175,90.53,57.48,91.52,17.792,-6.798,NA
"A025",176,90.36,57.78,90.72,18.528,-7.354,NA
"A025",177,91.01,58.16,90.68,19.164,-7.529,NA
"A025",178,89.8,58.13,90.22,18.137,-7.372,NA
"A025",179,89.35,58.43,90.25,17.181,-6.946,NA
"A025",180,89.88,57.51,91.83,17.536,-6.131,NA
"A025",181,88.95,57.24,91.68,16.664,-5.945,NA
"A025",182,89.14,56.46,92.51,16.984,-5.622,NA
"A025",183,88.94,56.95,91.57,17.814,-6.204,NA
"A025",184,89.09,56.11,91.76,17.235,-6.524,NA
"A025",185,89.52,56.09,92.48,17.598,-6.044,NA
"A025",186,89.22,56.02,91.88,17.483,-6.515,NA
"A025",187,89.47,56.78,92.93,16.748,-5.202,NA
"A025",188,89.47,55.92,93.43,15.775,-5.148,NA
"A025",189,88.99,55.61,94.08,16.954,-4.406,NA
"A025",190,89.29,55.14,94.29,16.715,-4.587,NA
"A025",191,87.33,55.63,93.51,16.338,-4.094,NA
"A025",192,88.33,55.69,94.72,16.545,-3.382,NA
"A025",193,89.16,56.52,94.72,15.464,-3.39,NA
"A025",194,90.33,55.87,95.85,16.044,-3.206,NA
"A025",195,89.62,55.68,95.51,15.504,-3.271,NA
"A025",196,89.95,55.07,96.47,15.515,-2.793,NA
"A025",197,90,55.3,97.13,14.563,-2.047,NA
"A025",198,90.78,54.49,98.05,15.057,-1.946,NA
"A025",199,90.68,55.38,96.49,14.662,-3.014,NA
"A025",200,89.8,56.4,94.48,15.7,-4.023,NA
"A025",201,88.97,55.57,93.72,16.907,-4.775,NA
"A025",202,89.17,55.18,95.95,15.197,-2.845,NA
"A025",203,89.38,55.41,94.99,16.367,-3.8,NA
"A025",204,88.92,55.77,94.31,16.06,-4.051,NA
"A025",205,89.65,57.22,93.57,16.086,-4.429,NA
"A025",206,89,57.95,92.55,16.766,-4.723,NA
"A025",207,89.62,57.71,92.66,16.179,-5.063,NA
"A025",208,90.44,56.8,93.28,16.834,-5.353,NA
"A025",209,90.77,56.26,94.32,16.576,-4.768,NA
"A025",210,90.77,55.9,94.84,16.575,-4.441,NA
"A025",211,90.58,55.72,94.32,15.666,-4.948,NA
"A025",212,89.91,56.16,94.03,16.167,-4.662,NA
"A025",213,90.79,55.55,95.7,15.141,-3.77,NA
"A025",214,91.4,55.86,95.82,16.378,-3.82,NA
"A025",215,89.38,55.68,94.41,16.247,-4.245,NA
"A025",216,89.07,55.47,93.95,16.274,-4.641,NA
"A025",217,89.08,55.16,94.74,16.054,-4.02,NA
"A025",218,89.46,54.2,95.55,16.065,-3.887,NA
"A025",219,89.55,54.14,95.41,16.007,-4.104,NA
"A025",220,90.12,55.12,95.37,15.879,-3.959,NA
"A025",221,89.66,55.11,95.89,14.994,-3.201,NA
"A025",222,89.86,55.18,95.58,15.577,-3.587,NA
"A025",223,90.06,54.96,96.75,15.186,-2.634,NA
"A025",224,89.89,55.15,96.78,15.752,-2.421,NA
"A025",225,90.68,55.22,97.58,14.996,-1.996,NA
"A025",226,91.11,55.86,98.26,14.726,-1.219,NA
"A025",227,90.68,55.19,97.83,14.749,-1.762,NA
"A025",228,89.36,54.09,97.55,14.79,-1.883,NA
"A025",229,89.41,53.17,98.41,15.097,-1.5,NA
"A025",230,88.8,53.01,97.7,15.211,-1.958,NA
"A025",231,88.83,53.47,96.81,15.399,-2.651,NA
"A025",232,89.74,52.88,97.77,15.734,-2.459,NA
"A025",233,90.17,54.49,98.28,14.349,-1.392,NA
"A025",234,90.98,54.54,98.39,13.981,-1.69,NA
"A025",235,91.53,53.41,99.51,14.462,-1.424,NA
"A025",236,91.11,52.86,98.96,13.995,-2.009,NA
"A025",237,91.67,52.53,99.47,14.938,-1.967,NA
"A025",238,92.29,53.69,98.45,15.636,-2.758,NA
"A025",239,92.8,54.31,97.75,15.742,-3.429,NA
"A025",240,92.29,54.71,97.15,15.036,-3.544,NA
"A025",241,92.8,54.85,97.62,15.12,-3.284,NA
"A025",242,91.67,54.5,97.65,15.349,-2.825,NA
"A025",243,92.33,54.64,98.5,15.031,-2.259,NA
"A025",244,92.41,53.79,98.07,15.382,-3.146,NA
"A025",245,91.62,54.15,97.48,15.612,-3.145,NA
"A025",246,91.88,54.03,97.78,16.044,-3.044,NA
"A025",247,91.33,55.1,96.36,16.426,-3.622,NA
"A025",248,91.76,54.22,97.79,15.235,-2.872,NA
"A025",249,91.45,53.28,96.95,16.637,-4.003,NA
"A025",250,91.45,52.78,96.8,16.614,-4.387,NA
"A025",251,91.77,53.37,97.34,15.271,-3.741,NA
"A025",252,92.79,53.03,97.7,16.071,-4.106,NA
"A025",253,91.34,54.27,95.33,16.923,-5.075,NA
"A025",254,91.8,53.06,96.26,16.766,-4.983,NA
"A025",255,91.48,52.76,96.68,15.77,-4.54,NA
"A025",256,90.86,53.01,96.58,16.06,-4.179,NA
"A025",257,90.84,53.69,95.48,16.003,-4.936,NA
"A025",258,91.04,53.8,95.67,16.64,-4.808,NA
"A025",259,90.24,54.21,95.35,16.467,-4.499,NA
"A025",260,90.06,54.75,95.65,16.5,-3.836,NA
"A025",261,90.56,54.01,96.74,15.147,-3.38,NA
"A025",262,90.46,54.44,96.35,16.263,-3.501,NA
"A025",263,91.12,54.26,96.52,16.133,-3.779,NA
"A025",264,91.84,55.16,96.07,16.105,-4.156,NA
"A025",265,91.25,55.11,94.48,16.515,-5.456,NA
"A025",266,91.52,55.54,95.63,16.101,-4.235,NA
"A025",267,91.38,55.27,95.02,16.172,-4.912,NA
"A025",268,91.56,56,94.75,16.697,-4.899,NA
"A025",269,91.87,55.63,94.83,16.903,-5.173,NA
"A025",270,91.99,55.6,95.12,16.403,-4.962,NA
"A025",271,91.56,54.85,95.18,16.847,-5.058,NA
"A025",272,90.88,55.02,95.13,16.766,-4.655,NA
"A025",273,90.34,54.24,95.71,16.72,-4.18,NA
"A025",274,91.09,54.31,95.76,16.75,-4.492,NA
"A025",275,91.24,54.29,95,16.985,-5.349,NA
"A025",276,91.75,54.37,95.17,17.085,-5.41,NA
"A025",277,92.53,54.76,95.91,16.707,-4.899,NA
"A025",278,92.04,54.95,95.81,16.637,-4.633,NA
"A025",279,91.43,54.59,96.46,16.136,-3.839,NA
"A025",280,91.88,55.12,97.05,15.211,-3.218,NA
"A025",281,91.65,54.13,97.51,16.067,-3.13,NA
"A025",282,92.68,53.49,97.69,15.691,-3.829,NA
"A025",283,93.19,53.57,98.67,15.633,-3.088,NA
"A025",284,93.78,53.67,99.79,14.915,-2.234,NA
"A025",285,93.91,53.42,99.47,15.717,-2.751,NA
"A025",286,94.25,53.8,99.9,15.327,-2.318,NA
"A025",287,93.62,54.19,99.3,14.839,-2.382,NA
"A025",288,92.91,53.64,99.76,14.594,-1.808,NA
"A025",289,92.16,53.99,99.46,14.156,-1.532,NA
"A025",290,91.09,53.14,99.29,14.547,-1.536,NA
"A025",291,91.09,53.44,99.1,14.273,-1.584,NA
"A025",292,91.94,52.72,99.52,15.263,-1.965,NA
"A025",293,92.46,52.64,99.52,15.198,-2.295,NA
"A025",294,92.75,52.59,100.74,14.336,-1.253,NA
"A025",295,93.52,52.21,100.43,15.059,-2.162,NA
"A025",296,95.14,53.37,100.65,15.291,-2.271,NA
"A025",297,95.13,53.37,101.03,14.707,-1.881,NA
"A025",298,94.27,53.29,100.6,15.538,-1.882,NA
"A025",299,94.54,53.87,100.77,14.404,-1.572,NA
"A025",300,95.03,54.49,100.4,14.763,-1.903,NA
"A025",301,94.61,54.68,100.16,14.287,-1.821,NA
"A025",302,94.92,54.2,99.37,15.4,-3.009,NA
"A025",303,93.82,53.95,98.94,15.772,-2.968,NA
"A025",304,95.16,53.9,98.94,16.405,-3.722,NA
"A026",1,10.46,44.46,22.67,15.34,-9.193,-9.193
"A026",2,10.31,44.64,22.46,14.969,-9.054,-9.054
"A026",3,10.66,43.39,23.96,14.85,-8.906,-8.906
"A026",4,11.61,43.52,25.75,14.875,-8.736,-8.736
"A026",5,11.24,44.63,24.41,14.983,-8.739,-8.739
"A026",6,10.93,44.81,23.76,14.419,-8.737,-8.737
"A026",7,10.89,44.87,23.5,14.113,-8.91,-8.91
"A026",8,11.27,46.52,23.52,14.605,-8.925,-8.925
"A026",9,11.34,46.36,24.69,14.77,-7.931,-7.931
"A026",10,10.89,46.47,24.21,14.522,-7.63,-7.63
"A026",11,9.73,45.79,22.13,14.729,-7.961,-7.961
"A026",12,9.16,46.43,21.03,13.905,-8.005,-8.005
"A026",13,10.26,47.3,22.61,14.364,-8.044,-8.044
"A026",14,10.7,47.3,23.29,14.131,-8.073,-8.073
"A026",15,11.18,47.78,23.9,14.579,-8.207,-8.207
"A026",16,10.3,48.39,21.85,15.147,-8.86,-8.86
"A026",17,10.55,48.2,22.28,14.385,-8.808,-8.808
"A026",18,10.18,47.98,21.48,14.689,-9.021,-9.021
"A026",19,10.41,46.67,22.17,15.533,-8.817,-8.817
"A026",20,10.24,45.88,22.31,14.444,-8.592,-8.592
"A026",21,9.53,46.49,21.6,14.366,-8.003,-8.003
"A026",22,9.8,46.56,22.23,13.795,-7.806,-7.806
"A026",23,10.17,47.04,22.67,14.214,-7.866,-7.866
"A026",24,10.41,46.63,23.83,14.771,-7.169,-7.169
"A026",25,9.8,47.78,21.75,15.281,-8.16,-8.16
"A026",26,8.31,47.79,20,14.317,-7.712,-7.712
"A026",27,9.09,48.42,21.52,13.817,-7.377,-7.377
"A026",28,9.25,48.93,22.32,14.396,-6.897,-6.897
"A026",29,8.83,49.8,22.59,13.177,-6.274,-6.274
"A026",30,9.4,50.29,23.62,12.952,-6.187,-6.187
"A026",31,9.82,50.19,24.64,13.47,-5.723,-5.723
"A026",32,9.77,50.22,24.14,13.335,-6.156,-6.156
"A026",33,10.61,50.13,23.75,14.394,-7.72,-7.72
"A026",34,10.82,50.42,24.99,13.738,-6.844,-6.844
"A026",35,10.85,50.2,25.27,13.583,-6.565,-6.565
"A026",36,11.41,51.35,26.59,14.006,-6.356,-6.356
"A026",37,11.23,52.19,26.32,14.458,-6.695,-6.695
"A026",38,12.59,53.1,27.89,14.33,-7.213,-7.213
"A026",39,12.03,54.08,28.32,14.403,-6.516,-6.516
"A026",40,12.66,54.84,29.56,13.266,-6.33,-6.33
"A026",41,12.92,54.35,29.7,13.932,-6.26,-6.26
"A026",42,12.93,53.01,30.19,12.453,-5.303,-5.303
"A026",43,12.94,51.76,30.38,12.937,-4.764,-4.764
"A026",44,11.29,51.21,27.47,12.919,-5.262,-5.262
"A026",45,10.81,51.71,27.96,12.78,-4.301,-4.301
"A026",46,9.82,51.59,27.73,11.338,-3.191,-3.191
"A026",47,10.55,51.27,27.39,12.451,-4.354,-4.354
"A026",48,10.06,52.05,26.97,12.168,-4.482,-4.482
"A026",49,9.81,52.74,26.66,13.312,-4.847,-4.847
"A026",50,9.44,52.4,25.92,13.344,-4.942,-4.942
"A026",51,9.94,52.09,25.23,13.615,-6.083,-6.083
"A026",52,11.23,52.37,27.03,13.492,-6.066,-6.066
"A026",53,11.42,52.3,26.76,13.807,-6.552,-6.552
"A026",54,12.4,52.69,27.59,14.697,-7.122,-7.122
"A026",55,13.31,51.87,28.73,14.379,-6.943,-6.943
"A026",56,12.72,52.13,27.93,14.308,-7.022,-7.022
"A026",57,12.28,52.3,27.7,13.802,-6.725,-6.725
"A026",58,11.8,52.56,27.79,13.499,-6.115,-6.115
"A026",59,11.91,53.56,28.96,13.335,-5.499,-5.499
"A026",60,12.03,53.24,28.95,13.303,-5.525,-5.525
"A026",61,11.75,53.27,27.88,14.35,-6.261,-6.261
"A026",62,11.42,53.29,28.01,13.499,-5.741,-5.741
"A026",63,10.36,53.99,27.04,13.317,-5.853,-5.853
"A026",64,10.74,54.59,28.74,12.919,-4.926,-4.926
"A026",65,10.57,55.35,29.4,13.188,-4.554,-4.554
"A026",66,10.33,54.69,28.63,13.115,-4.65,-4.65
"A026",67,10.47,55.58,30.29,11.993,-3.717,-3.717
"A026",68,10.6,55.05,28.8,12.99,-5.006,-5.006
"A026",69,10.39,54.69,29.11,12.48,-4.235,-4.235
"A026",70,10.33,54.42,27.61,13.093,-5.502,-5.502
"A026",71,10.56,55.42,28.01,12.871,-5.981,-5.981
"A026",72,10.6,56.58,29.3,12.997,-5.472,-5.472
"A026",73,10.26,57.79,29.49,13.722,-5.773,-5.773
"A026",74,10.73,58.07,29.56,14.096,-6.256,-6.256
"A026",75,11.36,57.67,30.5,13.718,-5.604,-5.604
"A026",76,11.24,57.64,30.4,12.871,-5.579,-5.579
"A026",77,11.14,57.31,30.55,12.638,-5.166,-5.166
"A026",78,10.79,56.9,29.7,13.871,-5.447,-5.447
"A026",79,10.64,56.97,29.69,13.254,-5.366,-5.366
"A026",80,10.13,58.42,30.98,12.977,-4.583,-4.583
"A026",81,10.31,57.7,30.98,12.539,-4.26,-4.26
"A026",82,11.36,57.09,31.2,13.266,-4.564,-4.564
"A026",83,11.73,58.2,32.14,13.068,-4.546,-4.546
"A026",84,11.05,58.6,31.86,13.191,-4.513,-4.513
"A026",85,11.35,58.91,32.86,12.233,-3.912,-3.912
"A026",86,11.79,59.93,33.65,12.533,-3.913,-3.913
"A026",87,11.85,59.65,34.39,11.724,-3.1,-3.1
"A026",88,11.81,60.08,34.19,12.793,-3.451,-3.451
"A026",89,10.14,59.52,32.87,11.559,-3.372,-3.372
"A026",90,10.91,59.12,32.8,12.144,-3.773,-3.773
"A026",91,10.46,60.25,32.99,12.454,-3.857,-3.857
"A026",92,10.8,61.06,33.55,12.012,-3.886,-3.886
"A026",93,10.16,60.26,33.7,11.749,-2.969,-2.969
"A026",94,10.27,60.74,33.11,12.508,-3.873,-3.873
"A026",95,10.74,60.4,32.43,12.479,-4.675,-4.675
"A026",96,10.39,60.99,32.51,12.742,-4.66,-4.66
"A026",97,11.01,60.13,32.25,13.248,-4.903,-4.903
"A026",98,11.43,61.38,32.24,13.375,-5.673,-5.673
"A026",99,12.53,61.59,32.61,13.588,-5.965,-5.965
"A026",100,13.04,61.57,32.68,13.534,-6.153,-6.153
"A026",101,13.17,61.06,33.26,13.186,-5.525,-5.525
"A026",102,13.74,61.84,33.56,13.162,-5.68,-5.68
"A026",103,13.86,62.98,33.64,13.292,-5.739,-5.739
"A026",104,13.7,62.69,33.39,13.702,-5.913,-5.913
"A026",105,13.54,62.54,33.58,13.185,-5.646,-5.646
"A026",106,13.55,62.67,33.6,13.674,-5.637,-5.637
"A026",107,12.75,62.88,33.59,13.161,-5.316,-5.316
"A026",108,12.79,63.32,34.17,13.172,-4.78,-4.78
"A026",109,12.84,62.91,33.77,12.742,-5.181,-5.181
"A026",110,12.59,62.64,32.62,13.97,-6.189,-6.189
"A026",111,13.19,61.7,31.76,14.191,-7.178,-7.178
"A026",112,12.75,62.4,31.81,14.4,-7.033,-7.033
"A026",113,13.86,63.39,31.89,14.125,-7.497,-7.497
"A026",114,12.77,63.49,31.03,13.756,-7.919,-7.919
"A026",115,12.66,64.09,30.71,14.46,-8.196,-8.196
"A026",116,12.96,63.91,31.25,14.298,-7.774,-7.774
"A026",117,13.32,63.23,32.02,13.788,-7.143,-7.143
"A026",118,12.28,63.08,31.78,14.055,-6.947,-6.947
"A026",119,11.52,63.62,31.24,14.401,-7.212,-7.212
"A026",120,11.85,63.62,31.69,13.549,-6.897,-6.897
"A026",121,11.44,64.5,31.31,14.007,-7.143,-7.143
"A026",122,11.32,64.34,32,13.548,-6.411,-6.411
"A026",123,10.62,63.35,30.84,14.818,-7.201,-7.201
"A026",124,11.24,64.65,30.95,13.472,-7.427,-7.427
"A026",125,10.62,64.39,30.54,14.444,-7.608,-7.608
"A026",126,10.33,64.6,30.68,13.693,-7.372,-7.372
"A026",127,11.34,64.69,31.55,13.724,-6.858,-6.858
"A026",128,11.27,64.31,31.74,14.978,-6.647,-6.647
"A026",129,11.98,64.45,31.18,14.293,-7.468,-7.468
"A026",130,12.33,64.64,30.67,14.937,-8.085,-8.085
"A026",131,12.6,64.5,29.77,15.233,-9.085,-9.085
"A026",132,11.85,65.5,30.89,14.328,-7.584,NA
"A026",133,12.49,66.48,32.13,13.247,-6.24,NA
"A026",134,12.31,65.35,31.81,14.329,-6.828,NA
"A026",135,12.86,64.87,31.7,14.376,-7.195,NA
"A026",136,12.91,64.51,31.83,13.428,-7.134,NA
"A026",137,12.28,65.43,31.96,14.486,-6.659,NA
"A026",138,12.92,65.19,33.4,13.699,-5.459,NA
"A026",139,12.76,64.68,33.36,13.271,-5.528,NA
"A026",140,12.92,64.6,32.44,13.88,-6.512,NA
"A026",141,12.5,64.19,33.35,12.727,-5.488,NA
"A026",142,11.52,65.86,31.95,13.37,-6.346,NA
"A026",143,10.47,66.08,30.39,14.566,-7.558,NA
"A026",144,10.51,65.48,30.05,14.686,-8.018,NA
"A026",145,10.82,65.55,30.46,14.686,-7.692,NA
"A026",146,10.44,66.26,30.56,14.194,-7.337,NA
"A026",147,10.33,66.72,30.87,14.581,-6.872,NA
"A026",148,11.13,66.26,30.96,14.15,-7.132,NA
"A026",149,12.05,66.52,31.29,13.944,-6.952,NA
"A026",150,11.65,67.08,30.32,14.213,-7.597,NA
"A026",151,11.29,67.67,30.29,14.009,-7.268,NA
"A026",152,10.33,68.12,29.93,13.736,-7.192,NA
"A026",153,10.87,68.62,30.22,14.21,-6.697,NA
"A026",154,11.61,69.77,29.25,14.563,-6.864,NA
"A026",155,11.49,70.12,29,14.46,-6.765,NA
"A026",156,12.58,69.49,29.61,14.778,-6.873,NA
"A026",157,11.21,69.43,28.4,14.139,-7.951,NA
"A026",158,11.26,69.37,29.38,13.659,-7.034,NA
"A026",159,10.7,69.75,29.73,14.167,-6.279,NA
"A026",160,10.13,69.77,30.05,12.436,-5.879,NA
"A026",161,9.5,69.86,30.49,13.507,-5.274,NA
"A026",162,9.43,70.35,30.33,12.747,-4.991,NA
"A026",163,9.63,70.22,29.66,13.566,-5.806,NA
"A026",164,9.37,70.37,27.7,14.652,-7.599,NA
"A026",165,9.16,70.91,28.32,13.578,-6.435,NA
"A026",166,9.72,71.86,27.54,13.996,-6.186,NA
"A026",167,9.55,72.27,26.97,14.243,-6.241,NA
"A026",168,9.63,72.48,25.58,13.605,-7.359,NA
"A026",169,10.13,73.56,23.36,15.083,-8.067,NA
"A026",170,9.79,73.68,24.03,13.965,-7.214,NA
"A026",171,10.12,74.12,23.79,13.726,-6.766,NA
"A026",172,9.85,73.52,24.64,13.51,-6.846,NA
"A026",173,9.91,74.34,23.54,13.989,-6.674,NA
"A026",174,11.03,74.49,22.79,14.425,-7.164,NA
"A026",175,11.88,74.37,23.27,13.631,-6.893,NA
"A026",176,11.84,75.01,22.37,14.155,-6.708,NA
"A026",177,11.06,75.36,22.1,13.798,-6.376,NA
"A026",178,10.85,75.98,21.68,13.716,-5.677,NA
"A026",179,11.34,75.89,20.89,14.869,-6.607,NA
"A026",180,12.36,75.17,21.58,14.251,-7.209,NA
"A026",181,13.29,75.03,21.9,14.084,-7.158,NA
"A026",182,12.65,75.06,21.35,14.376,-7.651,NA
"A026",183,12.71,74.47,22.07,15.593,-7.933,NA
"A026",184,13.18,74.08,22.61,15.119,-8.045,NA
"A026",185,12.76,74.07,21.72,14.763,-8.951,NA
"A026",186,12.89,74.81,21.35,14.436,-8.079,NA
"A026",187,12.44,74.98,20.72,14.537,-8.42,NA
"A026",188,11.94,73.65,22.29,15.274,-9.028,NA
"A026",189,11.6,73.71,22.33,14.905,-8.877,NA
"A026",190,11.97,73.97,23.05,15.093,-7.761,NA
"A026",191,12.42,73.71,24.7,13.833,-6.534,NA
"A026",192,13.55,74.27,23.44,14.932,-6.928,NA
"A026",193,13.04,74.62,23.06,14.776,-6.688,NA
"A026",194,12.79,74.82,22.11,14.57,-7.31,NA
"A026",195,12.09,75.06,22.47,13.863,-6.516,NA
"A026",196,11.06,75.1,22.85,13.683,-6.066,NA
"A026",197,11.15,75.9,22.77,12.626,-4.719,NA
"A026",198,12.33,75.78,23.25,12.984,-4.45,NA
"A026",199,12.91,75.82,23.52,12.065,-4.128,NA
"A026",200,12.12,76.03,22.85,12.589,-4.393,NA
"A026",201,11.61,75.57,22.79,13.003,-5.299,NA
"A026",202,11.97,76.41,22.38,12.172,-4.143,NA
"A026",203,12.32,75.71,24.9,11.903,-2.924,NA
"A026",204,11.9,76.53,23.29,11.928,-3.007,NA
"A026",205,11.38,77.06,22.02,11.822,-3.281,NA
"A026",206,11.36,75.75,24.94,11.892,-2.815,NA
"A026",207,12.77,76.53,22.42,11.787,-3.888,NA
"A026",208,13.06,76.95,20.56,13.236,-4.948,NA
"A026",209,13.57,76.42,20.95,13.158,-5.583,NA
"A026",210,14.06,76.83,20.47,13.32,-5.29,NA
"A026",211,14.35,76.88,20.25,13.448,-5.446,NA
"A026",212,13.75,76.6,20.21,13.317,-5.996,NA
"A026",213,14.16,77.06,19.78,13.647,-5.556,NA
"A026",214,14.21,76.94,20.16,12.579,-5.395,NA
"A026",215,13.44,78.21,18.21,12.665,-4.823,NA
"A026",216,13.76,78.16,17.82,13.343,-5.334,NA
"A026",217,13.69,77.97,17.87,13.965,-5.668,NA
"A026",218,13.87,78.31,17.51,13.846,-5.353,NA
"A026",219,13.66,78.76,16.64,13.571,-5.306,NA
"A026",220,13.39,78.83,16.81,13.254,-4.986,NA
"A026",221,12.66,79,16.95,12.614,-4.475,NA
"A026",222,12.92,79.14,16.68,12.205,-4.475,NA
"A026",223,12.88,79.3,17.09,12.154,-3.748,NA
"A026",224,12.63,78.85,17.28,13.099,-4.452,NA
"A026",225,13.47,79.12,16.29,13.346,-4.92,NA
"A026",226,13.24,80.77,11.95,13.284,-5.944,NA
"A026",227,12.93,79.69,14.13,13.102,-5.909,NA
"A026",228,12.03,79.78,13.68,13.934,-6.168,NA
"A026",229,13.29,79.15,14.73,14.038,-6.42,NA
"A026",230,12.81,79.08,14.56,14.259,-6.725,NA
"A026",231,12.89,78.97,15.17,13.772,-6.317,NA
"A026",232,13.07,80.56,11.67,13.369,-6.637,NA
"A026",233,13.9,81.53,9.33,14.491,-7.142,NA
"A026",234,14.19,80.45,12.14,14.08,-6.477,NA
"A026",235,13.35,80.45,11.86,13.927,-6.68,NA
"A026",236,13.76,80.38,11.51,14.15,-7.198,NA
"A026",237,14.87,81.68,8.47,14.759,-7.857,NA
"A026",238,14.12,82.08,7.75,14.506,-7.71,NA
"A026",239,13.98,81.09,9.91,14.177,-7.434,NA
"A026",240,14.52,81.05,10.15,14.233,-7.337,NA
"A026",241,13.48,81.4,9.89,13.891,-6.788,NA
"A026",242,13.02,82.16,8.33,14.41,-6.86,NA
"A026",243,12.92,82.03,8.27,14.268,-7.164,NA
"A026",244,13.61,83.91,4.74,13.35,-7.422,NA
"A026",245,12.48,84.11,4.61,13.864,-7.081,NA
"A026",246,12.92,84.35,4.55,13.873,-6.793,NA
"A026",247,12.86,84.17,4.09,14.586,-7.537,NA
"A026",248,12.71,84.59,4.34,13.502,-6.608,NA
"A026",249,13.4,85.64,2.49,14.739,-7.021,NA
"A026",250,13.96,87.43,1.37,13.575,-6.233,NA
"A026",251,13.26,88.08,0.72,12.869,-6.13,NA
"A026",252,13.52,88.12,0.44,13.439,-6.445,NA
"A026",253,13.8,87.97,-0.53,14.405,-7.62,NA
"A026",254,14.37,87.51,-0.87,15.175,-8.519,NA
"A026",255,15.6,87.99,-0.29,14.927,-8.004,NA
"A026",256,16.39,88.3,0.03,14.707,-7.807,NA
"A026",257,17.04,87.5,1.84,14.087,-6.893,NA
"A026",258,17.35,86.45,2.47,13.554,-7.381,NA
"A026",259,16.99,86.73,2.66,13.596,-6.755,NA
"A026",260,16.64,85.9,3.2,14.379,-6.963,NA
"A026",261,15.42,86.47,2.45,13.485,-6.601,NA
"A026",262,14.79,86.76,2.23,13.353,-6.288,NA
"A026",263,15.56,85.73,3,14.102,-6.975,NA
"A026",264,14.24,86.29,1.83,14.686,-7.067,NA
"A026",265,13.05,87.16,1.11,13.684,-6.53,NA
"A026",266,13.33,87.34,1.38,13.449,-6.143,NA
"A026",267,13.7,87.65,0.44,13.841,-6.889,NA
"A026",268,12.79,87.52,-0.07,14.428,-7.296,NA
"A026",269,13.11,87.88,-0.61,14.57,-7.591,NA
"A026",270,13.9,88.49,-0.5,13.254,-7.228,NA
"A026",271,13.64,88.99,-1.08,13.56,-7.416,NA
"A026",272,13.11,88.48,-1.2,13.974,-7.714,NA
"A026",273,12.25,89.09,-0.16,13.347,-6.09,NA
"A026",274,12.33,88.45,-0.25,13.799,-6.618,NA
"A026",275,12.61,88.7,-0.82,14.448,-7.068,NA
"A026",276,12.6,89.12,-1.38,14.528,-7.368,NA
"A026",277,12.71,90.04,-1.35,13.966,-6.968,NA
"A026",278,12.5,90.1,-1.82,14.406,-7.361,NA
"A026",279,12.39,91.05,-1.78,14.714,-7.126,NA
"A026",280,13.03,90.38,-2.72,14.417,-8.331,NA
"A026",281,13.36,89.4,-2.83,15.509,-8.868,NA
"A026",282,13.6,90.47,-2.36,15.63,-8.134,NA
"A026",283,13.61,89.84,-1.05,14.098,-6.995,NA
"A026",284,14.52,90.02,-0.67,13.72,-6.888,NA
"A026",285,13.82,90.22,-1.81,14.421,-7.711,NA
"A026",286,13.83,90.4,-1.3,14.346,-7.166,NA
"A026",287,14.31,91.14,-1.5,14.754,-7.485,NA
"A026",288,15.06,92.04,-0.55,14.09,-7.001,NA
"A026",289,14.54,92.6,-1.33,14.407,-7.705,NA
"A026",290,14.03,93.92,-0.95,14.398,-7.79,NA
"A026",291,13.81,93.49,-0.52,13.42,-7,NA
"A026",292,13.63,93.3,-0.54,13.286,-6.839,NA
"A026",293,13,93.68,-0.83,14.356,-7.099,NA
"A026",294,12.95,93.19,-0.71,13.852,-6.695,NA
"A026",295,13.27,93.02,-1.24,14.596,-7.256,NA
"A026",296,13.81,92.46,-1.2,14.846,-7.206,NA
"A026",297,12.28,93,-2.17,14.243,-7.855,NA
"A026",298,12.51,92.94,-2.03,14.142,-7.75,NA
"A026",299,13.51,93.23,-0.28,13.136,-6.489,NA
"A026",300,14.48,93.46,1.26,13.346,-5.499,NA
"A026",301,14.4,93.14,1.42,13.497,-5.131,NA
"A026",302,14.88,93.75,1.53,12.883,-5.608,NA
"A026",303,14.37,93.78,1.32,13.764,-5.588,NA
"A026",304,14.32,92.8,1.37,12.847,-4.989,NA
"A026",305,14.3,92.29,1.36,13.026,-4.808,NA
"A026",306,13.6,91.58,0.02,12.688,-5.719,NA
"A026",307,13.12,92.86,0.24,13.085,-5.657,NA
"A026",308,13.11,92.55,-0.2,13.246,-5.97,NA
"A026",309,14.41,92.6,0.51,13.344,-5.805,NA
"A026",310,14.36,93.05,0.74,13.181,-5.746,NA
"A026",311,13.21,93.69,0.42,13.062,-5.932,NA
"A026",312,13.36,94,1.51,13.378,-5.101,NA
"A026",313,12.68,93.89,1.38,12.62,-4.9,NA
"A026",314,13.16,94.12,1.61,13.304,-5.006,NA
"A026",315,13.15,93.66,0.32,14.036,-5.989,NA
"A026",316,12.18,93.5,-0.42,13.797,-6.316,NA
"A026",317,11.51,94.37,-0.54,13.931,-6.808,NA
"A026",318,12.17,94.39,-1.04,14.638,-7.507,NA
"A026",319,12.07,94.12,-0.68,14.085,-6.925,NA
"A026",320,13,95.23,0.34,13.603,-7.109,NA
"A026",321,12.66,95.47,1.31,13.345,-6.241,NA
"A026",322,13.32,95.86,0.87,14.468,-7.342,NA
"A027",1,55.93,49.3,74.48,19.689,-8.113,-8.113
"A027",2,56.23,49.32,74.9,19.008,-7.895,-7.895
"A027",3,56.08,50.36,73.91,19.133,-8.338,-8.338
"A027",4,57.02,49.56,73.92,20.064,-9.324,-9.324
"A027",5,56.82,50.7,73.33,19.505,-9.296,-9.296
"A027",6,57.4,50.12,72.83,20.904,-10.443,-10.443
"A027",7,57.29,50.83,72.69,19.722,-10.206,-10.206
"A027",8,56.7,51.51,71.95,20.096,-10.251,-10.251
"A027",9,57.75,51.75,72.05,20.629,-10.778,-10.778
"A027",10,57.44,50.96,72.52,19.415,-10.426,-10.426
"A027",11,56.93,51.29,71.3,21.179,-11.152,-11.152
"A027",12,56.44,51.39,70.89,20.333,-11.168,-11.168
"A027",13,56.22,52.66,70.25,20.769,-11.106,-11.106
"A027",14,55.38,52.56,69.82,20.122,-10.956,-10.956
"A027",15,55.42,52.45,70.79,19.923,-10.069,-10.069
"A027",16,55.08,52.18,71.36,19.816,-9.358,-9.358
"A027",17,54.4,53.19,70.91,19.606,-8.836,-8.836
"A027",18,53.29,53.82,69.27,19.967,-9.303,-9.303
"A027",19,52.73,53.66,68.44,19.849,-9.734,-9.734
"A027",20,52.51,54.49,67.72,20.207,-9.891,-9.891
"A027",21,53.51,54.99,68.2,19.712,-10.027,-10.027
"A027",22,53.28,55.63,67.02,20.026,-10.724,-10.724
"A027",23,53.75,55.63,68.2,20.346,-9.934,-9.934
"A027",24,54.25,55.62,68.03,20.387,-10.513,-10.513
"A027",25,54.73,56.44,68.51,20.233,-10.062,-10.062
"A027",26,54.64,57.35,67.67,19.985,-10.436,-10.436
"A027",27,54.76,58.39,67.99,20.432,-9.762,-9.762
"A027",28,55.27,58.15,68.76,19.793,-9.501,-9.501
"A027",29,54.55,58.43,67.46,20.6,-10.093,-10.093
"A027",30,54,58.42,67.2,19.725,-9.907,-9.907
"A027",31,54.69,56.98,68.08,19.931,-10.219,-10.219
"A027",32,55.41,57.9,69.29,20.089,-9.181,-9.181
"A027",33,55.76,58.37,69.04,19.571,-9.508,-9.508
"A027",34,55.59,58.46,67.43,20.338,-10.944,-10.944
"A027",35,54.7,58.74,67.76,19.395,-9.784,-9.784
"A027",36,53.99,58.93,66,19.994,-10.874,-10.874
"A027",37,54.01,59.22,66.06,20.448,-10.71,-10.71
"A027",38,54.48,58.27,67.69,19.777,-9.885,-9.885
"A027",39,55.23,59.16,67.24,20.403,-10.549,-10.549
"A027",40,54.89,59.68,67.35,20.43,-9.949,-9.949
"A027",41,54.08,60.22,66.36,19.538,-10.024,-10.024
"A027",42,53.38,59.72,65.87,19.925,-10.142,-10.142
"A027",43,52.92,59.6,65.86,20.893,-9.811,-9.811
"A027",44,52.91,60.18,64.7,20.067,-10.708,-10.708
"A027",45,53.01,60.59,63.79,20.854,-11.509,-11.509
"A027",46,52.56,60.12,63.86,20.256,-11.258,-11.258
"A027",47,52.44,59.9,64.18,20.294,-10.922,-10.922
"A027",48,52,60.3,63.11,20.613,-11.413,-11.413
"A027",49,52.02,59.96,64.13,19.323,-10.562,-10.562
"A027",50,52.52,60.82,63.56,21.059,-11.202,-11.202
"A027",51,53.18,61.47,63.87,20.5,-11.201,-11.201
"A027",52,53.55,60.84,64.35,20.553,-11.324,-11.324
"A027",53,53.58,60.17,64.07,20.199,-11.916,-11.916
"A027",54,54.17,61.02,64.09,20.27,-12.033,-12.033
"A027",55,53.51,61.01,64.52,19.92,-11.043,-11.043
"A027",56,54.91,61.45,63.96,20.158,-12.586,-12.586
"A027",57,54.8,61.13,63.19,21.298,-13.405,-13.405
"A027",58,55.2,61.63,63.42,20.936,-13.282,-13.282
"A027",59,55.88,61.8,64.86,21.394,-12.302,-12.302
"A027",60,55.34,63.1,64.49,20.361,-11.68,-11.68
"A027",61,56.32,63.11,66.71,20.694,-10.23,-10.23
"A027",62,56.55,62.76,67.26,19.976,-10.008,-10.008
"A027",63,57.24,63.38,68.34,20.142,-9.177,-9.177
"A027",64,57.77,64.6,66.91,20.406,-10.468,-10.468
"A027",65,57.7,65.31,66.32,20.385,-10.699,-10.699
"A027",66,56.64,65.47,65.31,20.351,-10.844,-10.844
"A027",67,55.72,65.62,64.71,20.607,-10.66,-10.66
"A027",68,55.89,65.63,64.59,20.272,-10.916,-10.916
"A027",69,55.5,66.12,64.46,20.495,-10.511,-10.511
"A027",70,54.69,66.66,63.32,20.076,-10.741,-10.741
"A027",71,55.16,67.98,64,20.286,-9.855,-9.855
"A027",72,54.86,66.5,65.52,19.254,-8.754,-8.754
"A027",73,55.17,66.55,63.96,20.563,-10.546,NA
"A027",74,55.5,67.81,63.26,20.637,-10.943,NA
"A027",75,56.33,67.77,63.19,20.667,-11.703,NA
"A027",76,56.88,68.7,63.43,20.612,-11.472,NA
"A027",77,57.36,68.72,63.65,20.246,-11.616,NA
"A027",78,56.91,68.71,63.71,20.718,-11.214,NA
"A027",79,57.39,67.91,65,19.795,-10.648,NA
"A027",80,57.47,68.99,65.74,19.814,-9.483,NA
"A027",81,56.58,68.16,64.68,19.829,-10.236,NA
"A027",82,56.11,68.05,65.05,19.477,-9.544,NA
"A027",83,55.69,68.76,64.41,19.317,-9.524,NA
"A027",84,54.4,69.27,62.88,20.437,-9.713,NA
"A027",85,54.77,69.93,62.16,20.367,-10.445,NA
"A027",86,54.63,69.24,62.52,19.506,-10.283,NA
"A027",87,54.02,69.01,62.3,20.772,-10.08,NA
"A027",88,54.02,69.28,62.07,19.565,-10.183,NA
"A027",89,54.27,69.13,61.64,20.385,-10.907,NA
"A027",90,54.37,69.48,61.67,20.471,-10.794,NA
"A027",91,54.72,69.67,60.96,20.243,-11.722,NA
"A027",92,53.92,71.57,60.23,20.444,-10.798,NA
"A027",93,54.55,71.13,60.81,20.364,-11.009,NA
"A027",94,54.87,71.71,60.18,20.702,-11.642,NA
"A027",95,54.24,71.83,59.77,20.847,-11.426,NA
"A027",96,54.27,70.75,60.35,21.518,-11.404,NA
"A027",97,54.54,70.82,60.43,20.403,-11.538,NA
"A027",98,53.61,71.38,58.5,20.982,-12.333,NA
"A027",99,53.2,71.48,58.71,20.797,-11.677,NA
"A027",100,53.69,71.83,59.3,20.651,-11.387,NA
"A027",101,53.84,72.43,59.66,20.255,-10.856,NA
"A027",102,53.65,71.7,59.94,21.099,-10.765,NA
"A027",103,54.32,72.02,60.19,20.039,-10.983,NA
"A027",104,53.99,72.34,59.71,20.882,-10.991,NA
"A027",105,54.06,72.78,58.64,20.636,-11.915,NA
"A027",106,54.38,72.98,58.46,21.007,-12.276,NA
"A027",107,54.06,72.58,58.74,20.774,-11.901,NA
"A027",108,54.4,73.48,58.74,20.376,-11.769,NA
"A027",109,54.46,73.36,58.6,20.421,-12.023,NA
"A027",110,54.48,75.29,58.18,21.083,-11.469,NA
"A027",111,54.06,75.06,58.46,19.971,-10.906,NA
"A027",112,53.07,75.12,58.41,19.72,-9.921,NA
"A027",113,54.48,75.01,59.74,20.71,-10.065,NA
"A027",114,53.87,74.2,59.74,19.316,-9.882,NA
"A027",115,54.32,74.07,60.39,19.644,-9.742,NA
"A027",116,54.85,74.94,60.96,19.927,-9.228,NA
"A027",117,55.09,74.13,60.86,20.021,-9.946,NA
"A027",118,55.49,75.32,61.33,20.673,-9.248,NA
"A027",119,55.52,75.65,60.68,19.437,-9.755,NA
"A027",120,55.37,76.86,60.06,19.367,-9.635,NA
"A027",121,54.96,76.84,60.12,19.68,-9.192,NA
"A027",122,53.73,77.74,58.1,19.286,-9.51,NA
"A027",123,53.5,77.7,57.71,19.324,-9.677,NA
"A027",124,53.68,77.51,58.09,19.53,-9.592,NA
"A027",125,53.5,77.41,58.11,20.045,-9.436,NA
"A027",126,53.97,77.95,57.87,20.228,-9.879,NA
"A027",127,53.73,78.15,57.92,20.464,-9.469,NA
"A027",128,53.85,78.47,58.41,19.541,-8.936,NA
"A027",129,53.7,77.86,59.77,18.962,-7.735,NA
"A027",130,54.54,78.54,60.17,18.824,-7.857,NA
"A027",131,55.3,77.79,61.29,19.704,-7.864,NA
"A027",132,54.57,77.84,59.21,19.206,-9.206,NA
"A027",133,52.9,77.86,56.55,19.698,-10.099,NA
"A027",134,53.09,77.56,56.95,19.896,-10.075,NA
"A027",135,53.91,78.42,56.8,20.53,-10.645,NA
"A027",136,54.88,77.95,57.9,20.031,-10.761,NA
"A027",137,55.03,78.3,57.46,20.418,-11.182,NA
"A027",138,54.86,76.98,58.2,19.936,-10.946,NA
"A027",139,54.68,77.31,57.76,20.375,-11.034,NA
"A027",140,53.42,77.89,56.36,20.937,-10.833,NA
"A027",141,53.06,78.52,55.67,20.163,-10.794,NA
"A027",142,52.79,78.76,55.64,20.183,-10.391,NA
"A027",143,52.4,79.56,53.85,20.231,-11.292,NA
"A027",144,52.33,79.53,53.4,20.475,-11.669,NA
"A027",145,52.44,81.06,52.48,20.008,-11.889,NA
"A027",146,52.5,81.53,52.58,20.903,-11.615,NA
"A027",147,52.6,82.64,52.56,20.055,-11.179,NA
"A027",148,54.16,82.71,54.14,20.892,-11.381,NA
"A027",149,53.57,84.55,52.44,20.289,-11.533,NA
"A027",150,53.48,85.63,51,21.393,-12.381,NA
"A027",151,52.96,85.47,50.94,21.016,-11.879,NA
"A027",152,53.52,84.65,52.52,20.679,-11.343,NA
"A027",153,52.93,84.84,51.06,21.048,-12.02,NA
"A027",154,52.84,85.85,51.1,21.387,-11.41,NA
"A027",155,52.45,86.33,49.68,20.535,-12.134,NA
"A027",156,52.81,87.13,48.4,20.294,-13.525,NA
"A027",157,52.99,87.6,48.14,21.096,-13.824,NA
"A027",158,53,87.67,48.21,20.784,-13.742,NA
"A027",159,52.32,87.57,48.09,20.186,-13.036,NA
"A027",160,52.74,87.38,50.41,20.225,-11.325,NA
"A027",161,53.22,87.5,50.18,20.821,-12.106,NA
"A027",162,53.51,88,49.82,20.96,-12.616,NA
"A027",163,53.78,88.47,50,20.62,-12.566,NA
"A027",164,53.13,88.95,48.95,20.959,-12.674,NA
"A027",165,54.33,89.1,50.71,20.008,-12.263,NA
"A027",166,53.76,89.27,49.05,20.737,-13.202,NA
"A027",167,53.76,88.82,50.94,20.136,-11.479,NA
"A027",168,53.78,89.78,50.18,20.258,-11.913,NA
"A027",169,52.74,89.41,49.04,20.891,-11.933,NA
"A027",170,53.1,88.78,49.22,20.018,-12.432,NA
"A027",171,53.44,88.38,50.53,20.176,-11.675,NA
"A027",172,53.47,88.63,50.74,20.601,-11.415,NA
"A027",173,54.41,89.24,51.04,20.116,-11.965,NA
"A027",174,53.76,89.67,49.26,20.427,-12.851,NA
"A027",175,52.99,89.15,48.76,20.818,-12.615,NA
"A027",176,53.05,89.6,48.02,20.626,-13.283,NA
"A027",177,52,89.52,47.1,21.433,-12.893,NA
"A027",178,51.82,89.77,47.04,21.191,-12.63,NA
"A027",179,52.62,90.09,48.19,20.502,-12.408,NA
"A027",180,54.08,89.41,50.74,20.976,-11.832,NA
"A027",181,54.18,88.96,50.88,20.096,-11.965,NA
"A027",182,55.08,88.56,52.49,20.591,-11.506,NA
"A027",183,55.88,88.55,54.32,20.474,-10.501,NA
"A027",184,55.05,89.74,52.37,20.234,-11.147,NA
"A027",185,54.68,90.81,52.45,19.943,-10.304,NA
"A027",186,54.58,91.05,52.11,20.875,-10.449,NA
"A027",187,53.99,91.5,50.49,20.884,-11.277,NA
"A027",188,55.13,90.9,50.83,20.527,-12.375,NA
"A027",189,56.15,91.33,51.08,20.389,-13.009,NA
"A027",190,55.06,92.05,50.81,20.363,-11.943,NA
"A027",191,54.21,92.42,48.74,20.862,-12.986,NA
"A027",192,54.65,92.42,49.17,20.858,-13.03,NA
"A027",193,53.8,92.83,48.34,20.173,-12.816,NA
"A027",194,53.07,93.36,47.35,21.164,-12.827,NA
"A027",195,53.63,94.91,46.8,20.81,-13.616,NA
"A027",196,53.97,95.65,46.79,21.077,-13.805,NA
"A027",197,53.42,95.76,46.76,20.743,-13.222,NA
"A027",198,53.6,96.57,46.21,20.396,-13.777,NA
"A027",199,53.68,96.12,46.58,20.359,-13.601,NA
"A027",200,52.8,95.95,45.51,21.003,-13.741,NA
"A027",201,52.31,95.84,45.04,21.141,-13.686,NA
"A027",202,52.08,96.64,44.2,20.978,-14.104,NA
"A027",203,51.64,97.85,44.5,20.537,-13.09,NA
"A028",1,24.86,66.82,36.78,13.836,-4.646,-4.646
"A028",2,24.95,66.77,37.16,14.01,-4.344,-4.344
"A028",3,24.42,66.92,36.8,14.081,-4.351,-4.351
"A028",4,25.85,67.45,37.83,14.139,-3.575,-3.575
"A028",5,26.52,67.45,37.8,13.587,-3.962,-3.962
"A028",6,27.34,67.76,37.13,13.906,-4.875,-4.875
"A028",7,27.37,67.78,36.15,15.057,-5.868,-5.868
"A028",8,28.02,67.26,36.93,14.452,-5.971,-5.971
"A028",9,27.73,67.05,36.55,15.019,-6.314,-6.314
"A028",10,27.85,67.75,36.91,14.414,-5.455,-5.455
"A028",11,26.66,67.37,37.6,13.82,-4.328,-4.328
"A028",12,28.08,66.32,39.06,14.287,-4.63,-4.63
"A028",13,28.7,66.2,38.93,14.589,-5.3,-5.3
"A028",14,27.79,66.21,38.11,14.762,-5.451,-5.451
"A028",15,28.75,67.2,36.41,14.923,-7.072,-7.072
"A028",16,28.94,67.03,36.51,15.895,-7.258,-7.258
"A028",17,27.94,67.29,35.47,15.997,-7.347,-7.347
"A028",18,27.83,66.79,35.31,15.805,-7.832,-7.832
"A028",19,27.5,67.06,35.02,15.439,-7.677,-7.677
"A028",20,28.17,68.38,34.84,15.644,-7.175,-7.175
"A028",21,28.47,68.18,35.69,15.488,-6.733,-6.733
"A028",22,27.57,68.03,35.9,14.653,-6.02,-6.02
"A028",23,26.8,68.45,35.67,14.087,-5.369,-5.369
"A028",24,27.4,67.04,36.14,14.983,-6.516,-6.516
"A028",25,27.37,66.34,36.63,15.813,-6.557,-6.557
"A028",26,28.41,66.16,37.55,15.062,-6.495,-6.495
"A028",27,28.35,66.13,38.87,14.91,-5.155,-5.155
"A028",28,28.82,66.87,38.67,14.433,-5.132,-5.132
"A028",29,29.66,66.36,39.84,13.988,-5.037,-5.037
"A028",30,30.42,66.05,40.46,14.372,-5.302,-5.302
"A028",31,31.42,65.56,41.96,13.95,-5.096,-5.096
"A028",32,30.15,65.74,40.58,14.313,-5.171,-5.171
"A028",33,31.03,65.35,40.9,15.282,-5.939,-5.939
"A028",34,30.93,64.7,40.19,15.142,-6.985,-6.985
"A028",35,29.51,66.16,38.21,15.247,-6.697,-6.697
"A028",36,28.68,66.07,37.39,15.166,-6.927,-6.927
"A028",37,29.68,64.8,38.46,15.463,-7.543,-7.543
"A028",38,29.99,65.45,37.42,15.694,-8.397,-8.397
"A028",39,30.48,65.29,37.81,16.498,-8.553,-8.553
"A028",40,30.32,65.57,38.28,15.77,-7.741,-7.741
"A028",41,30.69,64.63,38.57,15.548,-8.435,-8.435
"A028",42,30.84,65.26,37.31,17.425,-9.399,-9.399
"A028",43,30.62,64.86,37.95,16.043,-8.832,-8.832
"A028",44,29.77,65.06,36.71,16.352,-9.193,-9.193
"A028",45,29.92,64.64,37.77,16.5,-8.54,-8.54
"A028",46,30.91,64.34,39.19,16.541,-8.195,-8.195
"A028",47,32.88,63.32,42.58,15.598,-7.431,-7.431
"A028",48,33.76,63.15,42.28,16.479,-8.805,-8.805
"A028",49,34.69,63.81,42.84,16.197,-8.928,-8.928
"A028",50,33.73,63.44,42.43,16.375,-8.439,-8.439
"A028",51,34.06,62.93,42.7,16.674,-8.856,-8.856
"A028",52,33.37,62.43,43.18,15.527,-7.892,-7.892
"A028",53,33.3,61.62,43.11,15.906,-8.358,-8.358
"A028",54,33.65,60.88,44.55,15.942,-7.738,-7.738
"A028",55,34.44,60.61,44.79,16.311,-8.55,-8.55
"A028",56,33.43,60.26,44.47,15.376,-7.923,-7.923
"A028",57,33.71,59.7,44.37,16.898,-8.663,-8.663
"A028",58,33.75,60.9,43.99,16.47,-8.393,-8.393
"A028",59,34.94,62,45.16,15.915,-7.975,-7.975
"A028",60,34.93,61.53,45.58,15.085,-7.813,-7.813
"A028",61,35.39,61.46,46.1,15.516,-7.894,-7.894
"A028",62,35.65,61.16,46.27,16.044,-8.205,-8.205
"A028",63,35.61,62.01,46.6,15.282,-7.336,-7.336
"A028",64,35.59,61.76,46.95,15.033,-7.108,-7.108
"A028",65,34.94,61.95,45.67,16.276,-7.499,-7.499
"A028",66,34.32,62.49,44.94,15.197,-7.169,-7.169
"A028",67,34.96,61.73,46.26,15.739,-7.055,-7.055
"A028",68,34.61,62.23,45.79,16.124,-6.821,-6.821
"A028",69,35.24,62.18,47.65,14.248,-5.735,-5.735
"A028",70,35.16,62.38,47.77,14.416,-5.413,-5.413
"A028",71,34.93,61.78,47.69,14.411,-5.56,-5.56
"A028",72,34.84,62.09,46.72,15.17,-6.25,-6.25
"A028",73,36.83,61.63,48.64,14.397,-7.038,-7.038
"A028",74,34.98,62.09,46.21,15.778,-6.919,-6.919
"A028",75,35.1,60.64,45.71,16.096,-8.4,-8.4
"A028",76,35.29,60.32,45.45,16.554,-9.07,-9.07
"A028",77,35.68,59.23,45.6,17.266,-10.028,-10.028
"A028",78,35.74,59.55,46.33,16.23,-9.182,-9.182
"A028",79,35.65,59.11,47.26,16.504,-8.401,-8.401
"A028",80,36.18,59.38,47.22,16.344,-8.935,-8.935
"A028",81,36.53,59,48.05,15.883,-8.764,-8.764
"A028",82,36.71,59.22,49.23,15.795,-7.675,-7.675
"A028",83,37.68,59.12,50.04,16.176,-8.157,-8.157
"A028",84,38.17,58.97,52.03,15.962,-6.879,NA
"A028",85,38.54,58.39,52.48,15.323,-7.242,NA
"A028",86,38.32,58.8,51.25,15.784,-7.945,NA
"A028",87,38.85,59.95,51.02,16.144,-8.206,NA
"A028",88,38.41,59.17,51.35,16.03,-7.757,NA
"A028",89,38.84,58.82,52.11,15.939,-7.746,NA
"A028",90,39.12,59.72,52.43,15.663,-7.271,NA
"A028",91,38.86,59.62,52.15,15.324,-7.282,NA
"A028",92,39.01,60.27,51.42,15.9,-7.843,NA
"A028",93,39.33,60.33,51.57,15.729,-8.076,NA
"A028",94,39.63,60.33,52.62,15.982,-7.415,NA
"A028",95,40.52,60.31,54.45,15.075,-6.772,NA
"A028",96,40.85,60.06,55,15.248,-6.794,NA
"A028",97,41.6,60.47,55.52,14.726,-7.026,NA
"A028",98,43.36,60.02,57.61,15.32,-7.443,NA
"A028",99,42.63,60.2,56.84,15.464,-7.187,NA
"A028",100,41.86,59.47,56.8,14.636,-6.622,NA
"A028",101,41.61,59.39,56.57,15.074,-6.57,NA
"A028",102,41.63,59.98,57.09,15.111,-5.756,NA
"A028",103,42.48,60.43,59,13.85,-4.722,NA
"A028",104,42.71,60.38,58.66,14.093,-5.378,NA
"A028",105,42.79,61.47,58,14.019,-5.573,NA
"A028",106,42.08,61.2,57.38,14.732,-5.416,NA
"A028",107,41.32,61.27,56.05,14.211,-5.707,NA
"A028",108,41.64,61.29,56.35,14.934,-5.821,NA
"A028",109,41.24,60.16,56.17,15.247,-6.084,NA
"A028",110,41.42,59.38,56.73,15.29,-6.171,NA
"A028",111,41.84,59.6,57.8,15.081,-5.529,NA
"A028",112,42.36,59.08,57.9,14.711,-6.374,NA
"A028",113,43.12,58.74,58.27,16.22,-7.157,NA
"A028",114,43.56,57.72,59.65,15.622,-6.887,NA
"A028",115,43.87,57.48,59.31,15.674,-7.724,NA
"A028",116,44.97,56.89,60.89,16.038,-7.795,NA
"A028",117,44.41,57.32,60.04,15.546,-7.739,NA
"A028",118,44.5,57.07,60.61,15.438,-7.419,NA
"A028",119,44.24,56.23,60.5,15.934,-7.669,NA
"A028",120,43.47,55.66,59.09,16.332,-8.465,NA
"A028",121,43.84,54.48,60.55,16.195,-8.153,NA
"A028",122,44.03,54.87,61.16,15.761,-7.533,NA
"A028",123,44.53,54.96,61.4,16.164,-7.836,NA
"A028",124,44.87,55.68,61.21,15.498,-8.011,NA
"A028",125,44.68,55.09,62.12,15.852,-7.203,NA
"A028",126,44.85,56.2,62.26,15.119,-6.653,NA
"A028",127,44.9,55.89,61.98,15.17,-7.157,NA
"A028",128,45.42,55.5,62.32,15.26,-7.635,NA
"A028",129,45.73,56.57,62.92,15.291,-6.822,NA
"A028",130,46.36,57.57,61.71,16.431,-8.245,NA
"A028",131,45.85,57.75,61.04,15.16,-8.223,NA
"A028",132,46.01,58.32,61.13,16.049,-8.026,NA
"A028",133,45.95,58.51,61.73,15.706,-7.276,NA
"A028",134,46.09,58.72,61.73,15.602,-7.329,NA
"A028",135,46.54,58.44,61.94,16.242,-7.775,NA
"A028",136,46.83,58.65,61.88,15.86,-8.061,NA
"A028",137,46.48,58.17,61.65,15.827,-8.139,NA
"A028",138,47.07,58.26,62.81,15.976,-7.602,NA
"A028",139,47.03,57.98,62.17,15.963,-8.341,NA
"A028",140,47.52,57.42,63.82,15.261,-7.503,NA
"A028",141,47.55,56.89,64.15,15.562,-7.47,NA
"A028",142,47.36,57.5,64.47,15.874,-6.642,NA
"A028",143,46.98,58.23,63.15,15.677,-7.171,NA
"A028",144,47.44,57.64,63.41,15.652,-7.721,NA
"A028",145,46.34,56.8,63.85,15.133,-6.479,NA
"A028",146,46.19,57.22,63.63,15.671,-6.308,NA
"A028",147,47.23,56.86,65.26,14.413,-6.029,NA
"A028",148,48.5,57.69,66.47,15.118,-5.782,NA
"A028",149,49.68,57.5,66.85,15.505,-6.707,NA
"A028",150,49.96,57.6,67.5,14.741,-6.293,NA
"A028",151,49.24,57.18,66.74,15.478,-6.527,NA
"A028",152,50.23,56,68.31,15.553,-6.501,NA
"A028",153,49.99,55.78,68,16.032,-6.688,NA
"A028",154,50.83,56.65,67.26,15.477,-7.824,NA
"A028",155,50.92,56.46,67.45,15.732,-7.814,NA
"A028",156,50.07,57.23,66.06,16.329,-8.021,NA
"A028",157,49.85,56.44,65.36,16.868,-8.873,NA
"A028",158,49.83,56.93,65.63,16.433,-8.348,NA
"A028",159,49.71,55.92,65.29,16.476,-9.055,NA
"A028",160,49.77,55.15,66.26,16.198,-8.529,NA
"A028",161,49.78,55.6,66.22,16.154,-8.347,NA
"A028",162,51.01,55.82,67.56,16.54,-8.077,NA
"A028",163,50.85,55.1,68.68,15.8,-7.153,NA
"A028",164,51.36,55.37,69.12,15.404,-7.058,NA
"A028",165,51.36,56.11,68.42,15.083,-7.412,NA
"A028",166,52.07,56.26,68.56,15.598,-7.854,NA
"A028",167,53.19,55.33,70.27,15.683,-7.528,NA
"A028",168,52.16,55.9,68.36,16.532,-8.287,NA
"A028",169,52.44,54.17,70.29,15.504,-7.406,NA
"A028",170,52.95,54.31,70.26,15.704,-7.81,NA
"A028",171,53.16,53.79,70.84,15.949,-7.643,NA
"A028",172,53.76,54.47,71.83,14.928,-6.833,NA
"A028",173,54.09,54.09,72.7,14.422,-6.397,NA
"A028",174,53.2,53.6,73.41,14.235,-5.188,NA
"A028",175,52.6,53.25,72.25,15.14,-6.007,NA
"A028",176,52.4,52.6,73.2,14.424,-5.191,NA
"A028",177,52.84,53.36,73.41,14.228,-5.002,NA
"A028",178,52.55,52.48,72.17,15.745,-6.406,NA
"A028",179,52.61,52.21,72.63,15.026,-6.123,NA
"A028",180,52.81,53.33,72.39,14.58,-6.008,NA
"A028",181,53.72,53.01,73.35,14.339,-5.939,NA
"A028",182,54.44,53.02,74.82,14.236,-5.037,NA
"A028",183,55.07,54.16,75.08,14.813,-4.764,NA
"A028",184,55.51,53.51,75.79,14.245,-4.671,NA
"A028",185,55.53,53.22,76.48,13.663,-4.123,NA
"A028",186,55.3,53.17,76.54,13.883,-3.907,NA
"A028",187,56.17,53.12,77.44,13.578,-3.681,NA
"A028",188,56.45,53.79,76.84,14.802,-4.196,NA
"A028",189,55.81,52.69,77.1,13.88,-3.937,NA
"A028",190,56.09,53.23,77.38,13.531,-3.629,NA
"A028",191,56.11,52.98,78.32,13.373,-2.81,NA
"A028",192,55.75,52.6,78.29,13.095,-2.75,NA
"A028",193,54.86,52.39,77.37,12.563,-3.09,NA
"A028",194,55.1,51.66,77.97,13.68,-2.99,NA
"A028",195,55.68,53.02,78.19,12.265,-2.617,NA
"A028",196,56.09,53,77.62,13.726,-3.491,NA
"A028",197,56.41,52.91,76.44,13.823,-4.943,NA
"A028",198,56.33,52.3,76.6,14.292,-4.991,NA
"A028",199,57.37,52.28,77.22,13.955,-5.116,NA
"A028",200,57.62,51.8,77.41,14.807,-5.302,NA
"A028",201,57.9,51.36,77.04,14.51,-6.055,NA
"A028",202,57.62,49.9,77.09,14.533,-6.42,NA
"A028",203,57.93,49.9,77.79,14.396,-5.928,NA
"A028",204,57.52,51.26,77.78,13.848,-5.092,NA
"A028",205,59.06,52.27,78.22,14.795,-5.269,NA
"A028",206,58.24,52.43,77.69,15.342,-5.18,NA
"A028",207,57.94,53.02,77.89,14.504,-4.526,NA
"A028",208,58.47,52.13,79.67,13.356,-3.478,NA
"A028",209,58.18,51.78,79.52,14.3,-3.578,NA
"A028",210,57.77,51.94,78.38,13.604,-4.375,NA
"A028",211,58.56,51.31,79.18,14.099,-4.374,NA
"A028",212,58.59,51.66,78.6,13.64,-4.827,NA
"A028",213,56.97,52.02,76.96,14.421,-5.21,NA
"A028",214,58.08,51.99,78.09,13.69,-4.852,NA
"A028",215,59.21,51.67,79.19,13.556,-4.643,NA
"A028",216,59.04,51.24,78.68,14.096,-5.222,NA
"A028",217,58.96,51.83,78.34,13.975,-5.267,NA
"A028",218,58.77,51.93,78.49,14.641,-4.943,NA
"A028",219,59.58,50.87,79.3,14.304,-5.11,NA
"A028",220,60.07,50.43,80.11,13.829,-4.787,NA
"A028",221,59.62,50.91,79.34,14.762,-5.067,NA
"A028",222,60.28,51.25,79.65,14.297,-5.05,NA
"A028",223,60.74,52.12,79.71,14.182,-4.923,NA
"A028",224,60.91,50.92,80.25,13.691,-4.974,NA
"A028",225,61.21,50.63,79.17,14.148,-6.362,NA
"A028",226,60.4,50.91,79.5,14.405,-5.406,NA
"A028",227,60.21,50.04,80.51,13.671,-4.639,NA
"A028",228,60.98,49.85,81.38,13.583,-4.33,NA
"A028",229,61.24,49.34,81.35,13.394,-4.722,NA
"A029",1,26.71,67.66,34.51,20.317,-7.199,-7.199
"A029",2,25.91,67.36,33.92,19.547,-7.587,-7.587
"A029",3,26.2,67.55,34.35,19.739,-7.148,-7.148
"A029",4,25.09,66.42,34.77,20.165,-7.069,-7.069
"A029",5,25.04,66.76,34.46,20.467,-7.096,-7.096
"A029",6,25.68,66.5,34.94,19.813,-7.132,-7.132
"A029",7,26.3,65.91,35.72,20.01,-7.134,-7.134
"A029",8,26.17,64.98,36.64,19.142,-6.77,-6.77
"A029",9,25.83,66.07,35.55,19.958,-6.92,-6.92
"A029",10,25.71,66.33,35.16,19.839,-7.065,-7.065
"A029",11,24.38,67.29,33.3,19.542,-7.53,-7.53
"A029",12,25.32,67.44,34.77,19.93,-6.367,-6.367
"A029",13,26.77,68.27,34.28,20.177,-6.905,-6.905
"A029",14,26.32,68.39,33.62,19.65,-7.192,-7.192
"A029",15,26.55,68.96,33.79,18.863,-6.604,-6.604
"A029",16,26.01,69.9,33.34,19.351,-5.759,-5.759
"A029",17,26.76,69.83,34.04,18.246,-5.57,-5.57
"A029",18,26.21,69.35,34.06,18.626,-5.738,-5.738
"A029",19,26.01,68.96,34.64,18.698,-5.457,-5.457
"A029",20,25.94,68.37,34.83,19.393,-5.799,-5.799
"A029",21,26.38,69.3,33.83,19.503,-6.129,-6.129
"A029",22,25.7,69.87,32.74,19.065,-6.23,-6.23
"A029",23,25.57,70.29,31.41,19.94,-7.03,-7.03
"A029",24,25,69.81,31.43,20.012,-7.257,-7.257
"A029",25,24.6,70.63,30.05,19.705,-7.521,-7.521
"A029",26,24.38,71.11,29.23,20.083,-7.666,-7.666
"A029",27,24.61,71.42,29.23,20.553,-7.373,-7.373
"A029",28,23.06,71.96,27.49,20.482,-7.792,-7.792
"A029",29,22.58,70.92,28.21,19.976,-8.266,-8.266
"A029",30,23.74,71.41,27.73,21.031,-8.532,-8.532
"A029",31,24.66,71.53,29.08,19.443,-7.4,-7.4
"A029",32,24.11,71.5,29.14,20.111,-7.141,-7.141
"A029",33,23.76,71.27,28.87,20.334,-7.572,-7.572
"A029",34,23.11,71.01,29.25,20.41,-7.283,-7.283
"A029",35,22.5,70.28,30.13,19.756,-7.081,-7.081
"A029",36,22.5,70.38,30.92,19.776,-6.167,-6.167
"A029",37,21.62,70.06,30.51,18.899,-6.701,-6.701
"A029",38,21.61,70.34,29.21,19.876,-7.679,-7.679
"A029",39,21.71,69.57,30.49,19.596,-7.286,-7.286
"A029",40,22.19,69.65,31.47,18.783,-6.351,-6.351
"A029",41,22.43,69.43,30.74,20.315,-7.387,-7.387
"A029",42,21.99,69.9,29.66,19.937,-7.828,-7.828
"A029",43,22.23,69.81,29.92,19.241,-7.743,-7.743
"A029",44,22.63,70.37,30.41,19.692,-6.733,-6.733
"A029",45,23.47,71.56,29.05,19.571,-6.911,-6.911
"A029",46,23.04,70.91,30.29,19.761,-6.339,-6.339
"A029",47,23.33,71.3,30.1,19.601,-6.144,-6.144
"A029",48,23.57,71.36,29.84,19.152,-6.417,-6.417
"A029",49,23.55,70.94,31.74,18.195,-5.031,-5.031
"A029",50,23.71,70.99,31.06,18.585,-5.72,-5.72
"A029",51,23.75,70.46,30.67,19.916,-6.759,-6.759
"A029",52,23.46,71.85,29.03,19.332,-6.549,-6.549
"A029",53,23.6,71.28,29.3,19.661,-7.06,-7.06
"A029",54,24.21,71.75,29.25,19.066,-6.757,-6.757
"A029",55,23.59,71.39,28.61,19.672,-7.612,-7.612
"A029",56,23.14,71.99,27.38,19.88,-7.889,-7.889
"A029",57,24.57,72,27.48,20.551,-8.341,-8.341
"A029",58,23.73,72.99,26.21,20.009,-7.872,-7.872
"A029",59,24.04,73.99,25.47,19.933,-7.258,-7.258
"A029",60,24.4,74.12,24.61,20.484,-8.086,-8.086
"A029",61,23.93,74.52,23.02,20.861,-8.836,-8.836
"A029",62,23.67,75.11,22.15,20.647,-8.631,-8.631
"A029",63,22.56,75.61,19.86,20.736,-9.656,-9.656
"A029",64,22.22,76.03,17.89,21.555,-10.788,-10.788
"A029",65,20.18,75.93,18.9,21.742,-9.341,-9.341
"A029",66,20.71,76.04,19.43,20.807,-8.756,-8.756
"A029",67,20.55,75.09,21.56,20.578,-8.223,-8.223
"A029",68,20.56,74.87,21.45,19.841,-8.702,-8.702
"A029",69,20.58,73.68,22.99,20.431,-9.095,-9.095
"A029",70,19.36,73.9,21.72,20.477,-9.776,-9.776
"A029",71,18.57,74.35,22.04,20.334,-8.612,-8.612
"A029",72,19.53,74.35,22.55,20.864,-8.25,-8.25
"A029",73,19.81,74.51,21.77,20.753,-8.819,-8.819
"A029",74,18.99,74.16,23.17,20.047,-7.853,-7.853
"A029",75,21.08,74.62,23.56,20.12,-7.143,-7.143
"A029",76,21.45,75.97,21.8,19.726,-6.722,-6.722
"A029",77,21.63,75.67,22.66,19.433,-6.424,-6.424
"A029",78,21.77,74.99,23.82,19.179,-6.451,-6.451
"A029",79,22,75.15,24.3,19.195,-5.793,-5.793
"A029",80,22.94,74.22,26.66,18.386,-5.256,-5.256
"A029",81,22.91,74.04,26.42,18.983,-5.767,-5.767
"A029",82,23.1,75.19,25.07,18.585,-5.357,-5.357
"A029",83,23.52,75.55,24.66,18.394,-5.334,-5.334
"A029",84,23,77.11,21.45,19.221,-5.661,-5.661
"A029",85,22.85,76.71,22.18,19.191,-5.559,-5.559
"A029",86,22.43,76.59,22.43,18.998,-5.349,-5.349
"A029",87,21.99,76.63,22.03,18.282,-5.521,-5.521
"A029",88,21.02,77.24,20.85,17.954,-5.276,-5.276
"A029",89,19.79,77.39,20.89,18.503,-4.616,-4.616
"A029",90,18.83,78.47,17.77,18.649,-5.491,-5.491
"A029",91,19.06,78.35,17.24,18.977,-6.286,-6.286
"A029",92,17.94,78.95,16.31,19.046,-5.839,-5.839
"A029",93,17.64,77.56,18.96,19.117,-5.775,-5.775
"A029",94,15.94,77.13,19.78,19.259,-5.549,-5.549
"A029",95,15.51,76.53,21.01,18.67,-5.418,-5.418
"A029",96,15.83,77.01,19.8,19.01,-5.755,-5.755
"A029",97,16.29,75.96,21.93,18.76,-5.625,-5.625
"A029",98,16.61,76.98,19.7,19.067,-6.003,-6.003
"A029",99,16.27,76.97,19.41,19.123,-6.261,-6.261
"A029",100,17.23,77.38,18.79,19.018,-6.218,-6.218
"A029",101,17.14,77.49,19.15,18.82,-5.642,-5.642
"A029",102,17.46,77.85,17.62,19.194,-6.533,-6.533
"A029",103,17.92,77.93,17.6,18.938,-6.49,NA
"A029",104,19.15,79.09,15.5,18.984,-6.665,NA
"A029",105,18.52,78.58,16.68,19.712,-6.292,NA
"A029",106,18.26,77.53,18.16,20.264,-6.751,NA
"A029",107,19.13,77.59,18.49,18.853,-6.48,NA
"A029",108,18.6,77.65,18.47,19.536,-6.278,NA
"A029",109,17.93,76.91,20.51,19.135,-5.496,NA
"A029",110,17.7,77.65,18.4,19.177,-6.173,NA
"A029",111,18.45,77.11,18.71,19.337,-7.018,NA
"A029",112,17.5,76.68,19.39,19.508,-6.971,NA
"A029",113,17.59,77.03,18.84,19.405,-6.902,NA
"A029",114,17.38,76.6,19.63,19.065,-6.868,NA
"A029",115,18,77.03,19.36,19.568,-6.435,NA
"A029",116,17.52,76.38,21.23,18.528,-5.702,NA
"A029",117,17.15,78.12,18.05,18.746,-5.535,NA
"A029",118,16.81,78.6,18.07,19.02,-4.519,NA
"A029",119,16.73,78.36,19.51,17.455,-3.546,NA
"A029",120,17.04,79.03,17.04,18.207,-4.77,NA
"A029",121,17.33,79.19,16.39,18.809,-5.162,NA
"A029",122,17.69,79.86,14.97,18.643,-5.371,NA
"A029",123,18.34,79.78,15.05,19.533,-5.604,NA
"A029",124,17.65,79.87,14.33,19.274,-5.983,NA
"A029",125,17.5,80.44,12.77,19.806,-6.424,NA
"A029",126,17.19,81.1,11.01,19.064,-6.877,NA
"A029",127,16.1,81.28,9.91,20.48,-7.39,NA
"A029",128,16.45,81.61,8.86,19.979,-7.916,NA
"A029",129,15.77,80.28,11.76,19.884,-7.411,NA
"A029",130,15.55,79.24,14.71,19.544,-6.452,NA
"A029",131,14.87,79.23,14.28,19.324,-6.819,NA
"A029",132,15.36,79.49,13.48,19.954,-7.165,NA
"A029",133,14.65,79.18,14.22,20.083,-6.972,NA
"A029",134,14.55,80.34,12.34,19.006,-6.533,NA
"A029",135,14.14,80.4,12.27,19.337,-6.441,NA
"A029",136,13.88,80.68,11.68,18.845,-6.456,NA
"A029",137,13.74,80.43,11.64,19.755,-6.972,NA
"A029",138,14.06,81.09,10.99,18.955,-6.346,NA
"A029",139,14.36,80.36,13.71,19.246,-5.101,NA
"A029",140,14.08,80.22,13.54,18.598,-5.522,NA
"A029",141,14.48,80.78,12.67,18.877,-5.327,NA
"A029",142,14.1,80.65,14.06,17.581,-4.157,NA
"A029",143,13.47,80.98,13.41,17.557,-4.095,NA
"A029",144,13.33,80.92,13.29,18.026,-4.326,NA
"A029",145,12.74,80.83,13.34,17.9,-4.42,NA
"A029",146,13.07,81.03,13.41,17.975,-3.974,NA
"A029",147,13.47,81.97,10.71,19.089,-4.873,NA
"A029",148,13.53,81.08,12.27,18.977,-5.052,NA
"A029",149,13.33,81.32,12.45,17.558,-4.367,NA
"A029",150,12.49,82.4,10.2,18.13,-4.508,NA
"A029",151,11.02,82.59,9.72,18.146,-4.617,NA
"A029",152,11.52,82.29,10.12,18.331,-4.772,NA
"A029",153,11.72,82.44,9.66,18.968,-4.953,NA
"A029",154,11.73,83.71,8.07,18.628,-4.253,NA
"A029",155,12.09,84.78,5.65,18.545,-4.933,NA
"A029",156,12.79,85.76,3.96,18.537,-5.291,NA
"A029",157,11.44,85.59,3.46,19.095,-5.892,NA
"A029",158,12.25,85.35,3.77,19.766,-5.989,NA
"A029",159,12.35,85.67,3.7,18.761,-5.617,NA
"A029",160,12.62,86.2,2.47,19.827,-6.19,NA
"A029",161,14.26,86.68,2.22,20.016,-6.23,NA
"A029",162,14.08,86.2,3.03,19.409,-5.929,NA
"A029",163,14.37,85.88,3.15,18.645,-6.275,NA
"A029",164,13.75,85.95,2.93,19.593,-6.266,NA
"A029",165,13.52,84.78,3.76,19.934,-7.013,NA
"A029",166,12.76,85.04,2.39,20.507,-7.87,NA
"A029",167,11.68,84.48,4.18,19.666,-6.86,NA
"A029",168,11.45,82.9,7.47,19.462,-6.297,NA
"A029",169,11.5,82.88,8.19,19.192,-5.607,NA
"A029",170,11.44,82.27,9.7,18.68,-5.236,NA
"A029",171,11.58,82.95,8.22,19.546,-5.448,NA
"A029",172,12.3,82.84,7.77,19.157,-6.116,NA
"A029",173,10.86,82.77,8.62,18.628,-5.392,NA
"A029",174,10.5,83.38,7.43,19.836,-5.481,NA
"A029",175,10.71,84.5,5.32,18.964,-5.686,NA
"A029",176,11.26,84.25,5.01,19.387,-6.388,NA
"A029",177,11.71,84.43,4.82,19.364,-6.295,NA
"A029",178,11.67,85.32,3.26,19.428,-6.494,NA
"A029",179,11.31,85.58,2.48,19.536,-6.888,NA
"A029",180,10.85,85.83,2.88,20.123,-6.129,NA
"A029",181,11,87.1,2.13,18.53,-5.329,NA
"A029",182,10.43,86.77,1.53,19.641,-6.31,NA
"A029",183,10.99,86.11,2.55,18.804,-6.102,NA
"A029",184,11.04,85.31,2.89,20.048,-6.868,NA
"A029",185,11.4,86.07,0.64,19.988,-8.072,NA
"A029",186,12.44,86.13,1.9,19.768,-6.83,NA
"A029",187,12.98,87.26,0.35,20.105,-7.174,NA
"A029",188,11.89,87.23,-0.48,20.667,-7.86,NA
"A029",189,12.13,87.12,-1.35,20.735,-8.88,NA
"A029",190,11.2,87.03,-0.96,19.938,-8.494,NA
"A029",191,11.37,87.92,-2.08,20.554,-8.744,NA
"A029",192,10.38,86.75,-0.29,20.315,-8.146,NA
"A029",193,8.67,87.59,-1.1,20.124,-8.241,NA
"A029",194,8.32,86.76,-0.62,20.794,-8.758,NA
"A029",195,7.9,87.58,-1.37,20.629,-8.716,NA
"A029",196,7.62,87.22,-0.59,20.692,-8.406,NA
"A029",197,8.22,86.87,-0.53,20.835,-8.571,NA
"A029",198,7,87.32,0.01,20.664,-7.932,NA
"A029",199,8.32,87.27,-1.01,20.112,-8.568,NA
"A029",200,8.74,86.93,-0.03,20.794,-7.875,NA
"A029",201,8.84,86.81,-0.73,20.514,-8.693,NA
"A029",202,9.48,87.63,-2.19,20.899,-9.161,NA
"A029",203,8.37,87.58,-1.61,20.431,-8.838,NA
"A029",204,9.44,87.8,-1.87,19.62,-8.683,NA
"A029",205,9.12,88.19,-2.61,20.601,-9.104,NA
"A029",206,8.49,88.14,-2.05,20.148,-8.709,NA
"A029",207,9.52,88.83,-3.39,20.965,-9.345,NA
"A029",208,9.21,89.8,-3.14,20.138,-8.568,NA
"A029",209,8.65,89.97,-2.63,20.001,-8.064,NA
"A029",210,8.31,89.83,-2.89,20.41,-8.46,NA
"A029",211,9.26,89.73,-2.7,20.393,-8.157,NA
"A029",212,9.95,89.54,-2.57,20.388,-8.064,NA
"A029",213,10.13,88.47,-2.69,20.262,-8.866,NA
"A029",214,9.73,88.16,-3.08,20.578,-9.531,NA
"A029",215,8.88,88.94,-3.05,20.327,-9.011,NA
"A029",216,8.53,88.39,-2.16,20.656,-8.601,NA
"A029",217,8.29,88.45,-2.19,20.207,-8.644,NA
"A029",218,8.85,88.25,-2.07,20.493,-8.565,NA
"A029",219,8.59,89.07,-2.2,20.223,-8.126,NA
"A029",220,7.57,88.93,-1.22,19.922,-7.506,NA
"A029",221,7.74,89.08,-0.09,19.778,-6.228,NA
"A029",222,7.25,89.02,-0.42,19.346,-6.759,NA
"A029",223,7.8,90.16,-0.76,19.219,-6.315,NA
"A029",224,6.99,89.36,-0.14,19.516,-6.363,NA
"A029",225,7.24,89.79,0.09,19.076,-5.803,NA
"A029",226,7.7,89.73,-0.64,19.543,-6.416,NA
"A029",227,8.12,90.2,-0.47,19.169,-5.92,NA
"A029",228,7.91,90.01,-0.65,19.663,-6.233,NA
"A029",229,7.18,91.42,-0.81,19.139,-6.256,NA
"A029",230,6.6,92.46,-0.73,19.973,-6.436,NA
"A029",231,6.8,94.2,-0.12,19.431,-6.391,NA
"A029",232,6.18,93.72,0.26,19.659,-5.993,NA
"A029",233,6.88,94.51,0.4,19.445,-6.026,NA
"A029",234,6.48,94.47,0.47,18.756,-6.062,NA
"A029",235,7.13,94.35,-0.79,19.797,-7.052,NA
"A029",236,6.89,93.84,-0.5,19.372,-6.548,NA
"A029",237,7.09,93.37,0.03,19.331,-5.758,NA
"A029",238,7.23,93.24,0.57,18.394,-5.123,NA
"A029",239,6.49,93.92,-0.39,19.315,-6.615,NA
"A029",240,7.07,93.74,-0.62,19.246,-6.568,NA
"A029",241,6.47,94.07,-0.52,19.823,-6.83,NA
"A029",242,5.76,94.31,0.02,19.325,-6.697,NA
"A029",243,5,94.25,-0.31,19.777,-7.358,NA
"A029",244,4.65,93.66,0.22,19.957,-6.771,NA
"A029",245,4.84,92.29,0.88,18.943,-5.685,NA
"A029",246,5.79,91.6,-0.06,19.886,-6.084,NA
"A029",247,4.75,91.64,0.59,19.311,-6.028,NA
"A029",248,4.62,91.14,0.17,20.234,-6.604,NA
"A029",249,4.02,92.51,1.64,18.536,-5.484,NA
"A029",250,4.74,93.4,1.32,19.934,-5.523,NA
"A029",251,4.94,93.8,0.17,19.517,-6.714,NA
"A029",252,4.78,93.69,-0.27,19.154,-7.188,NA
"A029",253,4.91,93.44,-0.26,19.724,-7.018,NA
"A029",254,4.2,94.22,0.79,18.902,-6.703,NA
"A030",1,83.06,48.2,92.22,14.61,-6.523,-6.523
"A030",2,83.29,48.37,91.72,14.044,-7.074,-7.074
"A030",3,83.45,48.69,91.41,15.527,-7.336,-7.336
"A030",4,82.8,48.95,90.95,14.802,-7.328,-7.328
"A030",5,82.42,48.58,91.11,14.642,-7.126,-7.126
"A030",6,82.6,48.13,91.72,14.644,-6.811,-6.811
"A030",7,82.32,48.03,91.42,14.249,-7,-7
"A030",8,82.42,48.05,90.41,16.092,-8.052,-8.052
"A030",9,81.69,47.86,89.76,15.541,-8.385,-8.385
"A030",10,82.43,48.27,90.02,15.934,-8.358,-8.358
"A030",11,82.55,47.23,91.37,14.736,-7.509,-7.509
"A030",12,83.73,46.57,92.21,14.776,-7.596,-7.596
"A030",13,82.5,46.09,91.36,14.673,-7.974,-7.974
"A030",14,81.8,46.34,90.83,15.207,-8.019,-8.019
"A030",15,81.65,46.25,91.25,14.739,-7.55,-7.55
"A030",16,81.31,46.86,90.45,14.777,-7.912,-7.912
"A030",17,81.67,46.5,90.85,14.752,-7.856,-7.856
"A030",18,81.03,46.17,90.44,15.061,-8.06,-8.06
"A030",19,81.56,46.44,91.03,15.178,-7.644,-7.644
"A030",20,81.98,44.73,91.61,14.638,-8.01,-8.01
"A030",21,82.75,44.94,91.38,15.506,-8.565,-8.565
"A030",22,81.85,45.4,90.21,15.692,-9.061,-9.061
"A030",23,81.63,45.47,91.18,15.177,-7.939,-7.939
"A030",24,81.76,45.81,90.96,15.115,-8.09,-8.09
"A030",25,82.46,45.31,91.38,15.077,-8.257,-8.257
"A030",26,82.92,44.81,92.03,14.892,-8.071,-8.071
"A030",27,81.21,45.83,91.44,15.225,-7.3,-7.3
"A030",28,79.5,45.6,89.92,15.913,-7.981,-7.981
"A030",29,79.44,44.89,90.78,15.074,-7.38,-7.38
"A030",30,80.33,44.77,90.56,15.095,-8.137,-8.137
"A030",31,79.68,45.4,91.3,14.843,-6.787,-6.787
"A030",32,78.94,45.17,91.77,13.803,-6.001,-6.001
"A030",33,79.98,45.06,92.73,12.724,-5.652,-5.652
"A030",34,79.64,44.42,92.62,14.149,-5.841,-5.841
"A030",35,79.32,43.68,91.59,15.192,-7,-7
"A030",36,79.42,42.97,92.05,14.573,-6.89,-6.89
"A030",37,80.13,42.99,93.5,14.04,-5.811,-5.811
"A030",38,80.07,42.34,93.41,14.308,-6.139,-6.139
"A030",39,79.45,42.03,92.18,14.387,-7.152,-7.152
"A030",40,79.59,41.49,91.83,15.128,-7.801,-7.801
"A030",41,79.37,41.32,91.09,15.807,-8.484,-8.484
"A030",42,79.47,40.57,92.9,15.167,-7.032,-7.032
"A030",43,78.94,40.73,93.46,14.013,-6.112,-6.112
"A030",44,78.92,41.94,91.7,14.755,-7.373,-7.373
"A030",45,78.91,41.49,91.64,15.864,-7.605,-7.605
"A030",46,78.39,41.74,91.81,14.043,-7.044,-7.044
"A030",47,79.17,41.97,91,15.326,-8.201,-8.201
"A030",48,78.6,41.62,90.07,15.96,-8.953,-8.953
"A030",49,78.58,41.31,90.83,15.683,-8.307,-8.307
"A030",50,78.48,39.78,91.46,15.408,-8.231,-8.231
"A030",51,78.07,40.65,91.03,15.953,-8.082,-8.082
"A030",52,77.23,41.04,88.98,16.044,-9.517,-9.517
"A030",53,75.94,40.4,88.67,15.043,-9.355,-9.355
"A030",54,75.95,38.62,88.46,16.76,-10.264,-10.264
"A030",55,76.59,38.88,88.79,16.148,-10.201,-10.201
"A030",56,77.6,38.89,89.2,15.08,-10.354,-10.354
"A030",57,78.96,38.93,90.33,16.142,-9.971,-9.971
"A030",58,78.11,39.28,90.83,16.316,-8.854,-8.854
"A030",59,78.63,39.15,91.9,14.709,-8.121,-8.121
"A030",60,78.65,39.99,92.32,15.481,-7.382,-7.382
"A030",61,77.52,40.23,91.59,14.994,-7.393,-7.393
"A030",62,77.43,39.61,91.39,15.075,-7.787,-7.787
"A030",63,76.49,39.32,91.55,14.606,-7.21,-7.21
"A030",64,76.98,38.45,91.66,15.017,-7.713,-7.713
"A030",65,77.2,38.01,90.92,15.419,-8.747,-8.747
"A030",66,76.3,37.8,89.47,15.728,-9.77,-9.77
"A030",67,75.54,37.68,89.93,15.397,-8.923,-8.923
"A030",68,76.43,37.11,90.3,15.883,-9.281,-9.281
"A030",69,77.04,37.8,89.61,16.114,-10.055,-10.055
"A030",70,76.8,36.72,90.99,15.956,-8.958,-8.958
"A030",71,76.76,36.62,90.14,15.809,-9.822,-9.822
"A030",72,76.49,37.68,90.04,16.506,-9.357,-9.357
"A030",73,76.35,37.9,90.34,15.315,-8.892,-8.892
"A030",74,75.14,37.84,88.36,16.224,-10.204,-10.204
"A030",75,75.15,37.96,88.86,15.613,-9.671,-9.671
"A030",76,74.36,38.24,89.85,15.411,-8.125,-8.125
"A030",77,74.5,37.88,89.94,15.747,-8.248,-8.248
"A030",78,73.64,36.69,89.61,15.074,-8.526,-8.526
"A030",79,73.45,36.22,89.06,15.343,-9.135,-9.135
"A030",80,74.09,35.73,89.76,14.877,-8.995,-8.995
"A030",81,73.8,35.56,88.88,15.723,-9.766,-9.766
"A030",82,73.84,34.93,88.51,16.094,-10.4,-10.4
"A030",83,73.43,34.6,89.33,15.786,-9.454,-9.454
"A030",84,73.87,34.9,90.04,15.071,-8.89,-8.89
"A030",85,75.16,34.01,91.37,15.098,-8.659,-8.659
"A030",86,75.91,33.73,92.66,14.576,-7.92,-7.92
"A030",87,75.79,33.2,92.15,15.626,-8.556,-8.556
"A030",88,75.31,32.81,91.39,15.698,-9.17,-9.17
"A030",89,74.59,32.69,91.84,15.963,-8.332,-8.332
"A030",90,74.35,32.84,91.18,16.542,-8.799,-8.799
"A030",91,73.87,32.85,92.17,14.487,-7.509,-7.509
"A030",92,73.63,32.18,92.96,14.726,-6.818,-6.818
"A030",93,73.51,32.49,93.08,14.895,-6.511,-6.511
"A030",94,73.76,31.52,93.7,13.836,-6.391,-6.391
"A030",95,72.04,32.5,91.95,14.433,-6.733,-6.733
"A030",96,71.41,32.57,89.68,16.035,-8.58,NA
"A030",97,72.12,32.47,91.74,15.123,-7.002,NA
"A030",98,72.64,32.48,92.95,14.48,-6.111,NA
"A030",99,71.23,31.99,91.63,14.005,-6.714,NA
"A030",100,71.75,30.94,92.17,14.35,-6.859,NA
"A030",101,71.29,31.31,91.94,15.232,-6.659,NA
"A030",102,71.25,31.24,91.83,14.319,-6.778,NA
"A030",103,72.09,31.05,91.87,15.1,-7.339,NA
"A030",104,72.61,30.44,91.62,15.212,-8.13,NA
"A030",105,71.89,31.14,89.89,16.334,-9.162,NA
"A030",106,72.19,30.58,90.05,15.184,-9.385,NA
"A030",107,71.7,30.47,89.87,15.557,-9.285,NA
"A030",108,71.58,31.03,90.2,15.816,-8.686,NA
"A030",109,71.64,32.1,91.85,14.646,-6.718,NA
"A030",110,71.24,31.69,91.49,15.117,-6.948,NA
"A030",111,71.4,32.37,91.94,13.82,-6.379,NA
"A030",112,71.19,30.32,92.27,14.603,-6.6,NA
"A030",113,72.08,29.31,92.87,14.078,-6.919,NA
"A030",114,71.62,28.48,93.72,14.988,-6.041,NA
"A030",115,71.74,27.2,93.97,13.932,-6.306,NA
"A030",116,71.56,27.54,93.65,14.02,-6.379,NA
"A030",117,71.44,26.75,93.65,13.938,-6.568,NA
"A030",118,70.05,26.68,92.62,14.063,-6.632,NA
"A030",119,70.33,26.41,92.22,14.686,-7.316,NA
"A030",120,70.97,26.68,93.13,13.947,-6.784,NA
"A030",121,71.2,26.82,92.75,15.15,-7.268,NA
"A030",122,71.13,26,92.72,14.584,-7.533,NA
"A030",123,71.92,25.81,93.24,14.815,-7.63,NA
"A030",124,72,25.26,92.95,15.307,-8.167,NA
"A030",125,71.78,25.08,93.24,14.58,-7.781,NA
"A030",126,71.58,25.45,93.05,15.16,-7.698,NA
"A030",127,71.8,25.92,91.82,14.951,-8.92,NA
"A030",128,72.52,25.99,92.56,15.071,-8.668,NA
"A030",129,71.94,26.4,91.54,15.297,-9.139,NA
"A030",130,71.46,25.37,92.54,15.542,-8.152,NA
"A030",131,70.97,25.52,92.44,15.187,-7.857,NA
"A030",132,71.04,25.75,92.26,14.978,-8.006,NA
"A030",133,71.12,26,93.2,14.942,-7.038,NA
"A030",134,70.74,26.96,92.18,14.288,-7.476,NA
"A030",135,71.03,26.84,92.63,15.23,-7.271,NA
"A030",136,71.08,26.94,93.09,14.744,-6.807,NA
"A030",137,70.44,26.48,94.16,13.897,-5.443,NA
"A030",138,70.2,25.74,93.67,13.721,-5.985,NA
"A030",139,69.45,25.24,93.45,14.407,-5.809,NA
"A030",140,68.73,25.12,92.78,14.12,-5.963,NA
"A030",141,67.99,25.21,92.53,13.981,-5.61,NA
"A030",142,67.61,25.28,93.58,12.341,-4.238,NA
"A030",143,66.55,26.58,92.47,13.092,-4.16,NA
"A030",144,66.85,25.15,93.27,12.865,-3.978,NA
"A030",145,66.85,23.89,92.95,13.321,-4.655,NA
"A030",146,67.18,24.1,93.74,12.873,-4.074,NA
"A030",147,67.23,23.41,94.54,12.216,-3.522,NA
"A030",148,66.18,23.95,91.58,13.799,-5.449,NA
"A030",149,65.24,23.83,90.2,14.573,-6.064,NA
"A030",150,66.79,23.93,91.47,14.364,-6.066,NA
"A030",151,65.2,24,90.19,14.269,-6,NA
"A030",152,65.61,23.54,91.15,14.506,-5.506,NA
"A030",153,63.95,23.29,89.91,13.976,-5.375,NA
"A030",154,64.84,23.47,90.08,13.783,-5.933,NA
"A030",155,64.23,23.92,89.54,14.416,-5.823,NA
"A030",156,65.22,23.22,89.69,14.395,-6.717,NA
"A030",157,64.45,22.3,88.83,14.342,-7.162,NA
"A030",158,64.24,22.21,88.52,14.929,-7.307,NA
"A030",159,64.44,21.04,88.58,14.903,-7.769,NA
"A030",160,63.67,20.81,87.29,15.189,-8.427,NA
"A030",161,63.56,20.22,87.15,15.702,-8.649,NA
"A030",162,63.49,19.71,86.7,15.085,-9.203,NA
"A030",163,63.61,19.77,87.27,15.823,-8.725,NA
"A030",164,62.65,20.01,86.58,14.73,-8.442,NA
"A030",165,63.3,21.17,88.12,14.615,-7.151,NA
"A030",166,63.42,20.46,88.96,14.083,-6.633,NA
"A030",167,63.23,19.85,88.6,14.674,-7.015,NA
"A030",168,63.64,19.96,88.72,13.636,-7.246,NA
"A030",169,63.31,18.74,89.63,14.506,-6.443,NA
"A030",170,63.73,18.21,89.08,14.228,-7.584,NA
"A030",171,64.07,17.73,90.4,14.545,-6.759,NA
"A030",172,64.2,17.38,90.18,14.691,-7.249,NA
"A030",173,63.5,17.02,89.81,15.028,-7.114,NA
"A030",174,61.92,16.8,89.91,14.105,-5.615,NA
"A030",175,62.94,17.35,89.56,14.145,-6.696,NA
"A030",176,63.54,18.19,90.39,13.811,-6.102,NA
"A030",177,63.97,17.83,89.99,13.997,-7.04,NA
"A030",178,65.07,17.99,90.22,14.832,-7.766,NA
"A030",179,66.17,18.01,90.06,16.085,-8.91,NA
"A030",180,65.16,17.74,89.07,16.129,-9.088,NA
"A030",181,64.7,18.12,88.64,15.584,-8.959,NA
"A030",182,64.34,17.8,88.83,15.335,-8.555,NA
"A030",183,64,17.52,88.18,16.023,-9.001,NA
"A030",184,63.26,16.27,87.64,15.493,-9.371,NA
"A030",185,63.57,15.21,89.66,15.99,-8.125,NA
"A030",186,62.73,15.38,88.19,15.439,-8.733,NA
"A030",187,63.28,14.89,90.77,13.484,-6.894,NA
"A030",188,62.65,14.96,90.78,14.445,-6.275,NA
"A030",189,61.84,15.35,90.27,13.454,-5.844,NA
"A030",190,61.31,15.47,90.23,13.744,-5.332,NA
"A030",191,61.56,15.17,90.05,14.409,-5.882,NA
"A030",192,61.38,14.98,91.04,12.931,-4.822,NA
"A030",193,60.76,15.62,90.13,13.477,-4.836,NA
"A030",194,61.72,15.95,91.08,13.992,-4.63,NA
"A030",195,61.05,16.13,90.29,13.858,-4.719,NA
"A030",196,60.59,14.8,90.14,13.097,-5.078,NA
"A030",197,60.48,15.2,88.89,14.449,-6.026,NA
"A030",198,60.95,14.97,88.61,14.39,-6.86,NA
"A030",199,60.21,14.58,88.44,14.513,-6.542,NA
"A030",200,59.93,14.43,88.61,14.268,-6.196,NA
"A030",201,60.13,14.76,88.88,14.22,-5.926,NA
"A030",202,58.58,15.5,85.88,14.598,-7.153,NA
"A030",203,57.55,15.4,85.06,14.42,-7.119,NA
"A030",204,57.17,14.31,84.9,15.088,-7.521,NA
"A030",205,58.04,13.7,85.8,15.072,-7.718,NA
"A030",206,57.81,13.51,85.53,15.298,-7.901,NA
"A030",207,58.13,13.85,86.41,14.396,-7.104,NA
"A030",208,58.02,14.01,86.21,15.739,-7.112,NA
"A030",209,57.56,12.91,86.98,14.191,-6.595,NA
"A030",210,57.62,14.29,86.18,13.639,-6.636,NA
"A030",211,57.72,13.73,86.44,14.431,-6.781,NA
"A030",212,58.17,13.41,87.71,15.035,-6.083,NA
"A030",213,57.63,12.48,87.84,13.58,-6.06,NA
"A030",214,57.57,12.72,86.6,14.286,-7.1,NA
"A030",215,57.69,12.8,86.56,14.433,-7.194,NA
"A030",216,57.53,12.37,86.9,14.453,-6.99,NA
"A030",217,57.51,12.81,85.72,15.266,-7.879,NA
"A030",218,57.62,11.94,85.72,15.426,-8.512,NA
"A030",219,57.46,11.49,85.95,15.25,-8.44,NA
"A030",220,57.34,11.02,85.83,15.725,-8.782,NA
"A030",221,57.46,11.24,86.83,15.328,-7.723,NA
"A030",222,57.45,11.72,86.41,14.56,-7.824,NA
"A030",223,57.48,11.39,86.55,15.841,-7.923,NA
"A030",224,57.46,10.79,87.04,15.359,-7.826,NA
"A030",225,57.43,10.37,87.34,15.119,-7.785,NA
"A030",226,57.92,9.41,88.28,15.054,-7.894,NA
"A030",227,57.93,9.63,89.19,14.348,-6.844,NA
"A030",228,57.55,9.34,89.55,14.149,-6.383,NA
"A030",229,57.67,8.97,88.86,14.859,-7.435,NA
"A030",230,57.59,8.41,89.74,14.444,-6.889,NA
"A030",231,56.71,8.53,89.01,13.873,-6.853,NA
"A030",232,57.53,7.99,90.94,13.672,-5.944,NA
"A030",233,57.76,8.3,90.92,14.434,-5.924,NA
"A030",234,57.19,8.57,89.79,15.121,-6.42,NA
"A030",235,56.95,7.81,90.23,14.498,-6.348,NA
"A030",236,56.25,7.14,90.43,14.102,-6.126,NA
"A030",237,56.54,6.09,91.31,14.528,-6.242,NA
"A030",238,56.71,6.99,91.2,13.69,-5.798,NA
"A030",239,56.35,7.17,91.31,13.975,-5.291,NA
"A030",240,56.28,6.52,90.86,14.538,-6.187,NA
"A030",241,56.07,5.41,91.95,13.975,-5.771,NA
"A030",242,55.91,6.46,90.87,14.317,-5.956,NA
"A030",243,55.54,6,91.15,13.857,-5.765,NA
"A030",244,54.63,5.54,91.02,14.511,-5.63,NA
"A030",245,54.42,6.1,90.56,13.874,-5.526,NA
"A030",246,55.09,6.41,91.1,13.582,-5.183,NA
"A030",247,53.98,4.88,90.85,14.369,-5.884,NA
"A030",248,55.34,5.24,92.9,12.952,-4.448,NA
"A030",249,55.35,5.71,92.1,13.391,-4.899,NA
"A030",250,55.25,5.31,91.8,14.044,-5.444,NA
"A030",251,55.5,4.37,92.01,13.712,-6.104,NA
"A030",252,55.46,3.89,92.52,14.313,-5.934,NA
"A031",1,63.01,49.47,84.93,15.11,-2.162,-2.162
"A031",2,62.36,49.6,84.23,15.951,-2.425,-2.425
"A031",3,62.11,49.21,84.54,14.841,-2.12,-2.12
"A031",4,61.45,49.39,83.91,14.194,-2.275,-2.275
"A031",5,60.75,49.89,82.26,15.926,-3.294,-3.294
"A031",6,61.05,49.15,82.29,16.662,-3.742,-3.742
"A031",7,60.42,49.58,81.15,15.808,-4.318,-4.318
"A031",8,59.53,49.34,80.69,16.526,-4.311,-4.311
"A031",9,58.74,49.49,80.12,15.971,-4.307,-4.307
"A031",10,57.27,49.3,80.02,15.491,-3.511,-3.511
"A031",11,57.71,50.03,79.31,15.676,-4.209,-4.209
"A031",12,58.37,51.08,79.17,16.926,-4.35,-4.35
"A031",13,57.53,51.61,78.82,16.188,-3.917,-3.917
"A031",14,57.82,51.1,79.95,15.57,-3.197,-3.197
"A031",15,58.86,51.12,80.76,15.342,-3.067,-3.067
"A031",16,58.56,50.85,80.83,15.061,-2.922,-2.922
"A031",17,58.75,51.61,80.65,15.577,-2.91,-2.91
"A031",18,59.73,51.07,82.1,14.911,-2.317,-2.317
"A031",19,58.9,50.96,81.02,14.928,-2.901,-2.901
"A031",20,59.37,52.14,81.92,14.886,-1.824,-1.824
"A031",21,59.27,52.04,82.7,14.828,-1.018,-1.018
"A031",22,58.79,52.21,82.11,14.754,-1.216,-1.216
"A031",23,58.26,53.18,81.43,14.134,-1.137,-1.137
"A031",24,58.29,52.5,81.52,13.831,-1.354,-1.354
"A031",25,57.44,51.57,81.67,14.048,-1.016,-1.016
"A031",26,57.48,51.46,81.97,14.212,-0.788,-0.788
"A031",27,56.52,51.71,82.34,13.473,0.357,0.357
"A031",28,55.89,51.87,81.51,13.528,0.056,0.056
"A031",29,56.1,52.35,82.36,13.18,0.959,0.959
"A031",30,56.07,52.42,81.98,13.685,0.634,0.634
"A031",31,57.22,53.12,82.85,12.855,0.98,0.98
"A031",32,57.47,53,82.31,13.347,0.208,0.208
"A031",33,56.41,53.29,81.5,13.517,0.284,0.284
"A031",34,55.81,52.14,81.47,13.357,0.184,0.184
"A031",35,55.26,52.62,80.61,13.346,-0.058,-0.058
"A031",36,56.1,52.12,82.01,13.017,0.506,0.506
"A031",37,55.32,51.52,81.96,13.183,0.765,0.765
"A031",38,54.52,51.88,81.05,13.822,0.624,0.624
"A031",39,53.92,52.89,79.91,13.602,0.402,0.402
"A031",40,52.9,52.3,79.22,12.898,0.275,0.275
"A031",41,52.21,52.77,79.31,13.142,1.158,1.158
"A031",42,51.25,52.83,78.44,12.86,1.159,1.159
"A031",43,51.29,53.99,77.5,13.569,0.735,0.735
"A031",44,50.55,53.23,76.49,13.196,0.033,0.033
"A031",45,50.37,54.02,75.04,13.966,-0.866,-0.866
"A031",46,50.08,53.54,72.95,14.956,-2.924,-2.924
"A031",47,50.23,54.38,72.49,15.536,-3.109,-3.109
"A031",48,50.45,55.49,72.7,15.422,-2.575,-2.575
"A031",49,50.01,56.97,71.01,15.103,-3.129,-3.129
"A031",50,50.35,56.04,72.26,15.086,-2.647,-2.647
"A031",51,50.96,55.86,74.04,14.505,-1.531,-1.531
"A031",52,51.14,55.52,74.59,13.841,-1.322,-1.322
"A031",53,50.55,55.75,73.33,14.789,-1.913,-1.913
"A031",54,50.1,54.87,73.5,14.967,-1.733,-1.733
"A031",55,49.86,55.13,73.13,14.403,-1.744,-1.744
"A031",56,50.28,54.67,73.79,14.136,-1.71,-1.71
"A031",57,49.96,54.91,73.92,14.868,-1.165,-1.165
"A031",58,51.01,54.29,74.75,14.621,-1.611,-1.611
"A031",59,51.48,55.38,75.51,14.032,-0.764,-0.764
"A031",60,51.7,55.53,75.22,14.304,-1.191,-1.191
"A031",61,50.64,55,75.22,14.036,-0.473,-0.473
"A031",62,50,55.27,74.06,14.453,-0.88,-0.88
"A031",63,49.68,56.25,72.69,13.361,-1.468,-1.468
"A031",64,49.19,55.5,72.91,14.343,-1.117,-1.117
"A031",65,49.98,54.71,73.75,14.114,-1.443,-1.443
"A031",66,49.93,56.32,71.91,14.81,-2.459,-2.459
"A031",67,48.43,57.05,69.29,15.5,-3.194,-3.194
"A031",68,47.83,57.63,68.05,15.352,-3.511,-3.511
"A031",69,47.7,57.81,67.92,15.505,-3.413,-3.413
"A031",70,47.6,57.48,68.2,16.191,-3.186,-3.186
"A031",71,46.6,57.84,67.08,16.312,-3,-3
"A031",72,46.63,57.58,66.8,15.902,-3.453,-3.453
"A031",73,46.52,57.55,67.13,14.63,-3.007,-3.007
"A031",74,46.09,57.68,67.22,14.569,-2.362,-2.362
"A031",75,45.2,57.9,66.25,14.877,-2.178,-2.178
"A031",76,46,58.43,66.72,14.412,-2.375,-2.375
"A031",77,45.56,57.54,66.66,14.523,-2.375,-2.375
"A031",78,46.63,58.69,67.55,14.065,-2.142,-2.142
"A031",79,46.44,58.38,67.85,14.671,-1.789,-1.789
"A031",80,46.56,57.96,68.71,14.281,-1.269,-1.269
"A031",81,45.15,57.86,65.89,15.489,-2.494,-2.494
"A031",82,44.06,58.35,65.17,14.167,-1.638,-1.638
"A031",83,44.01,57.82,65,14.67,-2.03,-2.03
"A031",84,43.33,58.13,64.24,13.518,-1.771,-1.771
"A031",85,44.63,58.84,64.7,15.21,-2.542,-2.542
"A031",86,44.29,59.08,63,15.304,-3.715,NA
"A031",87,44.59,59.02,63.51,14.849,-3.589,NA
"A031",88,44.24,58.53,63.56,15.493,-3.382,NA
"A031",89,43.84,58.16,62.6,15.225,-4.036,NA
"A031",90,44.87,58.69,63.66,16.103,-3.96,NA
"A031",91,45.71,58.85,64.59,15.644,-3.954,NA
"A031",92,45.51,59.07,63.87,16.541,-4.33,NA
"A031",93,45.31,59.01,63.69,16.158,-4.296,NA
"A031",94,44.81,59.39,62.82,16.135,-4.372,NA
"A031",95,44.79,59.32,63.04,16.345,-4.161,NA
"A031",96,44.69,60.48,62.4,15.405,-4.09,NA
"A031",97,45.46,60.16,64.02,14.658,-3.569,NA
"A031",98,45.92,59.94,64.24,15.881,-4.011,NA
"A031",99,45.63,60.2,63.15,16.003,-4.625,NA
"A031",100,46.01,60.52,64.02,16.194,-4.054,NA
"A031",101,46.16,60.17,63.9,15.55,-4.521,NA
"A031",102,46.31,60.46,64.78,15.038,-3.671,NA
"A031",103,45.13,60.41,62.96,15.971,-4.103,NA
"A031",104,44.9,59.93,62.72,16.278,-4.299,NA
"A031",105,43.7,60.05,60.75,16.454,-4.719,NA
"A031",106,43.99,60.26,61.12,16.259,-4.617,NA
"A031",107,42.6,60.67,58.75,16.591,-5.005,NA
"A031",108,41.89,60.45,59.14,15.993,-3.791,NA
"A031",109,41.73,60.33,58.52,16.447,-4.273,NA
"A031",110,40.71,59.79,57.5,15.778,-4.244,NA
"A031",111,41.29,60.56,58.67,15.046,-3.424,NA
"A031",112,40.96,60.16,59.6,14.638,-2.272,NA
"A031",113,40.53,60.11,59.22,13.604,-2.118,NA
"A031",114,40.51,60.11,59.61,14.181,-1.702,NA
"A031",115,39.93,60.78,58.72,14.489,-1.47,NA
"A031",116,40.19,59.52,59.72,13.573,-1.509,NA
"A031",117,39.07,59.91,56.95,14.753,-2.587,NA
"A031",118,40.38,59.95,59.41,15.126,-1.823,NA
"A031",119,40.3,61.48,57.99,14.605,-2.306,NA
"A031",120,38.78,61.83,54.74,15.659,-3.358,NA
"A031",121,38.56,62.04,55.13,13.997,-2.549,NA
"A031",122,38.22,61.57,54.57,15.349,-2.933,NA
"A031",123,38.41,61.69,54.53,15.087,-3.15,NA
"A031",124,37.58,60.42,54.18,15.597,-3.139,NA
"A031",125,37.76,61.1,54.33,15.222,-2.836,NA
"A031",126,37.72,60.49,54.36,15.383,-3.094,NA
"A031",127,37.62,60.17,54.02,14.672,-3.498,NA
"A031",128,37.07,60.08,53.16,15.347,-3.705,NA
"A031",129,37.42,60.53,53.92,16.093,-3.14,NA
"A031",130,36.59,60.71,53.39,14.532,-2.5,NA
"A031",131,35.86,60.96,52.19,15.349,-2.65,NA
"A031",132,36.1,61.29,52.75,15.433,-2.206,NA
"A031",133,36.15,61.65,53.49,13.925,-1.326,NA
"A031",134,34.88,61.08,51.12,14.457,-2.475,NA
"A031",135,34.6,61.51,49.41,15.978,-3.601,NA
"A031",136,34.6,61.86,48.55,15.76,-4.265,NA
"A031",137,34.17,62.04,48.82,15.174,-3.391,NA
"A031",138,34.21,61.64,48.57,15.197,-3.907,NA
"A031",139,33.9,62.41,48.63,15.704,-3.059,NA
"A031",140,33.38,63.28,47.75,14.588,-2.838,NA
"A031",141,32.28,64.67,45.4,15.385,-3.133,NA
"A031",142,32.84,64.54,46.72,14.543,-2.493,NA
"A031",143,31.69,64.86,45.6,15.285,-2.207,NA
"A031",144,31.94,64.97,45.78,15.152,-2.205,NA
"A031",145,31.59,63.54,46.09,15.431,-2.454,NA
"A031",146,30.67,63.92,45.75,14.286,-1.685,NA
"A031",147,31.94,64.57,46.7,13.624,-1.547,NA
"A031",148,32.33,62.67,49.36,13.11,-0.452,NA
"A031",149,32.84,62.28,50.63,13.112,0.04,NA
"A031",150,33.32,63.49,49.22,14.487,-1.173,NA
"A031",151,32.94,64.52,48.45,14.109,-0.872,NA
"A031",152,31.95,65.24,46.98,14.025,-0.829,NA
"A031",153,31.02,66.03,45.44,15.144,-0.899,NA
"A031",154,32.02,65.88,46.69,13.302,-0.74,NA
"A031",155,32.41,65.65,47.77,13.962,-0.232,NA
"A031",156,32.38,64.91,48.37,13.206,-0.115,NA
"A031",157,31.7,65.98,46.17,13.661,-0.875,NA
"A031",158,31.38,65.82,45.31,14.459,-1.529,NA
"A031",159,32.29,65.73,45.96,14.441,-1.863,NA
"A031",160,32,65.71,45.15,14.28,-2.389,NA
"A031",161,31.66,65.66,44.5,15.351,-2.727,NA
"A031",162,30.7,65.21,44.21,15.135,-2.413,NA
"A031",163,30.76,65.82,42.82,15.547,-3.428,NA
"A031",164,30.81,65.84,42.1,15.97,-4.183,NA
"A031",165,31.5,65.85,42.99,15.927,-3.944,NA
"A031",166,31.79,67.04,43.18,15.425,-3.144,NA
"A031",167,31.25,66.59,43.41,14.655,-2.727,NA
"A031",168,31.14,66.19,44.71,14.448,-1.618,NA
"A031",169,30.5,66.11,44.11,13.879,-1.683,NA
"A031",170,30.27,66.59,42.55,14.839,-2.685,NA
"A031",171,30.33,66.08,43.19,15.171,-2.477,NA
"A031",172,31.22,66.11,44.94,14.467,-1.53,NA
"A031",173,30.73,66.49,43.7,14.692,-2.028,NA
"A031",174,30.4,66.96,43.29,14.59,-1.764,NA
"A031",175,30.13,67.11,44.48,14.26,-0.209,NA
"A031",176,28.99,67.24,42.59,14.425,-1.047,NA
"A031",177,29.05,66.75,42.69,14.888,-1.385,NA
"A031",178,29.02,67.22,41.67,14.88,-2.008,NA
"A031",179,27.55,67.84,39.85,14.813,-2.223,NA
"A031",180,27.26,68.7,39.04,15.457,-2.05,NA
"A031",181,26.88,69.25,37.44,15.05,-2.859,NA
"A031",182,26.35,69.96,37.21,15.15,-2.01,NA
"A031",183,26.34,69.39,38.16,15.052,-1.673,NA
"A031",184,25.54,68.74,38.52,15.306,-1.538,NA
"A031",185,24.67,69.32,37.28,13.912,-1.778,NA
"A031",186,25.98,68.83,39.22,14.501,-0.979,NA
"A031",187,24.82,68.96,38.03,14.757,-1.471,NA
"A031",188,25.03,69.66,37.8,14.428,-1.06,NA
"A031",189,24.68,68.73,38.81,13.224,-0.858,NA
"A031",190,25.97,68.93,39.24,13.749,-0.862,NA
"A031",191,26.37,69.51,38.11,14.17,-1.613,NA
"A031",192,24.9,70.58,36.24,14.676,-1.516,NA
"A031",193,25.8,70.77,36.48,14.28,-1.514,NA
"A031",194,27.36,72.04,35.82,15.054,-1.555,NA
"A031",195,27.31,71.5,36.82,14.255,-1.212,NA
"A031",196,26.33,71.18,35.9,15.387,-1.896,NA
"A031",197,25.23,71.77,34.59,13.81,-1.862,NA
"A031",198,25.54,72.12,34.24,14.894,-1.907,NA
"A031",199,25.45,71.97,34.17,14.512,-2.133,NA
"A031",200,23.75,70.77,35.54,14.936,-1.511,NA
"A031",201,23.63,71.3,34.1,14.69,-2.242,NA
"A031",202,22.93,70.7,34.66,15.408,-2.191,NA
"A031",203,23.62,70.5,34.61,15.239,-2.716,NA
"A031",204,23.61,69.61,35.95,15.926,-2.386,NA
"A031",205,23.04,69.03,36.94,14.256,-1.796,NA
"A032",1,75.4,49.13,92,12.775,-2.203,-2.203
"A032",2,75.18,49.51,92.67,12.097,-1.256,-1.256
"A032",3,74.52,49.61,91.9,12.706,-1.627,-1.627
"A032",4,74.42,48.99,91.74,12.923,-1.992,-1.992
"A032",5,74.24,48.03,91.89,13.184,-2.138,-2.138
"A032",6,74.65,48.61,92.08,13.752,-1.923,-1.923
"A032",7,75.05,48.22,92.01,13.15,-2.381,-2.381
"A032",8,74.79,49.02,91.59,12.983,-2.324,-2.324
"A032",9,74.84,49.08,92.47,12.519,-1.45,-1.45
"A032",10,74.79,49.22,92.92,11.892,-0.913,-0.913
"A032",11,74.11,48.61,93.11,12.826,-0.602,-0.602
"A032",12,73.96,48.87,92.38,12.317,-1.144,-1.144
"A032",13,72.92,48.5,90.74,13.159,-2.362,-2.362
"A032",14,73.18,48.13,90.08,13.424,-3.321,-3.321
"A032",15,72.21,48.76,89.28,13.628,-3.328,-3.328
"A032",16,72.5,49.85,88.4,13.69,-3.927,-3.927
"A032",17,72.01,50.34,88.75,13.855,-3.096,-3.096
"A032",18,71.51,51.62,87.01,13.723,-4.044,-4.044
"A032",19,71.66,51.86,87.81,13.248,-3.223,-3.223
"A032",20,70.77,51.68,86.98,13.733,-3.638,-3.638
"A032",21,70.35,51.4,86.26,14.2,-4.248,-4.248
"A032",22,70.16,51.59,86.23,13.795,-4.088,-4.088
"A032",23,69.31,52.11,85.1,13.982,-4.538,-4.538
"A032",24,70.23,51.99,85.88,13.727,-4.311,-4.311
"A032",25,70.67,51.72,86.48,14.434,-4.074,-4.074
"A032",26,70.83,52.57,86.44,14.254,-3.837,-3.837
"A032",27,69.65,52.26,86.8,12.672,-2.963,-2.963
"A032",28,70.31,51.51,87.43,13.523,-3.007,-3.007
"A032",29,70.41,51.32,87.77,13.641,-2.804,-2.804
"A032",30,70.87,51.49,87.58,13.014,-3.172,-3.172
"A032",31,71.63,51.93,87.71,13.526,-3.28,-3.28
"A032",32,72.18,52,88.11,13.106,-3.148,-3.148
"A032",33,71.64,52.41,87.45,14.116,-3.342,-3.342
"A032",34,71.27,52.21,86.92,13.615,-3.76,-3.76
"A032",35,70.43,52.07,86.42,13.549,-3.843,-3.843
"A032",36,71.35,51.81,87.14,13.385,-3.738,-3.738
"A032",37,71.13,51.53,86.97,13.66,-3.907,-3.907
"A032",38,71.85,52.29,87.8,13.177,-3.152,-3.152
"A032",39,71.33,52.29,86.99,13.987,-3.684,-3.684
"A032",40,71.84,53.27,87.43,13.353,-3.107,-3.107
"A032",41,73.14,52.1,88.12,13.979,-3.613,-3.613
"A032",42,71.34,52.45,87.32,13.836,-3.288,-3.288
"A032",43,71.56,51.73,87.61,13.31,-3.419,-3.419
"A032",44,71.52,51.96,88.16,12.821,-2.758,-2.758
"A032",45,70.23,52.07,87.09,13.51,-3.065,-3.065
"A032",46,69.03,52.41,86.18,13.148,-3.181,-3.181
"A032",47,69.16,52.3,86.5,13.918,-2.981,-2.981
"A032",48,69.23,52.87,86.85,13.462,-2.428,-2.428
"A032",49,68.88,52.92,86.15,13.237,-2.914,-2.914
"A032",50,68.82,53.2,86.69,12.616,-2.224,-2.224
"A032",51,69.28,53.85,86.45,13.331,-2.454,-2.454
"A032",52,69.1,53.96,86.25,13.448,-2.503,-2.503
"A032",53,68.96,54.7,86.35,12.516,-2.023,-2.023
"A032",54,69.41,54.81,87,12.514,-1.567,-1.567
"A032",55,69.41,56.57,85.81,12.395,-2.01,-2.01
"A032",56,70.03,57.7,86.56,12.745,-1.119,-1.119
"A032",57,70.26,57.67,86.08,12.957,-1.736,-1.736
"A032",58,70.91,57.5,85.84,13.863,-2.393,-2.393
"A032",59,70.08,56.65,86.05,12.731,-2.11,-2.11
"A032",60,69.95,56,85.5,14.084,-2.862,-2.862
"A032",61,69.78,56.37,86.49,12.919,-1.628,-1.628
"A032",62,69.78,56.02,86.02,12.515,-2.235,-2.235
"A032",63,69.26,57.22,85.33,12.659,-2.143,-2.143
"A032",64,69.68,56.49,84.54,13.471,-3.47,-3.47
"A032",65,69.21,56.4,84.72,13.349,-3.062,-3.062
"A032",66,68.82,56.93,83.95,13.497,-3.397,-3.397
"A032",67,68.97,57.18,84.11,13.992,-3.213,-3.213
"A032",68,67.78,57.8,82.32,14.581,-4.098,-4.098
"A032",69,68.06,57.81,82.37,14.243,-4.191,-4.191
"A032",70,68.16,58.15,81.75,14.214,-4.723,-4.723
"A032",71,68.98,57.9,81.99,14.575,-5.035,-5.035
"A032",72,69.37,57.77,82.55,14.756,-4.746,-4.746
"A032",73,69.59,58.1,82.21,14.539,-5.054,-5.054
"A032",74,68.15,57.37,81.09,14.999,-5.708,-5.708
"A032",75,67.73,58.03,80.44,15.212,-5.851,-5.851
"A032",76,66.71,57.13,79.91,15.719,-6.19,-6.19
"A032",77,68.09,57.96,81.92,13.679,-4.592,-4.592
"A032",78,68.21,59.02,81.77,14.162,-4.358,-4.358
"A032",79,68.02,59.54,80.53,15.253,-5.274,-5.274
"A032",80,66.96,59.19,79.89,13.898,-5.485,-5.485
"A032",81,66.67,59.61,79.53,14.774,-5.496,-5.496
"A032",82,66.07,59.86,79.23,14.572,-5.361,-5.361
"A032",83,65.79,60.14,80.38,14.018,-3.936,-3.936
"A032",84,66.33,59.04,81.83,12.231,-3.254,-3.254
"A032",85,66.94,59.61,81.87,14.087,-3.308,-3.308
"A032",86,66.78,59.98,80.82,13.352,-4.112,-4.112
"A032",87,65.78,61.09,80.53,13.601,-3.377,-3.377
"A032",88,65.31,61.08,79.87,14.627,-3.779,-3.779
"A032",89,64.46,61.17,78.44,14.613,-4.671,-4.671
"A032",90,63.44,61.25,78.46,13.538,-4.023,-4.023
"A032",91,62.19,61.44,78.12,13.56,-3.532,-3.532
"A032",92,62.44,61.73,78.47,14.057,-3.219,-3.219
"A032",93,62.22,61.28,78.53,13.632,-3.209,-3.209
"A032",94,62.73,60.39,79.11,13.931,-3.316,-3.316
"A032",95,62.27,60.2,79.04,14.107,-3.188,-3.188
"A032",96,62.04,59.36,79.66,13.312,-2.772,-2.772
"A032",97,61.79,58.44,79.94,13.026,-2.727,-2.727
"A032",98,62.27,58.78,80.79,12.577,-2.028,-2.028
"A032",99,62.86,58.88,80.52,13.647,-2.613,-2.613
"A032",100,62.77,57.8,81.1,12.977,-2.427,-2.427
"A032",101,62.69,59.48,80.34,12.925,-2.444,-2.444
"A032",102,63.68,60.09,79.98,13.334,-3.137,-3.137
"A032",103,62.72,60.77,79.34,13.713,-2.919,-2.919
"A032",104,62.65,60.48,78.33,13.749,-4.007,-4.007
"A032",105,61.72,60.58,77.96,14.188,-3.763,-3.763
"A032",106,61.67,60.72,76.98,15.054,-4.654,-4.654
"A032",107,61.76,62.15,75.77,14.879,-5.322,-5.322
"A032",108,61.69,61.8,76.06,14.088,-5.136,-5.136
"A032",109,61.58,61.79,75.29,14.715,-5.838,-5.838
"A032",110,62.14,62.46,75.85,14.711,-5.348,-5.348
"A032",111,61.17,63.07,75.23,14.274,-5.097,-5.097
"A032",112,61.19,62.92,75.02,14.923,-5.382,-5.382
"A032",113,61.5,62.32,75.38,15.586,-5.473,-5.473
"A032",114,61.59,62.73,75.57,14.204,-5.166,-5.166
"A032",115,61.06,62.97,75.84,14.84,-4.465,-4.465
"A032",116,61.04,63.61,75.53,14.143,-4.481,-4.481
"A032",117,62.3,63.45,77.6,13.401,-3.268,-3.268
"A032",118,63.51,63.55,78.54,14.447,-3.017,-3.017
"A032",119,62.3,63.4,77.82,12.75,-3.069,-3.069
"A032",120,61.69,63.25,77.27,13.589,-3.313,NA
"A032",121,61.45,63.7,76.9,13.309,-3.332,NA
"A032",122,61.1,64.68,75.96,13.303,-3.641,NA
"A032",123,60.95,64.61,75.7,13.09,-3.838,NA
"A032",124,60.92,64.34,75.83,14.452,-3.797,NA
"A032",125,61.02,64.3,75.96,14.048,-3.756,NA
"A032",126,60.81,64.63,76.18,13.603,-3.256,NA
"A032",127,60.65,65.12,75.37,14.182,-3.754,NA
"A032",128,59.75,65.12,74.75,14.348,-3.788,NA
"A032",129,60.28,64.74,75.39,13.011,-3.658,NA
"A032",130,60.19,63.5,75.74,13.728,-3.78,NA
"A032",131,59.75,64.14,75.41,14.093,-3.545,NA
"A032",132,60.3,64.46,76.74,13.098,-2.44,NA
"A032",133,59.55,64.6,76.16,13.271,-2.467,NA
"A032",134,58.71,64.42,75.71,13.452,-2.412,NA
"A032",135,59.19,64.06,77.37,12.391,-1.239,NA
"A032",136,59.66,63.92,76.93,12.952,-2.062,NA
"A032",137,59.4,63.39,76.39,13.032,-2.648,NA
"A032",138,58.49,64.14,74.76,13.432,-3.326,NA
"A032",139,58.71,63.53,74.81,14.076,-3.693,NA
"A032",140,59.09,64.86,73.39,14.102,-4.808,NA
"A032",141,59.7,65.12,74.2,14.02,-4.306,NA
"A032",142,59.07,65.71,73.31,14.663,-4.504,NA
"A032",143,58.62,66.02,72.82,14.725,-4.552,NA
"A032",144,58.51,66.5,72.39,14.779,-4.69,NA
"A032",145,57.15,66.61,70.69,14.59,-5.36,NA
"A032",146,56.53,66.04,71.3,14.091,-4.517,NA
"A032",147,56.63,66.35,71.82,14.165,-3.937,NA
"A032",148,56.71,66.78,72.22,13.479,-3.417,NA
"A032",149,56.49,68.07,71.48,13.546,-3.409,NA
"A032",150,55.66,67.87,71.17,13.836,-3.148,NA
"A032",151,55.43,67.82,70.76,12.781,-3.385,NA
"A032",152,55.72,68.39,71.3,12.632,-2.82,NA
"A032",153,54.78,67.71,70.41,13.788,-3.24,NA
"A032",154,54.39,68.76,70.23,13.591,-2.595,NA
"A032",155,54.11,69.28,69.76,13.467,-2.564,NA
"A032",156,53.47,68.72,67.84,14.173,-4.185,NA
"A032",157,54.14,70.09,67.08,14.579,-4.888,NA
"A032",158,55.03,70.12,67.83,14.729,-4.902,NA
"A032",159,56.13,70.52,69.31,14.245,-4.151,NA
"A032",160,56.12,70.65,69.64,13.071,-3.753,NA
"A032",161,55.94,71.29,69.92,14.174,-3.023,NA
"A032",162,56.46,71.29,71.76,12.296,-1.616,NA
"A032",163,56.27,71.29,71.16,12.533,-2.056,NA
"A032",164,55.28,70.23,71.31,12.599,-1.588,NA
"A032",165,55.45,70.06,71.36,12.671,-1.77,NA
"A032",166,55.37,70.35,70.34,13.837,-2.567,NA
"A032",167,54.1,71.27,68.92,13.157,-2.425,NA
"A032",168,54.68,71.38,69.11,13.993,-2.706,NA
"A032",169,53.68,71,67.67,13.248,-3.413,NA
"A032",170,53.71,69.4,68.13,14.855,-3.772,NA
"A032",171,54.25,70.89,68.84,13.301,-2.831,NA
"A032",172,54.81,71.75,68.97,13.833,-2.785,NA
"A032",173,55.14,71.16,70.09,13.241,-2.247,NA
"A032",174,55,71.8,69.77,11.915,-2.121,NA
"A032",175,54.57,71.86,68.73,13.691,-2.744,NA
"A032",176,54.51,72.53,68.36,13.021,-2.722,NA
"A032",177,54.24,72.05,68.9,13.35,-2.187,NA
"A032",178,54.05,72.25,69.33,12.522,-1.483,NA
"A032",179,54.13,72.94,69.06,12.578,-1.471,NA
"A032",180,54.87,72.23,69.55,13.034,-2.017,NA
"A032",181,54.54,72.48,69.18,13.225,-1.963,NA
"A032",182,54.14,72.48,68.46,13.23,-2.315,NA
"A032",183,53.83,71.71,68.07,13.279,-2.801,NA
"A032",184,53.28,71.1,67.4,13.716,-3.268,NA
"A032",185,52.05,71.3,65.81,14.243,-3.521,NA
"A032",186,52.8,70.39,66.87,13.343,-3.697,NA
"A032",187,52.61,68.76,67.09,13.806,-4.111,NA
"A032",188,51.64,69.88,64.76,14.07,-4.9,NA
"A032",189,52.52,70.66,66.11,14.396,-4.033,NA
"A032",190,52.86,70.86,66.99,13.703,-3.393,NA
"A032",191,51.32,71.32,65.6,13.717,-2.963,NA
"A032",192,51.96,70.26,67.52,13.023,-2.267,NA
"A032",193,51.63,71.14,66.36,13.449,-2.629,NA
"A032",194,52.31,71.4,67.99,12.359,-1.556,NA
"A032",195,53.05,71.42,68.41,13.148,-1.857,NA
"A032",196,52.91,70.87,66.3,14.158,-4.126,NA
"A032",197,51.82,71.16,64.01,14.324,-5.17,NA
"A032",198,51.79,72.3,62.74,14.587,-5.788,NA
"A032",199,51.1,72.42,62.36,14.768,-5.358,NA
"A032",200,51.75,72.83,62.38,14.364,-5.817,NA
"A032",201,52.27,72.55,63.17,15.364,-5.735,NA
"A032",202,50.99,72.82,62.47,14.734,-4.898,NA
"A032",203,50.93,72,62.76,13.62,-4.997,NA
"A032",204,50.8,71.77,63.74,13.513,-4.007,NA
"A032",205,50.31,71.91,62.89,14.45,-4.225,NA
"A032",206,49.32,72.99,60.44,14.243,-4.885,NA
"A032",207,50.24,73.77,60.36,15.542,-5.595,NA
"A032",208,50.14,73.66,60.8,14.008,-5.108,NA
"A032",209,50.81,75.35,61.72,14.106,-3.966,NA
"A032",210,50.66,74.9,61.67,13.834,-4.105,NA
"A032",211,50.15,75.8,59.57,14.747,-5.048,NA
"A032",212,50.42,75.83,60.73,13.069,-4.205,NA
"A032",213,50.53,76.27,60.52,14.427,-4.27,NA
"A032",214,50.45,76.24,60.04,15.354,-4.679,NA
"A032",215,49.99,75.5,60.21,14.14,-4.39,NA
"A032",216,50.03,75.86,60.93,13.781,-3.49,NA
"A032",217,49.65,75.23,60.18,14.898,-4.161,NA
"A032",218,49.07,75.65,58.08,15.266,-5.242,NA
"A032",219,49.99,76.66,59.36,14.7,-4.512,NA
"A032",220,50.84,76.1,60.78,14.057,-4.494,NA
"A032",221,50.91,76.55,60.05,14.679,-5.036,NA
"A032",222,50.85,74.81,62.58,13.804,-3.466,NA
"A032",223,51.36,75.65,63.65,12.469,-2.506,NA
"A032",224,51.08,76.45,62.7,13.523,-2.657,NA
"A032",225,51.55,77.32,62.81,12.964,-2.596,NA
"A032",226,50.59,77.59,61.17,12.949,-2.905,NA
"A032",227,50.11,78.11,60.8,12.478,-2.328,NA
"A032",228,50.09,77.66,61.54,12.718,-1.853,NA
"A032",229,50.1,77.16,61.82,12.528,-1.884,NA
"A032",230,48.94,76.85,60.59,12.964,-1.779,NA
"A032",231,48.58,77.91,60.12,12.715,-1.061,NA
"A032",232,48,77.79,58.25,12.642,-2.179,NA
"A032",233,47.99,78.01,57.93,12.903,-2.335,NA
"A032",234,48.17,76.85,58.25,13.075,-3.061,NA
"A032",235,48.05,77.76,57.34,12.749,-3.176,NA
"A032",236,47.57,78.4,55.13,14.319,-4.233,NA
"A032",237,47.53,77.36,55.61,14.578,-4.423,NA
"A032",238,47.23,76.77,55.86,13.979,-4.159,NA
"A032",239,46.65,76.78,53.91,15.234,-5.247,NA
"A032",240,46.3,76.86,53.84,14.654,-4.714,NA
"A032",241,46.03,77.01,53.75,14.545,-4.284,NA
"A032",242,46.76,76.31,55.75,13.668,-3.907,NA
"A032",243,46.1,77.78,52.76,14.645,-4.785,NA
"A032",244,46.14,78.28,53.15,14.479,-4.095,NA
"A032",245,45.93,78.01,51.73,15.23,-5.38,NA
"A032",246,44.57,78.22,49.84,15.016,-4.881,NA
"A032",247,43.95,77.82,49.19,15.009,-4.827,NA
"A032",248,43.07,79.02,46.69,14.463,-4.766,NA
"A032",249,43.62,78.98,47.72,14.566,-4.759,NA
"A032",250,42.81,79.62,46.26,14.706,-4.212,NA
"A032",251,42.83,79.75,45.25,15.011,-5.146,NA
"A032",252,42.17,79.6,45.24,14.301,-4.085,NA
"A032",253,43.14,79.42,47.72,14.033,-3.526,NA
"A032",254,42.89,79.3,46.93,13.803,-3.97,NA
"A032",255,42.86,79.47,46.67,14.332,-4.027,NA
"A032",256,42.41,79.61,45.48,14.621,-4.272,NA
"A032",257,42.59,79.73,46.31,13.498,-3.681,NA
"A032",258,43.34,79.43,47.54,14.41,-4.052,NA
"A032",259,43,80.03,46.77,14.018,-3.691,NA
"A032",260,43.12,79.85,47.37,13.744,-3.463,NA
"A032",261,44.25,80.56,48.49,13.395,-3.823,NA
"A032",262,44.48,81.14,48.81,13.631,-3.467,NA
"A032",263,44.78,80.01,50.49,13.278,-3.167,NA
"A032",264,44.28,80.5,48.53,13.576,-3.864,NA
"A032",265,44.37,80.41,48.5,14.13,-4.121,NA
"A032",266,43.53,80.77,46.7,14.125,-4.132,NA
"A032",267,43.96,80.93,48.35,13.377,-3.139,NA
"A032",268,44.34,81.78,47.69,13.744,-3.848,NA
"A032",269,43.42,82.67,44.72,13.937,-4.44,NA
"A032",270,43.66,83.59,44.46,14.4,-4.516,NA
"A032",271,43.08,82.92,43.51,14.506,-4.827,NA
"A032",272,43.34,82.23,44.87,14.64,-4.478,NA
"A032",273,43.34,82.58,44.85,15.105,-4.227,NA
"A032",274,43.33,82.86,45.22,13.588,-3.636,NA
"A032",275,43.61,83.22,45.59,13.892,-3.552,NA
"A032",276,43.62,83.78,45.02,13.856,-3.763,NA
"A032",277,43.85,82.93,45.12,14.64,-4.692,NA
"A032",278,44.55,83.57,45.34,14.543,-5.353,NA
"A032",279,44.36,83.97,44.95,14.771,-5.117,NA
"A032",280,43.87,83.39,45.1,13.797,-4.413,NA
"A032",281,42.94,84.23,41.98,14.608,-5.187,NA
"A032",282,42.48,84.75,40.44,15.384,-5.489,NA
"A032",283,43.08,84.7,42.5,14.423,-4.637,NA
"A032",284,41.85,83.17,41.59,13.89,-4.162,NA
"A032",285,41.2,84.15,38.87,13.966,-4.872,NA
"A032",286,39.7,84.63,35.67,14.063,-4.655,NA
"A032",287,39.7,84.75,35.9,14.021,-4.354,NA
"A032",288,40.12,84.23,37.16,14.473,-4.336,NA
"A032",289,39.37,83.2,36.58,14.388,-4.167,NA
"A032",290,39.5,83.08,36.85,13.777,-4.262,NA
"A032",291,38.88,83.03,35.92,13.582,-3.98,NA
"A032",292,38.67,82.15,35.39,14.906,-4.886,NA
"A032",293,38.31,81.73,35.48,14.342,-4.496,NA
"A032",294,37.73,81.46,35.51,14.173,-3.605,NA
"A032",295,37.36,81.74,34.89,13.375,-3.242,NA
"A032",296,38.23,81.37,37.21,13.032,-2.949,NA
"A032",297,39.04,81.13,39.14,13.273,-2.821,NA
"A032",298,38.98,81.77,38.39,14.177,-2.849,NA
"A032",299,38.32,82.2,36.81,13.022,-2.727,NA
"A032",300,38.4,83.35,35.6,12.869,-3.084,NA
"A032",301,38.59,83.52,35.94,12.539,-2.966,NA
"A032",302,38.17,84.43,33.36,13.508,-3.993,NA
"A032",303,38.33,84.98,33.59,13.771,-3.687,NA
"A032",304,38.96,84.2,34.68,14.61,-4.448,NA
"A032",305,39.64,84.68,35.26,14.232,-4.926,NA
"A032",306,40.01,84.32,36.3,14.414,-4.896,NA
"A032",307,39.04,85.22,33.99,13.735,-4.589,NA
"A032",308,39.42,86.1,35.1,13.994,-3.744,NA
"A032",309,38.37,86.18,33.25,13.267,-3.371,NA
"A032",310,38.3,85.89,34.69,13.135,-1.957,NA
"A032",311,36.93,86.24,32.15,12.338,-1.477,NA
"A032",312,37.65,85.92,32.31,13.339,-2.967,NA
"A032",313,35.71,86.52,27.31,13.814,-3.712,NA
"A032",314,35.67,86.57,27.87,13.262,-3.056,NA
"A032",315,35.91,87.17,27.84,13.382,-3.261,NA
"A032",316,35.91,86.79,26.89,13.364,-4.389,NA
"A032",317,35.54,86.66,26.68,14.094,-3.942,NA
"A032",318,34.93,87.18,26.21,12.935,-2.959,NA
"A032",319,35.1,87.32,26.76,13.219,-2.677,NA
"A032",320,36.03,88.29,27.93,12.681,-2.983,NA
"A032",321,35.13,87.92,27.96,12.507,-1.288,NA
"A032",322,35.66,88.16,28.33,12.864,-1.882,NA
"A032",323,36.35,88.84,29.29,13.46,-2.132,NA
"A032",324,35.8,89.11,28.29,12.743,-1.976,NA
"A032",325,35.33,89.25,27.36,12.628,-1.951,NA
"A032",326,35.43,88.75,25.97,12.72,-3.625,NA
"A032",327,35.3,88.63,25.63,13.935,-3.74,NA
"A033",1,79.26,25.74,92.82,17.596,-12.78,-12.78
"A033",2,79.63,27.13,93.31,15.828,-11.973,-11.973
"A033",3,78.96,27.49,91.68,17.678,-13.07,-13.07
"A033",4,79.29,28.02,92.09,16.838,-12.647,-12.647
"A033",5,78.63,27.47,92.44,17.195,-12.124,-12.124
"A033",6,77.95,27,92.4,17.003,-11.941,-11.941
"A033",7,78.31,26.51,93.23,16.911,-11.503,-11.503
"A033",8,79,26.31,93.45,17.256,-11.779,-11.779
"A033",9,79.47,26.39,94.01,17.419,-11.472,-11.472
"A033",10,79.53,25.98,94.91,17.336,-10.755,-10.755
"A033",11,79.22,27.03,93.98,17.279,-11.102,-11.102
"A033",12,79,27.26,93.69,16.613,-11.176,-11.176
"A033",13,79.47,28.33,92.46,17.728,-12.267,-12.267
"A033",14,79.21,29.04,91.71,17.896,-12.589,-12.589
"A033",15,79.77,29.41,92.89,16.203,-11.596,-11.596
"A033",16,80.08,30.19,93.24,17.149,-11.116,-11.116
"A033",17,79.48,29.75,93.16,16.659,-11.024,-11.024
"A033",18,79.64,30.82,92.84,17.437,-11.024,-11.024
"A033",19,79.6,30.61,92.93,17.247,-10.992,-10.992
"A033",20,79.78,30.18,93.23,17.029,-10.955,-10.955
"A033",21,79.51,30.29,94.02,16.435,-9.972,-9.972
"A033",22,80.99,30.07,94.93,16.185,-9.994,-9.994
"A033",23,81.62,30.42,95.57,16.656,-9.583,-9.583
"A033",24,80.99,30.61,94.65,17.046,-10.061,-10.061
"A033",25,79.78,30.68,92.98,17.33,-11.015,-11.015
"A033",26,79.19,29.93,92.74,17.512,-11.206,-11.206
"A033",27,80.02,30.23,92.01,17.496,-12.298,-12.298
"A033",28,79.54,30.96,91.52,15.951,-12.233,-12.233
"A033",29,79.29,30.41,91.84,17.545,-11.976,-11.976
"A033",30,78.85,29.63,92.01,17.052,-11.844,-11.844
"A033",31,78.55,29.76,92.26,17.159,-11.381,-11.381
"A033",32,78.2,29.94,92.42,17.151,-10.948,-10.948
"A033",33,77.77,29.26,93.25,16.195,-10.115,-10.115
"A033",34,79.17,29.68,93.13,17.121,-10.902,-10.902
"A033",35,79.69,30.57,91.97,17.112,-12.011,-12.011
"A033",36,80.02,29.97,92.22,17.35,-12.195,-12.195
"A033",37,79.52,29.9,91.88,17.502,-12.268,-12.268
"A033",38,79.85,29.62,92.53,16.889,-11.915,-11.915
"A033",39,79.93,30.04,92.86,16.862,-11.474,-11.474
"A033",40,79.65,30.44,92.73,16.849,-11.285,-11.285
"A033",41,79.32,31.2,90.7,17.633,-12.831,-12.831
"A033",42,78.97,30.81,90.7,17.383,-12.775,-12.775
"A033",43,78.47,31.48,90.61,17.299,-12.316,-12.316
"A033",44,77.3,31.41,90.87,17.123,-11.405,-11.405
"A033",45,78.57,32.23,91.75,17.026,-10.947,-10.947
"A033",46,79.08,32.79,92.08,17.317,-10.696,-10.696
"A033",47,78.61,32.91,91.99,17.208,-10.47,-10.47
"A033",48,78.8,33.7,91.23,16.57,-11.027,-11.027
"A033",49,78.89,33.78,90.55,17.161,-11.727,-11.727
"A033",50,79.99,34.35,89.8,17.041,-12.883,-12.883
"A033",51,80.65,33.39,91.31,16.503,-12.126,-12.126
"A033",52,80.77,32.63,91.32,17.529,-12.479,-12.479
"A033",53,79.56,33.46,90.14,17.88,-12.646,-12.646
"A033",54,80.03,32.85,90.29,17.549,-13.009,-13.009
"A033",55,79.35,32.4,90.66,17.76,-12.418,-12.418
"A033",56,79.23,31.99,91.2,17.616,-11.975,-11.975
"A033",57,78.9,32.86,91.65,17.076,-10.986,-10.986
"A033",58,78.69,33.26,91.48,18.031,-10.889,-10.889
"A033",59,79.24,33.36,92.86,15.84,-9.782,-9.782
"A033",60,79.11,33.38,92.65,16.601,-9.908,-9.908
"A033",61,79.09,33.05,92.4,16.984,-10.282,-10.282
"A033",62,79.11,34.66,91.59,17.586,-10.476,-10.476
"A033",63,78.6,35.94,90.31,16.615,-10.968,-10.968
"A033",64,77.38,36.62,89.43,16.976,-10.888,-10.888
"A033",65,76.69,36.91,87.83,16.612,-11.983,-11.983
"A033",66,76.08,36.62,87.9,16.972,-11.67,-11.67
"A033",67,75.51,36.6,86.82,17.265,-12.429,-12.429
"A033",68,76.9,36.45,86.83,17.731,-13.279,-13.279
"A033",69,75.8,36.72,86.26,17.525,-13.111,-13.111
"A033",70,75.66,35.87,87.57,17.032,-12.051,-12.051
"A033",71,74.67,35.82,86.75,17.095,-12.313,-12.313
"A033",72,75.16,35.23,86.48,17.35,-13.087,-13.087
"A033",73,75.29,34.88,86.7,17.458,-13.075,-13.075
"A033",74,75.65,35.48,86.86,17.401,-12.902,-12.902
"A033",75,74.8,35.64,86.11,17.547,-13.094,-13.094
"A033",76,74.72,35.68,85.43,17.345,-13.715,-13.715
"A033",77,74.65,35.72,85.66,17.093,-13.435,-13.435
"A033",78,73.99,35.55,86.08,16.961,-12.686,-12.686
"A033",79,73.54,35.55,85.82,17.804,-12.676,-12.676
"A033",80,73.58,36.01,84.76,17.863,-13.591,-13.591
"A033",81,73.75,36.06,84.91,17.129,-13.528,-13.528
"A033",82,73.74,36.3,85.83,17.157,-12.509,-12.509
"A033",83,73.34,37.72,84.8,16.886,-12.774,-12.774
"A033",84,73.59,38.16,85.19,16.752,-12.363,-12.363
"A033",85,73.36,37.94,85.56,17.746,-11.953,-11.953
"A033",86,73.67,36.94,86.05,17.964,-12.012,-12.012
"A033",87,74.67,36.95,85.93,17.832,-12.706,-12.706
"A033",88,74.98,36.76,86.04,17.502,-12.842,-12.842
"A033",89,75.39,37.42,86.04,17.285,-12.827,-12.827
"A033",90,75.07,37.89,85.66,17.034,-12.844,NA
"A033",91,75.27,37.92,86.08,17.11,-12.528,NA
"A033",92,73.97,38.19,85.91,17.15,-11.857,NA
"A033",93,74.12,38.12,87.16,17.283,-10.719,NA
"A033",94,75.8,39.36,86.37,16.775,-11.987,NA
"A033",95,75.64,39.68,86.57,17.641,-11.574,NA
"A033",96,76.37,40.14,86.77,16.983,-11.596,NA
"A033",97,76.71,40.86,86.96,17.362,-11.315,NA
"A033",98,76.26,41.57,85.93,17.098,-11.812,NA
"A033",99,76.39,41.74,85.12,17.582,-12.629,NA
"A033",100,76.42,42.18,84.51,16.725,-13.078,NA
"A033",101,76.72,42.15,85.29,17.937,-12.48,NA
"A033",102,76.4,43.06,83.78,17.308,-13.454,NA
"A033",103,75.68,41.94,85.45,17.187,-11.82,NA
"A033",104,76.81,43.37,85.25,17.247,-12.077,NA
"A033",105,75.98,42.69,85.65,17.296,-11.488,NA
"A033",106,76.55,43.05,85.71,16.367,-11.609,NA
"A033",107,76.48,42.92,85.2,17.765,-12.132,NA
"A033",108,77.85,42.67,85.58,17.775,-12.605,NA
"A033",109,77.62,43,85.06,17.308,-12.865,NA
"A033",110,77.56,44.32,84.8,17.167,-12.558,NA
"A033",111,77.08,44.22,84.39,17.088,-12.749,NA
"A033",112,76.49,44.37,83.92,16.437,-12.831,NA
"A033",113,76.42,45.62,83.58,17.975,-12.62,NA
"A033",114,76.58,45.67,83.31,17.332,-12.963,NA
"A033",115,76.75,45.77,83.52,17.781,-12.806,NA
"A033",116,76.72,44.64,83.33,17.652,-13.434,NA
"A033",117,76.86,44.97,82.96,17.56,-13.749,NA
"A033",118,75.26,44.91,82.38,17.511,-13.471,NA
"A033",119,74.63,45.28,82.5,17.674,-12.863,NA
"A033",120,74.48,44.74,84.44,16.596,-11.044,NA
"A033",121,74.6,45.23,82.96,16.91,-12.395,NA
"A033",122,73.47,45.55,82.25,17.827,-12.354,NA
"A033",123,73.53,47.19,81.25,16.657,-12.727,NA
"A033",124,73.17,47.25,80.92,16.938,-12.837,NA
"A033",125,74.23,47.45,80.63,17.077,-13.627,NA
"A033",126,73.43,46.52,80.71,17.665,-13.487,NA
"A033",127,72.76,46.86,80.44,17.08,-13.241,NA
"A033",128,71.56,46.3,79.92,17.928,-13.32,NA
"A033",129,71.69,45.93,80.2,17.507,-13.266,NA
"A033",130,72.09,46,80.23,17.693,-13.428,NA
"A033",131,72.32,46.83,79.6,17.466,-13.855,NA
"A033",132,72.8,47.88,79.59,17.606,-13.708,NA
"A033",133,72.36,47.99,80.44,17.047,-12.569,NA
"A033",134,71.87,47.42,80.92,17.789,-12.047,NA
"A033",135,71.38,48.04,81.36,16.74,-11.083,NA
"A033",136,70.39,47.89,80.63,17.099,-11.334,NA
"A033",137,69.92,48.61,80.07,16.525,-11.336,NA
"A033",138,70.2,48.03,81.69,16.244,-10.103,NA
"A033",139,71.69,48.68,81.2,16.598,-11.149,NA
"A033",140,71.93,48.51,82.5,15.766,-10.059,NA
"A033",141,72.11,48.05,82.51,17.52,-10.337,NA
"A033",142,71.76,47.53,81.97,16.982,-10.897,NA
"A033",143,72.31,47.4,83.45,16.856,-9.769,NA
"A033",144,72.15,47.08,83.45,16.565,-9.805,NA
"A033",145,72.32,47.59,82.63,16.776,-10.513,NA
"A033",146,72.14,48.29,82.1,17.154,-10.66,NA
"A033",147,71.9,48.54,83.07,16.169,-9.465,NA
"A033",148,72.54,48.94,83.85,16.039,-8.874,NA
"A033",149,73.16,48.57,85.19,15.783,-8.021,NA
"A033",150,73.55,48.4,85.26,15.89,-8.236,NA
"A033",151,74.18,48.72,85.27,15.525,-8.444,NA
"A033",152,74.89,49.71,85.45,15.806,-8.238,NA
"A033",153,75.31,50.1,84.77,15.933,-8.984,NA
"A033",154,75.65,49.46,84.42,16.708,-9.787,NA
"A033",155,76.47,50.56,85.1,16.777,-9.08,NA
"A033",156,75.81,50.18,86.08,16.082,-7.91,NA
"A033",157,74.75,50.67,85.37,15.833,-7.836,NA
"A033",158,74.38,51.52,85.42,15.925,-7.225,NA
"A033",159,74.85,51.64,84.57,15.396,-8.276,NA
"A033",160,75.07,52.08,85.11,16.258,-7.676,NA
"A033",161,74.79,52.18,85.51,15.311,-7.083,NA
"A033",162,74.45,51.69,85.57,15.232,-7.044,NA
"A033",163,75.09,52.09,86.21,16.028,-6.579,NA
"A033",164,75.78,51.73,87.03,14.406,-6.281,NA
"A033",165,75.69,52.02,86.31,14.742,-6.836,NA
"A033",166,75.2,51.79,85.54,14.838,-7.433,NA
"A033",167,74.28,53.37,85.02,15.163,-6.794,NA
"A033",168,74.15,53.03,84.48,15.561,-7.409,NA
"A033",169,73.77,53.12,84.04,15.721,-7.605,NA
"A033",170,72.84,52.49,84.07,15.276,-7.339,NA
"A033",171,72.76,53.01,83.71,15.101,-7.429,NA
"A033",172,73.4,53.52,84.36,15.653,-6.916,NA
"A033",173,73.32,53.86,83.39,15.841,-7.692,NA
"A033",174,74.2,54.96,82.44,15.91,-8.638,NA
"A033",175,74.41,54.87,82.7,16.319,-8.533,NA
"A033",176,74.16,54.72,82.91,15.654,-8.256,NA
"A033",177,73.72,53.67,82.45,16.157,-8.932,NA
"A033",178,73.58,53.57,82.41,16.405,-8.943,NA
"A033",179,73.33,53.17,81.81,16.249,-9.577,NA
"A033",180,72.4,54.06,79.53,16.919,-10.972,NA
"A033",181,71.92,53.94,78.77,16.666,-11.53,NA
"A033",182,71.77,53.82,78.34,17.417,-11.929,NA
"A033",183,72.11,52.53,79.34,16.659,-11.663,NA
"A033",184,71.68,51.58,77.76,17.807,-13.394,NA
"A033",185,72.21,52.42,77.64,17.469,-13.455,NA
"A033",186,72.62,52.75,76.94,17.584,-14.238,NA
"A033",187,72.62,52.78,77.21,17.551,-13.955,NA
"A033",188,72.01,53.81,75.42,17.581,-14.988,NA
"A033",189,71.31,55.43,74.58,17.914,-14.754,NA
"A033",190,71.9,56.5,75.27,17.679,-13.919,NA
"A033",191,71.46,57.27,74.76,17.348,-13.868,NA
"A033",192,71.86,57.94,75.07,17.943,-13.471,NA
"A033",193,71.89,58.01,75.38,17.802,-13.153,NA
"A033",194,72.49,58.22,75.91,17.153,-12.842,NA
"A033",195,73.34,57.29,76.35,17.382,-13.251,NA
"A033",196,73.79,57.84,76.36,17.322,-13.234,NA
"A033",197,73.86,58.62,76.82,17.482,-12.466,NA
"A033",198,73,58.23,76.08,17.261,-12.936,NA
"A033",199,72.95,58.07,76.03,17.146,-13.031,NA
"A033",200,71.33,58.79,73.67,17.225,-14.231,NA
"A033",201,70.44,59.09,73.52,17.929,-13.767,NA
"A033",202,69.56,59.66,73.17,16.682,-13.412,NA
"A033",203,69.21,59.91,73.14,17.928,-13.144,NA
"A033",204,70.21,59.83,73.4,17.199,-13.446,NA
"A033",205,69.83,59.6,72.41,17.305,-14.343,NA
"A033",206,69.82,58.93,72.81,17.754,-14.226,NA
"A033",207,69.97,59.69,72.96,17.442,-13.826,NA
"A033",208,70.41,59.72,73.37,17.334,-13.632,NA
"A033",209,71.17,59.89,73.31,17.647,-14.016,NA
"A033",210,70.75,59.65,73.53,16.964,-13.683,NA
"A033",211,70.26,59.27,74.67,17.436,-12.454,NA
"A033",212,70.43,59.79,74.55,16.818,-12.439,NA
"A033",213,70.15,59.33,73.87,17.72,-13.166,NA
"A033",214,70.2,58.88,73.91,18.157,-13.354,NA
"A033",215,70.45,58.78,75.13,17.68,-12.308,NA
"A033",216,70.91,58.64,75.02,17.531,-12.727,NA
"A033",217,71.06,58.28,74.86,17.531,-13.117,NA
"A033",218,71.17,59.56,75.53,16.792,-11.935,NA
"A033",219,70.53,60.04,75.65,16.639,-11.278,NA
"A033",220,70.03,60.39,74.83,17.019,-11.686,NA
"A033",221,70.39,62.58,73.01,17.424,-12.709,NA
"A033",222,70.52,64.11,72.77,16.973,-12.327,NA
"A033",223,70.65,64.43,73.51,16.655,-11.507,NA
"A033",224,71.01,64.16,74.08,17.509,-11.247,NA
"A033",225,71.57,63.97,75.11,17.209,-10.579,NA
"A033",226,71.82,64.47,74.43,17.085,-11.153,NA
"A033",227,71.38,64.01,74.21,17.101,-11.369,NA
"A033",228,70.88,65.19,72.86,17.938,-11.931,NA
"A033",229,69.81,64.51,72.61,16.996,-11.957,NA
"A033",230,70.02,64.04,73.35,16.87,-11.534,NA
"A033",231,68.45,63.07,74.03,16.967,-10.466,NA
"A033",232,69.12,64.54,72.94,17.022,-11.26,NA
"A033",233,68.96,64.16,73.5,16.302,-10.783,NA
"A033",234,68.86,64.32,73.49,17.08,-10.676,NA
"A033",235,68.69,64.29,74.03,17.091,-10.06,NA
"A033",236,69.06,64.49,73.23,17.157,-10.965,NA
"A033",237,69.29,63.76,73.24,16.837,-11.399,NA
"A033",238,68.44,63.45,71.76,17.381,-12.571,NA
"A033",239,68.53,63.73,72.32,16.863,-11.936,NA
"A033",240,68.49,64.13,72.63,17.191,-11.428,NA
"A033",241,67.69,64.34,72.25,16.953,-11.288,NA
"A033",242,67.04,65.92,70.95,16.932,-11.55,NA
"A034",1,49.34,79.85,53.53,14.305,-7.468,-7.468
"A034",2,49.4,80.69,53.75,13.278,-6.81,-6.81
"A034",3,49.45,80.59,53.82,13.373,-6.877,-6.877
"A034",4,48.89,80.47,52.63,13.681,-7.339,-7.339
"A034",5,49.35,80.32,53.28,14.159,-7.445,-7.445
"A034",6,50.05,79.7,54.27,14.07,-7.801,-7.801
"A034",7,50.44,80.28,54.89,13.962,-7.364,-7.364
"A034",8,49.23,80.85,53.35,13.9,-6.879,-6.879
"A034",9,49.38,81.23,52.93,13.143,-7.274,-7.274
"A034",10,49.69,81.32,54.55,13.372,-6.048,-6.048
"A034",11,50.47,81.41,55.67,13.203,-5.972,-5.972
"A034",12,51.04,81.73,57.65,12.414,-4.582,-4.582
"A034",13,50.34,81.17,56.29,12.673,-5.317,-5.317
"A034",14,50.98,80.54,57.09,12.439,-5.741,-5.741
"A034",15,50.56,80.94,56.07,12.881,-5.964,-5.964
"A034",16,50.56,80.74,56.27,13.233,-5.874,-5.874
"A034",17,50.38,81.12,55.54,13.181,-6.136,-6.136
"A034",18,51.04,81.03,55.95,13.672,-6.675,-6.675
"A034",19,51.22,81.68,55.31,13.158,-7.183,-7.183
"A034",20,51.75,82.68,54.4,13.892,-8.254,-8.254
"A034",21,52.7,82.51,56.68,14.223,-7.242,-7.242
"A034",22,52.96,83.14,56.51,13.942,-7.41,-7.41
"A034",23,53.82,83.19,58.09,13.341,-6.812,-6.812
"A034",24,53.34,83.37,57.23,13.482,-7.026,-7.026
"A034",25,53.56,82.12,58.89,13.032,-6.239,-6.239
"A034",26,53.15,81.79,58.09,13.296,-6.743,-6.743
"A034",27,52.78,82.93,56.82,13.982,-6.995,-6.995
"A034",28,52.93,84.11,56.75,13.98,-6.666,-6.666
"A034",29,53.74,83.48,57.59,14.211,-7.087,-7.087
"A034",30,54.33,83.17,58.3,14.212,-7.188,-7.188
"A034",31,53.42,83.67,58.08,13.102,-6.129,-6.129
"A034",32,53.05,84.32,57.74,13.101,-5.728,-5.728
"A034",33,53.11,83.27,58.53,12.952,-5.508,-5.508
"A034",34,52.97,83.21,57.58,14.03,-6.322,-6.322
"A034",35,54.24,82.96,58.21,14.104,-7.267,-7.267
"A034",36,53.71,84,58.29,13.212,-6.103,-6.103
"A034",37,53.25,84.02,57.33,14.027,-6.512,-6.512
"A034",38,52.02,83.46,56.18,13.686,-6.422,-6.422
"A034",39,52.27,83.19,56.85,12.966,-6.203,-6.203
"A034",40,53.12,84.96,56.53,13.802,-6.719,-6.719
"A034",41,53.21,85.84,55.19,13.822,-7.78,-7.78
"A034",42,53.88,86.54,54.95,14.24,-8.507,-8.507
"A034",43,53.62,86.79,54.2,14.208,-8.848,-8.848
"A034",44,53.8,86.73,54.79,14.194,-8.492,-8.492
"A034",45,53.54,86.49,54.54,14.474,-8.546,-8.546
"A034",46,53.94,86.29,56.22,13.985,-7.412,-7.412
"A034",47,54.04,85.78,57.42,14.374,-6.557,-6.557
"A034",48,54.42,86.1,57.6,13.694,-6.665,-6.665
"A034",49,53.93,86.41,57,13.931,-6.571,-6.571
"A034",50,53.62,86.4,55.61,13.526,-7.601,-7.601
"A034",51,54.74,86.39,57.08,13.694,-7.401,-7.401
"A034",52,55.42,86.48,57.94,13.266,-7.244,-7.244
"A034",53,55.62,86.26,58.66,13.877,-6.81,-6.81
"A034",54,56.04,86.02,59.46,13.959,-6.541,-6.541
"A034",55,57.42,86.32,60.85,12.814,-6.342,-6.342
"A034",56,57.12,85.91,61,13.175,-6.087,-6.087
"A034",57,57.1,85.3,61.31,12.798,-6.012,-6.012
"A034",58,57.29,84.74,61.22,13.418,-6.52,-6.52
"A034",59,56.96,83.85,61.18,13.421,-6.643,-6.643
"A034",60,57.11,83.61,61.57,14.328,-6.502,-6.502
"A034",61,58.23,84.79,61.64,13.973,-6.895,-6.895
"A034",62,57.81,84.04,59.91,14.583,-8.591,-8.591
"A034",63,57.93,83.73,59.95,14.928,-8.788,-8.788
"A034",64,57.92,84.14,60.16,15.002,-8.396,-8.396
"A034",65,57.7,84.35,60.21,14.603,-8.063,-8.063
"A034",66,56.97,84.26,59.9,13.502,-7.753,-7.753
"A034",67,57.27,84.79,60,13.626,-7.702,-7.702
"A034",68,56.02,85.7,58.55,14.042,-7.561,-7.561
"A034",69,55.48,86.44,57.29,14.567,-7.962,-7.962
"A034",70,55.16,85.76,58.44,14.265,-6.768,-6.768
"A034",71,55.31,85.97,58.65,13.611,-6.626,-6.626
"A034",72,54.49,86.36,58.47,12.858,-5.757,-5.757
"A034",73,55.16,86.36,59.59,12.719,-5.361,-5.361
"A034",74,55.61,85,60.97,12.443,-5.036,-5.036
"A034",75,56.5,84.33,62.71,12.553,-4.47,-4.47
"A034",76,57.13,84.79,62.84,12.148,-4.731,-4.731
"A034",77,57.23,84.39,62.61,12.982,-5.228,-5.228
"A034",78,56.45,84.08,62.32,12.663,-4.923,-4.923
"A034",79,56.42,83.85,62.13,13.064,-5.189,-5.189
"A034",80,56.93,84.58,62.06,12.626,-5.412,-5.412
"A034",81,56.48,83.76,62.24,12.175,-5.182,-5.182
"A034",82,57.14,84.03,62.5,13.348,-5.409,-5.409
"A034",83,57.66,84.28,62.24,13.486,-6.026,-6.026
"A034",84,57.95,84.67,63.04,12.815,-5.313,-5.313
"A034",85,58.22,84.03,63.46,12.312,-5.404,-5.404
"A034",86,57.64,84.21,61.13,14.021,-7.153,-7.153
"A034",87,57.37,84.2,61.7,13.519,-6.337,-6.337
"A034",88,57.58,85.29,60.87,13.865,-6.889,-6.889
"A034",89,57.96,84.93,61.27,14.172,-6.975,-6.975
"A034",90,57.88,85.1,60.53,14.558,-7.582,-7.582
"A034",91,58.09,85.75,62.1,12.7,-5.912,-5.912
"A034",92,59.17,85.52,64.28,11.812,-4.734,-4.734
"A034",93,59.96,86.7,63.15,13.011,-5.998,NA
"A034",94,60.1,86.45,64.26,12.637,-5.086,NA
"A034",95,59,85.4,63.57,13.21,-5.352,NA
"A034",96,58.36,85.41,62.73,13.709,-5.657,NA
"A034",97,58.1,85.16,61.67,13.003,-6.604,NA
"A034",98,58.8,85.72,62.29,13.521,-6.331,NA
"A034",99,58.55,86.33,61.88,12.801,-6.288,NA
"A034",100,58.38,87.44,60.6,13.518,-6.974,NA
"A034",101,58.6,87.53,59.8,14.477,-7.925,NA
"A034",102,58.41,87.68,59.18,14.518,-8.326,NA
"A034",103,59.75,87.62,60.48,14.531,-8.128,NA
"A034",104,60.28,88.56,61.81,13.518,-6.832,NA
"A034",105,59.79,89.6,60.89,13.866,-6.989,NA
"A034",106,59.99,89.53,61.26,13.179,-6.791,NA
"A034",107,60.37,89.51,61.64,14.011,-6.716,NA
"A034",108,59.79,89.09,61.39,13.834,-6.685,NA
"A034",109,59.21,89.35,60.84,14.715,-6.674,NA
"A034",110,60.19,90.57,61.53,14.353,-6.283,NA
"A034",111,60.2,89.98,61.4,14.112,-6.647,NA
"A034",112,60.71,90.86,61.51,14.216,-6.581,NA
"A034",113,60.71,90.25,61.88,13.351,-6.434,NA
"A034",114,60.99,90.56,62.23,13.434,-6.173,NA
"A034",115,60.82,90.66,61.95,13.062,-6.29,NA
"A034",116,61.05,90.23,62,13.391,-6.567,NA
"A034",117,61.2,90.32,62.16,13.35,-6.481,NA
"A034",118,60.77,90.52,62.51,12.749,-5.753,NA
"A034",119,60.55,90.25,62.48,12.333,-5.725,NA
"A034",120,60.23,90.44,61.93,13.535,-5.967,NA
"A034",121,60,90.27,62.09,12.689,-5.696,NA
"A034",122,60.92,90.28,62.38,13.705,-6.079,NA
"A034",123,61.38,90.65,62.84,13.271,-5.804,NA
"A034",124,62.03,90.18,62.91,13.719,-6.348,NA
"A034",125,62.48,89.72,63.44,12.692,-6.295,NA
"A034",126,62.25,90.45,64.63,12.961,-4.672,NA
"A034",127,62.93,90.15,65.54,12.41,-4.317,NA
"A034",128,63.23,90.31,65.75,13.136,-4.229,NA
"A034",129,62.93,90.61,64.8,12.169,-4.882,NA
"A034",130,62.12,89.99,64.28,12.455,-5.118,NA
"A034",131,62.81,88.55,65.34,12.566,-5.048,NA
"A034",132,61.75,89.3,64.65,12.6,-4.76,NA
"A034",133,61.5,89.22,63.55,13.288,-5.718,NA
"A034",134,61.16,89.05,64.33,13.054,-4.766,NA
"A034",135,61.3,88.79,64.04,12.854,-5.257,NA
"A034",136,61.24,89.37,64.65,11.85,-4.374,NA
"A034",137,61.28,89.3,64.76,12.442,-4.328,NA
"A034",138,61.7,88.5,65.75,11.198,-3.936,NA
"A034",139,61.46,87.72,66.16,11.678,-3.658,NA
"A034",140,61.83,87.8,66.46,11.828,-3.582,NA
"A034",141,61.36,87.11,66.49,11.177,-3.513,NA
"A034",142,61.03,86.54,66.39,11.976,-3.595,NA
"A034",143,61.63,87.06,66.54,11.523,-3.661,NA
"A034",144,61.62,87.46,65.92,12.212,-4.117,NA
"A034",145,61.48,87.69,64.51,13.371,-5.335,NA
"A034",146,62,88.12,64.69,12.684,-5.352,NA
"A034",147,62.32,88.95,63.78,13.398,-6.146,NA
"A034",148,61.82,89.01,63.36,13.686,-6.202,NA
"A034",149,61.48,88.86,63.39,14.114,-6.008,NA
"A034",150,60.97,89.91,62.62,13.679,-6.02,NA
"A034",151,61.17,90.52,62.84,13.099,-5.708,NA
"A034",152,60.67,90.97,62.48,13.205,-5.538,NA
"A034",153,59.42,90.44,62.77,12.047,-4.499,NA
"A034",154,59.83,89.74,63.99,11.545,-3.863,NA
"A034",155,61.54,89.87,65.76,11.223,-3.29,NA
"A034",156,62.04,89.95,66.46,11.435,-2.893,NA
"A034",157,61.45,90.9,65.13,11.764,-3.474,NA
"A034",158,61.79,89.98,64.27,13.89,-4.913,NA
"A034",159,61.72,90.46,64.46,12.413,-4.483,NA
"A034",160,62.72,91.25,64.56,13.049,-4.747,NA
"A034",161,63.2,92.11,64.19,12.888,-5.105,NA
"A034",162,62.97,91.81,64.38,11.96,-4.88,NA
"A034",163,63.18,91.79,64.74,12.578,-4.658,NA
"A034",164,63.24,91.29,64.87,12.892,-4.755,NA
"A034",165,64.55,90.43,67.53,11.953,-3.189,NA
"A034",166,64.56,89.85,66.41,12.743,-4.539,NA
"A034",167,66.12,89.34,66.6,12.638,-5.391,NA
"A034",168,66.3,90.06,65.72,13.212,-6.091,NA
"A034",169,66.5,90.69,65.24,14.036,-6.442,NA
"A034",170,66.68,90.27,65.51,13.478,-6.417,NA
"A034",171,66,89.59,64.05,13.887,-7.787,NA
"A034",172,65.73,89.81,63.76,14.154,-7.844,NA
"A034",173,67.07,90.33,64.06,14.649,-8.039,NA
"A034",174,66.36,90.91,64.24,13.738,-7.285,NA
"A034",175,66.11,90.74,64.48,13.797,-6.977,NA
"A034",176,65.53,90.05,64.99,13.828,-6.424,NA
"A034",177,63.97,90.04,63.64,14.455,-6.893,NA
"A034",178,63.8,89.5,63.49,14.33,-7.146,NA
"A034",179,64.02,90.16,63.36,13.405,-7.154,NA
"A034",180,65.37,91.02,63.66,13.749,-7.298,NA
"A034",181,65.66,90.47,64.33,13.836,-6.99,NA
"A034",182,65.97,90.67,64.31,14.546,-7.1,NA
"A034",183,66.06,90.92,64.76,13.143,-6.609,NA
"A034",184,66.29,91.25,64.94,13.714,-6.427,NA
"A034",185,66.63,91.46,64.5,13.532,-6.961,NA
"A034",186,65.87,91.31,64.36,14.365,-6.763,NA
"A034",187,66.23,91.23,64.13,13.443,-7.207,NA
"A034",188,66.95,91.21,65.61,12.95,-6.108,NA
"A034",189,66.88,92.08,64.72,14.283,-6.641,NA
"A034",190,66.21,92.67,63.29,14.475,-7.51,NA
"A034",191,64.88,92.51,62.86,14.008,-7.281,NA
"A034",192,65.75,92.89,62.24,13.664,-8.24,NA
"A034",193,66.46,93.37,62.65,14.803,-8.025,NA
"A034",194,66.67,94.16,62.79,14.443,-7.718,NA
"A034",195,67.05,94.42,63.09,14.801,-7.511,NA
"A034",196,67.11,94.27,62.93,13.959,-7.758,NA
"A034",197,68.19,95.37,63.13,14.539,-7.697,NA
"A034",198,68.91,95.06,64.37,14.05,-6.909,NA
"A034",199,68.81,94.91,64.48,13.536,-6.807,NA
"A034",200,68.69,94.33,64.05,14.378,-7.379,NA
"A034",201,68.69,95.08,63.89,14.037,-7.282,NA
"A034",202,68.91,93.07,64.68,14.594,-7.3,NA
"A034",203,68.76,93.72,64.87,14.376,-6.809,NA
"A034",204,69.21,93.86,64.75,13.229,-7.083,NA
"A034",205,70.02,93.85,65.14,14.271,-7.06,NA
"A034",206,69.75,94.93,65.05,13.884,-6.66,NA
"A034",207,70.24,94.72,65.54,13.291,-6.452,NA
"A034",208,70.68,94.43,66.71,12.364,-5.572,NA
"A034",209,70.85,94.31,67.08,13.15,-5.315,NA
"A034",210,71.79,94.41,67.54,12.762,-5.216,NA
"A034",211,72.41,94.47,68.12,12.927,-4.855,NA
"A034",212,72.5,95.32,68.79,11.453,-3.948,NA
"A034",213,72.27,95.09,68.91,12.44,-3.814,NA
"A034",214,71.34,95.15,67.65,12.603,-4.673,NA
"A034",215,71.42,94.01,67.25,13.734,-5.486,NA
"A034",216,71.34,95.1,66.9,12.472,-5.441,NA
"A034",217,70.58,94.84,66.81,12.952,-5.293,NA
"A034",218,69.91,95.52,66.82,12.912,-4.758,NA
"A034",219,70.52,96.4,65.9,13.084,-5.649,NA
"A034",220,70.09,96.08,66.09,12.893,-5.374,NA
"A034",221,70.05,95.77,64.74,12.8,-6.819,NA
"A034",222,70.27,95.73,64.25,14.203,-7.414,NA
"A034",223,70.55,95.98,64.31,14.07,-7.396,NA
"A034",224,70.42,97.14,64.59,14.266,-6.666,NA
"A034",225,69.92,97.73,64.38,14.085,-6.456,NA
"A034",226,69.93,98.11,64.57,13.05,-6.138,NA
"A034",227,69.18,96.96,64.27,14.015,-6.48,NA
"A034",228,69.46,95.59,63.89,14.335,-7.458,NA
"A034",229,69.21,94.69,63.96,13.945,-7.581,NA
"A034",230,68.59,94.66,64.23,13.434,-7.036,NA
"A034",231,69.11,94.32,64.53,13.382,-7.101,NA
"A034",232,69.97,94.6,64.61,14.279,-7.307,NA
"A034",233,70.6,93.81,65.13,14.545,-7.327,NA
"A035",1,37.57,60.49,48.72,16.144,-8.551,-8.551
"A035",2,38.27,60.33,49.63,16.504,-8.637,-8.637
"A035",3,38.26,60.37,49.56,16.138,-8.659,-8.659
"A035",4,37.54,59.6,50,15.972,-7.732,-7.732
"A035",5,38.05,59.26,51.2,14.869,-7.385,-7.385
"A035",6,37.98,59.11,52.12,15.359,-6.457,-6.457
"A035",7,37.34,59.07,51.36,14.882,-6.422,-6.422
"A035",8,37.65,58.89,51.85,15.137,-6.448,-6.448
"A035",9,37.95,59.3,52.31,14.845,-6.123,-6.123
"A035",10,37.8,60.08,52.06,14.736,-5.734,-5.734
"A035",11,37.03,58.97,51.13,15.143,-6.316,-6.316
"A035",12,37.98,59.92,51.83,14.648,-6.286,-6.286
"A035",13,38.37,60.27,50.66,16.242,-7.771,-7.771
"A035",14,38.56,59.82,52.17,15.237,-6.757,-6.757
"A035",15,38.26,59.33,51.12,15.654,-7.698,-7.698
"A035",16,39.63,58.86,53.17,16.024,-7.686,-7.686
"A035",17,39.58,58.49,53.28,16.576,-7.725,-7.725
"A035",18,38.99,58.95,52.27,15.933,-7.711,-7.711
"A035",19,38.66,59.43,52.05,15.645,-7.23,-7.23
"A035",20,38.49,60.06,52.4,15.325,-6.292,-6.292
"A035",21,38.63,61.25,51.63,15.203,-6.595,-6.595
"A035",22,38.96,61.14,51.54,16.097,-7.175,-7.175
"A035",23,38.44,61.12,49.94,16.268,-8.104,-8.104
"A035",24,38.55,59.85,52.07,14.809,-6.817,-6.817
"A035",25,37.59,59,51.15,15.22,-6.993,-6.993
"A035",26,37.74,58.84,50.53,16.039,-7.905,-7.905
"A035",27,38.35,59.46,51.67,15.466,-7.196,-7.196
"A035",28,39.34,59.34,52.55,15.761,-7.672,-7.672
"A035",29,38.67,58.71,51.38,15.627,-8.328,-8.328
"A035",30,38.3,59.94,50.89,15.455,-7.63,-7.63
"A035",31,38.76,59.74,51.06,16.569,-8.165,-8.165
"A035",32,37.82,59.16,49.65,15.837,-8.695,-8.695
"A035",33,37.99,58.87,50.33,16.234,-8.405,-8.405
"A035",34,37.95,58.12,50.34,16.166,-8.781,-8.781
"A035",35,36.36,58.26,48.1,16.83,-8.941,-8.941
"A035",36,36.5,58.98,49.71,15.159,-7.071,-7.071
"A035",37,36.88,59.68,50.11,15.873,-6.744,-6.744
"A035",38,37.23,60.39,50.29,15.252,-6.604,-6.604
"A035",39,35.98,60.66,48.37,15.346,-6.794,-6.794
"A035",40,35.89,59.76,48.27,15.941,-7.308,-7.308
"A035",41,35.87,59.83,47.58,16.048,-7.927,-7.927
"A035",42,35.99,60.04,47.83,15.712,-7.713,-7.713
"A035",43,35.5,59.31,48.25,15.531,-7.106,-7.106
"A035",44,34.51,58.98,47.44,15.628,-6.934,-6.934
"A035",45,35.71,58.73,48.66,15.641,-7.301,-7.301
"A035",46,35.64,57.36,49.37,15.553,-7.339,-7.339
"A035",47,35.5,56.46,49.12,16.39,-7.996,-7.996
"A035",48,35.09,56.93,47.49,16.382,-8.834,-8.834
"A035",49,35.9,57.27,47.99,16.968,-9.091,-9.091
"A035",50,34.45,56.63,47.65,16.035,-8.114,-8.114
"A035",51,34.72,56.83,47.54,15.83,-8.414,-8.414
"A035",52,34.97,56.31,48.55,15.582,-8.038,-8.038
"A035",53,34.46,57.37,46.75,16.305,-8.55,-8.55
"A035",54,34.36,56.89,46.31,16.4,-9.185,-9.185
"A035",55,34.78,57.44,47.38,16.481,-8.247,-8.247
"A035",56,35.42,56.85,47.91,16.417,-8.866,-8.866
"A035",57,34.66,56.81,47.6,15.863,-8.298,-8.298
"A035",58,34.82,56.72,47.66,16.316,-8.472,-8.472
"A035",59,35.34,55.81,47.57,16.957,-9.794,-9.794
"A035",60,34.51,54.91,47.4,16.467,-9.61,-9.61
"A035",61,34.18,54.14,47.31,16.822,-9.888,-9.888
"A035",62,33.12,54.05,45.24,16.927,-10.823,-10.823
"A035",63,32.2,55.07,43.51,17.395,-10.792,-10.792
"A035",64,32.68,53.93,45.42,17.403,-10.247,-10.247
"A035",65,33.26,53.93,46,17.229,-10.303,-10.303
"A035",66,33.95,53.55,47.3,17.446,-10.081,-10.081
"A035",67,33.72,54.04,46.81,16.581,-9.936,-9.936
"A035",68,33.33,53.89,47.78,15.864,-8.636,-8.636
"A035",69,32.81,52.98,49.36,15.854,-7.188,-7.188
"A035",70,31.35,53.78,46.8,15.796,-7.533,-7.533
"A035",71,30.1,54.28,46.14,15.666,-6.539,-6.539
"A035",72,29.66,53.79,47.07,14.056,-5.512,-5.512
"A035",73,30.29,53.84,46.84,14.444,-6.349,-6.349
"A035",74,30.32,53.36,47.48,14.682,-6.097,-6.097
"A035",75,30.56,53.7,47.21,15.047,-6.358,-6.358
"A035",76,30.56,52.98,47.35,15.13,-6.767,-6.767
"A035",77,30.11,53.08,46.62,15.475,-6.964,-6.964
"A035",78,30.98,52.35,48.82,15.002,-6.247,-6.247
"A035",79,30.78,52.65,47.88,14.406,-6.729,-6.729
"A035",80,29.84,52.65,46.75,15.519,-6.879,-6.879
"A035",81,28.75,54.36,43.44,15.249,-7.85,-7.85
"A035",82,28.89,53.81,43.21,15.845,-8.599,-8.599
"A035",83,28.39,54.3,42.06,16.381,-8.928,-8.928
"A035",84,29.86,53.14,44.17,16.892,-9.105,-9.105
"A035",85,29.65,52.96,43.52,17.551,-9.688,-9.688
"A035",86,28.79,53.99,41.7,17.375,-9.885,-9.885
"A035",87,28.35,52.45,42.73,16.549,-9.553,-9.553
"A035",88,27.72,53.36,41.75,15.478,-9.237,-9.237
"A035",89,27.46,52.56,42.37,15.657,-8.947,-8.947
"A035",90,27.33,52.77,42.03,16.506,-8.997,-8.997
"A035",91,28.37,52.7,43.33,16.534,-8.783,-8.783
"A035",92,28.36,52.23,43.04,16.53,-9.422,-9.422
"A035",93,27.84,53.04,42.9,15.972,-8.439,-8.439
"A035",94,28.13,52.39,43.17,16.264,-8.929,-8.929
"A035",95,28.9,53.08,43.85,16.078,-8.507,-8.507
"A035",96,28.94,52.6,44.53,16.371,-8.226,-8.226
"A035",97,28.15,51.48,43.69,15.959,-9.142,-9.142
"A035",98,27.96,51.07,43.94,16.648,-9.039,-9.039
"A035",99,28.35,51.56,43.37,16.801,-9.6,-9.6
"A035",100,28.28,51.56,43.24,15.986,-9.659,-9.659
"A035",101,28.55,51.9,42.86,16.337,-10.045,-10.045
"A035",102,28.07,51.27,43.08,16.969,-9.838,-9.838
"A035",103,28.62,50.53,43.96,16.559,-10.143,-10.143
"A035",104,28.48,50.1,43.78,17.077,-10.547,-10.547
"A035",105,28.65,48.91,45.42,17.23,-10.157,-10.157
"A035",106,27.65,48.39,45.48,16.776,-9.478,-9.478
"A035",107,26.58,48.77,43.71,16.643,-9.719,-9.719
"A035",108,26.45,48.2,42.65,17.559,-11.146,-11.146
"A035",109,26.77,47.83,43.79,17.336,-10.703,-10.703
"A035",110,25.87,47.61,43.93,16.992,-9.738,-9.738
"A035",111,24.41,47.53,41.45,17.191,-10.567,-10.567
"A035",112,24.06,47.74,41.14,16.434,-10.267,-10.267
"A035",113,24.36,47.75,41.73,17.072,-10.035,-10.035
"A035",114,24.92,46.68,44.03,16.754,-9.339,-9.339
"A035",115,24.43,47.36,42.68,17.022,-9.496,-9.496
"A035",116,24.35,46.79,42.28,16.821,-10.294,-10.294
"A035",117,25.37,46.43,42.95,16.831,-11.201,-11.201
"A035",118,26.03,46.6,43.63,16.387,-11.154,-11.154
"A035",119,25.18,46.44,43.46,17.204,-10.445,-10.445
"A035",120,25.02,47.41,41.81,17.344,-11.03,-11.03
"A035",121,25.06,48.03,42.46,16.955,-9.9,-9.9
"A035",122,25.6,47.51,43.99,16.272,-9.451,-9.451
"A035",123,25.43,47.85,42.78,16.732,-10.162,-10.162
"A035",124,26.5,48.24,43.39,17.207,-10.427,-10.427
"A035",125,25.81,47.95,43.81,15.854,-9.469,-9.469
"A035",126,24.67,47.17,43.32,16.84,-9.31,-9.31
"A035",127,23.75,47.29,41.6,16.977,-9.8,-9.8
"A035",128,24.56,47.91,41.58,16.941,-10.288,-10.288
"A035",129,24.37,47.2,42.32,17.166,-9.922,-9.922
"A035",130,24.28,47.83,40.91,17.088,-10.687,-10.687
"A035",131,23.86,47.31,40.54,16.995,-10.974,-10.974
"A035",132,24.47,46.97,41.14,17.251,-11.425,-11.425
"A035",133,24.24,46.21,42.61,17.383,-10.337,-10.337
"A035",134,25.08,45.94,43.77,16.758,-10.48,-10.48
"A035",135,25.68,45.01,45.9,16.378,-9.977,-9.977
"A035",136,25.76,44.16,46.5,17.478,-10.308,NA
"A035",137,25.66,44.39,46.37,16.731,-10.084,NA
"A035",138,26.2,44.33,47.44,16.932,-9.723,NA
"A035",139,25.83,44.62,46.75,16.612,-9.69,NA
"A035",140,25.81,43.81,46.97,16.897,-10.243,NA
"A035",141,26.02,44.93,46.14,16.684,-10.226,NA
"A035",142,25.23,46.01,44.15,16.696,-10.222,NA
"A035",143,25.44,45.6,44.53,17.912,-10.489,NA
"A035",144,25.53,45.1,46.05,16.707,-9.546,NA
"A035",145,24.71,44.52,45.85,16.286,-9.276,NA
"A035",146,25.08,45.35,45.46,17.048,-9.34,NA
"A035",147,24.43,45.38,43.77,16.881,-10.19,NA
"A035",148,24.23,45.36,43.49,16.959,-10.231,NA
"A035",149,23.85,44.29,42.86,16.817,-11.373,NA
"A035",150,22.93,44.93,40.34,16.973,-12.052,NA
"A035",151,22.12,45.16,39.69,16.744,-11.366,NA
"A035",152,21.99,44.58,40.88,17.13,-10.505,NA
"A035",153,23.03,44.97,41.69,17.666,-10.791,NA
"A035",154,21.94,45.7,39.29,17.697,-11.052,NA
"A035",155,21.95,45.05,39.56,17.68,-11.354,NA
"A035",156,21.93,44.5,39.47,17.831,-11.901,NA
"A035",157,22.76,44.12,41.23,16.58,-11.673,NA
"A035",158,22.69,43.67,42.02,16.808,-11.211,NA
"A035",159,22.69,41.9,43.17,17.834,-11.8,NA
"A035",160,22.59,41.29,43.26,17.47,-12.199,NA
"A035",161,23.34,42.48,43.63,17.408,-11.68,NA
"A035",162,22.37,42.3,43.31,17.005,-10.804,NA
"A035",163,21.44,41.63,43.44,16.781,-9.958,NA
"A035",164,22.28,42.01,44.14,16.235,-10.132,NA
"A035",165,23.45,43.07,44.48,17.109,-10.406,NA
"A035",166,22.79,43.06,43.28,17.041,-10.679,NA
"A035",167,22.37,42.25,43.24,17.729,-10.922,NA
"A035",168,23.04,42.98,42.99,17.183,-11.412,NA
"A035",169,23.09,43.25,42.74,17.534,-11.461,NA
"A035",170,22.54,42.53,41.56,18.627,-12.563,NA
"A035",171,22.46,41.96,41.89,17.738,-12.699,NA
"A035",172,23.06,43.04,41.87,17.336,-12.494,NA
"A035",173,24.2,42.75,43.29,18.334,-12.91,NA
"A035",174,23.38,42.29,43.64,17.799,-11.91,NA
"A035",175,21.71,41.67,42.55,17.275,-11.211,NA
"A035",176,21.67,40.97,43.92,16.895,-10.498,NA
"A035",177,21.24,41.58,42.31,17.528,-10.831,NA
"A035",178,21.08,42.57,41.76,17.188,-10.152,NA
"A035",179,21.9,42.63,42.12,17.301,-10.973,NA
"A035",180,21.41,41.86,43.19,16.033,-9.928,NA
"A035",181,21.65,42.3,44.19,16.692,-8.851,NA
"A035",182,21.32,42.57,44.34,16.032,-7.942,NA
"A035",183,21.38,43.02,44.49,15.283,-7.444,NA
"A035",184,22.39,43.12,45.95,16.567,-7.389,NA
"A035",185,22.58,42.83,46.59,15.551,-7.291,NA
"A035",186,22.97,43.22,46.76,15.34,-7.303,NA
"A035",187,22.85,43.11,47.23,15.555,-6.765,NA
"A035",188,22.28,42.37,46.9,15.088,-7.004,NA
"A035",189,21.87,41.63,47,16.17,-7.033,NA
"A035",190,21.14,41.39,45.47,15.866,-7.712,NA
"A035",191,19.87,41.99,42.87,15.726,-7.695,NA
"A035",192,21.37,41.52,45.85,15.756,-7.556,NA
"A035",193,21.71,40.8,46.6,15.891,-8.051,NA
"A035",194,21.01,41.18,46.45,14.935,-6.739,NA
"A035",195,21.35,40.5,47.27,15.307,-7.143,NA
"A035",196,21,40.53,46.71,14.96,-7.136,NA
"A035",197,20.5,40.89,45.85,15.199,-6.832,NA
"A035",198,20.93,40.43,46.88,14.715,-6.96,NA
"A035",199,19.3,40.43,44.3,15.223,-6.909,NA
"A035",200,18.96,40.77,43.29,15.499,-7.004,NA
"A035",201,18.55,41.33,42.02,15.663,-6.986,NA
"A035",202,18.27,41.24,42.11,15.3,-6.516,NA
"A035",203,17.97,41.49,41.04,15.692,-6.805,NA
"A035",204,19.13,41.26,44.04,14.785,-6.036,NA
"A035",205,19.95,40.47,46.3,14.54,-5.947,NA
"A035",206,18.64,41.36,42.5,15.46,-6.627,NA
"A035",207,18.04,42.14,40.37,15.338,-6.959,NA
"A035",208,18.88,40.98,43.32,15.43,-6.616,NA
"A035",209,19.52,41.84,43.73,15.177,-6.407,NA
"A035",210,18.71,41.8,41.33,15.435,-7.493,NA
"A035",211,18.05,41.71,39.67,16.276,-8.11,NA
"A035",212,17.44,41.1,39.04,15.693,-8.259,NA
"A035",213,17.68,40.81,40.02,15.43,-8.006,NA
"A035",214,17.86,40.74,40.4,15.512,-8.027,NA
"A035",215,17.14,40.4,38.52,16.331,-8.988,NA
"A035",216,17.35,40.15,40.05,16.084,-8.089,NA
"A035",217,16.82,40.79,37.68,16.892,-8.85,NA
"A035",218,15.3,40.56,35.07,16.425,-8.917,NA
"A035",219,15.39,40.21,36.05,16.155,-8.475,NA
"A035",220,15.46,40.53,35.74,16.239,-8.567,NA
"A035",221,15.17,39.8,35.79,15.66,-8.787,NA
"A035",222,15.03,39.73,34.9,15.289,-9.494,NA
"A035",223,15.21,40.64,34.03,17.313,-9.7,NA
"A035",224,15.21,39.56,35.08,16.652,-9.833,NA
"A035",225,14.65,38.69,35.16,17.046,-9.758,NA
"A035",226,14.07,38.54,34.23,17.105,-9.801,NA
"A035",227,13.85,38.24,34.33,17.064,-9.688,NA
"A035",228,14.37,38.44,35.44,17.05,-9.259,NA
"A035",229,14.02,36.86,37.69,16.679,-8.457,NA
"A035",230,14.08,36.35,37.61,17.481,-9.326,NA
"A035",231,13.84,36.45,37.58,16.285,-8.797,NA
"A035",232,13.08,36.02,36.74,15.987,-8.894,NA
"A035",233,12.77,36.44,36.08,16.872,-8.427,NA
"A035",234,12.33,36.41,34.69,16.85,-9.086,NA
"A035",235,11.76,36.59,33.42,16.473,-9.103,NA
"A035",236,10.87,36.24,31.24,16.727,-10.289,NA
"A035",237,10.49,36.16,31.28,17.247,-9.748,NA
"A035",238,9.12,35.76,30.07,16.128,-9.39,NA
"A035",239,9.64,35.43,31.3,16.414,-9.505,NA
"A035",240,9.34,35.46,30.67,15.867,-9.617,NA
"A035",241,9.88,35.56,31.33,16.471,-9.643,NA
"A035",242,9.91,34.95,32.4,16.531,-9.612,NA
"A035",243,10.91,34.59,33.42,17.14,-10.773,NA
"A035",244,11.29,34.76,34.47,17.607,-10.061,NA
"A035",245,10.99,35.01,34.45,17.125,-9.19,NA
"A035",246,10.9,34.84,34.98,16.651,-8.781,NA
"A035",247,10.44,35.34,34.24,15.774,-8.001,NA
"A035",248,10.66,35.38,35.22,15.371,-7.293,NA
"A035",249,10.53,35.07,34.87,15.458,-7.924,NA
"A035",250,10.87,35.28,35.99,15.758,-7.025,NA
"A035",251,11.79,36.05,35.25,16.073,-8.126,NA
"A035",252,11.22,35.48,34.47,16.401,-8.81,NA
"A035",253,10.74,35,34.14,16.89,-9.108,NA
"A035",254,10.48,34.77,34.47,16.946,-8.732,NA
"A035",255,11.28,35.22,35.59,15.112,-8.191,NA
"A035",256,11.63,35.55,35.81,16.64,-8.054,NA
"A035",257,10.76,35.52,33.96,16.414,-8.485,NA
"A035",258,11.43,34.62,36.02,16.124,-8.969,NA
"A035",259,12.03,34.93,36.68,16.062,-8.789,NA
"A035",260,12.36,34.79,38.13,16.208,-8.122,NA
"A035",261,12.77,34.81,38.42,16.169,-8.474,NA
"A035",262,13.25,35.05,37.84,16.818,-9.507,NA
"A035",263,13.02,36.22,36.18,16.024,-9.074,NA
"A035",264,12.44,36.2,34.46,16.519,-9.816,NA
"A035",265,12.11,36.58,32.54,17.053,-10.623,NA
"A035",266,11.2,36.38,31.99,16.913,-9.893,NA
"A035",267,11.52,35.35,33.9,16.315,-10.093,NA
"A035",268,10.71,35.8,33.15,16.168,-8.783,NA
"A035",269,10.56,35.59,32.73,15.876,-9.291,NA
"A035",270,10.37,35.92,32.47,16.555,-8.724,NA
"A035",271,10.14,35.95,31.77,16.29,-9.014,NA
"A035",272,9.9,35.52,31.86,16.661,-9.198,NA
"A035",273,9.62,34.5,33.52,16.419,-8.79,NA
"A035",274,9.84,35.09,32.82,16.013,-8.857,NA
"A035",275,9.11,34.75,33.12,15.785,-8.005,NA
"A035",276,8.77,34.22,33.42,15.781,-8.101,NA
"A035",277,9.55,34.97,33.82,15.879,-7.605,NA
"A035",278,9.55,33.83,35.82,15.106,-7.507,NA
"A035",279,9.93,33.53,36.68,15.92,-7.73,NA
"A035",280,9.56,33.57,35.07,17.085,-8.718,NA
"A035",281,9.12,33.25,35.94,16.194,-7.761,NA
"A035",282,7.69,32.5,35.57,15.786,-7.545,NA
"A035",283,7.96,32.67,36.1,15.521,-7.062,NA
"A035",284,8.05,31.9,37.47,15.675,-7.179,NA
"A035",285,8.22,32.73,36.13,15.423,-7.252,NA
"A035",286,9.27,33.67,35.33,16.239,-7.865,NA
"A035",287,8.6,34.14,33.41,15.842,-8.002,NA
"A035",288,9.2,33.92,33.59,15.937,-9.078,NA
"A035",289,9.18,33.24,34.71,16.947,-9.101,NA
"A035",290,9.02,33.41,33.94,16.268,-9.332,NA
"A035",291,9.19,32.26,35.61,17.052,-9.918,NA
"A035",292,9.25,32.53,33.23,18.16,-11.922,NA
"A035",293,8.59,32.21,32.33,17.59,-12.482,NA
"A035",294,8.13,30.89,34.21,18.091,-12.362,NA
"A035",295,7.81,30.48,35.05,16.908,-11.873,NA
"A035",296,6.67,30.12,33.96,17.318,-12.332,NA
"A035",297,6.07,29.83,36.1,16.786,-10.08,NA
"A035",298,6.26,29.15,38.16,17.097,-9.478,NA
"A035",299,6.03,28.34,39.76,16.393,-9.114,NA
"A035",300,7.15,28.1,42.17,16.535,-8.266,NA
"A035",301,5.97,29.45,38.55,16.333,-8.249,NA
"A035",302,5.48,28.75,39.31,16.185,-8.296,NA
"A035",303,6.9,29.11,40.69,15.468,-7.68,NA
"A035",304,6.64,30.26,37.36,15.758,-8.638,NA
"A035",305,8.06,30.07,39.73,16.438,-8.239,NA
"A035",306,6.63,30.55,37.58,15.389,-7.86,NA
"A035",307,6.7,31.21,36.93,15.704,-7.372,NA
"A035",308,5.59,30.44,37.12,15.237,-7.434,NA
"A035",309,5.56,30.94,35.91,15.736,-7.667,NA
"A035",310,5.7,31.41,34.8,16.158,-8.03,NA
"A035",311,4.78,31.75,32.61,16.13,-8.641,NA
"A035",312,4.1,31.49,31.6,17.145,-9.537,NA
"A035",313,4,31.37,31.74,16.81,-9.546,NA
"A035",314,3.63,31.79,30.79,15.679,-9.372,NA
"A035",315,4.23,31.45,31.96,16.443,-9.366,NA
"A035",316,4.8,30.98,34.64,16.692,-8.124,NA
"A035",317,4.49,30.5,34.95,16.18,-8.448,NA
"A036",1,68.82,38.98,84.13,15.551,-10.332,-10.332
"A036",2,68.51,39.32,84.15,15.076,-10.002,-10.002
"A036",3,67.91,39.73,84.12,16.05,-9.534,-9.534
"A036",4,67.32,40.24,84.23,15.736,-8.895,-8.895
"A036",5,68.62,40.15,84.6,15.049,-9.324,-9.324
"A036",6,68.72,39.9,85.75,14.62,-8.323,-8.323
"A036",7,67.22,40.28,84.11,15.309,-8.947,-8.947
"A036",8,66.55,39.56,84.07,14.732,-8.825,-8.825
"A036",9,66.52,40.38,85.18,14.584,-7.417,-7.417
"A036",10,66.9,41.53,84.95,14.491,-7.467,-7.467
"A036",11,66.52,42.66,84.8,13.82,-6.98,-6.98
"A036",12,66.83,42.49,84.59,14.564,-7.436,-7.436
"A036",13,66.23,42.18,84.59,13.023,-7.197,-7.197
"A036",14,66.87,42.66,85.04,14.069,-6.939,-6.939
"A036",15,66.07,43.32,84.34,14.212,-6.933,-6.933
"A036",16,66.53,44.04,84.86,13.8,-6.416,-6.416
"A036",17,67.33,45.19,85.45,13.191,-5.848,-5.848
"A036",18,69.32,44.57,86.23,13.45,-6.438,-6.438
"A036",19,69.08,44.42,86.08,13.103,-6.512,-6.512
"A036",20,69.11,44.96,85.98,12.946,-6.418,-6.418
"A036",21,69.95,45.96,86.52,14.126,-5.955,-5.955
"A036",22,69.62,45.55,86.69,13.568,-5.768,-5.768
"A036",23,70.58,45.74,87.77,13.361,-5.154,-5.154
"A036",24,69.9,47.33,85.77,13.74,-6.14,-6.14
"A036",25,69.19,47.51,85.16,13.337,-6.284,-6.284
"A036",26,68.89,47.16,85.35,13.509,-6.058,-6.058
"A036",27,68.84,47.19,84.98,13.973,-6.39,-6.39
"A036",28,67.93,46.96,84.97,13.374,-5.975,-5.975
"A036",29,67.86,46.37,84.29,13.543,-6.851,-6.851
"A036",30,66.8,46.54,82.5,14.501,-7.964,-7.964
"A036",31,66.82,47.86,81.58,14.958,-8.373,-8.373
"A036",32,65.62,48.24,80.43,14.712,-8.681,-8.681
"A036",33,65.21,47.5,80.85,14.491,-8.321,-8.321
"A036",34,65.33,47.25,80.82,14.811,-8.524,-8.524
"A036",35,65.23,47.69,81,14.593,-8.104,-8.104
"A036",36,64.9,47.98,79.82,15.142,-8.986,-8.986
"A036",37,65.5,48.13,79.99,15.276,-9.096,-9.096
"A036",38,64.96,49.24,78.55,15.154,-9.789,-9.789
"A036",39,65.34,50.47,78.29,15.109,-9.769,-9.769
"A036",40,64.8,49.63,77.71,15.782,-10.382,-10.382
"A036",41,63.56,49.9,76.55,16.465,-10.699,-10.699
"A036",42,62.37,50.58,76.23,15.29,-10.031,-10.031
"A036",43,61.49,51.36,75.42,14.545,-9.994,-9.994
"A036",44,61.68,52.61,75.13,15.628,-9.885,-9.885
"A036",45,60.97,52.34,75.35,15.572,-9.335,-9.335
"A036",46,60.83,53.02,74.88,14.885,-9.43,-9.43
"A036",47,61.77,53.5,76.11,14.195,-8.587,-8.587
"A036",48,62.2,54.31,75.09,15.061,-9.543,-9.543
"A036",49,63.18,53.63,75.15,16.027,-10.353,-10.353
"A036",50,63.84,54.44,76.41,14.872,-9.153,-9.153
"A036",51,63.89,55.75,76.44,15.291,-8.616,-8.616
"A036",52,64.62,56.5,77.14,14.636,-8.027,-8.027
"A036",53,64.49,56.22,76.97,14.567,-8.245,-8.245
"A036",54,64.34,55.87,77.14,15.127,-8.133,-8.133
"A036",55,64.49,56.04,76.52,14.546,-8.767,-8.767
"A036",56,63.94,56.12,76.39,14.476,-8.542,-8.542
"A036",57,64.02,56.26,76.89,15.345,-8.025,-8.025
"A036",58,64.05,56.92,76.26,14.543,-8.403,-8.403
"A036",59,62.52,56.48,75.1,14.828,-8.829,-8.829
"A036",60,61.51,57.72,74.1,15.201,-8.687,-8.687
"A036",61,62.3,58.13,73.5,15.324,-9.61,-9.61
"A036",62,61.64,57.77,73.22,15.329,-9.633,-9.633
"A036",63,61.34,58.54,72.38,16.234,-9.956,-9.956
"A036",64,61.42,58.62,72.21,15.327,-10.149,-10.149
"A036",65,61.92,58.71,73.37,14.715,-9.263,-9.263
"A036",66,62.48,59,74.59,14.397,-8.258,-8.258
"A036",67,62.45,59.76,73.79,14.617,-8.731,-8.731
"A036",68,63.34,60.63,74.07,15.055,-8.62,-8.62
"A036",69,62.28,61.29,72.28,15.63,-9.49,-9.49
"A036",70,62.72,60.7,72.58,14.861,-9.704,-9.704
"A036",71,62.26,60.42,71.69,15.776,-10.44,-10.44
"A036",72,63.41,61.8,71.09,15.87,-11.148,-11.148
"A036",73,63.72,62.26,70.86,15.953,-11.37,-11.37
"A036",74,64.16,61.63,71.05,15.555,-11.695,-11.695
"A036",75,63.64,61.85,70.71,16.223,-11.637,-11.637
"A036",76,63.12,63.03,70.21,15.683,-11.341,-11.341
"A036",77,63.32,61.17,70.57,16.291,-11.88,-11.88
"A036",78,63.11,61.99,70.18,16.287,-11.797,-11.797
"A036",79,63.34,62.48,70.51,15.733,-11.399,-11.399
"A036",80,62.51,62.37,70.1,16.465,-11.362,-11.362
"A036",81,63.42,62.18,70.07,16.267,-12.013,-12.013
"A036",82,63.37,63.37,68.57,16.593,-12.985,-12.985
"A036",83,64.07,64.85,69.13,16.855,-12.191,-12.191
"A036",84,63.98,65.12,69.59,16.105,-11.566,-11.566
"A036",85,64.13,64.76,69.53,15.667,-11.866,-11.866
"A036",86,64.68,64.92,70.37,15.736,-11.278,-11.278
"A036",87,64.96,65.74,69.87,15.65,-11.574,-11.574
"A036",88,65.07,65.85,70.21,15.99,-11.251,NA
"A036",89,64.52,66.44,69.27,16.808,-11.618,NA
"A036",90,64,67.65,68.5,16.215,-11.571,NA
"A036",91,63.63,67.62,67.81,15.779,-12.068,NA
"A036",92,63.96,66.87,67.84,15.814,-12.546,NA
"A036",93,64.07,67.13,68,15.681,-12.338,NA
"A036",94,64.27,66.84,68.64,15.754,-11.94,NA
"A036",95,63.19,67.28,67.33,15.969,-12.43,NA
"A036",96,62.83,67.77,67.31,15.92,-12.03,NA
"A036",97,63.19,69.06,66.75,15.855,-12.239,NA
"A036",98,63.72,70.42,66.61,15.598,-12.089,NA
"A036",99,63.29,70.97,64.83,15.803,-13.377,NA
"A036",100,63.51,71.41,65.13,16.656,-13.01,NA
"A036",101,63.48,72.5,65.39,15.57,-12.256,NA
"A036",102,63.62,71.46,65.81,16.523,-12.376,NA
"A036",103,63.03,71.85,65.52,15.685,-12.143,NA
"A036",104,63.16,70.46,65.01,16.898,-13.344,NA
"A036",105,63.01,71.47,64.92,16.262,-12.896,NA
"A036",106,63.59,71.48,65.8,16.295,-12.35,NA
"A036",107,64.62,72.2,65.22,16.684,-13.2,NA
"A036",108,65.53,72.9,66.43,16.556,-12.183,NA
"A036",109,66.02,73.14,67.07,15.825,-11.692,NA
"A036",110,65.25,73.23,65.87,15.521,-12.44,NA
"A036",111,65.38,73.87,65.48,16.88,-12.611,NA
"A036",112,65.09,74.43,65.4,15.76,-12.293,NA
"A036",113,65,73.71,66.05,15.866,-11.913,NA
"A036",114,65.04,73.22,66.24,16.71,-11.967,NA
"A036",115,64.64,73.36,66.65,15.863,-11.269,NA
"A036",116,64.32,73.37,65.74,15.872,-11.997,NA
"A036",117,63.78,74.12,64.83,16.492,-12.266,NA
"A036",118,63.54,74.12,65.48,15.551,-11.48,NA
"A036",119,64.05,74.5,65.63,16.022,-11.456,NA
"A036",120,63.8,74.45,65.51,15.836,-11.448,NA
"A036",121,63.95,74.63,64.9,16.34,-12.069,NA
"A036",122,64.38,74.59,65.09,16.118,-12.145,NA
"A036",123,65.16,74.84,66.01,15.69,-11.534,NA
"A036",124,65.6,74.68,66.18,15.905,-11.675,NA
"A036",125,64.9,75.82,65.17,15.591,-11.809,NA
"A036",126,64.02,75.27,65.52,16.243,-11.204,NA
"A036",127,63.68,74.77,66.59,15.326,-10.164,NA
"A036",128,63.59,75.05,66.01,15.87,-10.567,NA
"A036",129,63.84,75.82,65.66,15.566,-10.712,NA
"A036",130,63.04,76.99,64.52,15.772,-10.869,NA
"A036",131,63.44,76.74,65.51,15.052,-10.232,NA
"A036",132,63.71,77.83,66.07,14.401,-9.345,NA
"A036",133,63.03,78.24,64.27,15.813,-10.566,NA
"A036",134,62.6,79.1,63.43,15.682,-10.763,NA
"A036",135,63.15,78.72,64.52,16.092,-10.18,NA
"A036",136,63.7,79.04,64.97,15.985,-9.914,NA
"A036",137,62.84,78.68,63.96,15.503,-10.567,NA
"A036",138,63.5,79.04,63.16,16.586,-11.609,NA
"A036",139,63.65,78.97,63.54,15.103,-11.348,NA
"A036",140,63.03,79.27,63.21,15.915,-11.175,NA
"A036",141,62.9,79.26,63.11,15.453,-11.199,NA
"A036",142,63.81,79.96,64.77,15.062,-9.774,NA
"A036",143,63.09,79.98,65.58,14.409,-8.532,NA
"A036",144,63.29,80.61,65.44,14.192,-8.519,NA
"A036",145,62.75,81.25,64.42,15.192,-8.936,NA
"A036",146,62.9,81.58,64.13,14.403,-9.17,NA
"A036",147,62.75,79.96,65.01,14.701,-8.9,NA
"A036",148,61.91,79.73,63.79,15.486,-9.696,NA
"A036",149,62.32,80.06,63.31,15.453,-10.283,NA
"A036",150,63.11,80.34,62.52,16.598,-11.448,NA
"A036",151,63,81.61,61.66,15.354,-11.69,NA
"A036",152,63.79,82.82,61.87,15.496,-11.443,NA
"A036",153,64.44,83.1,62.08,16.255,-11.488,NA
"A036",154,64.6,82.7,62.1,16.066,-11.73,NA
"A036",155,64.45,82.66,61.49,16.308,-12.269,NA
"A036",156,64.13,82.99,61.36,15.958,-12.082,NA
"A036",157,63.81,83.15,61.71,16.285,-11.474,NA
"A036",158,64.89,83.84,61.64,16.014,-11.884,NA
"A036",159,64.32,83.64,59.75,16.359,-13.522,NA
"A036",160,64.21,83.39,59.09,16.162,-14.233,NA
"A036",161,63.88,83.29,58.9,17.033,-14.273,NA
"A036",162,63.99,85.27,59.22,16.514,-13.204,NA
"A036",163,64.59,85.29,59.12,16.3,-13.633,NA
"A036",164,63.63,84.84,58.79,16.449,-13.589,NA
"A036",165,63.34,86.06,59.31,16.193,-12.397,NA
"A036",166,63.22,86.73,59.95,16.072,-11.411,NA
"A036",167,63.27,87.16,58.99,16.029,-12.235,NA
"A036",168,64.25,86.25,59.72,16.423,-12.453,NA
"A036",169,64.83,85.86,60.9,16.362,-11.759,NA
"A036",170,63.96,86.51,61.07,15.847,-10.829,NA
"A036",171,64.11,85.57,61.35,16.124,-11.009,NA
"A036",172,64.68,86.65,61.59,15.409,-10.667,NA
"A036",173,63.82,88.01,61.3,15.526,-9.926,NA
"A036",174,63.45,88.57,59.64,15.116,-11.143,NA
"A036",175,62.85,88.72,59.01,16.213,-11.343,NA
"A036",176,63.01,88.43,58.55,16.438,-12.011,NA
"A036",177,62.14,90.23,57.92,15.643,-11.397,NA
"A036",178,62.16,89.91,58.64,15.733,-10.815,NA
"A036",179,62.1,90.76,58.5,15.449,-10.589,NA
"A036",180,61.45,91.01,57.25,15.615,-11.303,NA
"A036",181,61.62,91.79,57.24,15.462,-11.155,NA
"A036",182,60.72,91.57,55.83,16.074,-12.012,NA
"A036",183,60.15,91.72,54.86,16.166,-12.514,NA
"A036",184,60.33,91.9,55.52,16.152,-11.908,NA
"A036",185,59.63,92.25,55.52,15.88,-11.269,NA
"A036",186,59.2,92.29,55.11,15.76,-11.326,NA
"A036",187,59.29,91.54,54.82,16.552,-11.949,NA
"A036",188,59.75,92.08,55.44,15.506,-11.494,NA
"A036",189,59.66,91.95,55.21,16.624,-11.71,NA
"A036",190,61.05,92.56,57.09,15.891,-10.627,NA
"A036",191,61.43,93.05,56.95,15.709,-10.854,NA
"A036",192,61.29,93.78,56.27,15.424,-11.177,NA
"A036",193,61.04,94.41,56.1,16.068,-10.947,NA
"A036",194,60.92,94.77,55.33,16.15,-11.521,NA
"A036",195,60.81,95.21,56.11,15.865,-10.506,NA
"A036",196,59.9,94.78,56.51,15.193,-9.599,NA
"A036",197,60.52,94.01,57.41,15.602,-9.41,NA
"A036",198,60.57,94.44,57.97,15.159,-8.741,NA
"A036",199,61.55,95.04,57.47,15.121,-9.713,NA
"A036",200,61.16,96.05,57.29,15.824,-9.279,NA
"A037",1,61.53,53.92,74.69,19.257,-9.685,-9.685
"A037",2,60.89,54.45,74.07,17.938,-9.692,-9.692
"A037",3,59.98,54.63,72.21,19.401,-10.888,-10.888
"A037",4,60.84,55.96,73.02,18.52,-10.084,-10.084
"A037",5,61.34,55.7,74.83,18.257,-8.692,-8.692
"A037",6,59.53,55.14,74.23,18.475,-8.368,-8.368
"A037",7,59.32,55.5,73.73,17.799,-8.578,-8.578
"A037",8,58.9,55.74,73.66,17.238,-8.26,-8.26
"A037",9,58.27,56.24,73.43,17.974,-7.846,-7.846
"A037",10,58.74,55.85,73.92,16.632,-7.85,-7.85
"A037",11,58.55,56.7,72.66,17.928,-8.615,-8.615
"A037",12,57.87,56.8,72.62,18.733,-8.147,-8.147
"A037",13,57.57,57.19,72.01,18.172,-8.378,-8.378
"A037",14,57.63,56.55,71.97,18.542,-8.733,-8.733
"A037",15,57.12,57.49,70.79,17.406,-9.151,-9.151
"A037",16,57.35,57.63,71.05,18.846,-8.996,-8.996
"A037",17,57.16,57.41,71.11,17.856,-8.889,-8.889
"A037",18,57.85,58.34,71.69,17.469,-8.409,-8.409
"A037",19,57.17,58.63,71.67,17.016,-7.814,-7.814
"A037",20,56.38,58.37,71.94,17.399,-7.076,-7.076
"A037",21,56.94,57.09,72.02,17.455,-7.953,-7.953
"A037",22,56.35,57.48,70.88,18.06,-8.492,-8.492
"A037",23,55.73,56.83,71.62,16.81,-7.569,-7.569
"A037",24,55.52,57.63,71.46,17.24,-7.215,-7.215
"A037",25,56.09,57.42,71.68,17.208,-7.527,-7.527
"A037",26,56.27,57.46,71.43,17.514,-7.889,-7.889
"A037",27,56.1,57.06,70.86,17.89,-8.509,-8.509
"A037",28,55.15,57.39,70.18,18.486,-8.315,-8.315
"A037",29,54.62,56.52,69.82,17.609,-8.624,-8.624
"A037",30,54.23,57.19,68.87,18.082,-8.967,-8.967
"A037",31,53.59,57.35,69.22,17.969,-8.015,-8.015
"A037",32,52.86,58.02,67.7,18.082,-8.612,-8.612
"A037",33,53.16,57.48,68.87,17.346,-7.943,-7.943
"A037",34,52.83,56.48,69.28,17.43,-7.695,-7.695
"A037",35,52.79,56.85,68.32,17.719,-8.461,-8.461
"A037",36,52.94,56.83,67.67,18.41,-9.253,-9.253
"A037",37,52.44,58.07,67.37,18.754,-8.553,-8.553
"A037",38,52.36,59.14,66.24,17.946,-9.121,-9.121
"A037",39,52.15,58.92,65.45,18.25,-9.823,-9.823
"A037",40,51.8,60.26,64.69,18.123,-9.666,-9.666
"A037",41,52.91,59.86,66.21,17.976,-9.332,-9.332
"A037",42,52.94,60.67,66.32,18.698,-8.893,-8.893
"A037",43,53.2,60.37,65.78,18.232,-9.793,-9.793
"A037",44,53.69,60.44,66.54,17.592,-9.428,-9.428
"A037",45,52.88,59.71,66.04,18.408,-9.541,-9.541
"A037",46,54.09,59.4,67.48,18.687,-9.28,-9.28
"A037",47,53.67,60.39,67.91,17.429,-8.065,-8.065
"A037",48,53.15,60.11,67.71,18.07,-7.931,-7.931
"A037",49,53.21,60.78,67.04,17.924,-8.358,-8.358
"A037",50,53.46,61.17,67.16,18.537,-8.285,-8.285
"A037",51,54.11,61.41,68.67,17.087,-7.224,-7.224
"A037",52,54.55,61.64,69.94,17.219,-6.228,-6.228
"A037",53,53.85,61.63,69.56,16.247,-6.017,-6.017
"A037",54,53.79,61.07,69.92,16.273,-5.859,-5.859
"A037",55,52.77,60.98,69.71,16.647,-5.205,-5.205
"A037",56,51.99,61.86,70.02,15.672,-3.799,-3.799
"A037",57,52.83,63.35,70.69,14.518,-3.231,-3.231
"A037",58,52.23,63.83,69.56,15.022,-3.59,-3.59
"A037",59,51.33,63.97,68.16,15.622,-4.062,-4.062
"A037",60,50.62,64.11,66.57,16.434,-4.889,-4.889
"A037",61,50.66,64.73,65.87,15.861,-5.327,-5.327
"A037",62,50.53,64.86,66.8,15.922,-4.21,-4.21
"A037",63,49.89,63.67,66.42,15.52,-4.486,-4.486
"A037",64,49.61,63.35,65.99,15.891,-4.784,-4.784
"A037",65,50.59,62.6,66.5,16.539,-5.623,-5.623
"A037",66,51.16,61.39,68.23,15.279,-5.009,-5.009
"A037",67,51.81,62.64,67.82,16.19,-5.471,-5.471
"A037",68,52.25,63.89,66.81,16.398,-6.333,-6.333
"A037",69,51.25,62.99,65.61,17.539,-6.995,-6.995
"A037",70,51,63.55,64.82,16.809,-7.279,-7.279
"A037",71,50.9,64.18,64.94,17.299,-6.768,-6.768
"A037",72,50.73,64.1,65.27,16.736,-6.298,-6.298
"A037",73,49.96,64.52,63.91,16.704,-6.676,-6.676
"A037",74,48.81,64.54,62.63,16.674,-6.704,-6.704
"A037",75,49.44,65.51,62.43,17.13,-7.122,-7.122
"A037",76,49.02,64.8,60.96,17.85,-8.481,-8.481
"A037",77,48.35,65.35,59.22,18.449,-9.206,-9.206
"A037",78,48.73,65.41,58.03,18.9,-10.798,-10.798
"A037",79,47.76,66.02,56.04,18.239,-11.367,-11.367
"A037",80,48.23,66.06,56.78,18.873,-11.148,-11.148
"A037",81,49.03,66.06,57.59,19.201,-11.246,-11.246
"A037",82,50.05,65.57,59.03,18.96,-11.145,-11.145
"A037",83,50.64,67,57.27,18.635,-12.822,-12.822
"A037",84,51.01,67.78,57.1,18.91,-12.986,-12.986
"A037",85,49.96,67.74,56.19,19.285,-12.803,-12.803
"A037",86,48.88,67.7,55.64,19.077,-12.182,-12.182
"A037",87,47.99,68.54,53.02,19.233,-13.312,-13.312
"A037",88,48.08,68.88,52.61,19.078,-13.635,-13.635
"A037",89,46.54,68.39,51.63,19.068,-13.005,-13.005
"A037",90,45.7,68.4,50.59,19.554,-12.973,-12.973
"A037",91,45.97,67.79,51.23,18.802,-13.038,-13.038
"A037",92,45.77,68.4,51.67,19.123,-11.982,-11.982
"A037",93,45.84,68.33,51.68,19.535,-12.093,-12.093
"A037",94,45.57,68.7,51.6,18.813,-11.603,-11.603
"A037",95,46.36,68.95,52.62,19.215,-11.447,-11.447
"A037",96,46.09,68.14,53.54,19.183,-10.666,-10.666
"A037",97,46.61,68.19,55.92,18.47,-8.919,-8.919
"A037",98,45.96,68.2,55.42,17.522,-8.595,-8.595
"A037",99,45.52,69.05,54.41,17.825,-8.509,-8.509
"A037",100,45.7,70.46,53.76,18.149,-8.506,-8.506
"A037",101,46.05,69.98,53.81,18.447,-9.242,-9.242
"A037",102,45.53,70.31,52.42,18.386,-9.723,-9.723
"A037",103,45.72,70.37,52.66,18.655,-9.689,-9.689
"A037",104,46.62,70.21,54.2,18.448,-9.449,-9.449
"A037",105,46.96,70.88,53.92,18.322,-9.744,-9.744
"A037",106,46.38,71.42,53.27,18.254,-9.272,-9.272
"A037",107,45.46,71.74,51.2,18.426,-9.878,-9.878
"A037",108,44.97,71.92,50.13,18.802,-10.133,-10.133
"A037",109,44.69,71.77,50.58,18.736,-9.397,-9.397
"A037",110,44.59,71.53,50.19,18.704,-9.813,-9.813
"A037",111,45.13,71.62,51.09,18.509,-9.609,-9.609
"A037",112,45.29,71.4,50.6,18.649,-10.485,-10.485
"A037",113,46.06,71.18,52.64,18.475,-9.644,-9.644
"A037",114,44.61,71.61,50.31,18.147,-9.672,NA
"A037",115,45.15,72.71,50.09,18.14,-9.863,NA
"A037",116,44.88,72.78,48.75,19.106,-10.765,NA
"A037",117,45.66,72.77,50.8,18.906,-9.838,NA
"A037",118,45.61,73.5,49.38,19.214,-10.664,NA
"A037",119,45.54,73.97,49.64,18.614,-9.948,NA
"A037",120,45.98,74.11,50.5,18.637,-9.62,NA
"A037",121,45.82,73.59,51.91,18.009,-8.367,NA
"A037",122,45.44,74.74,50.23,18.21,-8.624,NA
"A037",123,45.16,74.75,49.91,18.021,-8.526,NA
"A037",124,45.07,75.36,48.32,18.383,-9.507,NA
"A037",125,44.51,75.04,48.03,18.237,-9.191,NA
"A037",126,44.41,74.75,47.96,18.36,-9.331,NA
"A037",127,43.53,74.17,46.28,18.28,-10.127,NA
"A037",128,43.07,73.6,46.16,18.105,-9.992,NA
"A037",129,42.45,74.41,45.54,18.14,-8.959,NA
"A037",130,43.47,73.8,48.13,17.865,-8.485,NA
"A037",131,43.03,73.66,46.75,18.787,-9.299,NA
"A037",132,43.63,73.18,47.87,18.568,-9.5,NA
"A037",133,43.9,73.59,47.55,18.808,-9.891,NA
"A037",134,42.4,73.99,46.1,18.504,-8.68,NA
"A037",135,41.78,74.24,45.07,17.817,-8.516,NA
"A037",136,40.9,75.25,42.71,18.128,-8.481,NA
"A037",137,40.43,77.2,40.78,17.455,-7.715,NA
"A037",138,40.59,77.05,41.35,17.868,-7.563,NA
"A037",139,41.06,77.29,42.68,16.443,-6.815,NA
"A037",140,41.38,77.28,42.97,17.847,-7.101,NA
"A037",141,42.15,78.39,43.47,17.175,-6.922,NA
"A037",142,42.9,78.51,44.61,17.559,-6.998,NA
"A037",143,41.03,78.65,40.87,16.904,-7.257,NA
"A037",144,41.63,77.9,42.26,16.984,-7.66,NA
"A037",145,40.78,77.46,41.12,17.485,-7.717,NA
"A037",146,40.78,77.76,41.08,18.099,-7.464,NA
"A037",147,40.18,77.4,38.66,18.736,-9.184,NA
"A037",148,40.44,77.16,38.88,18.01,-9.668,NA
"A037",149,39.6,78.32,36.38,18.455,-9.485,NA
"A037",150,40.44,77.13,39.29,17.832,-9.282,NA
"A037",151,39.34,78.14,35.86,17.745,-9.725,NA
"A037",152,38.95,78.44,34.64,18.515,-9.921,NA
"A037",153,39.39,77.72,35.8,18.642,-10.305,NA
"A037",154,39.29,77.65,35.44,19.17,-10.564,NA
"A037",155,38.65,78.19,32.54,18.844,-11.75,NA
"A037",156,38.26,77.56,32.1,19.885,-12.205,NA
"A037",157,38.97,77.64,34.03,19.133,-11.434,NA
"A037",158,38.71,78.87,31.43,19.591,-12.227,NA
"A037",159,38.5,78.83,31.73,19.172,-11.597,NA
"A037",160,38.59,79.59,30.41,19.544,-12.273,NA
"A037",161,38.55,79.55,29.6,20.028,-13.052,NA
"A037",162,38.89,80.28,29.87,18.996,-12.651,NA
"A037",163,38.69,81.07,27.87,19.013,-13.471,NA
"A037",164,38.91,80.71,28.6,19.505,-13.533,NA
"A037",165,38.45,80.9,28.04,19.528,-13.02,NA
"A037",166,38.33,81.36,27.91,19.376,-12.455,NA
"A037",167,37.99,81.8,26.52,19.171,-12.745,NA
"A037",168,37.9,82.1,25.96,19.794,-12.855,NA
"A037",169,37.71,81.88,25.6,19.796,-13.06,NA
"A037",170,37.12,82.97,23.13,18.971,-13.358,NA
"A037",171,36.33,82.9,22.67,18.661,-12.338,NA
"A037",172,36.11,83.21,22.43,19.48,-11.879,NA
"A037",173,35.34,82.49,21.53,18.919,-12.029,NA
"A037",174,36.03,83.41,22.46,19.412,-11.503,NA
"A037",175,36.14,82.87,23.53,19.078,-11.138,NA
"A037",176,36.44,82.52,24.9,19.101,-10.694,NA
"A037",177,37.18,82.02,26.43,18.362,-11.071,NA
"A037",178,37.32,81.73,26.43,18.554,-11.626,NA
"A037",179,36.17,83.11,22.57,19.385,-11.939,NA
"A037",180,35.7,84.18,20.41,19.934,-12.231,NA
"A037",181,35.62,84.39,20.93,19.268,-11.389,NA
"A037",182,36.03,84.32,21.71,19.098,-11.454,NA
"A037",183,35.27,84.52,19.9,19.052,-11.648,NA
"A037",184,34.36,84.87,17.62,19.057,-11.942,NA
"A037",185,34.58,84.42,18.12,19.209,-12.201,NA
"A037",186,35.57,84.73,19.57,18.567,-12.379,NA
"A037",187,35.41,83.66,21.66,18.122,-10.897,NA
"A037",188,34.94,83.63,21.52,19.323,-10.171,NA
"A037",189,35.23,82.63,22.79,18.514,-10.416,NA
"A037",190,34,83.23,19.58,18.246,-10.794,NA
"A037",191,32.68,81.83,18.99,18.987,-10.688,NA
"A037",192,32.23,82.32,17.98,19.325,-10.402,NA
"A037",193,31.42,81.91,17.6,17.839,-10.04,NA
"A037",194,31.17,81.96,16.84,18.976,-10.385,NA
"A037",195,30.67,82.33,14.76,19.619,-11.27,NA
"A037",196,31.37,82.65,14.51,19.412,-12.172,NA
"A037",197,31.71,81.65,16.07,19.634,-12.316,NA
"A037",198,32.06,81.11,17.83,19.187,-11.769,NA
"A037",199,31.95,82.15,16.23,19.201,-11.923,NA
"A037",200,31.51,83.02,14.92,19.259,-11.56,NA
"A037",201,32.09,83.01,15.59,19.128,-11.8,NA
"A037",202,31.69,83.6,14.74,19.982,-11.395,NA
"A037",203,31.95,83.72,14.75,19.516,-11.659,NA
"A037",204,32.2,83.6,15.67,19.466,-11.273,NA
"A037",205,31.19,83.28,14.54,19.386,-11.169,NA
"A037",206,31.62,84.25,13.86,18.36,-11.51,NA
"A037",207,31,85.03,12.63,18.592,-11.063,NA
"A037",208,32,85.94,13.51,19.377,-11.079,NA
"A037",209,31.64,86.02,12.5,18.392,-11.445,NA
"A037",210,30.99,86.15,12.86,19.022,-9.957,NA
"A037",211,31.14,87.24,12.17,18.417,-10.249,NA
"A037",212,30.93,86.89,12.26,18.725,-10.002,NA
"A037",213,30.65,87.16,10.99,19.41,-10.692,NA
"A037",214,30.51,87.35,10.35,19.077,-11.027,NA
"A037",215,30.18,86.78,10.14,18.702,-11.045,NA
"A037",216,30.89,88.06,11.28,18.143,-10.394,NA
"A037",217,29.9,89.42,9.29,18.291,-10.542,NA
"A037",218,29.61,91.07,9.79,18.327,-9.684,NA
"A037",219,30.15,91.61,10.93,18.468,-9.484,NA
"A037",220,30.48,90.69,11.6,17.931,-9.124,NA
"A037",221,31.35,91.22,13.56,18.361,-8.633,NA
"A037",222,31.4,91.47,13.1,18.526,-9.225,NA
"A037",223,30.15,91.32,10.89,17.438,-9.443,NA
"A037",224,29.7,91.58,10.07,18.184,-9.666,NA
"A037",225,29.03,91.24,8.64,18.861,-10.045,NA
"A037",226,28.37,89.7,7.3,18.839,-10.338,NA
"A037",227,28.95,89.93,8,18.168,-10.426,NA
"A037",228,28.56,89.93,8.64,18.1,-9.245,NA
"A037",229,27.94,90.76,7.93,18.054,-9.194,NA
"A037",230,27.23,90.29,8.01,17.438,-8.169,NA
"A037",231,27.25,90.32,7.82,17.569,-8.382,NA
"A037",232,27.08,90.96,7.75,17.901,-8.324,NA
"A037",233,27.88,90.41,8.82,17.996,-8.189,NA
"A037",234,28.73,91.51,10.78,17.461,-7.549,NA
"A037",235,28.06,91.39,9.26,17.642,-8.148,NA
"A037",236,27.57,91.58,9.13,16.922,-7.699,NA
"A037",237,26.89,91.67,7.83,17.711,-8.194,NA
"A037",238,26.99,91.87,7.55,17.699,-8.666,NA
"A037",239,26.32,91.81,6.73,17.97,-8.665,NA
"A037",240,25.51,92.02,5.09,18.101,-9.474,NA
"A037",241,24.56,92.34,4.08,19.413,-9.613,NA
"A037",242,25.09,91.6,4.51,18.503,-9.459,NA
"A037",243,25.23,91.65,3.8,19.716,-10.324,NA
"A037",244,25.83,91.03,4.51,18.642,-10.11,NA
"A037",245,26.25,91.48,4.85,18.6,-10.355,NA
"A037",246,25.92,91.49,4.79,18.54,-10.04,NA
"A037",247,25.48,91.7,5.29,18.233,-9.126,NA
"A037",248,25.57,91.6,6.47,18.424,-8.005,NA
"A037",249,25.38,92.13,6.61,17.864,-7.854,NA
"A037",250,26.4,91.75,8.2,17.095,-7.261,NA
"A037",251,26.63,91.14,7.76,18.099,-7.803,NA
"A037",252,26.64,91.13,7.1,17.558,-8.477,NA
"A037",253,26.06,91.94,6.54,17.153,-8.607,NA
"A037",254,25.83,91.7,6.34,18.457,-8.456,NA
"A037",255,25.12,92.09,5.4,17.776,-8.775,NA
"A037",256,24.05,93.42,5.15,17.833,-8.634,NA
"A038",1,43.79,79.69,45.57,16.952,-6.609,-6.609
"A038",2,43.08,79.73,43.69,17.485,-7.188,-7.188
"A038",3,43.14,79.3,44.06,17.918,-7.288,-7.288
"A038",4,43.18,78.59,44.75,17.681,-7.285,-7.285
"A038",5,44.22,79.13,45.76,17.158,-7.637,-7.637
"A038",6,43.61,78.57,44.8,17.706,-8.005,-8.005
"A038",7,43.11,78.72,44.44,17.945,-7.358,-7.358
"A038",8,43.03,78.82,43.93,17.353,-7.632,-7.632
"A038",9,43.05,78.78,43.89,17.789,-7.746,-7.746
"A038",10,43.38,79.6,43.28,17.77,-8.247,-8.247
"A038",11,43.27,80.15,43.03,18.377,-7.834,-7.834
"A038",12,45.05,79.87,45.32,18.684,-8.918,-8.918
"A038",13,44.16,79.26,44.29,18.123,-8.885,-8.885
"A038",14,43.63,80.98,42.07,17.253,-8.782,-8.782
"A038",15,42.64,81.24,40.39,18.576,-8.398,-8.398
"A038",16,42.51,81.08,40.02,17.987,-8.666,-8.666
"A038",17,42.22,80.13,40.61,17.775,-8.354,-8.354
"A038",18,42.84,80.83,40.47,18.434,-9.033,-9.033
"A038",19,42.64,80.18,42.07,17.928,-7.612,-7.612
"A038",20,43.01,80.3,43.65,17.313,-6.616,-6.616
"A038",21,42.81,80.35,43.1,17.966,-6.752,-6.752
"A038",22,43.32,79.91,44.28,17.023,-6.863,-6.863
"A038",23,43.92,79.44,45.79,17.631,-6.829,-6.829
"A038",24,43.78,79.31,46.43,17.371,-6.041,-6.041
"A038",25,42.5,80.23,42.31,17.423,-7.069,-7.069
"A038",26,42.67,81.14,41.95,16.778,-6.987,-6.987
"A038",27,43.52,80.14,44.46,17.689,-6.859,-6.859
"A038",28,43.7,80.09,44.45,16.945,-7.232,-7.232
"A038",29,43.5,80.08,44.71,17.395,-6.625,-6.625
"A038",30,43.91,80.24,44.93,17.877,-7.018,-7.018
"A038",31,42.41,80.93,41.33,17.748,-7.288,-7.288
"A038",32,42.88,81.06,40.7,18.306,-8.692,-8.692
"A038",33,42.74,81.2,40.35,18.358,-8.66,-8.66
"A038",34,43.01,81.65,41.35,17.456,-7.809,-7.809
"A038",35,42.64,81.61,40.97,17.807,-7.525,-7.525
"A038",36,42.97,80.68,42.47,18.203,-7.403,-7.403
"A038",37,41.07,80.62,39.63,17.651,-6.713,-6.713
"A038",38,40.45,80.41,38.88,15.857,-6.485,-6.485
"A038",39,41.55,80.17,41.03,16.919,-6.64,-6.64
"A038",40,41.77,79.56,41.79,17.082,-6.834,-6.834
"A038",41,41.58,79.77,41.14,17.146,-6.942,-6.942
"A038",42,40.99,79.95,40.58,16.668,-6.235,-6.235
"A038",43,40.01,81.19,37.39,16.409,-6.394,-6.394
"A038",44,40.34,81.36,37.4,17.492,-6.872,-6.872
"A038",45,40.7,80.48,38.82,17.606,-6.964,-6.964
"A038",46,40.49,80.88,38.57,16.764,-6.431,-6.431
"A038",47,40.44,80.64,38.89,16.853,-6.241,-6.241
"A038",48,40.83,80.81,39.72,16.683,-6.004,-6.004
"A038",49,40.16,80.68,39.08,16.292,-5.464,-5.464
"A038",50,40.88,81.04,38.97,17.054,-6.63,-6.63
"A038",51,41.11,81.24,38.11,17.297,-7.756,-7.756
"A038",52,40.85,80.94,37.5,17.31,-8.134,-8.134
"A038",53,40.26,81.08,36.35,17.622,-8.011,-8.011
"A038",54,39.76,80.7,36.59,17.599,-7.176,-7.176
"A038",55,40.16,80.54,37.36,17.705,-7.316,-7.316
"A038",56,40.65,79.8,39.42,17.992,-6.907,-6.907
"A038",57,40.87,79.64,40.29,16.64,-6.593,-6.593
"A038",58,40.85,80.79,39.29,16.597,-6.486,-6.486
"A038",59,40.18,80.76,38.1,16.777,-6.416,-6.416
"A038",60,39.51,80.65,37.01,16.842,-6.332,-6.332
"A038",61,39.39,80.41,37.24,16.065,-6.1,-6.1
"A038",62,38.6,79.44,36.46,16.906,-6.398,-6.398
"A038",63,38.75,81.23,34.72,16.769,-6.585,-6.585
"A038",64,38.09,81.45,33.32,16.815,-6.501,-6.501
"A038",65,38,81.97,32.69,17.586,-6.436,-6.436
"A038",66,38.42,80.49,34.74,17.451,-6.673,-6.673
"A038",67,38.97,81.32,34.77,17.228,-6.876,-6.876
"A038",68,37.96,81.78,32.28,16.989,-6.967,-6.967
"A038",69,37.47,81.72,30.8,17.25,-7.557,-7.557
"A038",70,37.47,82.73,30.6,17.867,-6.783,-6.783
"A038",71,37.22,82.9,29.23,17.454,-7.505,-7.505
"A038",72,38.28,82.89,30.81,18.454,-8.033,-8.033
"A038",73,37.77,82.25,30.59,17.969,-7.825,-7.825
"A038",74,37.07,82.08,29.79,17.364,-7.431,-7.431
"A038",75,36.4,82.17,27.79,17.384,-8.068,-8.068
"A038",76,36.11,82.36,27.73,17.772,-7.384,-7.384
"A038",77,37.77,81.69,31.32,17.913,-7.632,-7.632
"A038",78,37.48,81.92,32.44,16.548,-5.732,-5.732
"A038",79,38.28,82.11,34.4,16.43,-5.149,-5.149
"A038",80,37.69,81.63,33.2,16.184,-5.673,-5.673
"A038",81,37.37,81.7,31.82,17.741,-6.362,-6.362
"A038",82,37.3,83.05,31.14,17.412,-5.599,-5.599
"A038",83,36.79,82.98,29.37,16.921,-6.46,-6.46
"A038",84,36.34,83.59,28.68,17.037,-5.72,-5.72
"A038",85,36.52,84.12,28.35,17.336,-5.953,-5.953
"A038",86,36.59,82.86,29.31,17.358,-6.238,-6.238
"A038",87,35.93,83.54,27.5,17.278,-6.139,-6.139
"A038",88,37.53,83.26,31.37,16.975,-5.645,-5.645
"A038",89,36.84,83.99,29.08,17.501,-5.934,-5.934
"A038",90,36.91,83.56,28.9,17.255,-6.643,-6.643
"A038",91,37.41,83.63,29.47,17.496,-6.987,-6.987
"A038",92,37.72,82.76,30.86,17.795,-6.985,-6.985
"A038",93,38.12,82.84,31.08,17.066,-7.466,-7.466
"A038",94,38.73,81.81,33.45,17.33,-7.263,-7.263
"A038",95,37.93,81.96,32.15,17.331,-6.859,-6.859
"A038",96,36.73,82.28,30.58,15.978,-5.785,-5.785
"A038",97,35,83.29,25.81,16.961,-6.327,-6.327
"A038",98,35.65,82.91,26.51,17.468,-7.21,-7.21
"A038",99,34.85,82.75,25.35,17.661,-7.045,-7.045
"A038",100,35.04,82.83,25,18.248,-7.657,-7.657
"A038",101,34.23,83.23,23.55,17.414,-7.225,-7.225
"A038",102,34.49,82.43,24.7,18.165,-7.371,-7.371
"A038",103,33.45,82.82,22.64,17.683,-7.208,-7.208
"A038",104,33.52,82.95,21.85,17.989,-7.973,-7.973
"A038",105,33.87,82.87,22.3,18.359,-8.224,-8.224
"A038",106,33.32,82.58,21.89,18.185,-7.989,-7.989
"A038",107,33.22,82.51,22.54,18.028,-7.239,-7.239
"A038",108,33.36,82.84,22.88,16.787,-6.79,-6.79
"A038",109,32.46,82.85,20.39,17.588,-7.774,-7.774
"A038",110,33.56,83.28,21.78,17.714,-7.789,-7.789
"A038",111,33.45,83.3,21.99,17.755,-7.349,-7.349
"A038",112,34.71,83.87,23.92,17.505,-7.12,-7.12
"A038",113,34.15,84.37,21.67,17.78,-7.912,-7.912
"A038",114,34.41,84.29,22.29,18.206,-7.836,-7.836
"A038",115,34.07,83.87,21.86,18.106,-8.018,-8.018
"A038",116,33.9,84.44,20.81,17.69,-8.267,-8.267
"A038",117,33.83,84.37,20.87,18.587,-8.141,-8.141
"A038",118,33.86,84.76,20.17,17.918,-8.558,-8.558
"A038",119,34.12,84.46,21.07,18.849,-8.366,-8.366
"A038",120,34.52,85.22,21.52,17.448,-8.059,-8.059
"A038",121,34.89,85.66,22.48,17.85,-7.488,-7.488
"A038",122,34.34,86.42,21.37,17.172,-7.083,-7.083
"A038",123,33.46,87.17,20.42,16.829,-6.006,-6.006
"A038",124,33.44,86.56,20.64,17.383,-6.058,-6.058
"A038",125,32.58,86.43,18.27,17.018,-6.987,-6.987
"A038",126,33.17,86.24,18.82,18.128,-7.6,-7.6
"A038",127,33.42,84.73,20.02,18.158,-7.955,-7.955
"A038",128,31.58,84.55,18.05,16.82,-6.981,-6.981
"A038",129,32.48,84.34,19.56,17.586,-7.139,-7.139
"A038",130,32.19,85.46,18.77,17.278,-6.487,-6.487
"A038",131,32.04,84.89,19.45,17.367,-6.019,-6.019
"A038",132,31.66,85.86,18.18,16.835,-5.911,-5.911
"A038",133,32.71,85.44,20.99,17.058,-5.179,-5.179
"A038",134,33.26,85.63,21.81,17.078,-5.17,-5.17
"A038",135,33.72,85.87,22.13,16.601,-5.515,-5.515
"A038",136,33.52,85.68,22.51,15.896,-4.907,-4.907
"A038",137,32.81,85.94,20.47,16.075,-5.505,-5.505
"A038",138,31.18,85.75,17.46,16.69,-5.94,-5.94
"A038",139,30.99,85.58,16.36,17.342,-6.881,-6.881
"A038",140,30.76,86.48,14.17,17.487,-8.08,-8.08
"A038",141,29.88,86.53,12.75,17.594,-8.149,-8.149
"A038",142,30.5,87.01,13.72,17.492,-7.821,-7.821
"A038",143,30.7,86.62,14.24,18.076,-7.829,-7.829
"A038",144,30.17,86.92,14.15,17.202,-6.934,-6.934
"A038",145,29.46,87.41,12.88,17.101,-6.907,-6.907
"A038",146,29.27,86.94,12.37,17.287,-7.393,NA
"A038",147,29.1,86.27,12.78,18.061,-7.188,NA
"A038",148,28.69,85.97,12.93,16.199,-6.702,NA
"A038",149,29.32,85.2,14.37,17.404,-6.732,NA
"A038",150,30.04,84.42,16.26,16.594,-6.571,NA
"A038",151,30.03,84.83,15.53,17.377,-6.914,NA
"A038",152,30.11,86.11,14.48,17.2,-7.04,NA
"A038",153,30.4,86.5,14.52,17.519,-7.156,NA
"A038",154,30.52,86.59,15.2,16.986,-6.612,NA
"A038",155,29.75,86.36,14.21,17.088,-6.605,NA
"A038",156,30.4,85.65,15.41,16.713,-6.875,NA
"A038",157,30.32,84.8,16.2,17.345,-6.675,NA
"A038",158,29.8,84.76,14.16,17.705,-8.005,NA
"A038",159,29.08,85.08,13.24,17.391,-7.661,NA
"A038",160,29.11,84.89,13.12,17.797,-7.988,NA
"A038",161,28.94,84.71,12.83,18.266,-8.23,NA
"A038",162,29.6,85.78,13.47,17.404,-7.543,NA
"A038",163,30.1,85.98,13.51,17.778,-8.076,NA
"A038",164,29.48,85.87,13.01,17.993,-7.769,NA
"A038",165,30.18,85.38,13.16,18.705,-9.02,NA
"A038",166,30.17,85.5,13.27,18.303,-8.789,NA
"A038",167,30.01,85.94,12.28,18.035,-9.213,NA
"A038",168,29.43,86.02,11.42,18.046,-9.184,NA
"A038",169,28.64,86.52,10.14,18.75,-9.041,NA
"A038",170,28.61,86.12,10.6,18.145,-8.807,NA
"A038",171,27.59,86.7,9.48,18.106,-8.244,NA
"A038",172,27.14,87.85,7.9,18.268,-8.641,NA
"A038",173,27.38,87.48,8.6,17.458,-8.403,NA
"A038",174,27.42,88.8,7.99,17.393,-8.571,NA
"A038",175,27.66,88.48,8.36,17.387,-8.586,NA
"A038",176,27.44,89.62,8.38,18.542,-8.064,NA
"A038",177,28.8,89.23,10.59,17.754,-7.694,NA
"A038",178,29.09,89.26,11.93,17.028,-6.745,NA
"A038",179,27.66,89.78,9.29,17.572,-7.422,NA
"A038",180,28.09,89,9.48,18.081,-7.886,NA
"A038",181,28.07,88.67,9.16,17.769,-8.26,NA
"A038",182,29.16,88.19,10.24,18.365,-8.795,NA
"A038",183,29.04,87.76,10.43,17.595,-8.606,NA
"A038",184,29.46,88.12,11.27,18.122,-8.221,NA
"A038",185,29.5,87.93,11.92,17.828,-7.688,NA
"A038",186,30.69,88.98,14.63,17.193,-6.478,NA
"A038",187,29.93,89.09,13.61,16.892,-6.311,NA
"A038",188,28.68,89.68,12.01,16.943,-6.054,NA
"A038",189,27.07,89.91,10.36,16.007,-5.614,NA
"A038",190,27.2,89.82,10.19,17.248,-5.945,NA
"A038",191,26.52,89.37,9.18,17.077,-6.177,NA
"A038",192,26.33,89.68,8.8,17.699,-6.312,NA
"A038",193,26.52,88.85,8.83,16.624,-6.633,NA
"A038",194,27.89,90.4,10.84,17.353,-6.175,NA
"A038",195,27.62,90.04,10.54,16.733,-6.112,NA
"A038",196,27.05,88.54,9.84,16.504,-6.329,NA
"A038",197,26.57,88.13,8.81,17.043,-6.939,NA
"A038",198,26.66,89.19,8.1,18.011,-7.465,NA
"A038",199,26.47,90.13,8.04,17.943,-7.224,NA
"A038",200,26.81,89.45,8.34,17.663,-7.361,NA
"A038",201,26.66,89.87,7.52,17.669,-7.966,NA
"A038",202,26.14,90.81,7.6,17.05,-7.337,NA
"A038",203,26.45,90.13,8.8,16.254,-6.437,NA
"A038",204,26.3,89.98,8.22,16.64,-6.84,NA
"A038",205,26.16,90.5,8.41,17.193,-6.514,NA
"A038",206,25.46,90.36,6.49,17.747,-7.637,NA
"A038",207,25.14,89.49,5.26,18.545,-8.574,NA
"A038",208,24.15,89.36,4.35,18.409,-8.513,NA
"A038",209,23.75,90,3.54,17.657,-8.868,NA
"A038",210,24.18,88.93,4.44,18.132,-8.548,NA
"A038",211,23.93,89,3.52,18.689,-9.221,NA
"A038",212,23.29,89.46,2,19.218,-10.049,NA
"A038",213,22.91,88.95,2.58,18.996,-9.252,NA
"A038",214,23.3,88.88,3.21,18.714,-8.989,NA
"A038",215,23.24,88.35,3.82,17.779,-8.52,NA
"A038",216,23.65,88.16,3.62,18.228,-9.162,NA
"A038",217,23.7,88.11,4.32,18.057,-8.527,NA
"A038",218,25.11,87.8,5.96,18.545,-8.388,NA
"A038",219,26.26,88.43,6.54,18.843,-8.757,NA
"A038",220,25.67,89.71,6.71,17.775,-7.66,NA
"A038",221,26.43,90.46,8.36,17.196,-6.866,NA
"A038",222,25.68,89.79,6.92,17.621,-7.455,NA
"A038",223,25.59,91.27,7.24,17.874,-7.174,NA
"A038",224,24.53,90.82,5.24,17.409,-7.966,NA
"A038",225,24.36,90.54,4.76,17.853,-8.255,NA
"A038",226,24.01,91.95,5.85,17.379,-7.126,NA
"A038",227,23.1,91.28,4.59,17.969,-7.319,NA
"A038",228,23.42,92.24,4.66,17.831,-7.86,NA
"A038",229,23.98,91.38,5.19,17.279,-7.582,NA
"A038",230,24.39,91.14,5.08,17.695,-8.048,NA
"A038",231,23.99,91,4.46,17.253,-8.241,NA
"A038",232,23.9,90.4,3.92,18.025,-8.629,NA
"A038",233,23.13,90.99,3.53,18.145,-8.361,NA
"A038",234,22.38,90.86,3.55,18.02,-7.653,NA
"A038",235,22.79,90.46,4.18,17.377,-7.356,NA
"A038",236,22.91,90.02,5.68,16.06,-5.962,NA
"A038",237,23.73,88.95,6.88,16.198,-5.678,NA
"A038",238,23.85,89.8,6.32,17.478,-6.198,NA
"A038",239,23.26,90.46,5.16,16.985,-6.793,NA
"A038",240,23.06,90.5,5.69,16.125,-6.085,NA
"A038",241,23.25,90.56,6.06,16.321,-5.89,NA
"A038",242,23.38,89.1,6.54,16.15,-5.663,NA
"A038",243,22.63,88.91,5.84,15.987,-5.769,NA
"A038",244,22.97,88.49,6.81,16.301,-5.239,NA
"A038",245,22.58,88.42,6.23,16.624,-5.515,NA
"A038",246,22.89,87.52,6.76,16.381,-5.712,NA
"A038",247,23.56,88,7.15,16.021,-5.627,NA
"A038",248,22.6,88.11,7.84,15.799,-4.075,NA
"A038",249,23.38,88.48,9.32,15.402,-3.081,NA
"A038",250,23.45,87.85,9.72,14.876,-3.032,NA
"A038",251,23.25,88.35,8.62,15.222,-3.726,NA
"A038",252,22.98,88.97,7.02,15.693,-4.873,NA
"A038",253,23.36,90.65,6.4,16.893,-5.663,NA
"A038",254,23.26,91.97,7.91,15.646,-4.356,NA
"A038",255,23.93,92.04,8.18,16.037,-4.762,NA
"A038",256,23.37,91.49,8.22,15.341,-3.994,NA
"A038",257,23.39,90.76,7.38,16.733,-4.719,NA
"A038",258,23.92,91.22,8.64,15.577,-4.031,NA
"A038",259,25.24,90.43,9.81,16.198,-4.092,NA
"A038",260,24.67,90.48,9.09,15.703,-4.224,NA
"A038",261,24.8,90.67,9.18,15.299,-4.281,NA
"A038",262,23.74,90.78,8.73,15.119,-3.697,NA
"A038",263,23.54,91.79,8.35,15.517,-4.116,NA
"A038",264,23.62,91.8,7.51,16.168,-5.044,NA
"A038",265,23.81,91.33,7.08,16.425,-5.518,NA
"A038",266,22.83,91.91,6.76,16.246,-5.091,NA
"A038",267,22.99,91.85,6.21,16.581,-5.771,NA
"A038",268,23,91.4,6.79,16.047,-5.07,NA
"A038",269,22,92.14,5.84,16.566,-5.37,NA
"A038",270,20.98,90.86,4.97,16.56,-5.073,NA
"A038",271,21.04,92.54,5.6,16.208,-4.982,NA
"A038",272,20.35,93.18,5.06,16.829,-5.305,NA
"A038",273,20.55,92.99,3.55,16.668,-6.862,NA
"A038",274,19.67,92.97,2.78,18.062,-6.938,NA
"A038",275,19,93.13,2.99,17.457,-6.333,NA
"A038",276,19.25,92.87,2.64,17.333,-6.719,NA
"A038",277,19.1,93.41,2.74,17.74,-6.825,NA
"A038",278,18.99,93.21,1.61,18.275,-7.758,NA
"A038",279,20.19,93.93,4.11,17.805,-6.638,NA
"A038",280,20.24,93.29,3.27,17.255,-7.08,NA
"A038",281,20.34,94.11,3.67,17.476,-7.329,NA
"A038",282,20.21,94.26,3.09,18.13,-7.917,NA
"A038",283,21,93.66,2.22,17.711,-8.981,NA
"A038",284,20.6,93.29,2.82,18.161,-7.814,NA
"A038",285,20.52,93.91,2.35,18.323,-8.639,NA
"A038",286,19.12,93.89,1.08,17.935,-8.819,NA
"A038",287,18.89,93.43,0.85,18.037,-8.576,NA
"A038",288,18.54,94.26,0.3,18.15,-9.468,NA
"A038",289,18.9,94.05,0.33,18.348,-9.526,NA
"A038",290,17.25,93.33,-1.6,18.898,-9.845,NA
"A038",291,16.82,93.23,-1.49,18.33,-9.404,NA
"A038",292,16.53,93.99,-1.9,19.188,-10.123,NA
"A038",293,16.43,93.8,-2.93,18.925,-10.969,NA
"A038",294,16.61,94.97,-1.85,19.212,-10.929,NA
"A038",295,16.18,94.62,-1.47,19.533,-9.979,NA
"A038",296,16.68,94.37,-0.67,18.008,-9.286,NA
"A038",297,16.32,94.09,-0.48,17.75,-8.653,NA
"A038",298,16.34,93.39,-0.48,18.445,-8.197,NA
"A038",299,15.93,93.18,-0.7,17.844,-8.069,NA
"A038",300,16.75,93.85,0.93,17.708,-7.342,NA
"A038",301,17.13,93.57,1.28,17.037,-7.033,NA
"A038",302,16.29,92.72,-0.78,17.459,-8.126,NA
"A038",303,15.35,93.15,-1.32,18.071,-8.35,NA
"A038",304,15.1,92.32,-2.14,19.405,-8.689,NA
"A038",305,15.34,93.43,-0.14,17.039,-7.317,NA
"A038",306,13.91,92.9,-0.47,17.428,-6.696,NA
"A038",307,14.22,93.68,1.03,16.026,-5.743,NA
"A038",308,14.47,93,1.59,16.909,-4.926,NA
"A038",309,13.94,93.22,1.49,16.459,-4.897,NA
"A038",310,13.39,93.61,0.98,17.134,-5.391,NA
"A038",311,13.6,93.74,1,16.221,-5.542,NA
"A038",312,14.29,93.82,0.67,16.169,-6.226,NA
"A038",313,13.78,93.77,-0.47,17.707,-7.101,NA
"A038",314,14.73,94.63,-0.55,17.803,-8.257,NA
"A038",315,14.21,94.68,-0.58,18.418,-8.086,NA
"A038",316,14.08,94.09,-0.02,17.541,-7.005,NA
"A038",317,13.99,93.75,-0.56,17.685,-7.274,NA
"A038",318,13.46,93.77,-1.08,17.408,-7.587,NA
"A038",319,12.16,94.22,-1.92,18.27,-8.253,NA
"A038",320,12.41,93.14,-1.73,17.644,-7.507,NA
"A038",321,11.97,93.12,-1.99,17.3,-7.642,NA
"A038",322,12.33,93.53,-2.26,17.437,-8.217,NA
"A038",323,12.13,92.8,-2.68,18.35,-8.234,NA
"A038",324,11.47,92.22,-3.23,18.046,-8.467,NA
"A038",325,12.5,92.71,-2.23,18.127,-7.865,NA
"A038",326,12.65,92.12,-3.67,18.236,-9.175,NA
"A038",327,13.74,92.7,-2.05,17.645,-8.118,NA
"A038",328,14.12,93.68,-1.48,17.932,-8.212,NA
"A038",329,13.75,93.2,-1.86,17.967,-8.159,NA
"A038",330,12.25,93.51,-2.27,17.968,-8.196,NA
"A038",331,12.32,93.97,-2.73,18.347,-8.945,NA
"A038",332,12.99,94.67,-2.04,17.881,-9.01,NA
"A038",333,12.04,95.59,-1.11,18.058,-8.572,NA
"A038",334,13.03,95.93,-0.78,18.533,-8.937,NA
"A038",335,12.89,95.7,-1.72,17.981,-9.592,NA
"A038",336,13.23,95.14,-1.66,18.803,-9.118,NA
"A039",1,40.36,64.23,50.29,18.408,-8.567,-8.567
"A039",2,41.12,64.53,51.49,18.1,-8.224,-8.224
"A039",3,39.99,64.32,50.04,17.945,-8.255,-8.255
"A039",4,39.69,64.37,49.61,18.734,-8.261,-8.261
"A039",5,39.62,64.4,49.49,17.971,-8.272,-8.272
"A039",6,40.85,64.12,51.52,17.251,-8.053,-8.053
"A039",7,40.2,64.74,50.77,17.085,-7.571,-7.571
"A039",8,40.04,64.58,51.05,16.74,-7.168,-7.168
"A039",9,40.07,64.55,51.11,17.643,-7.171,-7.171
"A039",10,40.11,65.02,51.24,17.878,-6.813,-6.813
"A039",11,39.85,65.16,52.08,16.4,-5.535,-5.535
"A039",12,40,65.28,51.97,16.646,-5.774,-5.774
"A039",13,39.29,64.97,50.16,17.384,-6.808,-6.808
"A039",14,40.37,65.01,50.8,17.562,-7.613,-7.613
"A039",15,40.7,64.85,51.07,17.284,-7.888,-7.888
"A039",16,39.94,64.74,49.39,18.54,-8.595,-8.595
"A039",17,40.01,64.35,48.67,19.147,-9.65,-9.65
"A039",18,39.52,65.41,47,19.107,-10.022,-10.022
"A039",19,39.1,65.77,46.27,18.972,-9.953,-9.953
"A039",20,38.47,65.73,45.26,19.227,-10.13,-10.13
"A039",21,37.36,65.79,43.71,18.737,-10.169,-10.169
"A039",22,37.63,66.2,43.89,18.926,-10.073,-10.073
"A039",23,38.13,65.5,44.99,18.899,-10.081,-10.081
"A039",24,37.53,65.51,43.82,19.531,-10.458,-10.458
"A039",25,36.64,66.14,42.63,18.288,-10.06,-10.06
"A039",26,36.18,66.31,42.43,18.293,-9.543,-9.543
"A039",27,35.79,65.93,41.43,19.106,-10.311,-10.311
"A039",28,35.65,65.52,41.69,19.431,-10.154,-10.154
"A039",29,34.19,65.38,41.13,18.031,-9.038,-9.038
"A039",30,33.34,64.91,39.83,18.183,-9.68,-9.68
"A039",31,33.63,65.1,39.42,19.154,-10.29,-10.29
"A039",32,33.49,64.76,39.69,18.513,-10.089,-10.089
"A039",33,34.35,64.28,41.26,18.812,-9.806,-9.806
"A039",34,33.18,64.66,39.37,19.113,-10.126,-10.126
"A039",35,32.73,65.04,39.19,19.222,-9.568,-9.568
"A039",36,33.54,65.45,40.62,18.711,-8.752,-8.752
"A039",37,33.66,65.88,39.43,18.835,-9.778,-9.778
"A039",38,34.66,65.41,41,18.565,-9.709,-9.709
"A039",39,33.62,65.33,40.57,18.168,-8.972,-8.972
"A039",40,33.58,65.79,39.22,18.788,-9.964,-9.964
"A039",41,33.13,65.28,39.45,18.287,-9.577,-9.577
"A039",42,34.23,64.23,41.94,18.316,-9.02,-9.02
"A039",43,33.35,63.95,41.5,18.18,-8.632,-8.632
"A039",44,32.92,64.05,40.58,19.08,-9.026,-9.026
"A039",45,33.22,63.35,40.95,18.064,-9.413,-9.413
"A039",46,33.87,63.78,41.07,18.294,-9.764,-9.764
"A039",47,33.73,63.61,40,19.401,-10.775,-10.775
"A039",48,33.92,63.05,41.66,18.49,-9.661,-9.661
"A039",49,33.25,63.32,41.61,18.362,-8.802,-8.802
"A039",50,33.29,63.56,41.01,19.171,-9.31,-9.31
"A039",51,32.25,63.08,40.66,18.511,-8.836,-8.836
"A039",52,31.77,62.73,40.53,18.454,-8.678,-8.678
"A039",53,31.5,63,39.58,18.374,-9.211,-9.211
"A039",54,31.32,63.24,39.16,18.694,-9.309,-9.309
"A039",55,30.95,63.56,39.17,18.359,-8.745,-8.745
"A039",56,30.82,63.69,38.56,18.951,-9.16,-9.16
"A039",57,30.47,63.88,37.5,18.647,-9.785,-9.785
"A039",58,30.46,64.13,37.9,18.544,-9.215,-9.215
"A039",59,30.84,62.44,39.58,18.871,-8.901,-8.901
"A039",60,29.91,62.43,37.97,18.199,-9.668,-9.668
"A039",61,30.44,61.56,40.65,17.295,-7.955,-7.955
"A039",62,31.48,61.53,41.03,18.216,-8.584,-8.584
"A039",63,33.04,62.8,41.24,19.692,-9.252,-9.252
"A039",64,32.37,63.24,40.85,18.688,-8.665,-8.665
"A039",65,30.72,62.93,38.71,18.76,-9.371,-9.371
"A039",66,31.08,62.84,38.29,19.511,-10.178,-10.178
"A039",67,30.84,63.41,38.14,18.051,-9.762,-9.762
"A039",68,30.65,62.98,37.99,19.676,-9.997,-9.997
"A039",69,30.63,63.06,36.93,19.631,-10.996,-10.996
"A039",70,31.28,63.35,36.69,19.187,-11.67,-11.67
"A039",71,31.04,63.11,36.24,19.837,-12.025,-12.025
"A039",72,29.47,62.52,36.02,19.109,-11.195,-11.195
"A039",73,29.84,62.3,37.25,19.274,-10.408,-10.408
"A039",74,29.51,61.57,37.07,19.454,-10.707,-10.707
"A039",75,29.89,61.84,37.11,19.316,-10.844,-10.844
"A039",76,29.83,60.77,37.87,19.334,-10.62,-10.62
"A039",77,29.89,61.35,37.49,19,-10.738,-10.738
"A039",78,30.12,61.86,38.22,18.752,-9.931,-9.931
"A039",79,30.38,62.35,36.91,19.467,-11.19,-11.19
"A039",80,29.69,62.86,37.56,18.628,-9.642,-9.642
"A039",81,30.03,62.92,37.91,19.096,-9.553,-9.553
"A039",82,29.62,63.55,37.3,19.024,-9.43,-9.43
"A039",83,29.69,63.17,36.32,19.607,-10.702,-10.702
"A039",84,30.23,63.87,35.91,19.929,-11.157,-11.157
"A039",85,29.31,64.05,34.45,18.756,-11.722,-11.722
"A039",86,28.45,64.23,33.64,19.857,-11.754,-11.754
"A039",87,29.05,64.12,34.7,19.528,-11.223,-11.223
"A039",88,28.71,63.59,35.48,18.299,-10.497,-10.497
"A039",89,29.15,65.06,35.18,19.221,-10.205,-10.205
"A039",90,28.2,64.39,34.66,19.249,-10.449,-10.449
"A039",91,28.9,63.79,35.68,19.478,-10.326,-10.326
"A039",92,30.04,65.07,35.33,19.115,-10.789,-10.789
"A039",93,30.71,65.13,37.73,18,-8.957,-8.957
"A039",94,30.8,65.19,38.32,17.522,-8.414,-8.414
"A039",95,29.91,64.94,37.67,17.627,-8.43,-8.43
"A039",96,29.37,65.06,37.5,18.269,-8.076,-8.076
"A039",97,28.45,65.2,37.43,18.275,-7.323,-7.323
"A039",98,28.51,63.52,38.17,17.491,-7.702,-7.702
"A039",99,28.07,63.78,37.7,18.099,-7.692,-7.692
"A039",100,28.36,64.08,37,18.066,-8.416,-8.416
"A039",101,28.87,65.24,36.5,17.239,-8.55,-8.55
"A039",102,28.66,65.48,36.08,18.582,-8.639,-8.639
"A039",103,28.92,65.36,36.4,18.373,-8.608,-8.608
"A039",104,26.85,64.16,36.14,18.138,-8.193,-8.193
"A039",105,26.21,64.52,36.07,17.653,-7.659,-7.659
"A039",106,26.55,63.8,36.3,18.219,-8.054,-8.054
"A039",107,26.56,62.93,36.05,18.833,-8.8,-8.8
"A039",108,26.32,62.02,36.83,18.546,-8.348,-8.348
"A039",109,26.4,61.82,36.28,18.379,-9.049,-9.049
"A039",110,25.93,61.04,35.84,19.355,-9.559,-9.559
"A039",111,25.18,60.79,35.07,18.966,-9.973,-9.973
"A039",112,25,61.62,33.69,19.658,-10.868,-10.868
"A039",113,25.41,60.77,35.52,18.933,-9.67,-9.67
"A039",114,25.88,59.89,36.81,18.44,-9.074,-9.074
"A039",115,25.8,60.18,36.25,18.412,-9.462,-9.462
"A039",116,24.96,59.5,36.46,19.077,-8.991,-8.991
"A039",117,24.08,60.32,35.89,18.338,-8.691,-8.691
"A039",118,23.71,59.84,36.72,18.707,-7.818,-7.818
"A039",119,23.98,59.3,36.53,18.406,-8.368,-8.368
"A039",120,23.67,58.19,36.03,18.472,-9.083,-9.083
"A039",121,25.2,58.04,36.63,19.255,-9.607,NA
"A039",122,25.04,58.66,36.04,18.893,-9.824,NA
"A039",123,24.1,59.18,35.61,19.119,-9.414,NA
"A039",124,24,58.33,36.21,18.527,-9.072,NA
"A039",125,23.85,58.92,35.61,19.427,-9.355,NA
"A039",126,24.15,58.89,36.54,18.993,-8.631,NA
"A039",127,22.63,59.19,34.88,18.934,-9.234,NA
"A039",128,22.86,60.49,36,17.49,-7.83,NA
"A039",129,22.58,60.28,34.38,18.421,-9.363,NA
"A039",130,22.66,60.59,34.24,18.787,-9.442,NA
"A039",131,22.23,59.41,32.94,19.295,-10.877,NA
"A039",132,22.7,58.75,33.82,19.177,-10.469,NA
"A039",133,21.77,59.49,33.43,19.749,-10.098,NA
"A039",134,21.3,60.14,33.77,18.432,-9.328,NA
"A039",135,22.43,60.05,33.49,19.264,-10.245,NA
"A039",136,23.24,60.75,34.96,18.25,-8.978,NA
"A039",137,22.59,61.42,34.83,17.819,-8.538,NA
"A039",138,23.06,61.52,35.33,17.712,-8.232,NA
"A039",139,22.48,61.86,34.96,17.627,-8.191,NA
"A039",140,22.37,62.45,34.4,18.536,-8.481,NA
"A039",141,21.49,62.95,33.69,18.242,-8.623,NA
"A039",142,21.83,63.56,34.16,18.027,-8.033,NA
"A039",143,21.13,63.79,34.44,18.079,-7.391,NA
"A039",144,20.91,62.91,33.74,18.212,-8.355,NA
"A039",145,20.65,62.52,33.51,17.854,-8.613,NA
"A039",146,20.71,62.62,33.79,18.518,-8.323,NA
"A039",147,20.29,61.93,34.27,18.322,-7.878,NA
"A039",148,20.89,62.64,34.96,17.62,-7.229,NA
"A039",149,22.03,62.89,36.56,16.818,-5.997,NA
"A039",150,21.67,62.55,35.94,17.332,-6.594,NA
"A039",151,21.07,62.67,36.19,17.06,-6.06,NA
"A039",152,20.99,63.03,36.05,17.721,-6.036,NA
"A039",153,21.23,63.17,35.74,16.365,-6.378,NA
"A039",154,21.05,62.84,35.41,17.73,-6.763,NA
"A039",155,20.35,61.81,35.64,15.868,-6.572,NA
"A039",156,21.59,62.3,35.14,17.596,-7.448,NA
"A039",157,21.23,61.59,35.53,17.698,-7.135,NA
"A039",158,20.89,60.11,35.54,17.452,-7.344,NA
"A039",159,19.73,60.53,33.86,17.466,-8.343,NA
"A039",160,19.37,60.69,33.14,19.502,-8.853,NA
"A039",161,18.27,59.89,31.54,19.21,-9.965,NA
"A039",162,18.84,60.31,31.43,19.007,-10.347,NA
"A039",163,19.92,60.8,32.58,19.469,-9.66,NA
"A039",164,19.24,62.12,31.9,19.384,-9.767,NA
"A039",165,19.54,61.96,32.2,18.523,-9.624,NA
"A039",166,19.2,62.37,32.84,18.396,-8.747,NA
"A039",167,19.17,61.83,34.07,17.856,-7.624,NA
"A039",168,18.11,62.04,33.76,18.512,-7.449,NA
"A039",169,18.07,62.4,35.03,17.468,-6.109,NA
"A039",170,17.08,61.06,34.98,16.792,-5.849,NA
"A039",171,16.39,61.16,34.62,16.479,-5.876,NA
"A039",172,14.38,60.7,32.78,17.506,-6.607,NA
"A039",173,15.35,61.27,33.21,18.112,-6.767,NA
"A039",174,16.13,61.05,32.86,17.754,-7.503,NA
"A039",175,16.61,61.15,33.47,17.441,-7.13,NA
"A039",176,16.65,60.31,33.12,17.838,-7.486,NA
"A039",177,16.34,60.66,32.41,18.115,-8.046,NA
"A039",178,15.04,61.27,32.55,17.696,-7.273,NA
"A039",179,14.56,61.78,32.31,17.757,-7.321,NA
"A039",180,14.78,60.93,32.96,16.433,-6.68,NA
"A039",181,15.82,61.76,33.6,17.173,-6.622,NA
"A039",182,15.01,61.15,32.92,17.31,-6.868,NA
"A039",183,15.28,60.57,32.41,17.41,-7.458,NA
"A039",184,15.79,61.18,32.3,18.171,-7.898,NA
"A039",185,16.9,60.75,33.12,18.588,-7.624,NA
"A039",186,16.32,60.41,33.54,18.013,-6.889,NA
"A039",187,16.8,59.84,33.63,17.648,-7.041,NA
"A039",188,16.62,59.77,33.76,17.251,-6.803,NA
"A039",189,17.19,59.73,34.38,17.465,-6.515,NA
"A039",190,15.97,59.22,33.45,17.898,-6.647,NA
"A039",191,15.61,58.83,33.25,17.564,-6.55,NA
"A039",192,15.93,59.23,33.39,16.893,-6.683,NA
"A039",193,16.24,58.43,33.09,17.301,-7.08,NA
"A039",194,15.43,58.22,31.47,18.457,-8.078,NA
"A039",195,14.63,58.12,32.08,17.782,-6.845,NA
"A039",196,14.41,58.82,31.68,17.746,-7.284,NA
"A039",197,14.25,58.59,30.94,17.587,-7.839,NA
"A039",198,14.86,58.42,30.15,18.658,-9.031,NA
"A039",199,13.84,59.43,29.32,18.928,-9.428,NA
"A039",200,13.44,59.52,29.63,17.786,-8.872,NA
"A039",201,13.09,59.49,30.19,18.026,-8.072,NA
"A039",202,12.48,60.63,29.7,18.509,-8.565,NA
"A039",203,12.81,59.77,29.8,18.766,-8.377,NA
"A039",204,13.05,59.55,29.96,17.986,-8.295,NA
"A039",205,12.61,58.76,28.83,18.961,-8.806,NA
"A039",206,12.15,58.22,27.71,18.507,-9.319,NA
"A039",207,12.53,58.21,29.1,17.994,-8.232,NA
"A039",208,13.07,58.93,28.8,18.661,-9.233,NA
"A039",209,12.87,59.34,28.33,18.968,-9.725,NA
"A039",210,11.8,59.17,26.91,19.303,-10.317,NA
"A039",211,11.86,59.36,27.95,18.679,-9.41,NA
"A039",212,12.58,60.43,28.4,18.789,-9.866,NA
"A039",213,12.09,59.38,27.62,19.355,-9.905,NA
"A039",214,11.41,59.48,28.46,19.015,-8.649,NA
"A039",215,10.78,59.91,28.61,18.384,-8.275,NA
"A039",216,10.66,58.9,28.58,17.096,-7.679,NA
"A039",217,10.73,58.2,28.75,18.012,-7.146,NA
"A039",218,11.36,58.09,28.52,18.02,-7.816,NA
"A039",219,11.2,58.11,27.26,18.681,-8.961,NA
"A039",220,10.09,57.68,25.12,18.689,-9.927,NA
"A039",221,10.37,58.16,26.69,18.297,-8.896,NA
"A039",222,9.43,58.75,26.63,18.668,-8.623,NA
"A039",223,9.53,59.42,26.4,17.899,-9.367,NA
"A039",224,9.46,58.58,25.08,18.627,-10.083,NA
"A039",225,8.91,57.96,24.82,18.455,-9.47,NA
"A039",226,8.74,57.64,25.26,18.727,-8.654,NA
"A039",227,9.12,57.12,25.86,18.417,-7.981,NA
"A039",228,10.23,57.93,27.39,17.585,-7.942,NA
"A039",229,9.54,57.05,27.09,17.725,-7.049,NA
"A039",230,10.21,57.32,28.46,17.229,-6.446,NA
"A039",231,9.89,57.49,28.32,17.593,-6.437,NA
"A039",232,10.75,58.26,30.57,16.285,-5.382,NA
"A039",233,9.88,58,29.15,17.316,-5.933,NA
"A039",234,9.2,58.36,29.65,16.59,-5.155,NA
"A039",235,9.05,57.45,27.79,17.103,-6.227,NA
"A039",236,9.41,58.36,29.14,16.219,-5.84,NA
"A039",237,10.23,58.49,29.92,16.701,-5.765,NA
"A039",238,9.92,58.67,29.4,16.72,-6.169,NA
"A039",239,10.66,58.1,28.71,17.981,-7.081,NA
"A039",240,10.51,58.86,29.69,16.722,-6.429,NA
"A039",241,11.06,59,29.31,17.3,-7.3,NA
"A039",242,10.74,60.03,29.93,17.475,-6.994,NA
"A039",243,10.75,60.21,28.34,18.913,-8.683,NA
"A039",244,10.3,59.4,27.4,17.689,-8.879,NA
"A039",245,9.64,58.13,26.43,18.083,-8.557,NA
"A039",246,9.9,57.94,26.28,18.436,-8.78,NA
"A039",247,9.12,57.02,25.24,18.405,-8.517,NA
"A039",248,8.97,57.44,25.84,17.672,-8.112,NA
"A039",249,8.74,58.02,26.24,18.164,-7.965,NA
"A039",250,9.57,57.39,26.52,17.637,-7.902,NA
"A039",251,9.64,57.26,26.27,17.918,-8.102,NA
"A039",252,9.26,58.02,26.61,18.114,-8.001,NA
"A039",253,9.31,58.15,26.62,17.414,-8.129,NA
"A039",254,9.02,57.82,25.77,18.189,-8.508,NA
"A039",255,9.01,57.31,24.95,18.004,-8.942,NA
"A039",256,8.4,57.41,25.25,17.793,-8.209,NA
"A039",257,8.45,57.65,25.18,18.402,-8.515,NA
"A039",258,9.13,57.88,25.52,18.524,-8.894,NA
"A039",259,8.12,57.29,23.67,19.741,-9.468,NA
"A039",260,6.91,56.59,22.48,18.93,-9.075,NA
"A039",261,8.45,56.54,23.39,18.51,-9.416,NA
"A039",262,8.67,56.33,22.91,17.547,-9.926,NA
"A039",263,8.31,56.66,23.16,18.122,-9.621,NA
"A039",264,7.94,56.15,22.77,18.405,-9.272,NA
"A039",265,7.26,56.8,22.42,18.504,-9.612,NA
"A039",266,7.59,56.61,22.88,18.47,-9.251,NA
"A039",267,6.25,57.1,21.41,19.052,-10.118,NA
"A039",268,5.94,56.17,20.01,19.049,-10.404,NA
"A039",269,6.87,56.5,22.51,18.844,-8.935,NA
"A039",270,6.66,56.18,22.37,18.298,-8.609,NA
"A039",271,6.62,56.62,23.19,17.809,-8.163,NA
"A039",272,5.24,57.02,22.46,18.259,-8.285,NA
"A039",273,5.92,57.37,22.68,19.225,-8.862,NA
"A039",274,6.12,57.3,22.76,18.481,-8.858,NA
"A039",275,5.09,56.76,22.04,18.598,-8.355,NA
"A039",276,5.83,57.09,21.81,18.873,-9.408,NA
"A039",277,4.34,57.83,20.57,19.756,-10.433,NA
"A039",278,3.34,57.59,19.98,18.47,-10.228,NA
"A039",279,3.91,57.63,21.04,18.627,-9.506,NA
"A039",280,3.48,57.35,21.26,18.655,-8.778,NA
"A039",281,3.14,57.05,20.56,18.88,-8.988,NA
"A039",282,4.44,57.17,22.19,18.929,-8.189,NA
"A040",1,67.14,11.26,96.6,15.7,-6.282,-6.282
"A040",2,66.98,11.51,97.32,15.742,-5.31,-5.31
"A040",3,67.09,11.01,97.94,15.634,-5.032,-5.032
"A040",4,68.1,11.7,98.84,14.677,-4.609,-4.609
"A040",5,70.06,11.95,100.46,14.415,-4.415,-4.415
"A040",6,70.13,12.1,99.88,14.901,-4.982,-4.982
"A040",7,69.75,12.19,99.27,14.72,-5.252,-5.252
"A040",8,70.78,12.84,100.71,14.846,-4.313,-4.313
"A040",9,71.04,14.6,100.23,14.523,-4.207,-4.207
"A040",10,70.69,14.74,99.98,14.667,-4.133,-4.133
"A040",11,70.3,14.07,100.18,13.833,-3.926,-3.926
"A040",12,70.15,14.49,100.03,14.006,-3.772,-3.772
"A040",13,69.33,14.4,99.73,14.488,-3.458,-3.458
"A040",14,69.15,13.33,99.27,14.399,-4.26,-4.26
"A040",15,69.52,13.27,99.27,14.832,-4.579,-4.579
"A040",16,70.89,13.45,99.87,15.484,-4.955,-4.955
"A040",17,70.97,14.22,99.4,15.216,-5.155,-5.155
"A040",18,72.01,13.54,99.86,15.676,-5.767,-5.767
"A040",19,72.96,13.97,99.82,15.51,-6.318,-6.318
"A040",20,72.11,13.74,97.76,17.251,-7.86,-7.86
"A040",21,71,14.23,96.67,16.473,-7.897,-7.897
"A040",22,71.71,14.09,97.62,17.024,-7.542,-7.542
"A040",23,72.81,12.63,98.37,16.868,-8.242,-8.242
"A040",24,73.17,12.85,99.53,16.433,-7.233,-7.233
"A040",25,73.76,13.87,99.19,16.395,-7.554,-7.554
"A040",26,73.41,13.14,99.03,16.501,-7.778,-7.778
"A040",27,74.85,13.68,99.06,16.824,-8.51,-8.51
"A040",28,74.5,12.95,99.72,16.672,-7.925,-7.925
"A040",29,74.67,13.58,98.77,17.35,-8.718,-8.718
"A040",30,75.26,13.88,98.53,16.419,-9.226,-9.226
"A040",31,75.51,13.43,98.59,17.599,-9.52,-9.52
"A040",32,75.18,12.87,99.68,16.83,-8.452,-8.452
"A040",33,75.04,12.5,99.72,17.009,-8.469,-8.469
"A040",34,75.02,13.29,99.8,16.486,-8.043,-8.043
"A040",35,75.09,13.23,99.45,17.457,-8.478,-8.478
"A040",36,75.09,12.29,100.78,16.759,-7.535,-7.535
"A040",37,74.51,12.2,99.49,16.821,-8.477,-8.477
"A040",38,73.52,13.08,98.77,16.076,-8.141,-8.141
"A040",39,73.81,12.32,99.26,17.512,-8.178,-8.178
"A040",40,74.47,12.36,98.57,17.704,-9.3,-9.3
"A040",41,74.71,12.28,98.38,17.343,-9.687,-9.687
"A040",42,74.37,13.38,98.37,17.22,-8.997,-8.997
"A040",43,74.47,13.06,99.7,16.979,-7.871,-7.871
"A040",44,74.58,13.86,100.08,16.29,-7.236,-7.236
"A040",45,74.43,13.34,100.03,16.033,-7.398,-7.398
"A040",46,73.74,12.89,99.52,16.441,-7.625,-7.625
"A040",47,74.92,13.03,100,16.698,-7.894,-7.894
"A040",48,73.52,12.8,98.52,16.584,-8.512,-8.512
"A040",49,74.25,12.62,98.02,17.884,-9.588,-9.588
"A040",50,72.9,12.81,98.01,17.031,-8.581,-8.581
"A040",51,73.31,11.67,99.4,16.057,-7.981,-7.981
"A040",52,73.97,10.79,100.11,16.551,-8.105,-8.105
"A040",53,74.61,10.83,101.06,16.763,-7.563,-7.563
"A040",54,74.41,10.12,101.11,16.401,-7.691,-7.691
"A040",55,75.3,10.53,101.78,16.852,-7.422,-7.422
"A040",56,75.24,10.21,102.22,16.15,-7.091,-7.091
"A040",57,75.25,8.98,103.22,16.949,-6.623,-6.623
"A040",58,75.59,8.81,103.47,16.344,-6.663,-6.663
"A040",59,76.16,9.1,104.38,16.13,-5.99,-5.99
"A040",60,76.04,9.09,104.44,15.293,-5.858,-5.858
"A040",61,76.25,8.29,104.85,16.053,-5.926,-5.926
"A040",62,77.37,10.06,105.74,14.795,-4.981,-4.981
"A040",63,76.15,9.83,105.33,15.1,-4.719,-4.719
"A040",64,75.82,10.41,104.15,15.47,-5.444,-5.444
"A040",65,75.88,10.56,104.74,15.198,-4.823,-4.823
"A040",66,75.95,10.95,104.55,14.869,-4.897,-4.897
"A040",67,75.39,10.76,103.98,15.122,-5.186,-5.186
"A040",68,75.12,10.34,103.04,15.588,-6.132,-6.132
"A040",69,75.22,10.68,103.31,15.356,-5.789,-5.789
"A040",70,75.16,10.03,102.45,16.897,-6.887,-6.887
"A040",71,75.35,11.24,101.91,15.877,-7.023,-7.023
"A040",72,75.37,11.35,101.51,16.786,-7.394,-7.394
"A040",73,76,11.19,101.63,16.139,-7.75,-7.75
"A040",74,76.26,11.82,101.97,16.521,-7.308,-7.308
"A040",75,77.52,10.96,102.35,17.318,-8.081,-8.081
"A040",76,77.61,11.01,102.81,16.484,-7.662,-7.662
"A040",77,76.9,11.99,103.33,15.421,-6.286,-6.286
"A040",78,76.48,12.46,103.82,15.642,-5.332,-5.332
"A040",79,76.19,11.93,103.41,15.086,-5.78,-5.78
"A040",80,75.99,12.43,102.59,15.576,-6.253,-6.253
"A040",81,76.54,12.17,102.92,16.308,-6.395,-6.395
"A040",82,77.08,11.79,103.9,15.704,-5.908,-5.908
"A040",83,76.95,11.49,104,15.464,-5.86,-5.86
"A040",84,77.33,11.11,106.09,15.326,-4.167,-4.167
"A040",85,78.83,11.47,106.23,14.765,-4.798,-4.798
"A040",86,80.04,11.39,107.19,14.546,-4.596,-4.596
"A040",87,80.14,10.28,106.86,15.605,-5.44,NA
"A040",88,79.87,10.35,105.94,15.198,-6.17,NA
"A040",89,80.6,10.72,106.79,15.344,-5.602,NA
"A040",90,80.76,10.97,106.43,15.534,-5.953,NA
"A040",91,80.22,11.68,105.89,15.673,-5.883,NA
"A040",92,80.07,10.96,107.1,14.99,-4.873,NA
"A040",93,79.6,11.24,106.29,15.307,-5.292,NA
"A040",94,80.7,11.43,106.4,15.728,-5.752,NA
"A040",95,80.6,11.54,105.95,16.17,-6.103,NA
"A040",96,81.94,10.74,107.18,15.311,-5.977,NA
"A040",97,82.17,10.98,107.8,15.663,-5.399,NA
"A040",98,81.83,11.15,107.31,15.544,-5.617,NA
"A040",99,81.04,10.79,106.65,16.064,-5.963,NA
"A040",100,80.76,9.97,106.26,15.968,-6.524,NA
"A040",101,80.33,9.87,106.41,15.769,-6.167,NA
"A040",102,79.59,8.96,105.62,15.889,-6.899,NA
"A040",103,80.27,9.2,106.73,15.425,-6.085,NA
"A040",104,80.17,8.77,107.83,14.564,-5.102,NA
"A040",105,80.47,8.99,107.49,15.727,-5.524,NA
"A040",106,80.77,10.33,107.14,16.308,-5.507,NA
"A040",107,81.85,9.22,109.25,15.31,-4.473,NA
"A040",108,81.53,9.45,109.47,14.51,-3.985,NA
"A040",109,82.28,10.3,110.43,13.95,-3.105,NA
"A040",110,82.07,10.06,110,14.062,-3.518,NA
"A040",111,82.19,9.67,109.81,14.429,-3.937,NA
"A040",112,81.66,10.05,108.82,14.738,-4.467,NA
"A040",113,82.44,10.44,109.34,14.754,-4.241,NA
"A040",114,83.58,10.81,110.09,13.769,-3.982,NA
"A040",115,83.95,10.14,111.37,13.326,-3.183,NA
"A040",116,84.37,10.84,112.34,13.361,-2.168,NA
"A040",117,85.63,10.03,114.18,13.182,-1.37,NA
"A040",118,86.29,9.72,114.33,13.365,-1.712,NA
"A040",119,85.41,9.73,115.19,11.953,-0.357,NA
"A040",120,84.69,9,114.71,13.082,-0.726,NA
"A040",121,84.25,8.94,113.39,12.272,-1.82,NA
"A040",122,84.59,9.91,112.83,13.194,-2.174,NA
"A040",123,85.77,9.97,114.14,12.468,-1.508,NA
"A040",124,85.73,9.47,114.09,12.9,-1.732,NA
"A040",125,86.52,9.92,113.5,13.258,-2.588,NA
"A040",126,87.35,9.65,115.28,13.337,-1.38,NA
"A040",127,87.2,9.4,114.83,14.423,-1.849,NA
"A040",128,87.52,9.65,114.46,13.898,-2.301,NA
"A040",129,86.38,9.09,115.29,12.91,-1.054,NA
"A040",130,86.12,9.7,115.06,12.779,-0.891,NA
"A040",131,84.27,9.35,113.49,12.957,-1.566,NA
"A040",132,85.11,9.43,114.14,12.607,-1.355,NA
"A040",133,86.3,8.65,115.7,13.206,-0.774,NA
"A040",134,85.78,9.1,114.19,13.011,-1.818,NA
"A040",135,86.69,8.49,114.47,13.568,-2.288,NA
"A040",136,85.86,7.56,113.29,14.529,-3.371,NA
"A040",137,86.04,6.89,112.31,15.656,-4.728,NA
"A040",138,87.34,7.43,112.25,14.849,-5.292,NA
"A040",139,87.33,7.93,112.7,15.599,-4.645,NA
"A040",140,87.71,7.85,113.23,14.603,-4.351,NA
"A040",141,87.73,9.5,112.78,14.176,-4.146,NA
"A040",142,88.2,8.46,113.63,14.407,-3.977,NA
"A040",143,87.98,8.88,113.15,14.871,-4.172,NA
"A040",144,88.02,9.92,113.19,14.137,-3.728,NA
"A040",145,88.36,9.66,113.28,15.124,-3.933,NA
"A040",146,88.29,9.51,113.09,15.01,-4.144,NA
"A040",147,88.41,9.81,112.63,14.131,-4.553,NA
"A040",148,89.34,8.72,113.44,14.93,-4.698,NA
"A040",149,89.06,8.46,114.27,13.974,-3.822,NA
"A040",150,88.76,9.25,113.01,14.796,-4.595,NA
"A040",151,88.76,8.49,113.15,14.863,-4.756,NA
"A040",152,89.43,9.07,112.83,14.703,-5.214,NA
"A040",153,90.04,8.76,112.85,14.726,-5.656,NA
"A040",154,90.88,8.4,113.45,15.2,-5.669,NA
"A040",155,91.46,7.52,114.88,15.067,-4.91,NA
"A040",156,91.42,7.64,114.51,14.928,-5.208,NA
"A040",157,91.9,7.21,114.15,15.7,-6.009,NA
"A040",158,92.52,7.29,115.34,15.259,-5.124,NA
"A040",159,92.9,6.68,115.07,15.701,-5.855,NA
"A040",160,92.64,6.88,114.25,15.695,-6.451,NA
"A040",161,91.95,6.79,113.35,16.549,-7.003,NA
"A040",162,92.36,5.65,112.96,17.112,-8.074,NA
"A040",163,92.58,4.91,112.66,17.714,-8.792,NA
"A040",164,92.15,4.93,113.66,16.227,-7.552,NA
"A040",165,92.08,5.74,113.32,16.863,-7.525,NA
"A040",166,90.75,5.51,112.3,16.582,-7.906,NA
"A040",167,90.43,4.25,112.38,16.136,-8.148,NA
"A040",168,90.66,4.12,112.35,16.997,-8.358,NA
"A040",169,90.88,4.11,112.25,17.098,-8.586,NA
"A040",170,90.57,4.88,112.31,16.255,-8.043,NA
"A040",171,90.77,4.7,112.22,16.876,-8.316,NA
"A040",172,90.12,5.4,111.54,16.287,-8.364,NA
"A040",173,90.68,5.15,111.61,17.185,-8.695,NA
"A040",174,91.26,4.05,112.88,16.842,-8.191,NA
"A040",175,91.8,2.68,114.51,16.317,-7.402,NA
"A040",176,92.03,3.45,114.03,16.875,-7.706,NA
"A040",177,92.55,2.58,116.08,15.633,-6.288,NA
"A040",178,92.13,3.08,115.64,16.167,-6.299,NA
"A040",179,92.78,4.25,115.21,15.662,-6.623,NA
"A040",180,92.17,3.95,115.37,15.896,-6.24,NA
"A040",181,92.2,3.25,116.61,15.226,-5.301,NA
"A040",182,91.89,3.47,114.89,16.254,-6.765,NA
"A040",183,91.39,3.22,114.87,15.935,-6.604,NA
"A040",184,91.87,2.64,114.55,16.691,-7.425,NA
"A040",185,92.15,2.35,114.65,15.765,-7.59,NA
"A040",186,92.88,2.74,115.32,15.908,-7.165,NA
"A040",187,92.24,3.53,115.18,16.323,-6.645,NA
"A040",188,93.61,3.49,115.07,16.828,-7.521,NA
"A040",189,93.83,4.01,115.24,15.76,-7.263,NA
"A040",190,94.08,5,114.9,15.489,-7.342,NA
"A040",191,94.81,5.46,115.67,16.213,-6.792,NA
"A040",192,94.4,4.02,115.33,15.722,-7.476,NA
"A040",193,93.87,4.53,115.6,16.271,-6.713,NA
"A040",194,94.22,4.74,115.29,16.155,-7.134,NA
"A040",195,95.07,4.71,114.7,17.353,-8.2,NA
"A040",196,94.87,4.16,114.58,17.035,-8.429,NA
"A040",197,94.15,3.77,113.73,17.214,-9.037,NA
"A040",198,94.61,3.67,113.22,17.385,-9.847,NA
"A040",199,95.24,3.63,113.19,17.593,-10.239,NA
"A040",200,94,2.92,113.6,17.261,-9.431,NA
"A040",201,94.25,3.61,114.42,15.903,-8.475,NA
"A041",1,14.59,61.92,37.84,13.33,-1.812,-1.812
"A041",2,15.25,61.93,37.9,13.13,-2.068,-2.068
"A041",3,15.42,62.33,37.02,14.251,-3.025,-3.025
"A041",4,15.15,62.44,36.22,14.322,-3.709,-3.709
"A041",5,14.75,62.61,35.9,15.243,-3.856,-3.856
"A041",6,15.37,62.17,35.84,15.116,-4.186,-4.186
"A041",7,15.12,62.16,35.95,14.38,-3.962,-3.962
"A041",8,15.09,62.17,35.69,14.84,-4.205,-4.205
"A041",9,15.39,62.35,36.8,13.854,-3.228,-3.228
"A041",10,15.08,61.25,36.65,13.968,-3.193,-3.193
"A041",11,14.76,61.19,36.67,14.244,-3.003,-3.003
"A041",12,14.58,61.36,36.49,13.464,-3.108,-3.108
"A041",13,14.83,60.5,37.7,13.644,-1.913,-1.913
"A041",14,14.67,61.61,37.09,12.523,-2.579,-2.579
"A041",15,15.12,61.53,37.13,13.811,-2.753,-2.753
"A041",16,15.15,60.97,37.87,13.001,-1.97,-1.97
"A041",17,15,61.86,38.62,13.516,-1.221,-1.221
"A041",18,15.38,63.06,38.25,13.327,-1.743,-1.743
"A041",19,15.45,63.48,38.67,13.282,-1.301,-1.301
"A041",20,14.82,63.67,38.11,13.121,-1.614,-1.614
"A041",21,15.02,63.57,38.13,13.318,-1.676,-1.676
"A041",22,14.61,62.51,38.35,12.607,-1.346,-1.346
"A041",23,13.93,61.2,37.55,13.484,-1.683,-1.683
"A041",24,13.68,61.38,36.98,12.679,-2.149,-2.149
"A041",25,13.94,60.74,37.15,13.122,-1.994,-1.994
"A041",26,14.11,61.42,37.21,14.025,-2.15,-2.15
"A041",27,14.55,60.38,37.18,13.022,-2.243,-2.243
"A041",28,13.56,59.89,36.36,13.14,-2.337,-2.337
"A041",29,13.48,59.51,35.33,13.833,-3.194,-3.194
"A041",30,13.09,58.95,34.88,13.804,-3.181,-3.181
"A041",31,12.94,58.47,34.97,13.535,-2.792,-2.792
"A041",32,13.45,57.83,35.38,13.294,-2.526,-2.526
"A041",33,13.09,58.69,36.14,12.859,-1.823,-1.823
"A041",34,13.52,58.73,36.72,13.242,-1.569,-1.569
"A041",35,12.66,59.18,36.43,12.926,-1.411,-1.411
"A041",36,12.91,59.12,36.62,13.165,-1.377,-1.377
"A041",37,11.91,57.92,35,13.318,-1.695,-1.695
"A041",38,11.13,59.03,34.91,13.853,-1.763,-1.763
"A041",39,11.32,58.69,34.94,13.052,-1.687,-1.687
"A041",40,12.61,58.26,35.71,12.405,-1.702,-1.702
"A041",41,11.22,59.13,35.48,12.878,-1.318,-1.318
"A041",42,11.53,58.92,35.96,12.849,-0.956,-0.956
"A041",43,11.36,59.32,36.6,12.127,-0.395,-0.395
"A041",44,11.39,60.03,35.4,13.448,-1.956,-1.956
"A041",45,11.42,60.49,35.36,13.898,-2.211,-2.211
"A041",46,11.31,59.7,33.91,13.655,-3.23,-3.23
"A041",47,11.97,58.04,33.9,14.429,-2.899,-2.899
"A041",48,11.82,56.82,34.05,13.211,-1.979,-1.979
"A041",49,12.48,57,35.26,13.351,-1.464,-1.464
"A041",50,12.45,57.72,33.87,13.662,-3.168,-3.168
"A041",51,13.14,57.17,34.5,14.034,-2.876,-2.876
"A041",52,12.95,56.58,33.84,14.296,-3.107,-3.107
"A041",53,13.19,56.77,34.16,13.702,-3.097,-3.097
"A041",54,13,57.13,34.24,14.295,-3,-3
"A041",55,12.45,57.79,33.87,14.038,-3.209,-3.209
"A041",56,12.56,58.3,34.57,13.976,-2.825,-2.825
"A041",57,13.18,58.05,35.22,13.251,-2.563,-2.563
"A041",58,13.1,58.46,35.64,13.002,-2.236,-2.236
"A041",59,12.64,57.66,35.02,13.591,-2.146,-2.146
"A041",60,13.04,56.42,35.43,12.791,-1.536,-1.536
"A041",61,12.75,56.55,34.62,13.874,-2.133,-2.133
"A041",62,13.04,57.58,35.05,13.885,-2.412,-2.412
"A041",63,13.16,57.79,34.6,13.518,-3.053,-3.053
"A041",64,13.11,57.73,35.44,13.786,-2.146,-2.146
"A041",65,13.63,56.35,34.7,13.343,-2.794,-2.794
"A041",66,13.35,56.5,34.76,13.622,-2.525,-2.525
"A041",67,13.36,57.21,34.96,12.682,-2.619,-2.619
"A041",68,12.51,56.75,34.16,13.846,-2.462,-2.462
"A041",69,13.08,56.31,34.15,13.43,-2.808,-2.808
"A041",70,12.57,56.2,32.94,14.528,-3.478,-3.478
"A041",71,12.77,56.08,33.6,14.336,-2.959,-2.959
"A041",72,12.04,55.19,32.71,14.058,-2.676,-2.676
"A041",73,12.7,54.26,33.79,13.353,-1.888,-1.888
"A041",74,13.39,54.97,33.67,14.273,-3.041,-3.041
"A041",75,13.15,54.55,32.24,14.339,-4.064,-4.064
"A041",76,13.1,54.99,31.95,13.86,-4.464,-4.464
"A041",77,12.98,54.34,32.73,14.067,-3.298,-3.298
"A041",78,13.94,53.89,33.62,14.39,-3.353,-3.353
"A041",79,12.94,53.88,32.77,14.412,-3.044,-3.044
"A041",80,12.72,54.03,33.15,13.386,-2.454,-2.454
"A041",81,12.28,54.85,33.17,13.667,-2.303,-2.303
"A041",82,12.4,53.64,33.4,13.032,-1.682,-1.682
"A041",83,13.33,53.55,34.97,13.262,-1.182,-1.182
"A041",84,13.86,52.92,34.95,13.216,-1.673,-1.673
"A041",85,12.45,52.04,33.08,13.362,-1.482,-1.482
"A041",86,12.66,51.9,33.37,13.341,-1.431,-1.431
"A041",87,12.6,52.59,33.6,13.075,-1.335,-1.335
"A041",88,12.98,52.6,32.97,13.384,-2.458,-2.458
"A041",89,12.37,51.77,33.14,13.062,-1.245,-1.245
"A041",90,12.31,52.23,33.85,12.419,-0.594,-0.594
"A041",91,11.27,51.54,32.1,12.98,-0.724,-0.724
"A041",92,11.22,51.64,32.55,12.371,-0.239,-0.239
"A041",93,11.84,51.13,32.96,12.509,-0.518,-0.518
"A041",94,11.53,51.27,31.57,13.37,-1.512,-1.512
"A041",95,11.89,49.84,30.56,13.909,-2.727,-2.727
"A041",96,10.77,49.16,28.22,14.185,-3.292,-3.292
"A041",97,10.6,49.48,28.4,13.235,-2.899,-2.899
"A041",98,10.83,49.29,30.33,13.687,-1.292,-1.292
"A041",99,11.11,48.42,30.67,12.996,-1.306,-1.306
"A041",100,11.65,49.02,30.65,14.138,-2.19,-2.19
"A041",101,11.92,48.56,30.51,13.906,-2.739,-2.739
"A041",102,12.34,48.63,31.4,14.278,-2.515,-2.515
"A041",103,12.64,48.99,32.43,12.723,-1.955,-1.955
"A041",104,12.75,49.43,33.42,13.298,-1.126,-1.126
"A041",105,12.36,49.21,32.43,12.798,-1.513,-1.513
"A041",106,12.39,49.98,32,13.378,-2.053,-2.053
"A041",107,12.74,49.7,31.81,13.779,-2.742,-2.742
"A041",108,11.86,49.26,30.55,13.8,-2.62,NA
"A041",109,10.77,48.91,27.73,14.311,-3.741,NA
"A041",110,11.08,47.98,28.11,14.555,-3.82,NA
"A041",111,10.74,48.18,27.46,14.355,-3.931,NA
"A041",112,10.61,47.55,27.8,14.066,-3.411,NA
"A041",113,10.5,48.23,26.94,14.588,-4.073,NA
"A041",114,10.45,48.12,26.25,15.269,-4.676,NA
"A041",115,10.24,47.23,26.37,14.984,-4.268,NA
"A041",116,8.92,47.05,23.84,14.859,-4.752,NA
"A041",117,9.3,47.92,24.25,15.577,-4.915,NA
"A041",118,9.52,47.77,24.4,14.386,-5.093,NA
"A041",119,9.99,47.29,25.34,14.064,-4.887,NA
"A041",120,10.2,47.35,26.06,15.154,-4.508,NA
"A041",121,10.33,47,26.88,14.819,-3.924,NA
"A041",122,10.63,47.95,28.46,13.903,-2.765,NA
"A041",123,10.17,48.62,27.58,13.336,-2.951,NA
"A041",124,10.01,48.61,26.6,14.291,-3.685,NA
"A041",125,10.07,48.43,26.36,14.384,-4.002,NA
"A041",126,10.49,49.21,26.22,15.077,-4.868,NA
"A041",127,10.08,48.02,25.77,15.521,-4.579,NA
"A041",128,10.51,47.12,25.86,15.846,-5.228,NA
"A041",129,11.03,46.35,27.61,15.515,-4.486,NA
"A041",130,11.08,46.64,28.39,14.008,-3.719,NA
"A041",131,11.26,45.05,30.21,13.778,-2.755,NA
"A041",132,12.04,45.87,31.32,12.913,-2.665,NA
"A041",133,11.02,45.42,28.67,14.026,-3.719,NA
"A041",134,10.67,45.81,28.4,13.937,-3.247,NA
"A041",135,9.7,45.1,26.87,14.924,-3.415,NA
"A041",136,9.9,45.63,26.74,14.039,-3.691,NA
"A041",137,10.69,46.14,27.68,14.697,-3.892,NA
"A041",138,9.81,46.45,26.3,13.859,-3.762,NA
"A041",139,9.41,45.81,26.1,14.344,-3.468,NA
"A041",140,9.54,46.56,25.93,13.868,-3.684,NA
"A041",141,10.13,47.06,26.64,14.515,-3.835,NA
"A041",142,11.07,47.6,27.82,14.46,-4.12,NA
"A041",143,10.8,47.74,27.64,14.73,-3.851,NA
"A041",144,9.76,48.33,25.03,15.55,-4.851,NA
"A041",145,10.09,48.02,25.62,14.329,-4.751,NA
"A041",146,10.4,46.91,26.04,14.659,-4.892,NA
"A041",147,10.08,47.8,26.14,14.6,-4.218,NA
"A041",148,10.18,46.93,26.75,14.403,-3.824,NA
"A041",149,11.1,47.36,27.99,14.319,-4.028,NA
"A041",150,10.31,46.79,27.39,14.048,-3.413,NA
"A041",151,9.87,46.68,27.81,13.427,-2.309,NA
"A041",152,10.56,47.03,28.92,12.902,-2.258,NA
"A041",153,11.42,46.25,32.04,12.862,-0.742,NA
"A041",154,10.18,45.55,29.56,12.68,-1.355,NA
"A041",155,9.2,45.93,26.65,14.064,-2.546,NA
"A041",156,9,44.45,27.06,13.848,-2.374,NA
"A041",157,9.84,44.3,27.38,14.668,-3.525,NA
"A041",158,10.42,44.31,28.04,14.022,-3.839,NA
"A041",159,10.67,43.81,29.66,13.381,-2.956,NA
"A041",160,9.89,42.91,29.88,13.147,-1.988,NA
"A041",161,8.8,42.98,28.58,13.282,-1.439,NA
"A041",162,10.21,42.63,30.89,12.139,-1.766,NA
"A041",163,9.15,42.35,29,13.823,-2.072,NA
"A041",164,8.61,41.88,27.87,13.602,-2.728,NA
"A041",165,8.49,41.51,27.35,14.39,-3.411,NA
"A041",166,8.67,40.81,29.35,13.018,-2.412,NA
"A041",167,7.79,40.87,27.69,13.599,-2.631,NA
"A041",168,7.9,40.88,26.81,14.361,-3.668,NA
"A041",169,8.34,41.39,26.57,14.343,-4.065,NA
"A041",170,9.37,41.31,28.57,14.83,-3.835,NA
"A041",171,9.67,40.76,29.63,14.62,-3.852,NA
"A041",172,9.48,41.12,28.88,14.424,-3.891,NA
"A041",173,9.65,40.65,29.48,15.133,-4.08,NA
"A041",174,9.29,40.65,27.55,15.42,-5.408,NA
"A041",175,9.98,40.96,29.17,15.589,-4.629,NA
"A041",176,9.8,40.66,29.56,14.198,-4.247,NA
"A041",177,9.21,40.94,28.32,14.217,-4.18,NA
"A041",178,8.76,40.83,27.37,15.6,-4.518,NA
"A041",179,9.03,41.34,27.83,14.097,-3.965,NA
"A041",180,9.65,41.51,30.03,13.794,-2.65,NA
"A041",181,8.97,41.84,29.46,13.38,-1.759,NA
"A041",182,8.01,41.26,27.84,13.258,-2.416,NA
"A041",183,7.95,41.8,27.56,13.31,-2.066,NA
"A041",184,7.95,41.61,28.29,12.683,-1.525,NA
"A041",185,7.8,40.43,28.96,13.361,-1.854,NA
"A041",186,7.59,41.34,27.31,13.594,-2.205,NA
"A041",187,7.41,41.12,27.26,13.429,-2.224,NA
"A041",188,5.97,41.86,24.54,13.954,-2.24,NA
"A041",189,5.86,41.07,24.79,13.949,-2.619,NA
"A041",190,6.23,40.39,25.67,14.079,-2.967,NA
"A041",191,7.39,40.77,27.9,13.102,-1.918,NA
"A041",192,6.93,40.31,28.41,12.788,-1.268,NA
"A041",193,7.51,39.69,30.07,12.704,-1.189,NA
"A041",194,7.71,38.75,31.25,12.814,-1.531,NA
"A041",195,8.14,39.71,30.78,12.707,-1.403,NA
"A041",196,7.72,39.16,29.86,13.908,-2.402,NA
"A041",197,8.45,38.95,31.03,13.44,-2.608,NA
"A041",198,8.07,37.94,32.26,13.389,-2.219,NA
"A041",199,8.83,38.03,32.78,13.946,-2.746,NA
"A041",200,9.27,38.37,33.14,13.461,-2.619,NA
"A041",201,8.54,38.7,31.14,14.107,-2.989,NA
"A041",202,8.23,37.99,31.58,14.133,-3.066,NA
"A041",203,7.83,38.93,28.84,14.968,-3.881,NA
"A041",204,6.67,38.77,27.36,14.944,-3.913,NA
"A041",205,6.28,39.31,26.5,14.479,-3.529,NA
"A041",206,5.54,38.94,25.31,14.855,-4.278,NA
"A041",207,5.9,40.05,24.86,14.7,-3.748,NA
"A041",208,5.58,39.82,24.84,13.996,-3.661,NA
"A041",209,5.25,39.27,24.59,14.503,-4.213,NA
"A041",210,5.94,38.68,27.23,14.207,-3.213,NA
"A041",211,5.49,37.81,28.07,14.272,-3.11,NA
"A041",212,3.87,37.82,25.26,14.531,-4.189,NA
"A041",213,4.39,37.81,25.08,14.674,-4.886,NA
"A041",214,4.74,38.06,25.3,15.149,-4.651,NA
"A041",215,4.95,37.42,26.9,14.775,-4.267,NA
"A041",216,2.92,37.45,24.67,15.107,-4.566,NA
"A041",217,2.72,36.6,26.92,15.156,-3.569,NA
"A041",218,3.25,35.65,29.01,14.485,-3.53,NA
"A041",219,2.74,34.6,30.23,13.965,-3.852,NA
"A041",220,2.3,35.31,28.52,14.656,-3.925,NA
"A041",221,2.64,35.9,26.49,15.675,-5.139,NA
"A041",222,3.89,35.47,29,15.565,-4.422,NA
"A041",223,4.65,34.67,32.38,13.826,-3.218,NA
"A041",224,4.39,34.2,33.17,14.268,-3.027,NA
"A041",225,2.73,34.27,30.99,14.28,-3.682,NA
"A041",226,2.42,33.96,32.07,14.068,-2.99,NA
"A041",227,2.8,33.94,32.85,13.91,-2.497,NA
"A041",228,3.4,33.71,34,13.638,-2.257,NA
"A041",229,3.32,33.89,34.27,12.963,-1.57,NA
"A041",230,3.59,34.45,34.87,12.726,-0.145,NA
"A041",231,4.39,34.74,34.65,12.339,-0.56,NA
"A041",232,4.21,35.62,32.46,13.173,-0.976,NA
"A041",233,3.89,35.19,31.65,13.232,-2.28,NA
"A041",234,4.46,35.82,30.34,13.613,-2.987,NA
"A041",235,4.87,35.16,32.5,13.51,-2.422,NA
"A041",236,5.25,34.55,33.57,13.762,-2.871,NA
"A041",237,5.07,34.04,33.68,13.868,-3.506,NA
"A041",238,5.71,34.36,33.44,14.271,-3.859,NA
"A041",239,6.27,33.5,36.22,14.458,-3.297,NA
"A041",240,6.82,32.15,38.57,14.95,-4.104,NA
"A041",241,6.66,30.99,41.47,13.526,-3.179,NA
"A041",242,4.96,30.23,41.62,13.491,-2.719,NA
"A041",243,4.2,30.8,40.51,13.932,-2.05,NA
"A041",244,3.89,31.33,39.68,13.236,-1.595,NA
"A041",245,4.11,32.3,37.31,13.256,-2.264,NA
"A041",246,3.54,31.55,39.92,12.252,-0.631,NA
"A041",247,4.74,31.91,39.57,13.786,-1.342,NA
"A041",248,5.05,32.12,38.89,13.523,-1.921,NA
"A041",249,4.85,31.73,40.41,12.018,-0.96,NA
"A041",250,5.21,32.07,38.34,13.964,-2.729,NA
"A041",251,5.31,32.11,38.87,13.699,-2.222,NA
"A041",252,5.64,32.13,38.93,13.496,-2.464,NA
"A041",253,5.1,31.95,38.91,13.791,-2.265,NA
"A041",254,4.68,32.53,37.27,13.66,-2.385,NA
"A041",255,5.19,31.8,38.59,14.309,-2.977,NA
"A041",256,5.59,31.93,38.75,13.719,-2.976,NA
"A041",257,4.9,31.56,38.92,13.954,-2.827,NA
"A041",258,4.54,31.33,39.11,13.286,-2.724,NA
"A041",259,4.04,31.41,38.85,13.422,-2.409,NA
"A041",260,4.16,32.17,37.19,14.258,-2.689,NA
"A041",261,5.13,32.38,38.03,14.047,-2.361,NA
"A041",262,5.89,31.76,39.66,14.196,-2.704,NA
"A041",263,5.88,31.17,40.34,14.078,-3.126,NA
"A041",264,6.87,31.19,41.77,13.486,-2.762,NA
"A041",265,6.1,30.96,40.74,14.672,-3.364,NA
"A041",266,5.93,31.78,38.91,14.366,-3.454,NA
"A041",267,5.93,30.45,41.1,14.299,-3.769,NA
"A041",268,4.65,30.08,40.81,14.434,-3.528,NA
"A041",269,4.58,30.38,40.13,13.792,-3.58,NA
"A041",270,4.9,29.71,41.29,14.697,-3.987,NA
"A042",1,57.9,52.15,73.63,17.064,-9.131,-9.131
"A042",2,58.19,53.09,73.27,17.596,-9.289,-9.289
"A042",3,58.5,52.54,73.77,17.225,-9.223,-9.223
"A042",4,58.16,52.89,72.77,17.698,-9.849,-9.849
"A042",5,58.01,53.09,72.88,17.593,-9.55,-9.55
"A042",6,57.88,52.58,72.86,17.674,-9.695,-9.695
"A042",7,58.96,53.11,73.01,17.469,-10.055,-10.055
"A042",8,58.75,52.6,73.46,17.579,-9.678,-9.678
"A042",9,57.13,52.7,72.25,18.428,-9.746,-9.746
"A042",10,56.86,52.61,71.4,18.377,-10.434,-10.434
"A042",11,56.86,53.24,73.05,16.652,-8.518,-8.518
"A042",12,56.71,54.21,72.57,17.352,-8.475,-8.475
"A042",13,57.49,53.62,74.92,15.957,-6.926,-6.926
"A042",14,57.67,54.28,74.24,16.554,-7.45,-7.45
"A042",15,57.33,54.2,74.36,16.68,-7.129,-7.129
"A042",16,57.28,53.89,74.36,16.837,-7.229,-7.229
"A042",17,57.9,53.95,74.44,17.213,-7.555,-7.555
"A042",18,56.09,53.65,71.46,18.291,-9.372,-9.372
"A042",19,56.87,54.08,72.56,17.386,-8.651,-8.651
"A042",20,56.21,53.83,72.52,16.901,-8.328,-8.328
"A042",21,56.7,53.62,72.71,16.707,-8.579,-8.579
"A042",22,57.34,53.36,72.39,17.348,-9.47,-9.47
"A042",23,57.79,52.68,73.24,17.51,-9.219,-9.219
"A042",24,58.11,52.38,73.7,17.684,-9.109,-9.109
"A042",25,58.12,53.42,73.81,16.946,-8.56,-8.56
"A042",26,59.29,53.3,76.04,15.907,-7.174,-7.174
"A042",27,59.68,53.76,75.04,17.415,-8.228,-8.228
"A042",28,59.64,54.67,73.87,16.931,-8.992,-8.992
"A042",29,59.66,54.67,72.56,17.81,-10.32,-10.32
"A042",30,60.48,55.26,72.83,17.924,-10.325,-10.325
"A042",31,60.45,55.74,72.28,17.958,-10.666,-10.666
"A042",32,61.86,55.35,74.39,17.874,-9.601,-9.601
"A042",33,62.26,55.09,74.97,17.16,-9.368,-9.368
"A042",34,63,55.39,75.09,17.86,-9.577,-9.577
"A042",35,63.1,54.6,75.93,18.161,-9.13,-9.13
"A042",36,62.41,54.21,75.87,17.282,-8.935,-8.935
"A042",37,61.95,53.76,75.37,17.795,-9.327,-9.327
"A042",38,61.85,53.48,76.03,17.673,-8.735,-8.735
"A042",39,61.12,53.28,75.74,17.175,-8.65,-8.65
"A042",40,61.37,53.92,75.61,17.225,-8.666,-8.666
"A042",41,61.5,53.13,75.89,18.251,-8.795,-8.795
"A042",42,61.83,52.92,76.7,17.037,-8.275,-8.275
"A042",43,61.39,53.8,75.64,17.863,-8.707,-8.707
"A042",44,62,52.73,75.51,17.722,-9.651,-9.651
"A042",45,61.87,52.32,76.2,17.759,-9.057,-9.057
"A042",46,62.09,52.18,76.92,17.253,-8.521,-8.521
"A042",47,62.71,52.78,77.31,17.141,-8.265,-8.265
"A042",48,62.98,52.34,77.47,17.104,-8.44,-8.44
"A042",49,63.41,52.83,78.15,16.734,-7.821,-7.821
"A042",50,63.3,53.39,77.74,17.106,-7.938,-7.938
"A042",51,63.04,53.94,77.29,17.74,-7.996,-7.996
"A042",52,62.77,54.01,77.1,16.816,-8.001,-8.001
"A042",53,62.32,54.06,77.43,15.981,-7.377,-7.377
"A042",54,62.36,53.15,78.8,16.304,-6.409,-6.409
"A042",55,61.49,53.55,78.6,16.153,-5.911,-5.911
"A042",56,61.2,54.07,77.96,15.961,-6.155,-6.155
"A042",57,61.57,54.34,76.6,17.782,-7.627,-7.627
"A042",58,61.25,54.34,76.42,17.087,-7.607,-7.607
"A042",59,60.62,53.17,75.83,17.227,-8.285,-8.285
"A042",60,62.31,52.22,77.62,16.997,-7.938,-7.938
"A042",61,62.33,52.76,77.44,17.826,-7.905,-7.905
"A042",62,62.96,52.25,77.87,16.433,-8.072,-8.072
"A042",63,63.05,53.13,76.86,17.171,-8.773,-8.773
"A042",64,63.54,53.54,76.75,18.629,-9.009,-9.009
"A042",65,62.58,55.12,74.98,17.447,-9.548,-9.548
"A042",66,63.06,55.13,74.76,18.258,-10.06,-10.06
"A042",67,62.86,54.96,74.76,17.344,-10.002,-10.002
"A042",68,63.65,55.84,75.61,17.993,-9.263,-9.263
"A042",69,64.34,56.46,75.65,17.835,-9.373,-9.373
"A042",70,64.02,55.54,75.99,17.804,-9.224,-9.224
"A042",71,64.46,56.41,75.14,17.655,-9.981,-9.981
"A042",72,64.04,56.37,74.86,18.529,-10.021,-10.021
"A042",73,65.18,55.63,77.11,17.465,-8.749,-8.749
"A042",74,65.53,55.94,77.3,17.607,-8.629,-8.629
"A042",75,65.46,55.6,76.78,17.534,-9.25,-9.25
"A042",76,65.11,55.96,75.78,18.186,-9.898,-9.898
"A042",77,65.41,56.49,76.19,17.957,-9.437,-9.437
"A042",78,65.17,57.05,75.74,18.016,-9.521,-9.521
"A042",79,64.68,56.94,76.03,17.436,-8.987,-8.987
"A042",80,65.15,56.6,76.22,17.499,-9.217,-9.217
"A042",81,64.32,57.12,75.78,17.386,-8.962,-8.962
"A042",82,64.68,57.37,75.58,17.268,-9.26,-9.26
"A042",83,64.53,56.49,75.61,17.93,-9.508,-9.508
"A042",84,64.83,56.82,75.75,17.415,-9.411,-9.411
"A042",85,65.27,56.4,76.17,17.621,-9.415,-9.415
"A042",86,64.84,57.09,76.04,16.982,-9.007,-9.007
"A042",87,64.2,57.31,76.19,16.935,-8.396,-8.396
"A042",88,64.28,56.77,75.86,17.926,-8.998,-8.998
"A042",89,64.21,57.32,76.11,18.277,-8.48,-8.48
"A042",90,64.16,57.23,76.63,17.006,-7.968,-7.968
"A042",91,65.23,57.18,76.36,16.974,-8.882,-8.882
"A042",92,66.06,56.1,77.8,17.973,-8.367,-8.367
"A042",93,65.57,57.26,78.75,16.009,-6.653,-6.653
"A042",94,65.32,57.25,79.06,15.592,-6.202,-6.202
"A042",95,66.25,57.53,78.98,17.13,-6.696,-6.696
"A042",96,65.58,57.31,78.39,16.617,-6.992,-6.992
"A042",97,65.77,57.62,78.24,16.746,-7.123,-7.123
"A042",98,65.78,57.46,77.97,16.676,-7.469,-7.469
"A042",99,66.13,57.4,77.19,17.607,-8.471,-8.471
"A042",100,66.24,57.34,77.53,17.333,-8.217,-8.217
"A042",101,66.97,57.29,78.34,16.78,-7.832,-7.832
"A042",102,67.76,58.21,79.06,16.545,-7.172,-7.172
"A042",103,67.47,59.26,77.94,17.493,-7.685,-7.685
"A042",104,67.2,59.6,77.53,17.435,-7.798,-7.798
"A042",105,67.13,59.36,76.74,17.233,-8.656,-8.656
"A042",106,66.24,59.02,76.19,17.731,-8.85,-8.85
"A042",107,66.45,59.87,76,17.849,-8.799,-8.799
"A042",108,66.38,59.81,75.89,17.384,-8.897,-8.897
"A042",109,66.77,59.88,76.22,17.728,-8.753,-8.753
"A042",110,66.37,59.22,77.41,16.859,-7.62,-7.62
"A042",111,66.93,59.01,77.09,17.255,-8.336,-8.336
"A042",112,68.02,59.22,77.84,17.604,-8.1,-8.1
"A042",113,67.93,60.07,77.61,16.478,-7.92,-7.92
"A042",114,68.49,60.33,77.56,16.583,-8.16,-8.16
"A042",115,68.8,61.2,77.6,16.952,-7.906,-7.906
"A042",116,69.15,61.66,78.2,16.751,-7.291,NA
"A042",117,69.62,62.43,77.96,16.601,-7.438,NA
"A042",118,70.71,61.97,78.46,17.341,-7.704,NA
"A042",119,70.93,62.25,78.36,16.99,-7.793,NA
"A042",120,70.96,62.29,77.88,16.89,-8.266,NA
"A042",121,71.69,62.82,78.68,16.388,-7.593,NA
"A042",122,70.17,62.58,79,15.662,-6.615,NA
"A042",123,71.21,62.1,79.05,16.689,-7.307,NA
"A042",124,71.69,62.24,78.62,17.018,-7.924,NA
"A042",125,71.4,62.12,78.87,16.983,-7.585,NA
"A042",126,71.36,62.32,78.01,17.335,-8.333,NA
"A042",127,70.67,61.54,77.82,17.734,-8.513,NA
"A042",128,70.43,60.58,78.2,17.776,-8.44,NA
"A042",129,70.68,60.59,78.83,17.133,-7.925,NA
"A042",130,71.01,60.47,78.43,17.562,-8.562,NA
"A042",131,70.66,59.72,78.28,17.562,-8.857,NA
"A042",132,71.45,59.93,79.04,17.509,-8.411,NA
"A042",133,71.88,60.22,79.28,17.475,-8.269,NA
"A042",134,72.12,60.38,79.44,17.326,-8.159,NA
"A042",135,71.71,60.82,78.26,17.624,-8.936,NA
"A042",136,71.74,61.07,78.86,17.01,-8.234,NA
"A042",137,71.77,61.02,78.39,18.039,-8.744,NA
"A042",138,72.4,61.32,78.9,16.494,-8.417,NA
"A042",139,72.78,61.25,78.9,16.877,-8.645,NA
"A042",140,72.82,61.74,78.69,16.59,-8.645,NA
"A042",141,73.08,61.54,79.52,17.228,-8.036,NA
"A042",142,73.17,61.46,79.86,16.829,-7.78,NA
"A042",143,73.04,61.26,79.27,17.273,-8.393,NA
"A042",144,73.85,61.11,79.71,17.23,-8.427,NA
"A042",145,73.82,61.94,79.44,17.037,-8.295,NA
"A042",146,73.33,62.22,78.93,16.768,-8.436,NA
"A042",147,73.49,61.95,77.83,19.024,-9.746,NA
"A042",148,74.14,62.11,78.31,18.134,-9.513,NA
"A042",149,74.95,62.62,77.55,17.225,-10.416,NA
"A042",150,75.1,61.43,78.94,18.064,-9.674,NA
"A042",151,75.06,60.95,79.27,17.276,-9.549,NA
"A042",152,74.46,60.77,80.1,17.139,-8.507,NA
"A042",153,75.03,61.93,80.76,16.561,-7.581,NA
"A042",154,74.97,61.6,80.82,16.96,-7.643,NA
"A042",155,74.51,60.99,81.85,16.964,-6.673,NA
"A042",156,74.26,62.41,82.24,15.946,-5.504,NA
"A042",157,73.72,62.82,81.33,15.516,-5.947,NA
"A042",158,74.04,62.29,82.74,16.01,-4.945,NA
"A042",159,73.19,62.48,80.56,16.36,-6.625,NA
"A042",160,72.63,62.55,80.51,16.03,-6.36,NA
"A042",161,72.86,62.25,79.76,16.584,-7.366,NA
"A042",162,73.24,62.28,80.89,15.906,-6.402,NA
"A042",163,74.22,61.07,81.03,16.897,-7.316,NA
"A042",164,75.38,60.45,81.27,17.41,-7.944,NA
"A042",165,75.81,62.02,81.03,17.128,-7.647,NA
"A042",166,75.64,62.23,80.17,17.329,-8.317,NA
"A042",167,76.54,61.62,80.26,17.396,-8.96,NA
"A042",168,76.35,61.43,79.26,17.409,-9.964,NA
"A042",169,75.79,60.24,80.06,17.619,-9.459,NA
"A042",170,75.49,60.55,79.41,17.59,-9.809,NA
"A042",171,75.68,59.44,80.33,18.145,-9.506,NA
"A042",172,77.24,60.04,80.94,17.967,-9.391,NA
"A042",173,77.68,59.4,81.12,17.836,-9.737,NA
"A042",174,77.47,59.04,81.28,17.81,-9.642,NA
"A042",175,77.07,59.1,81.86,17.756,-8.831,NA
"A042",176,76.65,59.52,81.68,16.706,-8.601,NA
"A042",177,77.25,60.55,81.27,17.468,-8.816,NA
"A042",178,77.92,61.82,80.56,17.264,-9.232,NA
"A042",179,77.68,61.25,80.44,16.765,-9.516,NA
"A042",180,77.38,61.68,79.75,18.235,-9.853,NA
"A042",181,78.1,61.79,79.93,18.406,-9.962,NA
"A042",182,77.96,61.88,80.62,17.556,-9.157,NA
"A042",183,78.15,61.9,80.2,17.563,-9.657,NA
"A042",184,77.85,62.25,79.26,18.411,-10.28,NA
"A042",185,78.68,62.72,78.11,18.141,-11.587,NA
"A042",186,78.87,63.27,76.82,18.921,-12.678,NA
"A042",187,78.86,63.01,77.69,18.556,-11.936,NA
"A042",188,78.88,63.51,78.6,19.234,-10.78,NA
"A042",189,79.59,64.6,78.39,18.107,-10.736,NA
"A042",190,80.13,65.19,78.28,18.799,-10.768,NA
"A042",191,79.85,64.47,77.86,17.904,-11.449,NA
"A042",192,79.54,63.5,78.19,18.24,-11.497,NA
"A042",193,78.99,62.85,79.35,17.744,-10.413,NA
"A042",194,78.5,63.09,78.72,18.588,-10.703,NA
"A042",195,78.53,62.67,78.72,17.52,-10.925,NA
"A042",196,79.55,62.23,79.95,18.449,-10.401,NA
"A042",197,79.2,62.52,80.07,17.865,-9.964,NA
"A042",198,78.32,62.75,79.43,18.259,-10.081,NA
"A042",199,78.36,62.49,79.27,18.07,-10.388,NA
"A042",200,78.81,64.45,78.23,18.814,-10.629,NA
"A042",201,79.82,64.3,77.96,18.567,-11.423,NA
"A042",202,79.93,63.74,78.82,18.111,-10.916,NA
"A042",203,79.07,63.69,78.73,18.213,-10.641,NA
"A042",204,79.39,63.51,79.34,18.064,-10.271,NA
"A042",205,80.04,63.3,78.96,18.53,-11.068,NA
"A042",206,79.6,63.16,79.56,18.095,-10.339,NA
"A042",207,80.36,63.44,80.35,17.971,-9.739,NA
"A042",208,80.27,63.35,80.25,18.014,-9.851,NA
"A042",209,80.4,62.52,80.51,19.175,-10.091,NA
"A042",210,80.89,62.88,80.14,18.059,-10.493,NA
"A042",211,80.34,62.45,79.81,18.613,-10.796,NA
"A042",212,80.81,62.88,79.45,18.382,-11.144,NA
"A042",213,81.54,63.41,78.84,18.654,-11.816,NA
"A042",214,81.43,63.58,78.76,18.154,-11.745,NA
"A042",215,82.11,64.44,79.99,18.007,-10.347,NA
"A042",216,82.52,65.06,79.16,18.357,-11.008,NA
"A042",217,82.69,65.81,78.7,18.662,-11.108,NA
"A042",218,82.31,64.97,80.26,17.229,-9.859,NA
"A042",219,82.69,65.69,79.51,17.378,-10.368,NA
"A042",220,82.82,65.93,79.6,18.288,-10.194,NA
"A042",221,83.28,64.53,80.87,17.522,-9.939,NA
"A042",222,83.67,65.25,80.85,16.933,-9.71,NA
"A042",223,83.56,65.11,80.36,18.469,-10.233,NA
"A042",224,83.97,64.71,80.85,18.422,-10.162,NA
"A042",225,84.46,65.64,80.81,18.007,-9.868,NA
"A042",226,83.82,65.66,81.01,17.233,-9.372,NA
"A042",227,84.3,66.23,81.33,17.628,-8.924,NA
"A042",228,83.9,66.24,80.73,17.946,-9.346,NA
"A042",229,83.36,67.57,79.75,16.905,-9.3,NA
"A042",230,83.04,67.16,80.16,17.682,-9.006,NA
"A042",231,83.34,65.95,80.55,17.539,-9.459,NA
"A042",232,82.96,66.45,82.11,16.452,-7.437,NA
"A042",233,83.08,65.64,82.29,17.428,-7.789,NA
"A042",234,82.44,67.32,80.85,16.71,-7.976,NA
"A042",235,82.31,67.87,80.28,17.51,-8.166,NA
"A042",236,82.92,68.41,80.07,17.238,-8.297,NA
"A042",237,83.85,68.99,79.45,17.414,-8.935,NA
"A042",238,84.07,68.79,80.88,16.813,-7.716,NA
"A042",239,83.83,69.84,79.31,18.043,-8.543,NA
"A042",240,84.4,69.55,80.19,16.798,-8.067,NA
"A042",241,84.82,69.37,80.59,17.36,-7.946,NA
"A042",242,85.09,69.32,79.82,18.058,-8.857,NA
"A042",243,84.86,69.51,79.31,18.119,-9.156,NA
"A042",244,85.75,69.23,80.32,17.421,-8.671,NA
"A042",245,86.03,69.26,79.97,17.564,-9.119,NA
"A042",246,84.96,68.92,79.25,17.624,-9.618,NA
"A042",247,84.46,68.63,79.44,17.295,-9.406,NA
"A042",248,84.68,67.66,80.7,17.359,-8.847,NA
"A042",249,84.02,67.94,80.3,16.865,-8.798,NA
"A042",250,84.23,67.75,80.57,17.606,-8.732,NA
"A042",251,83.34,68,80.05,17.646,-8.737,NA
"A042",252,84.35,68.82,78.61,17.813,-10.075,NA
"A042",253,84.19,69.22,77.59,18.162,-10.791,NA
"A042",254,83.84,69.65,77,18.674,-10.98,NA
"A042",255,83.91,69.66,76.01,18.498,-11.996,NA
"A042",256,83.45,69.45,76.51,18.391,-11.444,NA
"A042",257,84.09,69.38,76.48,18.7,-11.758,NA
"A042",258,84.93,68.79,77.38,17.92,-11.562,NA
"A042",259,83.93,68.77,77.21,18.021,-11.351,NA
"A042",260,83.73,68.67,78.4,17.763,-10.132,NA
"A042",261,83.14,68.88,78.74,17.422,-9.438,NA
"A042",262,83.87,68.77,78.35,18.306,-10.174,NA
"A042",263,83.84,69.26,78.06,18.107,-10.159,NA
"A042",264,84.34,70.3,76.43,18.777,-11.34,NA
"A042",265,85.22,70.52,76.73,18.151,-11.231,NA
"A042",266,87.02,71.23,77.06,17.864,-11.142,NA
"A042",267,87.33,70.16,77.61,18.711,-11.427,NA
"A042",268,87.75,70.38,78.19,18.02,-10.874,NA
"A042",269,86.69,71,77.63,18.291,-10.596,NA
"A042",270,87.12,69.95,78.9,18.761,-10.183,NA
"A042",271,87.72,69.78,78.59,18.742,-10.86,NA
"A042",272,87.41,71.7,76.95,18.477,-11.1,NA
"A042",273,87.15,71.84,77.22,18.443,-10.63,NA
"A042",274,87.78,72.18,77.17,18.665,-10.704,NA
"A042",275,88.73,71.82,78.57,18.366,-9.933,NA
"A042",276,89.35,71.53,78.62,17.05,-10.341,NA
"A042",277,89.45,70.83,79.79,17.94,-9.684,NA
"A042",278,90.26,70.05,79.66,18.285,-10.703,NA
"A042",279,89.7,70.44,79.59,17.635,-10.255,NA
"A042",280,88.95,70.7,79.61,17.862,-9.742,NA
"A042",281,89.43,70.32,81.19,16.562,-8.625,NA
"A042",282,89.18,70.46,81.07,17.396,-8.538,NA
"A042",283,88.84,69.33,80.99,16.2,-9.233,NA
"A042",284,89.05,69.32,81.25,17.449,-9.075,NA
"A042",285,88.1,69.91,79.52,17.542,-10.005,NA
"A042",286,88.16,69.02,79.87,18.171,-10.263,NA
"A042",287,89.02,69.63,79.21,18.96,-10.892,NA
"A042",288,88.74,69.99,79.55,17.934,-10.192,NA
"A042",289,88.51,70.05,80.02,17.981,-9.576,NA
"A042",290,88.87,70.08,79.77,17.137,-9.958,NA
"A042",291,88.36,69.33,80.24,17.753,-9.776,NA
"A042",292,89.2,70.08,79.62,17.872,-10.259,NA
"A042",293,88.74,70.6,79.08,17.596,-10.255,NA
"A042",294,88.04,71.71,78.31,18.499,-9.986,NA
"A042",295,88.67,71.35,78.16,18.129,-10.628,NA
"A042",296,89.1,71.47,78.73,18.877,-10.159,NA
"A042",297,89.9,72.53,77.57,17.695,-10.933,NA
"A042",298,90.82,72.74,77.68,18.322,-11.088,NA
"A042",299,89.6,73.23,77.4,18.389,-10.507,NA
"A042",300,91.19,73.34,77.21,18.362,-11.301,NA
"A042",301,91.86,73.14,77.3,17.899,-11.661,NA
"A042",302,91.88,72.77,77.83,17.766,-11.39,NA
"A042",303,92.52,73.32,78.6,17.328,-10.546,NA
"A043",1,21.29,71.24,28.43,16.306,-7.287,-7.287
"A043",2,21.66,71.69,27.49,16.446,-7.732,-7.732
"A043",3,22.2,70.8,28.41,15.697,-8.098,-8.098
"A043",4,22.62,70.5,28.91,16.49,-8.081,-8.081
"A043",5,21.79,71.38,27.2,16.45,-8.458,-8.458
"A043",6,21.5,70.78,26.69,17.117,-9.653,-9.653
"A043",7,20.93,70.47,26.12,17.252,-10.459,-10.459
"A043",8,20.55,71.27,25.59,17.308,-9.925,-9.925
"A043",9,20.09,70.85,25.92,16.977,-10.029,-10.029
"A043",10,21.03,70.44,26.66,17.73,-9.982,-9.982
"A043",11,21.07,71.47,25.53,17.126,-9.835,-9.835
"A043",12,20.83,70.87,26.96,16.475,-9.118,-9.118
"A043",13,20.42,69.82,28.14,16.643,-9.07,-9.07
"A043",14,19.97,69.91,27.89,17.589,-9.14,-9.14
"A043",15,20.96,70.15,28.59,16.344,-8.361,-8.361
"A043",16,22.35,69.69,29.45,16.929,-8.382,-8.382
"A043",17,22.72,69.89,29.01,16.975,-8.705,-8.705
"A043",18,22.5,70.36,29.58,15.684,-7.535,-7.535
"A043",19,22.73,70.38,30.21,16.032,-6.957,-6.957
"A043",20,23.41,70.29,31.02,15.696,-6.471,-6.471
"A043",21,23.38,69.7,31.47,15.206,-6.685,-6.685
"A043",22,23.88,68.85,33.04,15.528,-6.175,-6.175
"A043",23,24.14,68.51,33.85,15.081,-5.791,-5.791
"A043",24,24.41,69.82,31.96,15.489,-6.447,-6.447
"A043",25,23.86,69.91,32.1,14.318,-5.992,-5.992
"A043",26,24.3,70.3,31.6,14.695,-6.23,-6.23
"A043",27,24.35,70.45,30.31,15.813,-7.357,-7.357
"A043",28,24,70.32,30.51,16.038,-7.178,-7.178
"A043",29,24,70.26,31.21,14.777,-6.543,-6.543
"A043",30,23.54,69.35,32.29,14.948,-6.293,-6.293
"A043",31,23.64,69.21,31.61,15.935,-7.144,-7.144
"A043",32,23.93,68.55,32.16,16.586,-7.375,-7.375
"A043",33,23.99,67.45,33.65,15.065,-6.888,-6.888
"A043",34,23.27,66.81,33.23,16.233,-7.547,-7.547
"A043",35,23.68,68.1,31.28,16.723,-8.578,-8.578
"A043",36,24.04,68.05,31.57,15.916,-8.466,-8.466
"A043",37,24.01,67.6,33.03,16.495,-7.388,-7.388
"A043",38,24.5,67.64,33.79,15.156,-6.799,-6.799
"A043",39,24.8,67.62,33.26,16.406,-7.48,-7.48
"A043",40,24.46,67.68,32.39,16.541,-8.155,-8.155
"A043",41,25.64,67.46,33.08,16.323,-8.195,-8.195
"A043",42,25.41,66.89,33.19,16.263,-8.445,-8.445
"A043",43,26.26,66.56,34.15,16.535,-8.196,-8.196
"A043",44,26.39,65.83,35.71,15.988,-7.249,-7.249
"A043",45,25.89,66.28,35.6,15.2,-6.755,-6.755
"A043",46,25.62,66.41,36.36,15.184,-5.756,-5.756
"A043",47,25.07,66.11,36.05,15.16,-6.012,-6.012
"A043",48,25.01,66.11,35.78,15.183,-6.252,-6.252
"A043",49,25.55,65.04,36.78,15.619,-6.262,-6.262
"A043",50,25.08,64.19,36.49,15.507,-6.81,-6.81
"A043",51,24.58,63.7,37.25,15.471,-6.078,-6.078
"A043",52,25.2,63.87,38.26,14.818,-5.291,-5.291
"A043",53,24.69,63.03,38.16,14.656,-5.573,-5.573
"A043",54,24.8,62.69,39.04,14.991,-4.919,-4.919
"A043",55,26.36,62.76,40.04,14.991,-4.774,-4.774
"A043",56,26.72,61.49,40.78,14.14,-4.921,-4.921
"A043",57,27.24,61.31,40.92,14.994,-5.229,-5.229
"A043",58,26.58,61.4,41.2,13.816,-4.449,-4.449
"A043",59,26.14,62.25,39.83,14.963,-5.112,-5.112
"A043",60,26.15,62.36,39.55,14.948,-5.343,-5.343
"A043",61,25.93,61.9,39.75,14.992,-5.233,-5.233
"A043",62,25.47,61.71,39.47,14.899,-5.324,-5.324
"A043",63,24.78,62.37,39.6,14.488,-4.498,-4.498
"A043",64,25.32,61.24,39.89,15.008,-5.04,-5.04
"A043",65,25.97,61.99,39.15,15.164,-5.816,-5.816
"A043",66,26.53,61.49,39.02,15.751,-6.552,-6.552
"A043",67,25.55,62.21,38.78,15.475,-5.826,-5.826
"A043",68,25.48,62.68,37.06,15.92,-7.268,-7.268
"A043",69,24.79,62.63,35.89,15.885,-8.089,-8.089
"A043",70,24.94,62.44,36.73,15.676,-7.419,-7.419
"A043",71,25.12,62.35,37.66,15.766,-6.637,-6.637
"A043",72,25.7,62.08,37.94,15.342,-6.817,-6.817
"A043",73,26.23,61.2,38.85,15.491,-6.66,-6.66
"A043",74,26.43,61.09,38.6,15.316,-7.101,-7.101
"A043",75,27.57,60.19,40.14,16.212,-6.813,-6.813
"A043",76,27.92,59.3,42.19,14.964,-5.487,-5.487
"A043",77,27.24,59.69,42.1,14.606,-4.853,-4.853
"A043",78,27.9,59.15,43.08,14.99,-4.653,-4.653
"A043",79,27.6,58.08,43.21,14.702,-4.833,-4.833
"A043",80,27.08,58.74,42.36,14.975,-4.936,-4.936
"A043",81,26.35,57.97,42.4,15.027,-4.717,-4.717
"A043",82,26.75,57.91,43.43,14.188,-4.029,-4.029
"A043",83,25.97,59.64,41.71,14.494,-4.35,-4.35
"A043",84,25.38,59.69,41.48,14.688,-4.158,-4.158
"A043",85,25.17,59.22,41.86,14.018,-3.842,-3.842
"A043",86,25.73,58.85,43.25,13.751,-3.002,-3.002
"A043",87,25.58,59.82,41.56,14.497,-4.157,-4.157
"A043",88,25.24,59.86,42.08,14.032,-3.401,-3.401
"A043",89,24.69,59.36,41.46,14.291,-3.874,-3.874
"A043",90,25.17,60,41.1,14.496,-4.273,-4.273
"A043",91,24.71,59.75,40.71,14.112,-4.479,-4.479
"A043",92,25.77,59.19,41.12,14.705,-5.008,-5.008
"A043",93,26.7,58.56,41.6,14.729,-5.498,-5.498
"A043",94,26.89,58.52,40.97,15.449,-6.289,-6.289
"A043",95,27,58.28,41.49,15.19,-5.978,-5.978
"A043",96,26.87,57.56,41.49,15.596,-6.24,-6.24
"A043",97,26.5,57.29,42.76,15.081,-4.807,-4.807
"A043",98,27.35,57.8,42.96,14.614,-5.034,-5.034
"A043",99,27.15,57.71,42.35,14.901,-5.528,-5.528
"A043",100,26.54,57.52,42.13,15.034,-5.363,-5.363
"A043",101,26.07,56.94,41.86,15.596,-5.546,-5.546
"A043",102,26,57.31,41.82,14.276,-5.353,-5.353
"A043",103,26.3,56.74,41.78,14.696,-5.905,-5.905
"A043",104,25.87,57.4,41.4,14.963,-5.63,-5.63
"A043",105,26.13,58.01,41.14,14.243,-5.796,-5.796
"A043",106,25.94,58.23,40.59,15.036,-6.101,-6.101
"A043",107,26.08,58.58,41.05,15.381,-5.574,-5.574
"A043",108,27.25,57.63,42.26,15.468,-5.745,-5.745
"A043",109,27.39,57.45,42.56,14.712,-5.65,-5.65
"A043",110,27.91,56.89,42.91,15.364,-6.037,-6.037
"A043",111,27.9,55.01,43.54,15.897,-6.527,NA
"A043",112,28.73,55.27,44.06,15.82,-6.603,NA
"A043",113,30.31,54.58,45.79,15.324,-6.882,NA
"A043",114,29.29,55.05,43.56,16,-7.784,NA
"A043",115,28.79,55.67,42.36,16.113,-8.105,NA
"A043",116,28.4,55.46,43.01,16.019,-7.233,NA
"A043",117,28.02,54.18,43,17.055,-7.726,NA
"A043",118,28.78,53.5,44.22,15.531,-7.705,NA
"A043",119,28.7,53.35,44.73,16.049,-7.234,NA
"A043",120,28.42,54.2,44.6,15.018,-6.486,NA
"A043",121,29.62,54.02,46.43,15.761,-5.947,NA
"A043",122,29.7,54.52,45.91,15.289,-6.205,NA
"A043",123,30.15,53.31,47.23,14.722,-6.214,NA
"A043",124,28.99,53.74,46.76,13.668,-5.197,NA
"A043",125,29.16,52.87,48.28,14.014,-4.495,NA
"A043",126,29.03,52.38,48.59,14.298,-4.422,NA
"A043",127,29.19,53.41,48.53,14.466,-3.874,NA
"A043",128,28.55,53.31,47.66,14.659,-4.18,NA
"A043",129,29.43,52.79,48.88,14.813,-4.229,NA
"A043",130,29.78,52.22,50.3,13.819,-3.611,NA
"A043",131,30.05,52.41,49.43,13.998,-4.616,NA
"A043",132,30.17,53.27,48.9,15.189,-4.586,NA
"A043",133,30.89,53.32,48.77,14.194,-5.441,NA
"A043",134,30.18,53.93,48.51,13.723,-4.502,NA
"A043",135,29.66,53.64,48.55,14.476,-4.15,NA
"A043",136,29.96,53.98,48.55,14.179,-4.2,NA
"A043",137,29.77,53.83,48.7,13.612,-3.975,NA
"A043",138,29.81,53.76,48.5,14.351,-4.268,NA
"A043",139,29.14,52.98,47.81,13.9,-4.857,NA
"A043",140,28.76,53.5,46.38,15.017,-5.525,NA
"A043",141,29.23,52.78,47.94,14.702,-4.971,NA
"A043",142,29.54,52.71,48.99,14.17,-4.293,NA
"A043",143,29.78,52.61,48.12,14.637,-5.482,NA
"A043",144,29.89,51.38,48.72,15.372,-5.993,NA
"A043",145,29.81,50.76,48.25,15.635,-6.909,NA
"A043",146,29.38,51.59,46.79,15.619,-7.229,NA
"A043",147,29.32,52.15,45.65,16.169,-7.842,NA
"A043",148,29.25,51,47.46,15.896,-6.91,NA
"A043",149,29.78,50.98,46.98,16.597,-7.956,NA
"A043",150,29.77,51.08,47.14,15.818,-7.703,NA
"A043",151,29.29,50.97,45.96,16.38,-8.477,NA
"A043",152,29.16,49.9,46.44,16.681,-8.791,NA
"A043",153,29.06,50.38,45.25,16.813,-9.444,NA
"A043",154,29.54,50.46,46.67,16.505,-8.469,NA
"A043",155,30.29,49.46,47.98,16.088,-8.856,NA
"A043",156,29.85,49.62,48.24,16.601,-7.972,NA
"A043",157,31.2,49.12,50.54,15.666,-7.581,NA
"A043",158,31.51,48.76,50.7,16.535,-8.09,NA
"A043",159,31.3,49.04,49.96,17.041,-8.34,NA
"A043",160,31.15,48.86,50.03,15.465,-8.281,NA
"A043",161,31.48,48.09,51.43,15.799,-7.968,NA
"A043",162,30.72,48.46,49.71,16.761,-8.519,NA
"A043",163,30.37,49.36,49.24,16.49,-7.771,NA
"A043",164,31.11,49.3,50.01,16.788,-7.847,NA
"A043",165,31.11,49.8,48.97,16.745,-8.426,NA
"A043",166,31.67,50.65,47.94,16.271,-9.308,NA
"A043",167,31.69,50.01,48.46,17.703,-9.386,NA
"A043",168,31.56,48.92,49.01,17.934,-9.696,NA
"A043",169,32.59,47.75,51.97,16.357,-8.952,NA
"A043",170,32.73,47.52,53.24,16.396,-8.047,NA
"A043",171,32.91,47.4,53.58,16.515,-8.026,NA
"A043",172,33.04,47.38,54.33,15.733,-7.446,NA
"A043",173,32.74,47.05,54.84,15.563,-6.919,NA
"A043",174,33.68,46.86,57.32,14.798,-5.625,NA
"A043",175,33.47,46.32,56.32,15.509,-6.923,NA
"A043",176,33.67,46.69,55.79,16.015,-7.312,NA
"A043",177,33.43,46.48,55.4,15.992,-7.647,NA
"A043",178,32.78,46.41,55.36,15.732,-7.057,NA
"A043",179,32.43,45.71,56.44,15.034,-6.296,NA
"A043",180,31.92,44.83,56.16,15.481,-6.892,NA
"A043",181,32.26,45.1,56.73,15.95,-6.42,NA
"A043",182,32.28,44.56,57.94,15.868,-5.769,NA
"A043",183,31.92,45.68,55.85,15.517,-6.365,NA
"A043",184,32.85,45.35,57.45,15.689,-6.085,NA
"A043",185,33.86,45.46,59.06,15.144,-5.417,NA
"A043",186,35.14,43.75,61.65,14.978,-5.744,NA
"A043",187,35.07,43.76,60.93,16.062,-6.378,NA
"A043",188,35.12,44.86,58.14,16.931,-8.201,NA
"A043",189,34.68,44.72,56.51,16.69,-9.522,NA
"A043",190,34.98,43.73,58.21,16.445,-9.045,NA
"A043",191,35.09,43.99,58.78,16.846,-8.339,NA
"A043",192,35.54,43.93,60.13,16.305,-7.495,NA
"A043",193,36.02,43.13,61.14,16.252,-7.669,NA
"A043",194,36.4,42.52,62,15.681,-7.706,NA
"A043",195,36.64,42.82,62.49,14.863,-7.185,NA
"A043",196,36.75,43.2,62.21,15.275,-7.243,NA
"A043",197,36.68,43.48,61.02,16.729,-8.128,NA
"A043",198,36.14,43.59,60.36,16.474,-8.164,NA
"A043",199,36.23,44.08,59.32,16.698,-8.849,NA
"A043",200,36.02,43.89,59.99,16.487,-8.152,NA
"A043",201,35.78,43.96,60.74,15.541,-7.096,NA
"A043",202,34.86,44.05,59.05,15.97,-7.79,NA
"A043",203,34.44,43.08,60.07,15.768,-7.249,NA
"A043",204,35.62,42.75,61.52,16.013,-7.238,NA
"A043",205,35.52,42.38,62.6,15.476,-6.384,NA
"A043",206,35.53,41.86,62.75,15.983,-6.696,NA
"A043",207,35.9,42.95,61.52,16.414,-7.335,NA
"A043",208,35.6,42.05,62.26,15.938,-7.096,NA
"A043",209,35.27,41.95,62.43,15.383,-6.696,NA
"A043",210,34.51,41.97,62.54,15.754,-5.855,NA
"A043",211,34.17,42.01,62.43,15.401,-5.6,NA
"A043",212,33.94,41.83,61.75,15.261,-6.23,NA
"A043",213,35.26,42.09,63.28,14.839,-5.724,NA
"A043",214,34.86,42.68,62.38,14.781,-5.703,NA
"A043",215,34.86,42.33,62.32,15.502,-6.092,NA
"A043",216,36.01,41.76,64.19,15.207,-5.785,NA
"A043",217,36.83,41.73,64.07,16.215,-6.68,NA
"A043",218,37.16,42.35,64.42,15.294,-6.136,NA
"A043",219,36.53,42.29,64.05,15.672,-5.97,NA
"A043",220,36.82,42.74,63.26,16.024,-6.649,NA
"A043",221,37.83,41.93,63.95,15.701,-7.556,NA
"A043",222,37.5,41.55,64.06,15.802,-7.448,NA
"A043",223,36.88,41.21,63.55,16.661,-7.679,NA
"A043",224,38.03,41.38,65,15.782,-7.113,NA
"A043",225,37.1,40.84,64.23,16.101,-7.489,NA
"A043",226,36.91,42.13,63.42,16.385,-7.087,NA
"A043",227,37,41.71,64.71,15.919,-6.221,NA
"A043",228,36.44,41.8,64.95,15.261,-5.397,NA
"A043",229,37.31,41.68,64.77,15.796,-6.47,NA
"A043",230,36.32,41.51,63.17,16.279,-7.306,NA
"A043",231,36.21,40.77,64.93,14.482,-6.059,NA
"A043",232,36.57,40.43,64.55,16.283,-7.034,NA
"A043",233,37.38,40.82,64.94,15.917,-7.046,NA
"A043",234,37.43,40.84,64.85,16.048,-7.157,NA
"A043",235,36.05,40.8,64,15.833,-6.818,NA
"A043",236,36.71,39.43,64.71,16.077,-7.761,NA
"A043",237,37.48,39.48,65.25,16.059,-7.821,NA
"A043",238,37.12,38.25,66.25,16.077,-7.402,NA
"A043",239,37.87,38.38,67.77,15.889,-6.387,NA
"A043",240,39.64,37.22,70.02,15.738,-6.166,NA
"A043",241,39.33,37.58,68.97,15.469,-6.781,NA
"A043",242,38.29,36.92,67.69,16.787,-7.715,NA
"A043",243,38.23,35.9,68.77,16.192,-7.193,NA
"A043",244,39.35,34.98,70.34,15.959,-6.833,NA
"A043",245,40.61,34.97,71.81,15.764,-6.155,NA
"A043",246,39.63,35.09,70.97,16.58,-6.324,NA
"A043",247,39.62,35.62,69.87,15.56,-7.156,NA
"A043",248,39.64,36.53,70.12,15.71,-6.449,NA
"A043",249,40.38,35.44,70.78,15.851,-6.818,NA
"A043",250,40.49,34.12,71.29,15.647,-6.961,NA
"A043",251,41.42,34.15,71.93,15.431,-6.845,NA
"A043",252,40.76,33.24,71.79,15.624,-6.954,NA
"A043",253,40.94,32.62,71.72,15.742,-7.354,NA
"A043",254,40.54,32.81,71.69,15.558,-7.103,NA
"A043",255,40.31,32.14,71.8,16.113,-7.113,NA
"A043",256,40.96,32.23,72.6,15.45,-6.612,NA
"A043",257,41.22,32.11,73.45,15.21,-5.934,NA
"A043",258,40.72,31.87,73.8,15.41,-5.408,NA
"A043",259,40.54,33.05,73.24,14.945,-5.463,NA
"A043",260,41.37,32.1,74.43,14.7,-5.029,NA
"A043",261,40.91,33.73,74.12,13.714,-4.527,NA
"A043",262,40.8,33.45,73.06,15.42,-5.633,NA
"A043",263,40.75,33.34,72.32,15.022,-6.386,NA
"A043",264,41.82,33.49,72.39,15.41,-6.849,NA
"A043",265,41.87,32.95,72.64,15.714,-6.807,NA
"A043",266,42.06,33.42,73.25,15.178,-6.145,NA
"A043",267,41.82,32.77,73.04,15.509,-6.437,NA
"A043",268,42.65,32.35,74.23,14.971,-5.805,NA
"A043",269,41.38,32.75,74.05,14.394,-5.206,NA
"A043",270,43.25,33.02,74.8,15.092,-5.361,NA
"A043",271,43.72,32.15,75.26,14.777,-5.365,NA
"A043",272,43.77,32.65,74.72,15.14,-5.81,NA
"A043",273,44,32.45,73.68,15.48,-7.011,NA
"A043",274,43.79,31.57,72.78,16.829,-8.007,NA
"A043",275,44.33,31.77,72.98,16.462,-8.032,NA
"A043",276,44.4,30.18,73.13,16.902,-8.21,NA
"A043",277,44.75,30.02,73.26,16.591,-8.264,NA
"A043",278,45.39,29.72,73.3,16.477,-8.548,NA
"A043",279,44.8,29.64,72.05,17.191,-9.554,NA
"A043",280,43.88,28.98,71.59,16.734,-9.726,NA
"A043",281,43.1,29.42,71.99,17.193,-8.927,NA
"A043",282,42.31,30.05,72.39,16.436,-8.062,NA
"A043",283,43.67,29.54,74.09,16.082,-7.047,NA
"A043",284,43.54,29.36,73.44,16.82,-7.674,NA
"A044",1,22.37,77.84,24.93,12.461,-0.622,-0.622
"A044",2,22.13,77.75,25.14,12.499,-0.475,-0.475
"A044",3,21.78,76.75,26.85,12.516,-0.416,-0.416
"A044",4,22.31,76.29,26.99,13.135,-1.277,-1.277
"A044",5,22.85,75.09,30.05,12.973,-0.434,-0.434
"A044",6,23.22,75.8,30.38,11.827,0.936,0.936
"A044",7,22.94,76.12,30.3,10.944,1.491,1.491
"A044",8,23.2,75.8,31.14,11.841,1.696,1.696
"A044",9,22.46,76.22,30.1,11.182,1.672,1.672
"A044",10,22.6,76.39,29.8,11.534,1.612,1.612
"A044",11,22.93,76.76,29.01,11.951,1.314,1.314
"A044",12,23.17,77.58,27.3,11.981,0.917,0.917
"A044",13,22.56,77.12,28.14,11.305,1.238,1.238
"A044",14,20.91,76.95,27.46,11.96,0.841,0.841
"A044",15,20.45,77.1,26.74,12.031,0.524,0.524
"A044",16,19.83,77.47,25.8,12.447,0.437,0.437
"A044",17,20.02,77.42,25.88,11.913,0.359,0.359
"A044",18,19.83,77.87,24.67,11.732,0.043,0.043
"A044",19,19.17,78.78,22.02,12.873,-0.741,-0.741
"A044",20,19.37,78.74,21.62,12.208,-1.274,-1.274
"A044",21,19.65,80.12,19.53,12.36,-0.883,-0.883
"A044",22,19.19,79.6,20.22,12.278,-1.015,-1.015
"A044",23,18.93,79.59,20.02,12.857,-1.163,-1.163
"A044",24,19.56,79.2,19.98,13.4,-2.104,-2.104
"A044",25,20.1,79.03,19.96,13.062,-2.599,-2.599
"A044",26,21.71,78.65,21.83,13.868,-2.012,-2.012
"A044",27,22.52,78.93,21.75,13.152,-1.95,-1.95
"A044",28,21.44,78.39,22.13,13.352,-2.075,-2.075
"A044",29,22.04,78.87,20.92,13.544,-2.653,-2.653
"A044",30,22.52,78.65,22.7,12.539,-1.487,-1.487
"A044",31,22.06,78.23,24.39,12.298,-0.344,-0.344
"A044",32,21.64,77.16,25.69,13.382,-0.796,-0.796
"A044",33,21.72,77.52,25.73,12.472,-0.146,-0.146
"A044",34,21.46,76.63,27.48,12.626,0.12,0.12
"A044",35,21.04,76.73,28.16,11.266,1.114,1.114
"A044",36,20.68,76.72,26.84,12.302,-0.11,-0.11
"A044",37,20.86,76.53,27.06,13.16,-0.298,-0.298
"A044",38,20.34,75.78,26.78,13.288,-1.761,-1.761
"A044",39,17.92,76.03,26.41,12.878,-1.224,-1.224
"A044",40,17.93,75.05,27.98,12.875,-1.396,-1.396
"A044",41,18.89,75.74,27.73,11.734,-0.579,-0.579
"A044",42,18.83,75.11,29.54,12.169,0.138,0.138
"A044",43,19.88,74.52,30.04,12.923,-0.554,-0.554
"A044",44,20.35,73.56,31.79,11.973,-0.426,-0.426
"A044",45,20.9,74,31.48,12.055,-0.17,-0.17
"A044",46,20.82,73.78,31.21,12.607,-0.772,-0.772
"A044",47,21.33,74.39,30.05,12.674,-1.091,-1.091
"A044",48,21.41,74.35,29.95,12.735,-1.28,-1.28
"A044",49,20.75,74.08,29.75,12.907,-1.741,-1.741
"A044",50,20.58,74.2,28.94,13.293,-2.325,-2.325
"A044",51,21.09,74.88,28.11,13.132,-2.164,-2.164
"A044",52,21.09,75,27.43,13.305,-2.639,-2.639
"A044",53,20.1,75,26.67,14.037,-3.143,-3.143
"A044",54,19.47,75.38,26.01,13.527,-3.035,-3.035
"A044",55,19.71,73.93,27.91,14.268,-3.609,-3.609
"A044",56,20.64,72.94,29.4,13.697,-3.821,-3.821
"A044",57,21.41,72.76,28.97,14.878,-4.7,-4.7
"A044",58,19.76,72.29,30.39,14.335,-3.598,-3.598
"A044",59,19.65,70.9,32.07,14.008,-3.745,-3.745
"A044",60,19.37,72.64,30.26,13.774,-3.168,-3.168
"A044",61,19.47,72.11,31.44,13.991,-2.762,-2.762
"A044",62,19.26,71.48,32.37,13.874,-2.642,-2.642
"A044",63,19.02,72.47,30.93,13.467,-2.689,-2.689
"A044",64,18.95,71.01,32.79,13.896,-2.781,-2.781
"A044",65,18.93,71.3,31.92,13.873,-3.28,-3.28
"A044",66,19.37,70.29,33.38,14.041,-3.113,-3.113
"A044",67,17.76,70.14,33.88,13.642,-2.56,-2.56
"A044",68,17.63,68.31,34.97,14.404,-3.227,-3.227
"A044",69,17.35,67.74,35.07,13.86,-3.534,-3.534
"A044",70,17.52,67.37,35.58,14.257,-3.326,-3.326
"A044",71,17.12,68.49,34.8,14.067,-3.161,-3.161
"A044",72,16.72,67.76,35.49,13.486,-2.992,-2.992
"A044",73,17.07,67.45,35.07,13.569,-3.699,-3.699
"A044",74,16.67,67.06,35.21,13.423,-3.751,-3.751
"A044",75,16.47,66.84,34.55,14.471,-4.504,-4.504
"A044",76,16.55,67.05,34.37,14.175,-4.567,-4.567
"A044",77,16.73,66.83,33.76,15.425,-5.356,-5.356
"A044",78,15.61,67,34,14.554,-4.791,-4.791
"A044",79,16.47,66.82,34.7,14.822,-4.368,-4.368
"A044",80,16.96,67.3,35.12,13.828,-3.739,-3.739
"A044",81,16.94,67.68,36.08,12.993,-2.499,-2.499
"A044",82,17.22,67.14,36.52,13.771,-2.487,-2.487
"A044",83,17.16,66.44,36.87,13.337,-2.551,-2.551
"A044",84,17.53,66.8,38.27,13.102,-1.02,-1.02
"A044",85,17.09,67.11,38.25,12.321,-0.76,-0.76
"A044",86,17.15,67.4,37.63,12.631,-1.189,-1.189
"A044",87,17.56,67.02,37.1,13.175,-2.058,-2.058
"A044",88,17.44,66.39,36.98,13.377,-2.531,-2.531
"A044",89,17.4,67.08,36.67,13.066,-2.417,-2.417
"A044",90,18.33,66.78,37.21,13.293,-2.257,-2.257
"A044",91,18.47,66.84,37.29,12.353,-2.161,-2.161
"A044",92,18.52,66.52,38.01,13.301,-1.667,-1.667
"A044",93,18.45,65.72,37.81,13.244,-2.304,-2.304
"A044",94,17.3,66.64,37.35,13.686,-1.99,-1.99
"A044",95,17.18,66.81,36.39,12.801,-2.824,-2.824
"A044",96,18.06,67.91,35.27,13.142,-3.331,-3.331
"A044",97,17,68.33,34.38,14.253,-3.702,-3.702
"A044",98,17.16,68.42,35.01,14.727,-3.025,-3.025
"A044",99,17.91,67.79,35.44,13.688,-3.231,-3.231
"A044",100,17.94,67.44,34.84,14.335,-4.093,-4.093
"A044",101,18.11,66.52,36.57,14.328,-3.017,-3.017
"A044",102,17.87,66.13,36.81,13.793,-2.945,-2.945
"A044",103,17.58,65.53,38.17,13.236,-1.832,-1.832
"A044",104,18.66,64.85,37.82,13.844,-2.766,-2.766
"A044",105,19.22,65.36,37.98,13.719,-2.522,-2.522
"A044",106,18.53,65.94,36.99,13.923,-3.031,-3.031
"A044",107,18.8,65.8,38.14,13.823,-2.018,-2.018
"A044",108,18.89,66.01,38.71,13.074,-1.356,-1.356
"A044",109,19.46,65.72,38.24,13.958,-2.13,-2.13
"A044",110,18.24,64.65,38.63,13.732,-1.923,-1.923
"A044",111,18.63,63.83,38.4,12.769,-2.565,NA
"A044",112,18.61,63.65,38.85,13.316,-2.165,NA
"A044",113,18.74,62.7,39.19,13.661,-2.144,NA
"A044",114,17.69,62.6,36.51,14.476,-4.439,NA
"A044",115,17.88,62.66,35.67,15.314,-5.34,NA
"A044",116,18.42,62.62,36.1,14.555,-5.128,NA
"A044",117,18.09,62.62,37.32,14.799,-3.78,NA
"A044",118,19.28,63.05,38.38,14.022,-3.061,NA
"A044",119,18.66,63.18,38.23,13.868,-2.947,NA
"A044",120,18.37,62.63,38.5,13.128,-2.705,NA
"A044",121,18.82,63.11,40.07,12.245,-1.189,NA
"A044",122,19.04,63.41,39.84,13.168,-1.397,NA
"A044",123,18.82,63.29,38.87,13.565,-2.327,NA
"A044",124,17.62,62.84,39.28,13.133,-1.599,NA
"A044",125,17.33,62.67,39.87,12.993,-0.926,NA
"A044",126,17.27,61.59,40.41,12.922,-0.482,NA
"A044",127,17.65,61.28,40.24,12.945,-0.853,NA
"A044",128,16.87,61.5,39.59,12.809,-1.129,NA
"A044",129,16.62,62.04,39.03,13.448,-1.541,NA
"A044",130,16.19,61.62,38.89,13.232,-1.504,NA
"A044",131,16.09,60.23,38.04,13.312,-2.252,NA
"A044",132,16.89,59.28,39.03,12.742,-1.661,NA
"A044",133,16.61,60.62,38.67,13.6,-1.925,NA
"A044",134,15.54,60.75,38.73,12.772,-1.305,NA
"A044",135,14.8,60.74,38.07,13.017,-1.56,NA
"A044",136,14.61,60.04,38.19,13.2,-1.199,NA
"A044",137,13.94,59.21,37.56,12.342,-1.181,NA
"A044",138,14.36,58.59,38.19,11.959,-0.669,NA
"A044",139,17.06,58.35,40.3,12.626,-0.437,NA
"A044",140,17.34,58.46,40.78,11.11,-0.149,NA
"A044",141,16.47,58.36,39.75,12.229,-0.575,NA
"A044",142,16.68,57.87,40.46,11.645,0.043,NA
"A044",143,16.5,58.26,40.37,12.205,0.038,NA
"A044",144,14.7,57.9,38.46,11.688,-0.461,NA
"A044",145,15.32,58.16,38.59,12.347,-0.872,NA
"A044",146,16.74,59.25,39.6,12.573,-0.995,NA
"A044",147,16.99,58.94,39.61,12.816,-1.118,NA
"A044",148,16.57,59.43,39.38,12.609,-1.122,NA
"A044",149,17.27,59.58,39.52,12.785,-1.417,NA
"A044",150,16.93,59.02,39.25,12.274,-1.446,NA
"A044",151,16.58,58.62,38.44,12.815,-1.989,NA
"A044",152,16.91,57.78,38.63,13.381,-1.945,NA
"A044",153,16.25,58.12,38.21,13.088,-1.931,NA
"A044",154,16.7,57.11,38.44,13.711,-1.908,NA
"A044",155,16.24,56.9,38.57,13.366,-1.373,NA
"A044",156,17.09,56.75,40.7,11.597,0.082,NA
"A044",157,17.17,55.61,39.64,12.427,-0.986,NA
"A044",158,16.59,55.38,39.44,12.235,-0.621,NA
"A044",159,16.01,55.77,39.31,12.452,-0.258,NA
"A044",160,14.66,56.37,38.07,12.347,-0.377,NA
"A044",161,14.99,55.35,37.59,13.528,-0.903,NA
"A044",162,14.28,55.71,36.81,12.923,-1.074,NA
"A044",163,14.29,55.71,37.25,11.983,-0.637,NA
"A044",164,14.75,56.1,38.12,12.214,-0.327,NA
"A044",165,15.41,56.12,38.77,12.258,-0.3,NA
"A044",166,14.34,56,36.71,13.302,-1.318,NA
"A044",167,14.18,55.25,35.7,12.824,-1.948,NA
"A044",168,15.08,55.15,37.68,11.555,-0.862,NA
"A044",169,15.58,55.14,36.89,13.018,-2.15,NA
"A044",170,16.99,55.4,37.54,14.104,-2.897,NA
"A044",171,16.76,54.91,37.01,13.877,-3.178,NA
"A044",172,15.64,55.65,35.33,13.849,-3.854,NA
"A044",173,15.73,54.45,35.68,14.247,-3.404,NA
"A044",174,15.89,53.32,35.76,14.102,-3.368,NA
"A044",175,15.48,53.12,35.76,13.728,-2.873,NA
"A044",176,16.07,53.36,36.41,13.688,-2.928,NA
"A044",177,16.84,52.95,36.73,14.699,-3.495,NA
"A044",178,16.11,52.71,35.67,13.798,-3.689,NA
"A044",179,15.86,52.5,35.57,14.123,-3.476,NA
"A044",180,16.02,52.04,35.52,13.665,-3.714,NA
"A044",181,17.41,51.7,37.14,14.064,-3.885,NA
"A044",182,17.41,52.16,37.07,14.723,-3.897,NA
"A044",183,17.26,52.39,36.97,14.353,-3.782,NA
"A044",184,16.13,53.1,35.73,14.054,-3.664,NA
"A044",185,15.84,52.61,35.82,13.362,-3.211,NA
"A044",186,16.1,52.02,36.04,13.336,-3.301,NA
"A044",187,16.39,51.22,36.17,14.492,-3.605,NA
"A044",188,16.14,50.69,36.82,13.755,-2.669,NA
"A044",189,15.45,50.56,35.8,13.824,-2.739,NA
"A044",190,15.67,49.92,36.58,13.959,-2.354,NA
"A044",191,15.46,49.53,35.07,14.513,-3.615,NA
"A044",192,14.45,49.62,32.81,14.226,-4.338,NA
"A044",193,14.4,50.03,32.75,14.227,-4.302,NA
"A044",194,14.02,49.81,32.68,14.698,-3.805,NA
"A044",195,12.96,50.45,30.5,14.882,-4.444,NA
"A044",196,13.32,50.81,30.52,14.821,-4.996,NA
"A044",197,12.9,51.43,30.86,14.497,-4.167,NA
"A044",198,13.54,51.87,32.35,14.12,-3.636,NA
"A044",199,13.63,51.85,32.88,14.325,-3.212,NA
"A044",200,13.11,52.11,32.26,13.635,-3.197,NA
"A044",201,13.47,51.87,33.85,13.846,-2.03,NA
"A044",202,13.54,51.57,33.59,13.134,-2.336,NA
"A044",203,14.06,50.49,33.73,13.431,-2.827,NA
"A044",204,14.88,49.93,35.09,13.388,-2.677,NA
"A044",205,14.87,48.92,36.01,13.443,-1.873,NA
"A044",206,14.76,49.44,36.03,13.163,-1.608,NA
"A044",207,13.84,48.29,34.89,12.979,-1.485,NA
"A044",208,13.85,48.67,34.6,13.392,-1.724,NA
"A044",209,13.64,47.7,34.77,13.106,-1.383,NA
"A044",210,14.67,46.81,36.49,13.992,-1.687,NA
"A044",211,13.73,47.57,35.03,12.863,-1.317,NA
"A044",212,13.27,48.61,33.8,13.515,-1.6,NA
"A044",213,13.71,48.92,33.34,13.866,-2.734,NA
"A044",214,14.24,47.93,35.18,12.686,-1.91,NA
"A044",215,14.32,47.52,35.27,13.658,-2.065,NA
"A044",216,13.8,47.07,35.04,12.706,-1.565,NA
"A044",217,13.12,46.67,33.51,13.474,-2.053,NA
"A044",218,13.87,45.84,35.8,12.149,-1.406,NA
"A044",219,13.64,45.5,36.51,11.486,-0.448,NA
"A044",220,15.22,46.57,39.32,11.745,0.103,NA
"A044",221,15.76,46.75,39.56,12.174,-0.465,NA
"A044",222,14.8,46.97,38.38,11.656,0.053,NA
"A044",223,14.77,47.67,38.6,11.276,0.564,NA
"A044",224,14.71,46.76,38.1,12.002,-0.159,NA
"A044",225,14.18,47.98,36.81,12.063,-0.176,NA
"A044",226,14.47,47.6,37.3,11.788,-0.257,NA
"A044",227,15.58,47.22,38.43,12.509,-1.097,NA
"A044",228,15.12,45.97,38.58,12.802,-0.744,NA
"A044",229,14.84,45.06,38.2,12.647,-1.134,NA
"A044",230,14.2,44.34,37.81,12.274,-0.831,NA
"A044",231,14.98,44.36,39.55,12.002,-0.493,NA
"A044",232,14.7,43.42,39.62,12.314,-0.6,NA
"A044",233,15.14,42.41,40.71,12.206,-1.155,NA
"A044",234,14.32,41.44,39.32,13.292,-1.922,NA
"A044",235,14.87,41.7,40.55,12.699,-1.485,NA
"A044",236,15.43,40.77,41.94,13.283,-2.067,NA
"A044",237,15.08,41.01,40.45,13.535,-2.643,NA
"A044",238,14.61,40.62,40.32,13.284,-2.319,NA
"A044",239,14.63,40.81,40.11,13.109,-2.377,NA
"A044",240,14.22,39.86,39.96,13.837,-2.797,NA
"A044",241,14.14,39.25,40.27,13.281,-3.025,NA
"A044",242,13.11,39.51,37.78,13.549,-3.306,NA
"A044",243,13.09,39.55,37.39,14.312,-3.615,NA
"A044",244,13.88,39.81,37.73,14.523,-4.437,NA
"A044",245,13.77,39.48,38.52,14.29,-3.827,NA
"A044",246,13.06,40.32,36.39,13.91,-3.696,NA
"A044",247,12.27,40.93,34.51,14.274,-3.438,NA
"A044",248,13,40.74,36.62,13.659,-2.878,NA
"A044",249,13.31,40.23,38.15,14.101,-2.486,NA
"A044",250,12.68,40.29,37.13,12.882,-2.258,NA
"A044",251,13.38,40.1,37.36,13.253,-3.55,NA
"A044",252,12.82,38.91,37.44,14.358,-3.84,NA
"A044",253,12.22,40.23,35.18,13.637,-3.433,NA
"A044",254,12.27,40.36,36.35,13.559,-2.198,NA
"A044",255,12.84,40.43,37.2,13.565,-2.341,NA
"A044",256,12.98,41.17,36.26,13.436,-2.767,NA
"A044",257,13.22,40.99,36.59,14.418,-3.054,NA
"A044",258,13.39,41.59,36.46,12.834,-2.923,NA
"A044",259,13.23,41.1,36.99,13.587,-2.574,NA
"A044",260,12.93,40.11,37.13,13.873,-2.935,NA
"A044",261,13.34,40.33,38.13,13.17,-2.453,NA
"A044",262,12.78,40.74,37.08,12.731,-2.007,NA
"A044",263,12.26,42.25,34.52,13.415,-2.156,NA
"A044",264,12.96,41.53,35.74,14.396,-2.885,NA
"A044",265,12.92,41.16,35.84,13.845,-3.082,NA
"A044",266,12.64,40.25,36,13.609,-3.371,NA
"A044",267,13.02,40.15,37.27,14.127,-2.915,NA
"A044",268,12.31,40.57,34.78,14.183,-3.635,NA
"A044",269,12.96,40.28,36.01,13.698,-3.925,NA
"A045",1,85.1,67.02,86.82,15.298,-3.295,-3.295
"A045",2,85.07,66.02,86.7,16.459,-4.019,-4.019
"A045",3,84.44,66.04,86.62,15.589,-3.806,-3.806
"A045",4,84.89,66.38,87.71,15.96,-2.714,-2.714
"A045",5,84.53,66.66,87.19,14.827,-2.901,-2.901
"A045",6,83.77,66.08,85.82,16.587,-4.295,-4.295
"A045",7,83.39,67.17,84.68,16.574,-4.623,-4.623
"A045",8,83.24,66.71,85.47,15.801,-4.053,-4.053
"A045",9,83,66.6,84.86,15.918,-4.615,-4.615
"A045",10,84.09,66.97,84.46,17.536,-5.256,-5.256
"A045",11,83.54,66.88,84.93,17.047,-4.611,-4.611
"A045",12,84.06,66.35,86.42,15.819,-3.654,-3.654
"A045",13,82.9,65.29,87.26,15.133,-2.94,-2.94
"A045",14,83.46,66.88,86.06,15.806,-3.441,-3.441
"A045",15,83.5,66.51,86.87,15.422,-2.879,-2.879
"A045",16,84.06,67.12,87.29,15.2,-2.329,-2.329
"A045",17,83.71,66.89,87.08,14.941,-2.535,-2.535
"A045",18,83.17,67.12,86.68,15.267,-2.568,-2.568
"A045",19,83.63,66.77,86.43,15.553,-3.214,-3.214
"A045",20,83.08,67.36,86.18,14.972,-2.884,-2.884
"A045",21,83.38,67.03,87.49,15.606,-1.895,-1.895
"A045",22,82.81,66.91,86.14,15.089,-3.076,-3.076
"A045",23,82.75,66.48,85.7,16.348,-3.746,-3.746
"A045",24,82.03,66.79,85.72,15.206,-3.241,-3.241
"A045",25,81.31,66.22,86.02,14.67,-2.956,-2.956
"A045",26,80.85,66.56,85.86,15.119,-2.729,-2.729
"A045",27,80.59,67.01,85.98,15.134,-2.256,-2.256
"A045",28,81.52,66.66,86.45,15.604,-2.369,-2.369
"A045",29,81,67.04,85.85,14.987,-2.529,-2.529
"A045",30,80.04,67.09,84.98,15.873,-2.972,-2.972
"A045",31,80.5,67.18,85.41,15.321,-2.69,-2.69
"A045",32,80.96,67.19,85.22,15.805,-3.068,-3.068
"A045",33,80.36,67.29,84.26,16.03,-3.722,-3.722
"A045",34,81.76,68.02,84.27,16.534,-3.868,-3.868
"A045",35,81.54,67.98,85.26,15.745,-2.812,-2.812
"A045",36,81.39,68.82,84.16,15.569,-3.363,-3.363
"A045",37,80.98,67.94,85.75,15.22,-2.116,-2.116
"A045",38,80.89,67.83,85.49,14.738,-2.404,-2.404
"A045",39,81.5,68.4,85.05,15.367,-2.759,-2.759
"A045",40,80.74,69.19,84.14,15.038,-2.915,-2.915
"A045",41,80.96,68.21,84.97,15.432,-2.734,-2.734
"A045",42,81.23,68.39,84.4,16.178,-3.304,-3.304
"A045",43,81.72,68.17,84.88,15.904,-3.147,-3.147
"A045",44,81.4,67.57,84.93,16.016,-3.318,-3.318
"A045",45,80.8,67.47,84.75,15.957,-3.312,-3.312
"A045",46,81.01,67.84,84.42,15.524,-3.508,-3.508
"A045",47,80.92,67.97,84.52,15.668,-3.307,-3.307
"A045",48,81.86,67.79,85.37,15.554,-2.937,-2.937
"A045",49,80.46,67.56,85.2,15.146,-2.675,-2.675
"A045",50,80.84,67.63,85.68,14.591,-2.311,-2.311
"A045",51,81.91,67.61,86.56,14.987,-1.874,-1.874
"A045",52,82.46,67.42,87.53,14.834,-1.245,-1.245
"A045",53,81.55,67.59,86.3,15.467,-2,-2
"A045",54,81.22,67.61,85.34,15.936,-2.807,-2.807
"A045",55,80.76,68.5,84.67,15.158,-2.781,-2.781
"A045",56,81.06,68.11,84.99,14.968,-2.812,-2.812
"A045",57,80.8,68,85.34,16.003,-2.424,-2.424
"A045",58,81.3,69.03,84.76,15.504,-2.605,-2.605
"A045",59,80.9,69.72,84.5,14.953,-2.308,-2.308
"A045",60,80.98,70.46,82.51,15.813,-3.907,-3.907
"A045",61,81.77,70.2,83.81,15.697,-3.045,-3.045
"A045",62,82.65,71.15,84.53,15.301,-2.083,-2.083
"A045",63,81.87,70.81,83.85,14.918,-2.682,-2.682
"A045",64,81.59,70.95,83.83,15.8,-2.516,-2.516
"A045",65,81.34,70.99,83.83,14.967,-2.405,-2.405
"A045",66,81.12,70.55,83.79,14.99,-2.625,-2.625
"A045",67,81.22,71.06,83.4,15.824,-2.75,-2.75
"A045",68,80.46,71.71,82.37,15.5,-3.13,-3.13
"A045",69,80.63,72.11,81.62,16.395,-3.708,-3.708
"A045",70,80.83,71.56,81.49,16.628,-4.23,-4.23
"A045",71,82,72.38,81.39,16.161,-4.258,-4.258
"A045",72,81.38,71.48,81.85,16.558,-4.115,-4.115
"A045",73,80.62,71.83,81.73,15.597,-3.759,-3.759
"A045",74,79.97,72.09,82.21,15.572,-2.899,-2.899
"A045",75,79.1,72.32,80.98,15.747,-3.686,-3.686
"A045",76,79.34,70.97,82.59,14.831,-2.919,-2.919
"A045",77,79.57,71.55,82.32,14.887,-2.95,-2.95
"A045",78,79.74,70.82,82.78,15.593,-2.964,-2.964
"A045",79,79.76,71.49,83.11,15.587,-2.26,-2.26
"A045",80,79.33,71.73,83.77,14.649,-1.313,-1.313
"A045",81,80.43,72.21,83.75,14.999,-1.452,-1.452
"A045",82,80.65,73.11,83.77,14.028,-0.992,-0.992
"A045",83,79.8,72.6,83.95,14.175,-0.808,-0.808
"A045",84,80.52,72.5,83.85,14.561,-1.215,-1.215
"A045",85,80.08,73.22,82.95,14.848,-1.55,-1.55
"A045",86,80.47,71.9,83.37,15.103,-2.024,-2.024
"A045",87,80.77,71.91,83.31,15.022,-2.184,-2.184
"A045",88,79.77,72.78,82.51,16.044,-2.133,-2.133
"A045",89,79.5,73.19,82.09,15.14,-2.231,-2.231
"A045",90,79.18,72.31,82.01,15.568,-2.695,-2.695
"A045",91,79.64,72.68,82.02,16.129,-2.638,-2.638
"A045",92,80.54,72.93,82.79,15.251,-2.033,-2.033
"A045",93,80.16,73.44,81.8,15.124,-2.608,-2.608
"A045",94,80.12,73.69,81.66,14.766,-2.588,-2.588
"A045",95,80.29,73.21,82.37,15.038,-2.212,-2.212
"A045",96,79.66,72.28,81.54,15.249,-3.351,-3.351
"A045",97,79.05,70.95,81.09,16.887,-4.328,-4.328
"A045",98,78.43,71.47,81.83,15.761,-3.067,-3.067
"A045",99,79.55,72.71,82.66,14.509,-1.95,-1.95
"A045",100,79.12,73.93,81.22,14.555,-2.567,-2.567
"A045",101,79.31,74.36,80.42,15.21,-3.196,-3.196
"A045",102,78.95,75.02,80.39,15.096,-2.752,-2.752
"A045",103,78.65,75.6,79.2,15.923,-3.533,-3.533
"A045",104,78.31,75.39,79.04,15.354,-3.694,-3.694
"A045",105,78.49,74.94,79.11,15.767,-3.922,-3.922
"A045",106,77.76,74.72,79.28,15.778,-3.624,-3.624
"A045",107,77.69,74.83,79.44,16.058,-3.389,-3.389
"A045",108,77.9,74.52,78.83,15.661,-4.231,-4.231
"A045",109,78.08,74.28,78.78,16.701,-4.469,-4.469
"A045",110,78.43,74.31,78.59,16.329,-4.756,-4.756
"A045",111,77.46,73.99,78.68,16.355,-4.512,-4.512
"A045",112,76.38,73.59,78.75,15.495,-4.279,-4.279
"A045",113,76.43,73.92,79.46,15.877,-3.407,-3.407
"A045",114,76.12,74.69,79.63,14.929,-2.731,-2.731
"A045",115,76.14,75.16,79.1,15.347,-3.024,-3.024
"A045",116,76.09,75.07,78.88,16.568,-3.279,-3.279
"A045",117,75.96,75.45,79.44,15.463,-2.483,-2.483
"A045",118,76.71,74.6,80.21,15.015,-2.403,-2.403
"A045",119,76.52,75.01,79.35,15.485,-2.988,-2.988
"A045",120,76.77,74.85,78.25,16.401,-4.261,-4.261
"A045",121,76.11,74.44,77.55,17.084,-4.945,-4.945
"A045",122,75.46,74.12,78.93,16.139,-3.492,-3.492
"A045",123,76.02,73.63,78.09,16.019,-4.777,-4.777
"A045",124,76.28,74.69,77.71,16.336,-4.713,NA
"A045",125,75.33,73.61,77.37,17.415,-5.262,NA
"A045",126,74.53,74.29,76.64,16.547,-5.353,NA
"A045",127,74.64,74.8,76.96,16.472,-4.814,NA
"A045",128,75.73,74.03,75.99,17.173,-6.572,NA
"A045",129,74.85,74.24,75.1,17.508,-7.038,NA
"A045",130,75,73.43,75.43,17.977,-7.17,NA
"A045",131,74.93,73.1,76.05,17.351,-6.691,NA
"A045",132,75.12,73.31,76.34,17.709,-6.36,NA
"A045",133,75.02,74.14,76.69,17.331,-5.559,NA
"A045",134,74.31,73.66,76.26,17.197,-5.966,NA
"A045",135,73.7,74.79,74.89,17.608,-6.542,NA
"A045",136,72.95,74.24,75.33,17.247,-6.087,NA
"A045",137,73.13,74.84,76.7,16.431,-4.494,NA
"A045",138,73.03,74.55,75.94,16.485,-5.356,NA
"A045",139,73.63,74.42,76.53,17.583,-5.062,NA
"A045",140,73.68,74.99,76.58,16.458,-4.746,NA
"A045",141,73.94,75.62,77.04,15.979,-4.074,NA
"A045",142,74.35,76.09,76.9,16.381,-4.144,NA
"A045",143,75.34,76.27,76.04,16.793,-5.261,NA
"A045",144,74.78,76.42,76.56,15.593,-4.47,NA
"A045",145,74.54,76.38,77.15,16.498,-3.811,NA
"A045",146,74.78,76.11,76.27,16.711,-4.909,NA
"A045",147,75.08,76.42,76.31,16.416,-4.828,NA
"A045",148,75.05,75.85,77.17,16.337,-4.242,NA
"A045",149,74.01,77.1,76.99,15.233,-3.447,NA
"A045",150,73.6,77.74,75.59,16.294,-4.388,NA
"A045",151,73.83,77.35,76.24,16.23,-4.005,NA
"A045",152,73.55,76.76,76.93,15.597,-3.504,NA
"A045",153,73.5,77.99,76.41,15.603,-3.418,NA
"A045",154,74.18,77.72,77.19,15.451,-3.007,NA
"A045",155,74.65,78.08,76.72,15.706,-3.466,NA
"A045",156,74.76,77.58,76.23,16.029,-4.234,NA
"A045",157,76.05,76.35,76.65,15.996,-4.854,NA
"A045",158,75.09,76.19,76.57,16.72,-4.688,NA
"A045",159,75.23,76.3,76.33,16.425,-4.911,NA
"A045",160,74.39,77.37,76.49,16.288,-3.944,NA
"A045",161,74.87,78.27,75.71,16.608,-4.466,NA
"A045",162,74.23,77.62,76.19,16.816,-4.069,NA
"A045",163,74.4,78.57,76.84,14.646,-3.031,NA
"A045",164,74.16,78.79,76.46,15.376,-3.23,NA
"A045",165,74.79,78.98,76.95,15.285,-2.853,NA
"A045",166,74.41,77.98,76.71,15.573,-3.444,NA
"A045",167,74.36,78.66,76.64,15.15,-3.179,NA
"A045",168,73.77,77.97,76.07,16.365,-3.862,NA
"A045",169,73.24,78.9,75.71,16.454,-3.605,NA
"A045",170,73.61,79.95,75.24,16.085,-3.728,NA
"A045",171,74.4,78.59,75.92,16.047,-3.942,NA
"A045",172,72.91,78.76,75.08,15.65,-4.181,NA
"A045",173,73.04,78.82,74.69,16.952,-4.587,NA
"A045",174,73.05,79.1,74.58,16.086,-4.58,NA
"A045",175,72.74,78.6,73.53,17.236,-5.747,NA
"A045",176,72.41,78.33,73.26,17.414,-6.012,NA
"A045",177,72.35,78.47,73.05,17.936,-6.135,NA
"A045",178,73.76,78.63,73.64,16.98,-5.978,NA
"A045",179,72.75,79.33,73.11,17.723,-5.835,NA
"A045",180,72.6,79.31,74.07,16.487,-4.823,NA
"A045",181,72.34,79.57,73.79,16.591,-4.892,NA
"A045",182,72.28,79.77,74.02,16.617,-4.551,NA
"A045",183,72.82,80.39,74.27,15.72,-4.217,NA
"A045",184,72.92,80.51,74.17,16.066,-4.301,NA
"A045",185,72.5,80.57,74.67,15.468,-3.628,NA
"A045",186,73.28,80.97,74.31,15.834,-4.087,NA
"A045",187,72.89,81.71,73.67,16.226,-4.262,NA
"A045",188,72.81,81.23,74.17,15.937,-3.944,NA
"A045",189,72.66,82,74.92,15.063,-2.812,NA
"A045",190,72.18,82.42,73.7,16.186,-3.674,NA
"A045",191,72.73,82.34,74.7,14.513,-2.905,NA
"A045",192,73,82.08,74.03,15.781,-3.783,NA
"A045",193,72.53,82.52,72.81,16.274,-4.652,NA
"A045",194,71.27,83.08,71.6,16.197,-5.163,NA
"A045",195,71.56,83.81,71.12,17.413,-5.442,NA
"A045",196,70.54,83.28,70.84,16.921,-5.552,NA
"A045",197,69.37,82.72,71.26,16.357,-4.89,NA
"A045",198,69.64,82.95,70.57,17.703,-5.592,NA
"A045",199,70.25,82.4,70.49,16.985,-6.162,NA
"A045",200,70.07,82.93,70.16,17.25,-6.193,NA
"A045",201,71.16,82.91,70.61,18.007,-6.18,NA
"A045",202,72.2,83.17,71.85,16.968,-5.217,NA
"A045",203,73.23,81.89,73.67,15.202,-4.296,NA
"A045",204,73.08,82.16,73.31,16.908,-4.489,NA
"A045",205,72.17,83.38,71.65,16.52,-5.32,NA
"A045",206,71.32,83.11,70.47,17.557,-6.298,NA
"A045",207,72.16,82.77,71.37,17.345,-5.852,NA
"A045",208,72.36,82.57,71.75,16.741,-5.629,NA
"A045",209,72.03,83.55,71.59,16.463,-5.26,NA
"A045",210,70.93,82.83,71.64,16.352,-5.09,NA
"A045",211,71.35,82.99,71.3,17.383,-5.522,NA
"A045",212,71.08,84.1,71.05,16.795,-5.216,NA
"A045",213,71.29,83.53,71.14,15.507,-5.435,NA
"A045",214,71.87,83.27,71.23,16.888,-5.679,NA
"A045",215,71.82,83.09,71.02,17.031,-5.937,NA
"A045",216,71.31,83.25,71.31,16.859,-5.397,NA
"A045",217,71.28,83.86,70.86,16.722,-5.584,NA
"A045",218,71.06,84,70.88,16.353,-5.416,NA
"A045",219,70.3,84.45,71.39,16.045,-4.425,NA
"A045",220,71.48,84.42,71.47,16,-4.816,NA
"A045",221,71.4,84.7,71.88,16.548,-4.265,NA
"A045",222,70.73,84.1,72.31,16.158,-3.822,NA
"A045",223,71.21,84.98,71.74,15.75,-4.211,NA
"A045",224,71.65,84.93,72.76,15.848,-3.385,NA
"A045",225,70.69,84.29,73.11,15.651,-2.93,NA
"A045",226,70.15,84.28,73,15.785,-2.831,NA
"A045",227,69.96,84.44,71.57,16.2,-4.111,NA
"A045",228,69.33,85.31,71.69,15.533,-3.382,NA
"A045",229,68.59,85.1,70.72,16.753,-4.117,NA
"A045",230,69.01,85.94,70.64,16.214,-4.041,NA
"A045",231,69.21,85.93,70.06,16.445,-4.71,NA
"A045",232,70.32,86.26,70.42,15.972,-4.685,NA
"A045",233,71.75,86.41,70.78,16.105,-4.814,NA
"A045",234,70.94,86.99,69.14,17.25,-5.917,NA
"A045",235,70.27,87.4,68.71,17.031,-5.931,NA
"A045",236,69.86,86.43,70.24,16.493,-4.604,NA
"A045",237,69.31,86.28,69.56,16.114,-5.119,NA
"A045",238,69.01,85.82,70.31,15.622,-4.421,NA
"A045",239,69.51,87.12,69.56,16.685,-4.876,NA
"A045",240,69.44,87.14,69.99,15.915,-4.404,NA
"A045",241,69.12,87.35,69.73,15.762,-4.451,NA
"A045",242,69.6,86.34,70,16.633,-4.777,NA
"A045",243,69.53,86.47,71.1,15.649,-3.599,NA
"A045",244,70.72,85.5,72.33,15.299,-3.231,NA
"A045",245,70.89,85.43,72.94,15.814,-2.717,NA
"A045",246,70.35,85.7,73.43,14.324,-1.905,NA
"A045",247,69.6,86.45,73.03,14.59,-1.702,NA
"A045",248,70.11,85.82,72.98,14.424,-2.205,NA
"A045",249,69.53,85.96,73.13,15.144,-1.763,NA
"A045",250,69.17,85.31,73.72,13.803,-1.285,NA
"A045",251,69.19,86.51,74.11,14.129,-0.421,NA
"A045",252,68.73,86.85,73.48,13.853,-0.725,NA
"A045",253,68.3,86.19,72.31,14.944,-1.957,NA
"A045",254,68.68,85.8,72.31,15.547,-2.281,NA
"A045",255,68.89,86.82,72.09,15.68,-2.193,NA
"A045",256,68.93,87.66,72.32,14.711,-1.656,NA
"A045",257,68.19,89.05,71.13,15.431,-1.98,NA
"A045",258,67.12,88.13,71.27,15.531,-1.686,NA
"A045",259,67.22,87.88,69.52,15.49,-3.578,NA
"A045",260,66.85,89.03,68.6,16.144,-3.881,NA
"A045",261,67.72,89.15,69.01,15.2,-3.847,NA
"A045",262,67.29,88.86,69.52,15.446,-3.245,NA
"A045",263,67.58,90.39,69.15,15.022,-3.175,NA
"A045",264,68.3,90.25,69.73,14.973,-2.986,NA
"A045",265,68.97,90.04,69.38,15.641,-3.711,NA
"A045",266,68.17,89.37,69.74,15.458,-3.241,NA
"A045",267,67.25,89.45,67.97,16.357,-4.552,NA
"A045",268,67.14,88.76,67.8,16.068,-4.924,NA
"A045",269,68.53,88.54,69.6,15.325,-3.858,NA
"A045",270,67.81,89.45,68.02,17.423,-4.764,NA
"A045",271,67.55,89.4,68.28,16.322,-4.408,NA
"A045",272,67.75,89.21,69.29,15.78,-3.553,NA
"A045",273,67.44,89.6,69.78,15.297,-2.771,NA
"A045",274,68.29,90.52,70.93,14.468,-1.685,NA
"A045",275,68.18,90.58,69.74,15.191,-2.801,NA
"A045",276,67.52,89.99,69.85,14.976,-2.595,NA
"A045",277,67.7,89.73,69.7,15.331,-2.925,NA
"A045",278,67.88,89.94,69.4,15.175,-3.234,NA
"A045",279,68.09,90.06,68.35,16.407,-4.337,NA
"A045",280,68.13,90.63,67.55,16.899,-4.949,NA
"A045",281,66.45,90.02,67.92,15.784,-3.987,NA
"A045",282,66.75,89.98,68.68,15.92,-3.388,NA
"A045",283,66.91,89.14,69.01,16.009,-3.458,NA
"A045",284,65.9,89.47,67.62,16.31,-4.209,NA
"A045",285,65.66,90.17,66.74,16.29,-4.698,NA
"A045",286,65.36,90.03,66.5,16.157,-4.828,NA
"A045",287,65.21,90.37,66.42,16.542,-4.699,NA
"A045",288,65.77,91.12,66.83,16.606,-4.307,NA
"A045",289,65.61,91.01,65.54,16.671,-5.545,NA
"A045",290,66.05,91.23,65.65,17.05,-5.599,NA
"A045",291,66.03,91.38,66.75,16.653,-4.426,NA
"A045",292,66,90.53,65.94,16.836,-5.544,NA
"A045",293,66,90.18,66.08,16.971,-5.53,NA
"A045",294,66.59,89.44,66.11,16.216,-6.087,NA
"A045",295,66.21,89.17,66.26,16.668,-5.838,NA
"A045",296,66.53,89.72,66.62,17.428,-5.434,NA
"A045",297,65.8,89.68,66.7,16.183,-4.987,NA
"A045",298,65.25,90.23,65.88,16.404,-5.312,NA
"A045",299,65.69,90.48,66.57,16.572,-4.758,NA
"A045",300,65.36,90.92,65.55,16.311,-5.437,NA
"A045",301,64.84,91.14,65.85,16.49,-4.772,NA
"A045",302,64.25,91.29,64.9,16.543,-5.322,NA
"A045",303,64.03,90.58,64.27,16.945,-6.094,NA
"A045",304,63.51,90.78,64.22,17.025,-5.757,NA
"A045",305,62.66,92.11,62.88,16.686,-6.075,NA
"A045",306,63.11,91.87,62.55,17.595,-6.779,NA
"A045",307,63.54,92.57,63.19,17.569,-6.144,NA
"A045",308,63.86,92.37,62.84,16.754,-6.757,NA
"A045",309,64.21,93.67,62.51,18.033,-6.827,NA
"A045",310,64.03,93.53,63.33,16.878,-5.956,NA
"A045",311,64.1,93.84,63.26,17.136,-5.953,NA
"A045",312,64.47,94.38,63.68,17.05,-5.548,NA
"A045",313,63.52,94.46,63.25,17.111,-5.389,NA
"A045",314,63.18,94.45,63.74,16.817,-4.697,NA
"A045",315,63.48,93.12,64.24,15.678,-4.858,NA
"A045",316,63.01,93.92,64.22,15.941,-4.3,NA
"A045",317,62.3,93.88,64.24,16.069,-3.841,NA
"A045",318,62.46,95.28,63.22,16.329,-4.467,NA
"A045",319,63.34,95.04,63.46,16.394,-4.873,NA
"A045",320,63.62,95.28,63.52,16.051,-4.892,NA
"A045",321,63.68,95.39,64.26,16.387,-4.152,NA
"A045",322,63.35,94.62,64.71,16.261,-3.772,NA
"A045",323,63.42,94.74,64.41,16.363,-4.069,NA
"A045",324,63.5,94.95,64.51,16.323,-3.944,NA
"A045",325,64.19,94.5,64.85,16.095,-4.176,NA
"A045",326,64.95,94.64,65.2,16.847,-4.21,NA
"A045",327,65.04,93.97,64.61,17.353,-5.094,NA
"A045",328,64.73,93.47,63.95,17.08,-5.753,NA
"A045",329,65.33,93.51,64.38,16.979,-5.643,NA
"A045",330,64.86,94.05,63.03,17.557,-6.545,NA
"A045",331,64.45,93.39,64.68,16.154,-4.89,NA
"A045",332,64.79,93.62,63.68,17.061,-6.011,NA
"A045",333,64.63,93.32,63.46,17.612,-6.239,NA
"A045",334,63.89,93.04,62.41,17.62,-6.97,NA
"A045",335,63.93,92.56,62.54,17.719,-7.033,NA
"A046",1,54.82,48.64,78.84,14.602,-3.246,-3.246
"A046",2,55.02,49.13,78.88,14.032,-3.13,-3.13
"A046",3,55.3,48.14,80.29,13.203,-2.347,-2.347
"A046",4,54.72,46.59,80.04,14.406,-2.851,-2.851
"A046",5,55.56,46.4,81.17,14.11,-2.382,-2.382
"A046",6,54.3,46.09,80.27,14.198,-2.535,-2.535
"A046",7,54.99,46.48,80.29,14.063,-2.835,-2.835
"A046",8,55.19,46.71,80.49,14.238,-2.679,-2.679
"A046",9,56.3,47.57,80.63,13.868,-2.951,-2.951
"A046",10,57.57,48.27,82.4,14.198,-1.757,-1.757
"A046",11,57.22,47.72,82.14,13.893,-2.002,-2.002
"A046",12,57.3,48.03,82.34,13.207,-1.733,-1.733
"A046",13,58.32,47.03,83.74,13.312,-1.414,-1.414
"A046",14,58.29,47.36,82.99,13.948,-2.002,-2.002
"A046",15,59.61,47.53,83.16,14.198,-2.62,-2.62
"A046",16,58.94,47.15,83.98,13.574,-1.525,-1.525
"A046",17,59,47.61,84.37,13.728,-0.983,-0.983
"A046",18,59.58,48.98,84.95,12.706,-0.224,-0.224
"A046",19,59.04,49.17,84.62,11.924,-0.131,-0.131
"A046",20,58.7,48.05,84.46,13.182,-0.519,-0.519
"A046",21,58.64,48.02,83.68,12.498,-1.279,-1.279
"A046",22,59.2,48.39,83.36,13.796,-1.815,-1.815
"A046",23,57.76,47.4,82.36,13.85,-2.278,-2.278
"A046",24,58.18,48.54,81.31,13.669,-3.133,-3.133
"A046",25,57.75,49.92,81.34,13.224,-2.26,-2.26
"A046",26,57.55,49.85,81.61,12.824,-1.873,-1.873
"A046",27,57.34,50.59,80.91,13.433,-2.124,-2.124
"A046",28,57.34,50.36,80.51,13.535,-2.615,-2.615
"A046",29,57.41,49.48,81.08,13.6,-2.467,-2.467
"A046",30,57.62,50.33,79.81,15.033,-3.519,-3.519
"A046",31,58.58,49.91,80.59,13.758,-3.558,-3.558
"A046",32,58.98,50.36,79.89,14.766,-4.33,-4.33
"A046",33,60.04,50.61,81.45,14.274,-3.349,-3.349
"A046",34,60.8,50.94,82.71,13.968,-2.436,-2.436
"A046",35,60.01,51.43,82.29,13.716,-2.163,-2.163
"A046",36,59.54,51.3,81.18,14.482,-3.017,-3.017
"A046",37,59.42,51.57,79.67,15.05,-4.34,-4.34
"A046",38,59.47,52.44,80.3,14.912,-3.385,-3.385
"A046",39,59.87,52.5,80.28,14.415,-3.633,-3.633
"A046",40,59.97,52.25,79.59,15.239,-4.491,-4.491
"A046",41,59.81,52.58,79.86,15.452,-3.983,-3.983
"A046",42,60.01,53.1,80.48,13.911,-3.274,-3.274
"A046",43,59.5,53.36,80.28,13.354,-3.032,-3.032
"A046",44,60.57,53.24,81.17,14.153,-2.89,-2.89
"A046",45,59.61,53.77,80.57,13.479,-2.651,-2.651
"A046",46,59.01,53.02,80.81,14.098,-2.324,-2.324
"A046",47,60.02,52.36,81.75,13.379,-2.325,-2.325
"A046",48,60.22,52.39,82.08,14.028,-2.103,-2.103
"A046",49,60.78,51.58,82.55,13.935,-2.319,-2.319
"A046",50,60.22,51.18,82.89,14.042,-1.799,-1.799
"A046",51,60.09,50.81,83.23,13.567,-1.527,-1.527
"A046",52,59.61,51.12,83.04,13.354,-1.285,-1.285
"A046",53,59.41,50,83.99,13.032,-0.667,-0.667
"A046",54,59.04,50,82.21,13.803,-2.2,-2.2
"A046",55,59.5,50.96,82.18,13.888,-2.14,-2.14
"A046",56,60.28,51.07,82.44,14.282,-2.327,-2.327
"A046",57,60.9,51.55,83.05,13.998,-1.919,-1.919
"A046",58,62.02,52.5,83.12,13.692,-2.149,-2.149
"A046",59,60.99,52.53,81.77,13.586,-2.846,-2.846
"A046",60,61.37,51.76,81.89,14.076,-3.281,-3.281
"A046",61,61.76,52.1,82.29,14.141,-2.986,-2.986
"A046",62,62.21,52,82.48,14.027,-3.101,-3.101
"A046",63,63.08,52.67,81.99,14.487,-3.85,-3.85
"A046",64,62.6,52.57,81.63,14.69,-3.957,-3.957
"A046",65,64.03,53.52,81.79,14.395,-4.268,-4.268
"A046",66,63.59,53.09,81.16,15.078,-4.809,-4.809
"A046",67,62.68,52.76,81.48,14.921,-4.081,-4.081
"A046",68,63.46,52.41,81.32,15.138,-4.847,-4.847
"A046",69,63.73,53.03,81.47,15.543,-4.605,-4.605
"A046",70,63.83,51.67,82.49,14.807,-4.203,-4.203
"A046",71,64.27,52.52,82.78,14.758,-3.82,-3.82
"A046",72,66,53.01,83.7,14.437,-3.704,-3.704
"A046",73,66.39,53.01,84.18,14.506,-3.45,-3.45
"A046",74,66.62,53.4,83.05,15.422,-4.55,-4.55
"A046",75,67.23,53.28,83.64,14.939,-4.356,-4.356
"A046",76,67.82,53.82,85.1,14.564,-3.01,-3.01
"A046",77,67.12,53.55,83.6,14.997,-4.219,-4.219
"A046",78,66.52,54.54,82.42,14.957,-4.65,-4.65
"A046",79,67.16,54.71,82.85,14.65,-4.512,-4.512
"A046",80,68,55.33,83.28,14.462,-4.299,-4.299
"A046",81,66.6,55.41,82.33,14.857,-4.428,-4.428
"A046",82,68.32,54.86,82.74,16.154,-5.202,-5.202
"A046",83,68.02,54.41,83.31,14.853,-4.666,-4.666
"A046",84,67.69,54.22,82.72,15.247,-5.148,-5.148
"A046",85,68.22,54.08,82.82,15.711,-5.404,-5.404
"A046",86,69.41,53.42,83.3,15.711,-5.85,-5.85
"A046",87,69.29,54.11,83.08,15.532,-5.711,-5.711
"A046",88,68.99,54.09,82,16.95,-6.632,-6.632
"A046",89,69.13,53.24,82.08,16.367,-6.991,-6.991
"A046",90,69.74,51.81,84.79,15.255,-5.214,-5.214
"A046",91,70.16,53.3,85.63,15.027,-3.983,-3.983
"A046",92,70.43,53.02,86.53,14.288,-3.34,-3.34
"A046",93,70.48,53.32,86.27,14.64,-3.509,-3.509
"A046",94,71.32,54.37,86.22,14.753,-3.574,-3.574
"A046",95,72.05,54.39,86.46,14.74,-3.725,-3.725
"A046",96,72.06,55.14,86.15,14.596,-3.714,-3.714
"A046",97,71.95,55.13,86.17,14.525,-3.64,-3.64
"A046",98,71.92,55.62,86.22,14.098,-3.364,-3.364
"A046",99,73.36,56.35,86.87,14.391,-3.158,-3.158
"A046",100,72.53,56.16,86.83,14.825,-2.842,-2.842
"A046",101,72.72,56.81,86.32,14.134,-3.17,-3.17
"A046",102,73.15,57.24,86.96,13.515,-2.572,-2.572
"A046",103,72.84,56.98,86.84,14.714,-2.643,-2.643
"A046",104,71.89,58.21,85.19,15.053,-3.258,-3.258
"A046",105,71.89,57.78,84.91,14.912,-3.721,-3.721
"A046",106,72.55,57.82,85.13,14.171,-3.836,-3.836
"A046",107,71.23,58.32,84.03,14.454,-4.024,NA
"A046",108,71.11,59.03,82.89,15.75,-4.783,NA
"A046",109,71.93,59.61,83.22,14.683,-4.623,NA
"A046",110,72.46,59.24,84.38,15.092,-3.906,NA
"A046",111,72.76,59.22,84.58,14.465,-3.864,NA
"A046",112,71.19,59.68,83.58,14.778,-3.853,NA
"A046",113,70.56,60.65,82.73,13.941,-3.949,NA
"A046",114,71.31,61.06,83.3,14.778,-3.576,NA
"A046",115,71.82,60.74,83.56,14.815,-3.721,NA
"A046",116,71.8,60.97,82.78,14.844,-4.39,NA
"A046",117,71.53,59.05,83.41,15.213,-4.478,NA
"A046",118,71.87,58.88,84.82,14.084,-3.317,NA
"A046",119,72.05,59.03,84.74,14.535,-3.43,NA
"A046",120,72.91,58.41,85.16,13.991,-3.729,NA
"A046",121,73.14,58.52,85.57,13.924,-3.39,NA
"A046",122,73.9,58.87,85.24,14.439,-3.949,NA
"A046",123,72.89,58.95,84.9,14.55,-3.738,NA
"A046",124,72.83,58.79,85.32,14.386,-3.359,NA
"A046",125,73.02,59.16,85.03,15.325,-3.581,NA
"A046",126,72.77,58.23,86.16,14.672,-2.731,NA
"A046",127,73.09,58.05,85.17,14.308,-3.975,NA
"A046",128,72.99,57.57,85.36,14.689,-3.94,NA
"A046",129,73.05,58.35,84.49,14.519,-4.494,NA
"A046",130,73.49,59.29,83.9,15.309,-4.888,NA
"A046",131,72.74,59.14,83.12,15.272,-5.356,NA
"A046",132,73.38,60.57,82.26,15.47,-5.895,NA
"A046",133,74.92,61.12,83.43,15.781,-5.246,NA
"A046",134,75.02,61,84.1,15.312,-4.68,NA
"A046",135,74.06,60.83,83.45,15.225,-4.93,NA
"A046",136,74.67,61.01,84.33,15.042,-4.268,NA
"A046",137,74.56,61.99,83.09,14.759,-4.99,NA
"A046",138,74.59,61.9,82.65,15.883,-5.495,NA
"A046",139,74.59,61.61,82.94,15.422,-5.338,NA
"A046",140,76.33,62.68,83.99,15.992,-4.609,NA
"A046",141,77.09,62.34,84.62,15.797,-4.515,NA
"A046",142,77.14,62.12,83.49,16.263,-5.773,NA
"A046",143,76.21,61.72,83.54,16.071,-5.471,NA
"A046",144,75.81,60.74,83.85,14.71,-5.435,NA
"A046",145,76.84,62.14,84.47,14.933,-4.649,NA
"A046",146,77.97,63.01,84.73,15.209,-4.483,NA
"A046",147,78.74,62.63,85.34,15.571,-4.421,NA
"A046",148,78.8,62.52,85.9,15.411,-3.95,NA
"A046",149,78.52,62.64,86.22,14.322,-3.436,NA
"A046",150,78.6,62.45,86.83,14.393,-2.967,NA
"A046",151,78.21,63.3,85.14,15.69,-4.042,NA
"A046",152,78.47,63.84,84.33,14.352,-4.69,NA
"A046",153,79.1,64.27,84.83,14.577,-4.252,NA
"A046",154,79.78,63.78,86.05,14.379,-3.598,NA
"A046",155,79.8,63.63,85.53,15.075,-4.202,NA
"A046",156,80.31,63.65,86.22,14.858,-3.737,NA
"A046",157,80.51,63.25,86.52,14.643,-3.749,NA
"A046",158,80.09,62.37,86.84,14.998,-3.691,NA
"A046",159,81.09,62.32,86.84,14.307,-4.185,NA
"A046",160,81.31,63.29,85.81,15.331,-4.795,NA
"A046",161,82.63,63.41,85.84,16.259,-5.31,NA
"A046",162,81.13,62.89,85.9,15.762,-4.843,NA
"A046",163,81.59,62.96,86.16,15.278,-4.757,NA
"A046",164,81.88,62.62,86.93,15,-4.3,NA
"A046",165,82.58,62.54,87.43,15.202,-4.174,NA
"A046",166,81.11,63.03,86.69,14.369,-3.962,NA
"A046",167,82.25,64.13,87.25,14.905,-3.32,NA
"A046",168,81.4,65.26,85.8,14.497,-3.764,NA
"A046",169,82.02,65.53,86.11,14.485,-3.569,NA
"A046",170,81.22,66.39,84.75,14.817,-4.095,NA
"A046",171,81.92,65.88,85.37,14.721,-4.071,NA
"A046",172,81.8,66.98,84.89,15.926,-3.864,NA
"A046",173,82.38,67.08,84.44,15.439,-4.502,NA
"A046",174,82.06,67.54,84.47,15.278,-4.07,NA
"A046",175,81.68,67.66,84.21,14.847,-4.099,NA
"A046",176,80.8,68.58,83.75,13.947,-3.675,NA
"A046",177,81.59,68.26,84.03,14.952,-3.895,NA
"A046",178,82.24,67.59,84.39,14.469,-4.193,NA
"A046",179,84.35,66.76,85.84,14.682,-4.116,NA
"A046",180,85.1,65.82,85.82,16.015,-5.025,NA
"A046",181,85.17,65.42,86.16,15.333,-4.962,NA
"A046",182,84.57,65.94,86.84,14.566,-3.706,NA
"A046",183,84.12,65.93,86.66,14.955,-3.697,NA
"A046",184,85.33,66.13,87.57,14.488,-3.19,NA
"A046",185,84.97,66.52,86.62,14.475,-3.741,NA
"A046",186,84.91,65.96,86.88,14.879,-3.801,NA
"A046",187,85.13,66.52,85.86,15.198,-4.576,NA
"A046",188,84.87,66.35,85.39,14.812,-5.037,NA
"A046",189,85.4,66.52,84.86,15.848,-5.687,NA
"A046",190,85.24,67.28,85.32,15.516,-4.691,NA
"A046",191,85.27,68.08,85.16,15.493,-4.37,NA
"A046",192,85.58,67.42,86.1,15.22,-3.971,NA
"A046",193,86.1,66.91,87.32,14.906,-3.298,NA
"A046",194,85.75,66.3,87.13,14.383,-3.711,NA
"A046",195,85.52,66.93,87.05,14.429,-3.297,NA
"A046",196,85.73,66.12,86.82,14.488,-4.128,NA
"A046",197,86.15,66.23,87.57,14.623,-3.483,NA
"A046",198,85.58,65.88,86.85,15.355,-4.171,NA
"A046",199,84.75,65.89,86.07,15.423,-4.584,NA
"A046",200,85.63,65.92,86.98,14.448,-4.039,NA
"A046",201,85.66,65.81,87.64,14.595,-3.458,NA
"A046",202,85.54,65.32,89.27,14.297,-2.075,NA
"A046",203,86.24,64.44,90.38,13.106,-1.811,NA
"A046",204,87.45,65.44,90.41,14.234,-1.725,NA
"A046",205,88.34,66.04,89.84,14.552,-2.328,NA
"A046",206,88.05,66.18,88.4,14.668,-3.54,NA
"A046",207,88.74,66.27,88.92,14.221,-3.276,NA
"A046",208,88.26,65.55,88.7,14.904,-3.733,NA
"A046",209,88.21,65.73,89.19,13.745,-3.106,NA
"A046",210,89,66.22,88.96,14.55,-3.397,NA
"A046",211,89.54,66.42,89.42,14.734,-3.051,NA
"A046",212,88.47,66.75,88.47,13.947,-3.292,NA
"A046",213,88.16,66.97,88.56,14.404,-2.921,NA
"A046",214,88.58,67.84,87.77,13.87,-3.336,NA
"A046",215,87.87,68.43,86.82,14.381,-3.579,NA
"A046",216,88.2,68.21,86.42,13.941,-4.272,NA
"A046",217,88.83,68.48,86.55,14.363,-4.238,NA
"A046",218,89.61,68.93,85.93,15.339,-4.9,NA
"A046",219,89.26,69.48,86.24,14.924,-4.065,NA
"A046",220,90.12,69.06,86.57,15.399,-4.407,NA
"A046",221,90.53,68.43,86.82,15.132,-4.776,NA
"A046",222,91.04,67.44,87.9,15.28,-4.613,NA
"A046",223,92.12,68.48,89.11,14.754,-3.22,NA
"A046",224,91.94,68.86,88.98,14.583,-2.989,NA
"A046",225,91.26,69.06,89.15,13.592,-2.361,NA
"A046",226,91.77,69.63,88.47,13.963,-2.882,NA
"A046",227,92.46,70.03,87.95,14.581,-3.459,NA
"A046",228,92.32,70.34,87.97,14.523,-3.157,NA
"A046",229,91.57,69.9,87.55,15.19,-3.528,NA
"A046",230,91.88,70.63,86.98,14.353,-3.728,NA
"A046",231,92.16,70.47,86.69,14.674,-4.261,NA
"A046",232,92.4,71.51,85.51,15.006,-4.84,NA
"A046",233,91.24,70.65,85.56,15.325,-4.842,NA
"A046",234,91.61,71.35,85.97,14.597,-4.114,NA
"A046",235,92.29,71.38,86.66,13.818,-3.724,NA
"A046",236,91.89,71.73,86.11,15.152,-3.842,NA
"A046",237,92.47,71.42,86.45,14.571,-4,NA
"A046",238,92.77,72.09,85.06,15.82,-5.055,NA
"A046",239,92.6,72.14,85.41,15.639,-4.599,NA
"A046",240,93.13,72.47,84.91,15.62,-5.125,NA
"A046",241,92.49,72.89,83.96,15.502,-5.473,NA
"A046",242,92.7,71.91,84.35,16.417,-5.858,NA
"A046",243,92.25,71.82,83.62,15.252,-6.441,NA
"A046",244,93.14,72.67,84.19,15.618,-5.711,NA
"A046",245,93.24,72.26,84.21,15.923,-6.024,NA
"A046",246,94,71.61,85.2,16.626,-5.878,NA
"A046",247,93.87,71.07,87.22,15.295,-4.175,NA
"A046",248,93.86,71.19,87.61,14.475,-3.693,NA
"A046",249,94.06,71.36,88.09,13.821,-3.194,NA
"A046",250,93.74,71.41,87.28,15.05,-3.809,NA
"A046",251,94.38,71.26,87.64,15.327,-3.881,NA
"A046",252,94.53,71.45,88.3,15.029,-3.167,NA
"A046",253,93.3,71.37,86.32,14.931,-4.578,NA
"A046",254,93.19,71.54,86.92,15.131,-3.791,NA
"A046",255,92.9,72.43,86.42,14.044,-3.528,NA
"A046",256,93.69,72.34,87.39,14.305,-3.015,NA
"A046",257,94.92,72.56,87.39,14.137,-3.503,NA
"A046",258,95.28,72.48,86.84,14.438,-4.301,NA
"A047",1,59.56,81.67,65.51,13.336,-5.463,-5.463
"A047",2,58.71,81.63,64.8,13.171,-5.52,-5.52
"A047",3,58.51,81.58,64.43,13.532,-5.763,-5.763
"A047",4,58.83,80.85,65.26,13.07,-5.517,-5.517
"A047",5,59.23,80.74,64.81,13.479,-6.32,-6.32
"A047",6,58.47,79.78,64.57,13.055,-6.397,-6.397
"A047",7,57.92,79.84,64.21,13.691,-6.28,-6.28
"A047",8,58.07,79.57,64.04,13.925,-6.708,-6.708
"A047",9,58.46,78.98,65.03,13.412,-6.307,-6.307
"A047",10,58.12,78.98,63.71,14.034,-7.351,-7.351
"A047",11,57.78,79.07,63.92,13.905,-6.825,-6.825
"A047",12,58.36,79.83,62.73,14.735,-8.132,-8.132
"A047",13,57.85,80.46,62.88,14.336,-7.271,-7.271
"A047",14,57.42,79.41,63.12,13.957,-7.156,-7.156
"A047",15,57.29,78.83,63.33,13.989,-7.109,-7.109
"A047",16,57.1,78.33,62.95,14.302,-7.567,-7.567
"A047",17,56.4,78.91,62.23,13.587,-7.384,-7.384
"A047",18,57.28,78.83,62.59,15.58,-7.841,-7.841
"A047",19,57.41,79.23,62.1,14.797,-8.254,-8.254
"A047",20,56.04,78.65,61.86,14.044,-7.555,-7.555
"A047",21,56.04,78.42,62.98,13.57,-6.554,-6.554
"A047",22,55.77,77.44,62.98,13.689,-6.789,-6.789
"A047",23,55.92,76,63.5,14.012,-7.13,-7.13
"A047",24,56.78,76.84,63.87,13.138,-7.088,-7.088
"A047",25,56.64,76.65,63.4,14.492,-7.531,-7.531
"A047",26,55.72,74.76,64.13,14.438,-6.938,-6.938
"A047",27,55.92,74.44,64.45,14.002,-6.946,-6.946
"A047",28,57.21,75.14,65.98,13.918,-6.161,-6.161
"A047",29,57.58,75.92,65.84,13.815,-6.231,-6.231
"A047",30,57.41,74.99,66.49,13.763,-5.886,-5.886
"A047",31,57.15,74.6,66.75,13.382,-5.604,-5.604
"A047",32,56.06,74.4,65.31,13.608,-6.224,-6.224
"A047",33,55.72,73.99,65.02,13.598,-6.424,-6.424
"A047",34,56.86,74.02,65.26,13.774,-7.131,-7.131
"A047",35,57,74.32,65.47,13.49,-6.89,-6.89
"A047",36,57.63,74.4,65.45,14.552,-7.387,-7.387
"A047",37,57.25,74.81,65.11,13.401,-7.226,-7.226
"A047",38,57.83,74.91,66.62,13.829,-6.131,-6.131
"A047",39,56.47,73.94,65.63,13.771,-6.473,-6.473
"A047",40,56,73.38,65.58,14.159,-6.408,-6.408
"A047",41,55.85,72.79,65.89,13.433,-6.256,-6.256
"A047",42,55.84,72.62,65.85,13.869,-6.364,-6.364
"A047",43,54.82,72.23,64.12,14.504,-7.404,-7.404
"A047",44,54.72,72.66,64.25,13.882,-6.963,-6.963
"A047",45,54.03,72.29,63.74,14.151,-7.022,-7.022
"A047",46,54.06,72.63,64.59,14.767,-6.032,-6.032
"A047",47,53.82,72.38,64.95,13.559,-5.573,-5.573
"A047",48,53.81,72.84,63.28,13.799,-6.999,-6.999
"A047",49,53.71,73.05,62.93,14.08,-7.15,-7.15
"A047",50,53.15,74.19,61.72,14.704,-7.196,-7.196
"A047",51,54.17,73.75,62.98,14.212,-7.173,-7.173
"A047",52,53.43,73.36,61.38,14.262,-8.259,-8.259
"A047",53,53.4,73.26,62.22,14.503,-7.441,-7.441
"A047",54,51.8,72.92,60.44,14.721,-7.755,-7.755
"A047",55,51.77,72.5,60.77,13.587,-7.631,-7.631
"A047",56,51,73.3,59.64,13.692,-7.47,-7.47
"A047",57,51.35,72.68,60.31,14.11,-7.53,-7.53
"A047",58,51.45,72.6,59.83,14.724,-8.17,-8.17
"A047",59,52.26,72.65,60.98,15.11,-7.847,-7.847
"A047",60,51.33,72.76,60,14.739,-7.783,-7.783
"A047",61,51.45,73.38,60.36,14.108,-7.194,-7.194
"A047",62,51.77,72.45,60.69,14.186,-7.73,-7.73
"A047",63,52.97,72.48,62.31,13.392,-7.342,-7.342
"A047",64,53.1,72.23,62.27,14.538,-7.623,-7.623
"A047",65,53.37,72.01,62.45,14.327,-7.831,-7.831
"A047",66,53.89,71.83,63.65,13.961,-7.219,-7.219
"A047",67,53.81,70.38,63.98,14.43,-7.538,-7.538
"A047",68,52.93,70.74,62.78,13.883,-7.734,-7.734
"A047",69,53.2,70.89,62.51,15.026,-8.181,-8.181
"A047",70,53.41,70.95,62.83,14.631,-8.032,-8.032
"A047",71,52.59,70.67,62.85,14.606,-7.358,-7.358
"A047",72,52.92,71.11,63.54,14.124,-6.769,-6.769
"A047",73,52.45,72.15,63.1,14.168,-6.188,-6.188
"A047",74,51.53,71.95,61.99,13.527,-6.444,-6.444
"A047",75,51.35,71.75,62.71,13.613,-5.644,-5.644
"A047",76,50.56,71.36,62,13.277,-5.715,-5.715
"A047",77,51.28,72.07,61.97,13.586,-6.143,-6.143
"A047",78,51.87,73.53,62.35,14.085,-5.588,-5.588
"A047",79,50.51,72.86,61.8,12.823,-5.001,-5.001
"A047",80,49.7,73.52,60.47,13.299,-4.982,-4.982
"A047",81,49.48,73.25,60.7,13.097,-4.649,-4.649
"A047",82,49.48,72.93,61.2,12.655,-4.355,-4.355
"A047",83,48.54,73.23,58.94,12.793,-5.252,-5.252
"A047",84,48.79,73.43,58.9,13.655,-5.491,-5.491
"A047",85,48.91,72.65,59.47,13.719,-5.546,-5.546
"A047",86,48.16,72.9,58.47,13.517,-5.454,-5.454
"A047",87,47.99,73.08,58.31,13.563,-5.279,-5.279
"A047",88,48.48,72.34,58.85,13.565,-5.827,-5.827
"A047",89,48.52,72.02,58.44,13.4,-6.481,-6.481
"A047",90,47.33,71.43,57.99,13.697,-5.807,-5.807
"A047",91,46.69,70.91,57.02,12.823,-6.27,-6.27
"A047",92,45.83,70.4,55.88,13.837,-6.595,-6.595
"A047",93,44.38,69.26,54.75,14.389,-6.52,-6.52
"A047",94,44.65,68.77,56.51,13.046,-5.419,-5.419
"A047",95,44.42,68.15,56.4,12.721,-5.622,-5.622
"A047",96,44.58,67.96,56.82,13.106,-5.535,-5.535
"A047",97,45.4,68,57.19,13.56,-6.222,-6.222
"A047",98,44.68,67.4,56.22,14.332,-6.598,-6.598
"A047",99,45.59,66.65,57.73,14.038,-6.695,-6.695
"A047",100,45.43,67.44,57.52,13.95,-6.244,-6.244
"A047",101,44.98,68.33,56.29,14.243,-6.367,-6.367
"A047",102,44.31,68.3,56.14,13.358,-5.63,-5.63
"A047",103,43.86,67.68,55.93,13.178,-5.623,-5.623
"A047",104,43.76,66.88,57.79,12.325,-4.112,-4.112
"A047",105,44.11,66.41,56.95,13.467,-5.688,-5.688
"A047",106,43.81,65.83,56.46,13.201,-6.114,-6.114
"A047",107,43.67,66.31,56.6,13.062,-5.508,-5.508
"A047",108,44.15,65.79,59.02,12.814,-4.015,-4.015
"A047",109,43.62,64.27,58.34,12.257,-4.838,-4.838
"A047",110,45.08,63.61,59.68,12.774,-5.711,-5.711
"A047",111,44.83,64.55,58.75,14.003,-5.841,-5.841
"A047",112,44.16,65.36,57.67,13.034,-5.624,-5.624
"A047",113,43.09,65.15,56.64,13.241,-5.365,-5.365
"A047",114,42.33,65.23,54.97,13.162,-5.972,-5.972
"A047",115,41.97,66.32,54.35,13.18,-5.452,-5.452
"A047",116,41.42,65.88,53.89,13.148,-5.433,-5.433
"A047",117,41.46,66.86,52.35,14.206,-6.439,-6.439
"A047",118,42.07,67.65,51.97,13.49,-7.15,-7.15
"A047",119,43.48,67.33,55.81,13.784,-5.449,NA
"A047",120,43.1,67.11,54.82,13.948,-6.045,NA
"A047",121,42.13,67.08,53.67,14.02,-5.893,NA
"A047",122,42.18,67.45,54.02,13.152,-5.381,NA
"A047",123,42.09,67.46,53.39,13.904,-5.876,NA
"A047",124,41.68,66.74,53.21,13.016,-5.955,NA
"A047",125,41.8,66.85,53.52,12.951,-5.737,NA
"A047",126,42.69,67.4,53.76,13.512,-6.375,NA
"A047",127,42.27,68.22,53.16,13.701,-5.869,NA
"A047",128,41.97,67.7,52.86,14.078,-6.082,NA
"A047",129,41.2,67.27,52.23,13.421,-5.923,NA
"A047",130,41.25,67.6,52.48,12.937,-5.528,NA
"A047",131,40.57,68.35,50.42,13.906,-6.115,NA
"A047",132,40.55,67.62,51.49,13.991,-5.528,NA
"A047",133,41.88,66.75,53.85,12.596,-5.571,NA
"A047",134,41.89,64.96,54.48,13.665,-6.023,NA
"A047",135,40.97,64.58,52.84,14.739,-6.635,NA
"A047",136,40.31,65.37,51.05,14.107,-7.073,NA
"A047",137,41.3,64.41,53.46,13.857,-6.558,NA
"A047",138,41.05,64.74,52.64,13.795,-6.846,NA
"A047",139,41.09,65.01,52.37,14.894,-7.018,NA
"A047",140,41.72,64.52,52.6,15.143,-7.915,NA
"A047",141,40.66,65.77,51.24,14.977,-7.12,NA
"A047",142,41.39,65.23,53.14,13.84,-6.533,NA
"A047",143,40.36,64.97,52.4,13.47,-6.023,NA
"A047",144,39.39,64.57,50.56,13.019,-6.781,NA
"A047",145,39.49,65.11,50.81,12.959,-6.341,NA
"A047",146,38.36,64.86,48.92,14.755,-6.864,NA
"A047",147,37.6,65.18,47.83,13.739,-6.743,NA
"A047",148,39.09,65.34,50.24,13.682,-6.234,NA
"A047",149,38.63,65.47,49.87,13.048,-5.909,NA
"A047",150,37.98,65.04,49.17,13.097,-6.002,NA
"A047",151,37.96,64.61,49.65,13.605,-5.76,NA
"A047",152,37.61,64.49,48.22,13.879,-6.795,NA
"A047",153,37.68,64.64,49.4,13.309,-5.625,NA
"A047",154,36.76,64.14,48.24,13.928,-5.892,NA
"A047",155,37.43,63.53,48.47,14.451,-6.887,NA
"A047",156,38.12,63.59,48.72,14.499,-7.501,NA
"A047",157,39.03,63.75,49.83,14.182,-7.518,NA
"A047",158,38.55,63.91,47.76,14.618,-8.853,NA
"A047",159,37.44,63.05,46.64,15.814,-9.014,NA
"A047",160,37.54,62.65,47.73,14.353,-8.273,NA
"A047",161,37.32,63.47,47.37,14.873,-7.882,NA
"A047",162,36.61,62.96,46.96,14.189,-7.671,NA
"A047",163,37.31,63.74,47.43,14.185,-7.651,NA
"A047",164,37.91,64.73,47.6,14.202,-7.664,NA
"A047",165,37.87,64.68,48.13,14.319,-7.117,NA
"A047",166,38.42,64.66,49.3,14.181,-6.687,NA
"A047",167,38.22,63.33,48.72,14.516,-7.791,NA
"A047",168,38.24,62.64,49.14,14.262,-7.797,NA
"A047",169,37.72,62.85,48.59,13.766,-7.54,NA
"A047",170,37.21,62.46,46.66,16.063,-9.035,NA
"A047",171,37.24,62.36,46.75,15.157,-9.029,NA
"A047",172,36.93,61.35,47.41,15.108,-8.545,NA
"A047",173,37.41,61.3,48.86,14.472,-7.75,NA
"A047",174,36.98,59.54,49.73,14.241,-7.326,NA
"A047",175,36.69,59.54,49.68,15.078,-7.02,NA
"A047",176,36.61,59.02,50.12,13.883,-6.777,NA
"A047",177,35.97,58.66,49.77,14.036,-6.552,NA
"A047",178,37.29,58.03,52.04,13.775,-6.303,NA
"A047",179,36.55,57.93,51.53,13.386,-5.952,NA
"A047",180,36.63,56.79,52.2,13.304,-6.087,NA
"A047",181,36.45,56.28,52.01,13.171,-6.387,NA
"A047",182,35.8,56.4,50.67,13.487,-6.843,NA
"A047",183,35.57,57.14,50.9,13.901,-5.867,NA
"A047",184,34.34,56.62,49.39,13.244,-6.257,NA
"A047",185,34.08,57.32,48.06,14.029,-6.84,NA
"A047",186,34.19,58.49,46.81,14.197,-7.495,NA
"A047",187,33.46,59.8,45.6,13.499,-7.097,NA
"A047",188,33.87,59.78,46.28,13.689,-6.892,NA
"A047",189,32.95,58.61,44.67,14.852,-8.167,NA
"A047",190,32.75,59.13,44.22,14.301,-8.08,NA
"A047",191,33.11,57.89,45.78,14.758,-7.662,NA
"A047",192,32.86,57.83,45.71,13.541,-7.49,NA
"A047",193,32.31,58.29,45.06,14.255,-7.268,NA
"A047",194,31.53,59.25,43.4,13.954,-7.565,NA
"A047",195,30.89,59.63,42.1,14.041,-8.009,NA
"A047",196,31.34,59.56,42.63,15.226,-7.966,NA
"A047",197,31.38,59.55,42.84,14.761,-7.794,NA
"A047",198,30.72,58.54,42.59,14.697,-7.976,NA
"A047",199,31.69,58.24,43.33,14.396,-8.388,NA
"A047",200,31.55,58.77,43.05,14.241,-8.205,NA
"A047",201,31.27,57.61,42.87,14.261,-8.795,NA
"A047",202,30.68,57.69,43.24,14.033,-7.79,NA
"A047",203,31.37,58.36,43.66,14.103,-7.655,NA
"A047",204,31.14,58.24,42.27,14.665,-8.892,NA
"A047",205,31.13,57.12,43.32,14.422,-8.511,NA
"A047",206,30.93,56.63,43.57,15.402,-8.36,NA
"A047",207,31.55,56.76,43.53,15.166,-8.952,NA
"A047",208,30.4,58.13,41.28,14.988,-9.213,NA
"A047",209,29.74,57.5,40.39,15.093,-9.858,NA
"A047",210,29.71,58.01,39.92,16.151,-9.997,NA
"A047",211,29.81,58.41,40.34,14.567,-9.436,NA
"A047",212,29.41,58.82,40.88,14.273,-8.313,NA
"A047",213,29.2,58.38,39.96,15.459,-9.279,NA
"A047",214,29.34,57.96,40.36,15.25,-9.246,NA
"A047",215,29.16,57.27,40.78,15.196,-9.056,NA
"A047",216,29.43,56.76,41.06,14.7,-9.339,NA
"A047",217,29.48,55.93,41.39,14.942,-9.562,NA
"A047",218,29.4,56.31,41.14,15.013,-9.506,NA
"A047",219,28.8,55.91,41.16,15.19,-9.174,NA
"A047",220,28.99,55.53,42.23,14.956,-8.522,NA
"A047",221,27.95,55.15,42.35,14.203,-7.669,NA
"A047",222,27.95,55.22,42.18,14.616,-7.8,NA
"A047",223,27.23,55.71,40.86,14.079,-8.184,NA
"A047",224,27.3,55.75,41.66,14.617,-7.422,NA
"A047",225,27.42,56.19,41.61,15.31,-7.319,NA
"A047",226,28,56.01,42.57,14.504,-6.972,NA
"A047",227,27.12,57.12,43,12.515,-5.165,NA
"A047",228,26.31,57.9,42.49,12.597,-4.638,NA
"A047",229,26.24,56.94,42.46,13.301,-5.083,NA
"A047",230,26.1,56.73,42.88,12.727,-4.661,NA
"A047",231,25.21,56.5,42.21,12.926,-4.732,NA
"A047",232,25.33,56.69,42.15,12.632,-4.791,NA
"A047",233,26.12,56.23,43.3,12.267,-4.511,NA
"A047",234,25.35,56.72,42.22,12.807,-4.725,NA
"A047",235,25.96,57.01,41.56,13.539,-5.732,NA
"A047",236,25.76,57.07,40.93,13.068,-6.173,NA
"A047",237,26.06,58.02,40.57,13.689,-6.307,NA
"A047",238,26.83,58.1,41.26,13.023,-6.166,NA
"A047",239,26.88,56.95,41.66,13.733,-6.392,NA
"A047",240,26.72,56.01,41.76,13.451,-6.669,NA
"A047",241,25.15,55.25,40.75,14.041,-6.77,NA
"A047",242,24.6,55.81,39.58,13.879,-7.201,NA
"A047",243,23.81,55.62,38.91,14.598,-7.319,NA
"A047",244,24.25,54.74,39.87,14.229,-7.133,NA
"A047",245,24.19,55.05,39.6,14.787,-7.198,NA
"A047",246,23.74,54.07,40.37,13.168,-6.514,NA
"A047",247,24.03,53.16,40.07,14.963,-7.554,NA
"A047",248,24.11,52.76,40.75,13.838,-7.174,NA
"A047",249,23.72,53.29,40.19,14.309,-7.074,NA
"A047",250,23.51,53.74,39.9,14.373,-6.931,NA
"A047",251,23.26,53.1,40.19,14.442,-6.734,NA
"A047",252,23.54,53.99,40.23,13.126,-6.512,NA
"A047",253,23.81,54.66,41.35,13.12,-5.314,NA
"A047",254,24.08,55.09,41.27,12.644,-5.422,NA
"A047",255,22.78,55.27,40.4,13.012,-5.13,NA
"A047",256,22.63,55.75,40,12.862,-5.227,NA
"A047",257,21.92,54.92,39.4,12.747,-5.526,NA
"A047",258,21.79,54.05,37.9,13.891,-7.216,NA
"A047",259,21.18,53.86,37.91,13.975,-6.701,NA
"A047",260,22.05,53.91,39.48,13.48,-5.939,NA
"A047",261,22.12,53.44,39.83,12.807,-5.842,NA
"A047",262,21.86,53.6,39.43,13.361,-5.923,NA
"A047",263,22.77,52.92,39.39,13.631,-7.15,NA
"A047",264,22.39,52.88,38.89,13.936,-7.294,NA
"A047",265,22.67,51.9,39.42,14.073,-7.541,NA
"A047",266,22.06,50.84,39,14.592,-7.882,NA
"A047",267,21.87,50.76,39.34,14.475,-7.369,NA
"A047",268,22.78,50.36,40.99,14.373,-6.992,NA
"A047",269,21.63,49.44,40.14,14,-7.042,NA
"A047",270,21.72,50.1,39.46,13.628,-7.442,NA
"A047",271,22.11,50.22,39.32,15.23,-7.967,NA
"A047",272,22.34,49.91,40.57,14.576,-7.178,NA
"A047",273,23.41,50.48,40.85,14.427,-7.748,NA
"A047",274,23.38,50.44,40.62,14.84,-7.973,NA
"A047",275,22.52,49.96,39.74,13.432,-8.194,NA
"A047",276,21.45,49.64,38.18,14.94,-8.66,NA
"A047",277,21.6,50.24,39.18,14.855,-7.499,NA
"A047",278,21.59,50.56,38.3,14.391,-8.189,NA
"A047",279,22.13,50.84,38.52,14.835,-8.436,NA
"A047",280,21.41,50.8,38.13,14.26,-8.025,NA
"A047",281,20.7,50.81,37.77,14.574,-7.55,NA
"A047",282,20.43,50.96,36.73,15.417,-8.202,NA
"A047",283,20.01,48.96,38.3,14.256,-7.08,NA
"A047",284,18.79,49.36,36.08,14.59,-7.446,NA
"A047",285,19.07,48.77,37.19,14.29,-7.006,NA
"A047",286,18.26,49.88,34.98,14.538,-7.62,NA
"A047",287,18.4,49.65,36.01,13.439,-6.86,NA
"A047",288,18.05,49.26,36.73,13.523,-5.812,NA
"A047",289,17.26,50.27,35.49,14.256,-5.618,NA
"A047",290,16.34,49.92,35.36,13.104,-4.534,NA
"A047",291,16.68,49.21,36.81,12.454,-3.755,NA
"A047",292,17.43,48.51,38.56,12.398,-3.368,NA
"A047",293,15.98,47.58,37.15,11.594,-2.897,NA
"A047",294,16.29,48.59,37.14,11.958,-3.037,NA
"A047",295,16.54,48.42,36.37,12.613,-4.244,NA
"A047",296,16.59,48.06,36.96,12.49,-3.854,NA
"A047",297,16.63,47.9,36.45,12.176,-4.503,NA
"A047",298,16.23,47.43,35.11,13.517,-5.397,NA
"A047",299,15.78,47.88,34.01,13.39,-5.598,NA
"A047",300,16.04,47.7,33.96,13.765,-6.141,NA
"A047",301,15.55,47.77,32.26,13.764,-7.009,NA
"A047",302,15.33,47.74,32.11,14.078,-6.823,NA
"A047",303,14.2,47.91,29.63,14.361,-7.404,NA
"A048",1,38.84,21.13,74.64,19.433,-6.983,-6.983
"A048",2,39.59,21.39,74.95,19.968,-6.745,-6.745
"A048",3,39.47,22.33,73.86,20.721,-7.53,-7.53
"A048",4,38.58,22.97,74.24,20.163,-6.744,-6.744
"A048",5,38.05,22.88,74.89,18.929,-5.981,-5.981
"A048",6,38.28,22.02,74.88,19.239,-6.326,-6.326
"A048",7,38.1,22.37,74.87,19.359,-6.177,-6.177
"A048",8,38.76,22.5,75.57,18.554,-5.6,-5.6
"A048",9,38.39,23.08,75.01,19.541,-5.887,-5.887
"A048",10,39.16,23.86,75.72,18.709,-5.15,-5.15
"A048",11,38.7,21.62,75.74,19.378,-5.69,-5.69
"A048",12,38.41,21.88,75.13,19.925,-6.154,-6.154
"A048",13,39.25,21.63,74.28,20.205,-7.271,-7.271
"A048",14,40.09,22.57,74.33,19.832,-7.133,-7.133
"A048",15,39.14,22.31,73.23,20.203,-8.082,-8.082
"A048",16,39.33,22.78,73.94,20.313,-7.276,-7.276
"A048",17,40.38,23.15,74.91,19.826,-6.466,-6.466
"A048",18,39.62,22.71,74.56,19.521,-6.749,-6.749
"A048",19,40.16,23.46,74.68,19.461,-6.555,-6.555
"A048",20,38.86,24.06,74.35,19.458,-6.381,-6.381
"A048",21,38.71,24.55,74.19,19.649,-6.355,-6.355
"A048",22,38.34,25.64,73.93,19.011,-6.178,-6.178
"A048",23,38.4,26.24,74.34,18.614,-5.606,-5.606
"A048",24,38.54,26.51,74.99,18.295,-4.934,-4.934
"A048",25,38.74,24.75,75.54,18.555,-4.954,-4.954
"A048",26,39.11,25.46,75.13,18.306,-5.275,-5.275
"A048",27,39.54,26.7,74.51,18.802,-5.693,-5.693
"A048",28,39.65,27.5,74.71,18.497,-5.323,-5.323
"A048",29,39.32,27.76,74.05,18.638,-5.789,-5.789
"A048",30,39.3,28.39,74.25,19,-5.394,-5.394
"A048",31,39.53,28.08,74.31,18.129,-5.512,-5.512
"A048",32,39.16,28.04,74.48,18.776,-5.216,-5.216
"A048",33,38.34,27.63,74.18,17.834,-5.322,-5.322
"A048",34,38.23,27.65,73.62,19.496,-5.835,-5.835
"A048",35,40.62,28.4,74.01,19.365,-6.149,-6.149
"A048",36,40.02,29.28,72.9,19.442,-6.781,-6.781
"A048",37,40.3,30.08,72.45,19.277,-7.115,-7.115
"A048",38,40.44,30.46,72.73,19.532,-6.791,-6.791
"A048",39,40.28,30.48,72.5,20.071,-6.938,-6.938
"A048",40,40.61,31.43,72.98,18.871,-6.318,-6.318
"A048",41,41.14,31.55,73.39,19.173,-6.123,-6.123
"A048",42,41.56,31.1,73.08,20.179,-6.768,-6.768
"A048",43,40.93,31.12,72.52,19.109,-7.023,-7.023
"A048",44,40.33,31.52,72.96,19.556,-6.165,-6.165
"A048",45,39.94,31.58,73.31,18.834,-5.61,-5.61
"A048",46,39.47,33.86,72,18.897,-5.772,-5.772
"A048",47,39.86,33.17,72.97,19.335,-5.311,-5.311
"A048",48,39.28,33.58,72.5,18.807,-5.277,-5.277
"A048",49,39.2,33.79,72.34,18.614,-5.306,-5.306
"A048",50,38.4,34.18,71.46,19.134,-5.522,-5.522
"A048",51,37.93,34.65,70.81,18.566,-5.628,-5.628
"A048",52,37.88,36.05,70.55,18.697,-5.086,-5.086
"A048",53,38.06,35.73,70.94,18.412,-4.994,-4.994
"A048",54,38.21,35.29,71.25,18.489,-5.032,-5.032
"A048",55,37.6,36.37,69.44,19.217,-5.806,-5.806
"A048",56,37.66,37.43,68.91,18.697,-5.714,-5.714
"A048",57,38.91,36.38,70.52,18.965,-5.631,-5.631
"A048",58,39.14,36.94,70.79,18.37,-5.203,-5.203
"A048",59,39.97,37.75,70.35,18.124,-5.771,-5.771
"A048",60,39.5,38.1,70.52,18.729,-5.053,-5.053
"A048",61,40.89,37.76,71.93,17.796,-4.84,-4.84
"A048",62,40.52,38.54,71.35,18.747,-4.71,-4.71
"A048",63,41.34,38.31,71.22,19.62,-5.579,-5.579
"A048",64,41.39,38.39,70.06,19.963,-6.728,-6.728
"A048",65,42.34,39.72,69.82,19.637,-6.929,-6.929
"A048",66,43.22,39.34,71.58,19.269,-6.039,-6.039
"A048",67,43.57,40.65,71.83,18.149,-5.357,-5.357
"A048",68,42.25,41.25,71,17.897,-4.785,-4.785
"A048",69,41.63,41.67,70.29,18.441,-4.709,-4.709
"A048",70,41.56,40.83,70.61,18.168,-4.867,-4.867
"A048",71,42.27,40.25,72.08,17.694,-4.321,-4.321
"A048",72,42,40.87,71.15,18.213,-4.67,-4.67
"A048",73,41.21,40.71,69.23,18.666,-6.042,-6.042
"A048",74,40.67,41.58,67.96,19.469,-6.291,-6.291
"A048",75,40.41,42.51,68.13,18.01,-5.253,-5.253
"A048",76,41.01,42.79,68.29,18.517,-5.427,-5.427
"A048",77,40.31,42.88,67.74,18.362,-5.285,NA
"A048",78,39.47,42.74,66.93,18.776,-5.436,NA
"A048",79,39.19,42.62,65.87,19.623,-6.331,NA
"A048",80,38.25,42.79,63.82,18.902,-7.38,NA
"A048",81,39.28,42.72,64.34,19.967,-7.865,NA
"A048",82,39.24,42.18,64.92,20.222,-7.655,NA
"A048",83,38.9,43.13,64.28,19.559,-7.262,NA
"A048",84,38.63,44.11,64.32,19.359,-6.193,NA
"A048",85,37.86,45.13,62.11,18.979,-6.784,NA
"A048",86,38.08,45.34,62.1,19.507,-6.847,NA
"A048",87,38.59,44.54,63.6,19.266,-6.511,NA
"A048",88,38.26,44.69,63.24,19.494,-6.435,NA
"A048",89,38.76,45.21,62.84,19.064,-6.897,NA
"A048",90,38.51,45.46,63.16,19.168,-6.122,NA
"A048",91,38.38,45.31,63.25,19.443,-6.021,NA
"A048",92,39.48,46.58,62.81,19.393,-6.542,NA
"A048",93,39.63,47.02,62.24,20.368,-6.924,NA
"A048",94,40.09,47.87,62.27,20.302,-6.704,NA
"A048",95,39.59,48.02,62.3,19.125,-6.027,NA
"A048",96,38.73,48.05,61.27,20.068,-6.101,NA
"A048",97,38.5,47.93,60.41,19.723,-6.801,NA
"A048",98,37.85,47.56,59.88,19.698,-6.927,NA
"A048",99,37.65,47.43,59.17,19.171,-7.543,NA
"A048",100,37.26,47.57,58.42,20.182,-7.739,NA
"A048",101,36.84,47.93,57.72,20.486,-7.674,NA
"A048",102,37.66,48.27,58.88,19.98,-7.118,NA
"A048",103,38.53,49.26,59.19,19.486,-6.951,NA
"A048",104,38.46,48.85,58.8,20.99,-7.598,NA
"A048",105,38.62,47.89,61.37,19.355,-6,NA
"A048",106,39.15,47.3,62.93,19.124,-5.502,NA
"A048",107,39.43,47.87,62.58,18.837,-5.686,NA
"A048",108,39.72,48.03,64.08,18.057,-4.373,NA
"A048",109,40.17,48.97,64.57,17.706,-3.641,NA
"A048",110,39.94,48.15,64.68,17.841,-3.92,NA
"A048",111,39.53,48.49,62.99,18.761,-4.889,NA
"A048",112,39.25,49.42,61.1,18.815,-5.731,NA
"A048",113,38.52,49,59.6,19.85,-6.739,NA
"A048",114,38.48,49.45,58.94,19.847,-6.995,NA
"A048",115,38.43,50.27,56.44,20.31,-8.783,NA
"A048",116,38.77,50.19,55.9,21.341,-9.759,NA
"A048",117,38.52,50.94,55.54,20.778,-9.244,NA
"A048",118,39.3,52.12,56.09,20.676,-8.719,NA
"A048",119,39.02,53.06,54.06,21.683,-9.732,NA
"A048",120,39.13,52.03,54.44,20.94,-10.243,NA
"A048",121,38.98,52.21,53.85,21.687,-10.516,NA
"A048",122,38.78,53.16,52.13,21.573,-11.298,NA
"A048",123,38.32,52.82,50.9,21.415,-12.216,NA
"A048",124,38.15,53.6,50.59,21.366,-11.747,NA
"A048",125,38,54.81,48.66,22.05,-12.646,NA
"A048",126,37.34,55.05,48.05,21.645,-12.264,NA
"A048",127,37.57,55.13,49.06,20.868,-11.493,NA
"A048",128,38.72,54.65,50.64,21.223,-11.662,NA
"A048",129,38.48,54.39,50.55,21.817,-11.638,NA
"A048",130,37.88,54.86,50.8,21.33,-10.315,NA
"A048",131,37.55,55.62,50.87,20.925,-9.32,NA
"A048",132,37.05,56.26,49.54,20.876,-9.611,NA
"A048",133,36.44,56.33,49.22,20.653,-9.134,NA
"A048",134,36.92,56.37,50.92,19.411,-7.992,NA
"A048",135,37.21,56.92,51.52,19.509,-7.408,NA
"A048",136,37.82,57.53,53.02,19.624,-6.292,NA
"A048",137,38,58.14,52.46,19.403,-6.714,NA
"A048",138,38.76,58.44,52.21,20.442,-7.766,NA
"A048",139,38.91,57.52,51.16,21.131,-9.548,NA
"A048",140,40.28,57.07,53.15,21.118,-9.591,NA
"A048",141,40.32,57.69,53.18,20.851,-9.244,NA
"A048",142,40.91,58.16,53.49,20.898,-9.433,NA
"A048",143,41.51,59.09,55.81,19.869,-7.375,NA
"A048",144,41.5,58.74,55.15,19.791,-8.197,NA
"A048",145,41.45,59.39,55.18,20.562,-7.752,NA
"A048",146,41.04,59.89,54.33,20.605,-7.808,NA
"A048",147,40.81,60.07,54.12,19.809,-7.619,NA
"A048",148,41.28,60.75,54.95,18.787,-7.029,NA
"A048",149,40.61,61.25,54.37,19.358,-6.451,NA
"A048",150,40.97,60.85,55.8,19.117,-5.712,NA
"A048",151,41.05,60.15,56.53,19.097,-5.469,NA
"A048",152,41.21,59.31,56.12,18.745,-6.545,NA
"A048",153,41.58,59.63,56.51,19.896,-6.458,NA
"A048",154,42.01,59.98,57.17,19.126,-6.177,NA
"A048",155,41.65,60.75,55.61,20.112,-6.857,NA
"A048",156,42.77,62.19,56.55,19.789,-6.623,NA
"A048",157,42.12,62.37,56.35,19.015,-5.87,NA
"A048",158,41.73,62.84,56.44,18.312,-5.01,NA
"A048",159,42.07,63.22,57.75,17.65,-3.962,NA
"A048",160,42.23,63.04,58.23,18.038,-3.788,NA
"A048",161,41.33,63.87,55.71,18.105,-4.657,NA
"A048",162,41.35,64.3,54.1,18.952,-6.052,NA
"A048",163,42.14,64.82,56.18,18.765,-4.739,NA
"A048",164,42.41,65.25,56.54,17.755,-4.494,NA
"A048",165,41.75,65.8,55.4,18.138,-4.433,NA
"A048",166,42.16,65.57,55.67,18.022,-4.853,NA
"A048",167,42.05,65.8,56.62,17.546,-3.621,NA
"A048",168,41.98,66.44,56.38,18.221,-3.38,NA
"A048",169,41.17,66.52,54.24,18.041,-4.362,NA
"A048",170,39.92,66.64,52.06,18.479,-4.726,NA
"A048",171,40.49,67.75,51.18,18.798,-5.654,NA
"A048",172,39.95,67.43,50.48,19.22,-5.83,NA
"A048",173,39.46,67.13,49.09,19.954,-6.727,NA
"A048",174,38.17,66,48.07,19.866,-6.744,NA
"A048",175,38.99,65.97,48.96,19.924,-6.979,NA
"A048",176,39.52,65.68,50.17,19.353,-6.683,NA
"A048",177,39.66,65.9,49.9,20.07,-7,NA
"A048",178,39.09,67.58,48.29,19.655,-6.713,NA
"A048",179,38.6,69.18,46.05,19.426,-7.067,NA
"A048",180,38.15,69.72,45.9,18.904,-6.137,NA
"A048",181,38.48,69.85,44.98,19.822,-7.422,NA
"A048",182,38.7,70.4,44.85,20.596,-7.401,NA
"A048",183,38.39,70.18,45.19,19.571,-6.795,NA
"A048",184,37.49,70.58,44.42,19.371,-5.917,NA
"A048",185,38.33,71.06,46.23,18.659,-4.9,NA
"A048",186,39.05,70.43,48.07,18.434,-4.658,NA
"A048",187,39.32,70.6,49.26,18.044,-3.736,NA
"A048",188,39.1,71.63,47.06,17.61,-4.719,NA
"A048",189,38.82,72.29,45.19,18.586,-5.546,NA
"A048",190,38.82,72.98,44.4,18.304,-5.659,NA
"A048",191,38.84,72.32,43.97,19.677,-6.766,NA
"A048",192,38.31,72.36,43.27,19.499,-6.622,NA
"A048",193,38.8,72.97,43.43,19.344,-6.626,NA
"A048",194,38.05,73.18,42.24,19.013,-6.446,NA
"A048",195,38.37,73.23,41.31,19.842,-7.812,NA
"A048",196,38.62,73.24,42.24,19.956,-7.256,NA
"A048",197,39.76,73.83,44.93,19.701,-5.793,NA
"A048",198,40.51,74.25,44.66,19.395,-6.862,NA
"A048",199,41.38,74.09,46.22,19.508,-6.848,NA
"A048",200,41.85,74.4,47.11,18.811,-6.432,NA
"A048",201,42.25,75.04,47.18,19.507,-6.452,NA
"A048",202,41.66,74.69,45.77,19.618,-7.203,NA
"A048",203,42.08,75.41,46.07,20.312,-6.935,NA
"A048",204,42.56,75.01,47.56,19.056,-6.604,NA
"A048",205,41.59,73.76,46.9,20.01,-6.807,NA
"A048",206,42.12,74.09,47.04,19.983,-7.211,NA
"A048",207,41.09,73.89,45.56,19.727,-7.235,NA
"A048",208,41.49,74.25,46.72,19.147,-6.383,NA
"A048",209,41.81,74.29,47.36,18.919,-6.233,NA
"A049",1,85.74,19.63,102.45,15.385,-9.307,-9.307
"A049",2,85.63,20.34,102.3,15.792,-9.119,-9.119
"A049",3,84.79,19.69,102.18,16.252,-9.016,-9.016
"A049",4,86.27,18.92,102.7,16.4,-9.642,-9.642
"A049",5,84.89,17.99,101.8,16.794,-10.135,-10.135
"A049",6,85.26,18.4,101.72,15.517,-10.26,-10.26
"A049",7,85.28,18.61,101.54,16.457,-10.367,-10.367
"A049",8,85.47,19.59,100.78,16.621,-10.845,-10.845
"A049",9,85.75,20.1,101.19,16.849,-10.388,-10.388
"A049",10,86.1,18.76,102.69,17.029,-9.623,-9.623
"A049",11,86.54,18.72,103.79,15.816,-8.781,-8.781
"A049",12,85.72,18.18,103.88,15.788,-8.448,-8.448
"A049",13,85.84,17.98,104.48,15.231,-7.995,-7.995
"A049",14,84.46,17.07,103.47,16.088,-8.591,-8.591
"A049",15,85.08,16.78,103.94,15.613,-8.584,-8.584
"A049",16,84.96,17.95,102.11,16.212,-9.878,-9.878
"A049",17,84.63,17.03,103.03,15.401,-9.137,-9.137
"A049",18,83.96,16.83,101.88,16.561,-9.991,-9.991
"A049",19,83,17.19,102.05,15.618,-9.123,-9.123
"A049",20,83.83,17.73,102.44,15.991,-8.991,-8.991
"A049",21,83.25,17.7,101.95,16.627,-9.16,-9.16
"A049",22,83.84,18.03,101.49,16.106,-9.828,-9.828
"A049",23,83.56,17.9,101.65,15.46,-9.559,-9.559
"A049",24,83.73,17.04,101.82,16.998,-9.837,-9.837
"A049",25,83.78,16.51,102,16.285,-9.896,-9.896
"A049",26,83.67,16.48,101.57,16.809,-10.267,-10.267
"A049",27,84.2,17.17,103.01,15.695,-8.858,-8.858
"A049",28,84.65,17.04,102.85,16.212,-9.326,-9.326
"A049",29,85.14,16.94,102.48,15.741,-10.013,-10.013
"A049",30,85.08,17.42,101.63,16.307,-10.642,-10.642
"A049",31,85.32,17.59,101.1,16.647,-11.237,-11.237
"A049",32,87.17,17.89,102.61,16.523,-10.643,-10.643
"A049",33,87.89,17.91,102.39,16.217,-11.257,-11.257
"A049",34,87.01,16.51,103.03,16.967,-10.696,-10.696
"A049",35,85.61,16.63,102.37,16.92,-10.511,-10.511
"A049",36,85.44,16.19,101.84,16.516,-11.124,-11.124
"A049",37,85.58,16.94,102.05,16.405,-10.691,-10.691
"A049",38,84.89,17.2,102.96,16.893,-9.291,-9.291
"A049",39,85.23,17.31,102.33,16.357,-10.069,-10.069
"A049",40,85.74,16.9,103.74,16.196,-9.108,-9.108
"A049",41,85.15,16.71,103.24,16.062,-9.353,-9.353
"A049",42,85.03,16.24,103.78,15.918,-8.934,-8.934
"A049",43,85.05,16.79,102.62,16.322,-9.884,-9.884
"A049",44,84.61,16.74,103.64,15.746,-8.632,-8.632
"A049",45,85.32,16.68,103.79,15.471,-8.912,-8.912
"A049",46,85.28,15.35,104.45,15.911,-8.761,-8.761
"A049",47,85.95,15.71,103.21,16.44,-10.239,-10.239
"A049",48,86.38,15.66,104.42,16.464,-9.292,-9.292
"A049",49,86.65,16.59,104.72,15.822,-8.769,-8.769
"A049",50,86.97,16.74,104.05,16.492,-9.55,-9.55
"A049",51,86.83,16.38,103.63,15.942,-10.044,-10.044
"A049",52,86.59,16.17,103.14,16.666,-10.475,-10.475
"A049",53,87.81,16.35,104.71,15.803,-9.523,-9.523
"A049",54,87.17,17,104.36,16.444,-9.251,-9.251
"A049",55,87.55,17.69,104.2,15.982,-9.343,-9.343
"A049",56,87.53,17.93,103.03,15.866,-10.406,-10.406
"A049",57,88.6,17.17,103.68,16.56,-10.667,-10.667
"A049",58,88.77,16.96,103.28,16.245,-11.236,-11.236
"A049",59,89.01,17.06,104.82,16.649,-9.793,-9.793
"A049",60,89.11,16.56,105.66,15.773,-9.214,-9.214
"A049",61,90.41,15.73,106.46,16.065,-9.461,-9.461
"A049",62,89.76,16.74,105.81,15.649,-9.352,-9.352
"A049",63,90.32,17.44,106.28,15.662,-8.907,-8.907
"A049",64,89.8,17.39,106.42,15.418,-8.503,-8.503
"A049",65,89.47,17.03,106.12,16.678,-8.758,-8.758
"A049",66,90.75,16.14,106.92,15.653,-9.028,-9.028
"A049",67,90.71,16.22,107.26,15.941,-8.637,-8.637
"A049",68,91.42,15.98,107.66,16.059,-8.723,-8.723
"A049",69,90.88,17.6,105.89,15.062,-9.546,-9.546
"A049",70,90.78,17.72,106.04,16.132,-9.288,-9.288
"A049",71,90.81,17.78,105.5,16.872,-9.827,-9.827
"A049",72,90.31,17.67,105.92,15.223,-9.176,-9.176
"A049",73,91.12,16.94,106.97,15.826,-8.86,-8.86
"A049",74,89.62,17.31,105.68,16.166,-9.173,-9.173
"A049",75,90.19,18.43,105.15,16.268,-9.572,-9.572
"A049",76,89.53,18.11,105.29,15.994,-9.192,-9.192
"A049",77,89.12,18.11,105.59,16.065,-8.67,-8.67
"A049",78,88.16,18.04,104.75,15.735,-9.003,-9.003
"A049",79,87.85,16.94,104.86,15.695,-9.153,-9.153
"A049",80,87.91,16.67,105.38,16.199,-8.772,-8.772
"A049",81,88.91,16.86,105.25,16.331,-9.385,-9.385
"A049",82,89.61,16.65,105.32,16.765,-9.79,-9.79
"A049",83,89.52,17.43,104.03,16.502,-10.719,-10.719
"A049",84,89.44,17.95,103.8,16.483,-10.703,-10.703
"A049",85,90.05,18.01,103.75,15.961,-11.061,-11.061
"A049",86,89.75,17.8,103.06,16.811,-11.666,-11.666
"A049",87,88.93,16.77,103.49,16.989,-11.2,-11.2
"A049",88,88.91,16.87,104.16,15.879,-10.476,-10.476
"A049",89,89.28,16.76,104.25,16.517,-10.637,-10.637
"A049",90,87.96,16.14,104.1,15.901,-10.305,-10.305
"A049",91,88.23,16.2,103.55,16.619,-10.967,-10.967
"A049",92,88.54,16.27,103.32,16.009,-11.344,-11.344
"A049",93,88.01,16.17,103.34,16.446,-11.071,-11.071
"A049",94,87.91,16.03,102.87,17.501,-11.544,-11.544
"A049",95,88.35,16.25,102.12,16.636,-12.45,-12.45
"A049",96,88.4,15.77,101.78,16.959,-13.013,-13.013
"A049",97,87.79,16.25,101.93,17.408,-12.337,-12.337
"A049",98,87.09,15.09,101.79,17.189,-12.544,-12.544
"A049",99,86.38,15.81,101.45,16.659,-12.199,-12.199
"A049",100,87.81,15.13,101.65,17.281,-13.07,-13.07
"A049",101,87.79,14.68,102.41,16.629,-12.476,-12.476
"A049",102,88.73,13.14,104.32,17.559,-11.709,-11.709
"A049",103,88.81,12.57,104.87,17.529,-11.435,-11.435
"A049",104,88.72,13,105.03,16.801,-11.047,-11.047
"A049",105,88.49,11.73,105.58,16.626,-10.883,-10.883
"A049",106,87.92,11.86,104.73,16.753,-11.366,-11.366
"A049",107,88.18,11.37,104.61,17.917,-11.821,-11.821
"A049",108,88.19,11.32,104.92,16.996,-11.535,-11.535
"A049",109,88.26,10.56,106.63,17.536,-10.179,-10.179
"A049",110,88.18,11.36,105.94,16.654,-10.497,-10.497
"A049",111,87.34,10.97,105.89,17.018,-10.236,-10.236
"A049",112,87.15,11.66,104.25,17.149,-11.497,-11.497
"A049",113,86.34,11.7,103.59,16.584,-11.686,-11.686
"A049",114,87.68,12.01,104.22,17.691,-11.673,-11.673
"A049",115,88.87,12.05,105.5,16.345,-11.045,-11.045
"A049",116,89.08,12.07,105.67,16.291,-10.984,-10.984
"A049",117,88.47,12.39,104.83,15.817,-11.355,-11.355
"A049",118,88.62,12.49,106.29,16.092,-9.932,-9.932
"A049",119,89.5,11.47,106.98,17.481,-10.149,-10.149
"A049",120,89.75,11.21,106.68,16.073,-10.687,-10.687
"A049",121,89.29,11.23,106.1,17.263,-11.001,-11.001
"A049",122,88.4,10.65,106.19,17.284,-10.653,-10.653
"A049",123,88.62,11.94,105.86,16.816,-10.587,-10.587
"A049",124,89.42,13.76,105.39,16.418,-10.769,-10.769
"A049",125,90.45,13.53,105.54,16.914,-11.291,-11.291
"A049",126,90.53,12.75,106.35,17.007,-10.831,-10.831
"A049",127,89.17,13.51,105.74,16.377,-10.381,NA
"A049",128,89.09,14.35,105.32,16.448,-10.422,NA
"A049",129,89.38,13.61,105.46,17.257,-10.746,NA
"A049",130,89.15,13.02,105.37,16.359,-10.938,NA
"A049",131,89.98,11.74,106.53,16.994,-10.755,NA
"A049",132,90.26,11.59,105.74,16.339,-11.76,NA
"A049",133,90.92,12.14,105.97,16.71,-11.677,NA
"A049",134,90.23,11.93,105.32,17.646,-12.03,NA
"A049",135,90.21,11.27,106.03,16.288,-11.572,NA
"A049",136,90.46,10.97,105.92,16.894,-11.933,NA
"A049",137,90.83,10.2,107.15,16.354,-11.22,NA
"A049",138,89.86,9,106.78,16.494,-11.539,NA
"A049",139,90.51,8.54,108.53,17.298,-10.324,NA
"A049",140,89.94,9.64,108.5,15.859,-9.602,NA
"A049",141,91.09,10.25,108.69,16.654,-9.803,NA
"A049",142,91.24,10.58,108.46,16.44,-9.988,NA
"A049",143,92.34,10.36,109.04,16.22,-10.101,NA
"A049",144,92.54,10.88,108.6,16.472,-10.435,NA
"A049",145,92.41,11.79,109.36,15.91,-9.25,NA
"A049",146,92.15,12.04,108.89,16.952,-9.475,NA
"A049",147,91.47,12.28,108.5,16.373,-9.383,NA
"A049",148,91.52,12.5,109.26,15.983,-8.569,NA
"A049",149,91.49,13.1,108.21,17.492,-9.359,NA
"A049",150,91.71,14.34,108.28,16.054,-8.916,NA
"A049",151,91.07,14.33,107.37,16.18,-9.474,NA
"A049",152,91.74,13.89,108.3,15.26,-9.097,NA
"A049",153,91.04,13.8,107.26,16.811,-9.785,NA
"A049",154,91.78,14.16,107.5,16.649,-9.807,NA
"A049",155,91.65,13.67,107.11,15.995,-10.315,NA
"A049",156,91.55,15.03,105.26,16.287,-11.571,NA
"A049",157,91.93,13.91,106.43,16.938,-11.066,NA
"A049",158,91.84,12.65,107.95,16.59,-9.992,NA
"A049",159,91.05,12.16,107.71,16.69,-9.997,NA
"A049",160,90.99,12.28,107.67,16.638,-9.955,NA
"A049",161,90.67,13.01,107.26,16.08,-9.898,NA
"A049",162,90.12,12.27,107.94,15.882,-9.21,NA
"A049",163,89.64,12.47,107.62,16.614,-9.186,NA
"A049",164,89.25,13.59,106.51,16.473,-9.632,NA
"A049",165,90.31,14.53,106.58,16.176,-9.765,NA
"A049",166,89.93,14.4,106.89,16.25,-9.303,NA
"A049",167,89.49,12.76,107.14,15.649,-9.456,NA
"A049",168,88.78,11.76,106.93,16.534,-9.687,NA
"A049",169,88.73,11.77,106.41,16.193,-10.167,NA
"A049",170,89.08,12.29,106.73,16.81,-9.83,NA
"A049",171,88.92,12.23,106.3,15.995,-10.201,NA
"A049",172,89.34,11.94,107.34,16.607,-9.507,NA
"A049",173,89.2,12.58,106.51,16.143,-10.011,NA
"A049",174,88.9,12.09,106.57,16.157,-9.974,NA
"A049",175,88.94,11.47,107.71,16.392,-9.1,NA
"A049",176,88.36,12.73,107.62,16.595,-8.37,NA
"A049",177,88.83,12.54,107.55,16.039,-8.773,NA
"A049",178,89,13.28,107.11,15.57,-9.012,NA
"A049",179,89.16,13.09,106.84,16.494,-9.445,NA
"A049",180,89.18,13.23,106.23,16.851,-10.01,NA
"A049",181,88.99,13.17,106.17,16.099,-9.984,NA
"A049",182,89.73,13.35,106.48,16.886,-10.022,NA
"A049",183,89.82,13.86,106.06,16.59,-10.283,NA
"A049",184,89.17,13.64,105.95,15.818,-10.124,NA
"A049",185,89.6,13.09,106.01,16.717,-10.527,NA
"A049",186,89.08,12.6,105.56,16.326,-10.877,NA
"A049",187,88.72,12.77,104.47,17.173,-11.698,NA
"A049",188,88.8,12.59,105.31,17.151,-10.976,NA
"A049",189,88.45,10.98,105.87,16.859,-10.866,NA
"A049",190,88.71,11.15,106.32,16.23,-10.493,NA
"A049",191,89.24,10.9,108.64,16.117,-8.562,NA
"A049",192,89.33,11.38,108.21,16.172,-8.849,NA
"A049",193,89.59,11.99,109.1,15.457,-7.869,NA
"A049",194,89.17,12.18,108.73,15.649,-7.93,NA
"A049",195,89.34,12.78,109.33,14.594,-7.183,NA
"A049",196,89.87,11.74,108.8,15.485,-8.416,NA
"A049",197,89.81,11.92,108.92,15.798,-8.198,NA
"A049",198,89.05,11.66,108.5,15.984,-8.295,NA
"A049",199,89.19,12.18,108.32,16.07,-8.347,NA
"A049",200,89.23,11.95,108.46,15.866,-8.327,NA
"A049",201,90.17,12.2,109.12,15.911,-8.089,NA
"A049",202,89.45,11.37,108.25,16.709,-8.888,NA
"A049",203,89.43,11.57,107.17,15.451,-9.872,NA
"A049",204,89.25,11.12,106.51,16.756,-10.612,NA
"A049",205,89.88,11.47,107.24,16.251,-10.099,NA
"A049",206,89.72,10.65,107.38,16.433,-10.194,NA
"A049",207,89.73,11.29,105.74,17.033,-11.587,NA
"A049",208,90.01,10.24,105.64,16.547,-12.262,NA
"A049",209,90.61,10.85,105.66,17.343,-12.325,NA
"A049",210,90.56,11.7,105.56,16.644,-12.055,NA
"A049",211,90.58,11.04,106.31,16.585,-11.582,NA
"A049",212,90.07,9.85,107.23,16.692,-10.865,NA
"A049",213,90.49,9.03,107.88,16.274,-10.771,NA
"A049",214,90.46,9.22,108.07,17.352,-10.49,NA
"A049",215,90.93,9.02,108.83,15.933,-10.063,NA
"A049",216,91.65,8.99,109.67,16.11,-9.636,NA
"A049",217,91.29,10.41,108.18,16.593,-10.359,NA
"A049",218,91.45,9.67,108.06,17.264,-10.862,NA
"A049",219,90.95,9.76,108.69,16.318,-9.925,NA
"A049",220,90.65,9.07,108.4,16.197,-10.319,NA
"A049",221,91.51,9.17,109.26,15.782,-9.9,NA
"A049",222,91.59,8.97,109.13,16.682,-10.153,NA
"A049",223,91.63,8.44,108.67,17.112,-10.844,NA
"A049",224,92.69,8.68,109.54,17.169,-10.459,NA
"A049",225,91.95,7.55,109.98,16.839,-10.066,NA
"A049",226,91.81,8.73,109.64,16.503,-9.862,NA
"A049",227,92.46,8.27,107.93,16.931,-12.118,NA
"A049",228,91.9,7.87,107.9,16.761,-11.99,NA
"A049",229,91.67,8.06,107.73,16.665,-11.956,NA
"A049",230,91.52,8.29,107.99,17.433,-11.525,NA
"A049",231,91.29,8.1,107.49,17.055,-11.975,NA
"A049",232,91.08,8.51,106.68,17.762,-12.504,NA
"A049",233,91.65,8.79,107.17,16.558,-12.222,NA
"A049",234,91.64,9.53,108.42,16.02,-10.663,NA
"A049",235,91.82,9.46,109.34,15.668,-9.871,NA
"A049",236,92.89,9.19,110.49,16.824,-9.422,NA
"A049",237,93.66,9.73,110.07,16.19,-10.049,NA
"A049",238,94.09,9.01,111.24,15.631,-9.403,NA
"A049",239,93.72,7.84,111.13,16.443,-9.778,NA
"A049",240,94.23,7.88,109.6,16.663,-11.576,NA
"A049",241,92.52,7.9,108.94,16.462,-11.281,NA
"A049",242,92.86,7.24,108.55,16.344,-12.125,NA
"A049",243,94.24,8.1,108.84,17.496,-12.251,NA
"A049",244,95.69,7.55,110.19,17.029,-11.921,NA
"A049",245,95.98,7.3,110.07,17.047,-12.297,NA
"A049",246,95.66,8.24,109.64,16.602,-12.173,NA
"A049",247,94.89,7.59,110.2,17.102,-11.45,NA
"A049",248,93.85,8.37,110.17,16.644,-10.593,NA
"A049",249,93.16,8.4,109.37,17.245,-11.001,NA
"A049",250,94.06,8.62,110.18,16.781,-10.602,NA
"A049",251,93.68,7.49,109.32,16.606,-11.709,NA
"A049",252,94.03,7.18,109.98,17.227,-11.362,NA
"A049",253,93.56,7.55,110.38,16.861,-10.55,NA
"A049",254,94.26,7.04,110.92,16.762,-10.601,NA
"A049",255,94.01,7.18,110.47,16.638,-10.863,NA
"A049",256,93.95,7.67,111.12,16.995,-9.987,NA
"A049",257,94.77,7.24,111.51,15.944,-10.21,NA
"A049",258,94.42,8.59,110.13,16.282,-10.865,NA
"A049",259,95.02,6.82,111.24,16.604,-10.79,NA
"A049",260,95.17,5.96,111.93,16.633,-10.525,NA
"A049",261,95.91,5.69,111.42,16.904,-11.557,NA
"A049",262,95.24,5.43,111.78,16.906,-10.931,NA
"A049",263,95.58,6.47,111.3,16.278,-11.181,NA
"A049",264,95.55,6.8,110.91,17.243,-11.423,NA
"A049",265,95.58,6.92,112.04,16.912,-10.259,NA
"A049",266,96.06,6.96,113.08,16.313,-9.472,NA
"A049",267,95.95,7.09,113.29,16.405,-9.144,NA
"A049",268,95.66,7.4,112.95,15.88,-9.209,NA
"A049",269,95.5,7.34,113.26,15.627,-8.827,NA
"A049",270,95.04,7.62,112.47,16.307,-9.258,NA
"A049",271,92.95,8.37,110.54,16.514,-9.73,NA
"A049",272,93.41,8.79,110.54,16.44,-9.814,NA
"A049",273,93.4,8.3,110.37,16.595,-10.179,NA
"A049",274,93.83,8.52,110.51,16.484,-10.183,NA
"A049",275,94.81,8.82,111.39,16.307,-9.724,NA
"A049",276,95.23,7.66,112.52,16.091,-9.296,NA
"A049",277,94.97,7.41,111.79,16.825,-9.98,NA
"A049",278,94.78,6.99,111.94,15.979,-9.89,NA
"A049",279,96.42,7.46,113.09,15.98,-9.458,NA
"A049",280,96.73,7.92,112.69,16.803,-9.837,NA
"A049",281,96.65,7.48,112.79,16.798,-9.877,NA
"A049",282,96.05,7.54,113.23,16.415,-9.08,NA
"A049",283,94.82,6.89,112.93,16.486,-8.962,NA
"A049",284,94.46,5.96,112.89,16.186,-9.175,NA
"A049",285,93.83,6.47,112.36,16.155,-9.154,NA
"A049",286,93.27,7.05,111.76,15.658,-9.216,NA
"A049",287,92.37,7.08,110.16,16.768,-10.306,NA
"A049",288,94.27,6.2,111.81,15.812,-10.059,NA
"A049",289,95.54,6.56,112.73,16.006,-9.692,NA
"A049",290,95.73,5.31,112.82,16.964,-10.2,NA
"A049",291,95.45,4.79,113.9,16.265,-9.174,NA
"A049",292,95.71,4.78,114.18,15.48,-9.047,NA
"A049",293,95.07,3.99,114.85,15.507,-8.348,NA
"A049",294,96.47,5.05,114.9,15.72,-8.643,NA
"A049",295,95.45,5.19,114.76,15.603,-8.158,NA
"A049",296,94.87,5.38,115.37,15.235,-7.148,NA
"A049",297,94.84,5.87,113.96,15.428,-8.351,NA
"A049",298,94.93,5.67,114.45,15.748,-7.997,NA
"A049",299,95.3,5.22,115.45,15.264,-7.38,NA
"A049",300,95.65,4.07,116.6,15.014,-6.874,NA
"A049",301,95.23,4.12,114.97,16.4,-8.26,NA
"A049",302,95.3,3.5,115.31,15.456,-8.203,NA
"A049",303,96.09,3.4,114.63,15.111,-9.364,NA
"A049",304,95.97,3.87,114.39,16.848,-9.349,NA
"A049",305,94.67,3.96,113.59,16.338,-9.392,NA
"A049",306,94.53,4.62,113.12,17.15,-9.522,NA
"A049",307,94.27,4.56,112.44,16.138,-10.088,NA
"A049",308,94.35,4.28,112.12,16.29,-10.564,NA
"A049",309,93.2,3.89,111.34,16.526,-10.868,NA
"A049",310,93.79,3.71,112.13,16.572,-10.471,NA
"A049",311,94.17,3.09,112.97,17.243,-10.086,NA
"A049",312,95.3,2.3,113.47,17.122,-10.522,NA
"A049",313,95.33,1.79,114.39,16.352,-9.824,NA
"A049",314,95.61,1.81,114.8,16.536,-9.562,NA
"A049",315,96.01,2.93,114.51,16.139,-9.622,NA
"A049",316,96.4,2.49,114.94,16.004,-9.586,NA
"A049",317,95.72,2.95,114.29,15.702,-9.676,NA
"A049",318,95.84,2.29,113.84,16.887,-10.452,NA
"A049",319,95.76,3.88,112.55,17.429,-11.063,NA
"A049",320,93.7,3.28,112.6,16.412,-10.116,NA
"A049",321,94.22,3.07,113.52,16.323,-9.571,NA
"A049",322,94.9,3.43,113.61,16.406,-9.709,NA
"A049",323,94.71,4.87,114.03,15.378,-8.608,NA
"A049",324,95.27,4.94,113.89,16.469,-9.035,NA
"A049",325,94.45,4.67,113.55,16.509,-9.035,NA
"A049",326,95.21,4.94,114.23,16.234,-8.659,NA
"A050",1,88,67.49,83.45,15.948,-7.625,-7.625
"A050",2,88.33,67.54,83.62,16.863,-7.567,-7.567
"A050",3,88.38,67.96,82.44,16.816,-8.49,-8.49
"A050",4,87.63,68.57,82.57,16.21,-7.638,-7.638
"A050",5,87.45,68.04,82.62,16.086,-7.853,-7.853
"A050",6,87.09,67.78,82.23,16.285,-8.256,-8.256
"A050",7,86.71,68.67,81.55,17.117,-8.197,-8.197
"A050",8,87.17,68.4,81.29,16.075,-8.831,-8.831
"A050",9,87.98,68.97,80.71,16.835,-9.38,-9.38
"A050",10,87.21,69.7,78.64,17.722,-10.649,-10.649
"A050",11,86.67,69.59,79,17.57,-10.141,-10.141
"A050",12,85.17,69.44,77.74,16.721,-10.888,-10.888
"A050",13,85.12,70.02,78.49,17.445,-9.756,-9.756
"A050",14,85.42,69.75,79.13,16.243,-9.404,-9.404
"A050",15,86.1,70.81,78.17,16.859,-9.95,-9.95
"A050",16,86.29,69.63,79.77,16.426,-9.185,-9.185
"A050",17,86.74,69.07,80.75,17.345,-8.76,-8.76
"A050",18,86.38,68.85,81.11,16.407,-8.384,-8.384
"A050",19,85.94,69.93,79.91,15.927,-8.719,-8.719
"A050",20,85.83,68.76,81.61,15.99,-7.715,-7.715
"A050",21,86.51,68.92,80.77,16.233,-8.735,-8.735
"A050",22,85.93,69.04,80.28,16.45,-8.914,-8.914
"A050",23,85.57,69.09,80.13,17.113,-8.885,-8.885
"A050",24,86.92,68.79,79.98,17.562,-9.773,-9.773
"A050",25,86.78,68.13,79.93,18.384,-10.193,-10.193
"A050",26,87.2,67.26,80.87,17.151,-9.998,-9.998
"A050",27,87.48,67.73,80.92,17.18,-9.772,-9.772
"A050",28,88.51,67.93,82.49,16.521,-8.521,-8.521
"A050",29,89.22,66.87,84.17,15.823,-7.858,-7.858
"A050",30,89.09,66.27,84.71,16.266,-7.652,-7.652
"A050",31,89.07,65.92,84.48,16.446,-8.099,-8.099
"A050",32,88.15,65.9,84.04,16.44,-8.129,-8.129
"A050",33,87.86,66.17,84.11,16.606,-7.75,-7.75
"A050",34,87.58,66.4,83.43,15.171,-8.155,-8.155
"A050",35,88.1,65.97,83.16,16.624,-8.939,-8.939
"A050",36,88.59,65.36,84.18,15.926,-8.533,-8.533
"A050",37,88.47,67.16,83.27,16.602,-8.23,-8.23
"A050",38,89.27,67.26,83.15,16.093,-8.642,-8.642
"A050",39,89.49,67.31,83.87,16.016,-7.99,-7.99
"A050",40,89.8,67.54,84.09,16.805,-7.772,-7.772
"A050",41,89.63,67.11,83.85,16.054,-8.217,-8.217
"A050",42,89.14,66.94,82.95,16.171,-8.997,-8.997
"A050",43,88.99,67.36,83.15,16.717,-8.456,-8.456
"A050",44,89.57,67.18,83.57,17.252,-8.424,-8.424
"A050",45,89.72,67.81,83.2,16.914,-8.442,-8.442
"A050",46,90.63,68.45,82.81,16.524,-8.824,-8.824
"A050",47,90.15,67.64,83.7,16.981,-8.249,-8.249
"A050",48,90.1,66.94,85.09,15.971,-7.306,-7.306
"A050",49,90.58,66.5,85.05,16.57,-7.867,-7.867
"A050",50,90.65,66.05,84.97,17.018,-8.285,-8.285
"A050",51,91.28,66.21,85.32,16.389,-8.13,-8.13
"A050",52,89.84,66.48,84.87,16.61,-7.711,-7.711
"A050",53,89.77,65.76,84.44,16.66,-8.57,-8.57
"A050",54,88.92,64.89,86.11,16.096,-7.057,-7.057
"A050",55,89.18,65.06,85.06,17.128,-8.122,-8.122
"A050",56,90.49,64.73,86.25,16.358,-7.778,-7.778
"A050",57,89.55,65.7,84.39,16.18,-8.561,-8.561
"A050",58,89.32,65.7,83.23,17.261,-9.615,-9.615
"A050",59,88.73,66.36,82.09,17.563,-10.047,-10.047
"A050",60,89.56,65.16,83.66,17.601,-9.643,-9.643
"A050",61,90.04,64.86,84.88,16.424,-8.846,-8.846
"A050",62,89.63,64.26,84.3,17.265,-9.611,-9.611
"A050",63,89.85,64.71,84.56,17.121,-9.164,-9.164
"A050",64,90.26,64.08,84.31,17.283,-10.011,-10.011
"A050",65,89.27,62.93,84.32,17.438,-10.236,-10.236
"A050",66,89.57,64.14,83.55,17.227,-10.404,-10.404
"A050",67,90.09,64.24,83.8,17.249,-10.344,-10.344
"A050",68,90.25,65.22,83.73,16.773,-9.867,-9.867
"A050",69,89.68,65.5,84.21,16.438,-8.937,-8.937
"A050",70,89.37,65.7,83.3,17.715,-9.562,-9.562
"A050",71,88.74,64.81,83.94,16.966,-9.19,-9.19
"A050",72,88.12,65.19,83.3,17.225,-9.297,-9.297
"A050",73,87.59,64.84,82.47,16.552,-10.106,-10.106
"A050",74,87.62,65.4,81.67,16.781,-10.56,-10.56
"A050",75,88.62,65.53,83.12,16.891,-9.5,-9.5
"A050",76,88.76,67.01,82.79,17.034,-8.936,-8.936
"A050",77,88.73,66.64,82.97,16.783,-8.986,-8.986
"A050",78,89.18,66.41,82.9,17.373,-9.404,-9.404
"A050",79,89.34,65.65,84.23,16.722,-8.646,-8.646
"A050",80,88.84,66.07,83.5,16.768,-8.876,-8.876
"A050",81,88.69,65.69,83.04,16.602,-9.511,-9.511
"A050",82,88.59,65.34,82.59,16.965,-10.137,-10.137
"A050",83,89.37,66.31,82.26,17.09,-10.205,-10.205
"A050",84,88.66,66.9,82.27,17.012,-9.484,-9.484
"A050",85,88.28,66.27,82.22,16.756,-9.767,-9.767
"A050",86,89.12,66.17,82.77,17.504,-9.663,-9.663
"A050",87,88.97,65.69,84.59,17.098,-8.095,-8.095
"A050",88,88.52,65.65,84.97,15.859,-7.533,-7.533
"A050",89,88.48,65.57,84.76,16.406,-7.772,-7.772
"A050",90,88.33,64.97,85.4,16.122,-7.441,-7.441
"A050",91,87.78,64.69,83.77,17.29,-8.989,-8.989
"A050",92,87.89,65.22,84.1,16.12,-8.379,-8.379
"A050",93,87.69,64.43,84,17.218,-8.87,-8.87
"A050",94,86.86,65.78,82.74,16.691,-8.921,-8.921
"A050",95,87.75,65.82,82.5,17.062,-9.53,-9.53
"A050",96,87.85,65.36,81.98,17.064,-10.392,-10.392
"A050",97,88.54,65.23,82.08,17.642,-10.693,-10.693
"A050",98,90.26,64.81,83.62,16.639,-10.239,-10.239
"A050",99,91.3,65.21,85.09,17.098,-9.029,-9.029
"A050",100,90.61,65.84,83.87,16.778,-9.497,NA
"A050",101,91.89,66.9,83.91,16.798,-9.375,NA
"A050",102,92.57,67.24,83.32,18.001,-10.076,NA
"A050",103,92.18,66.87,82.81,17.525,-10.642,NA
"A050",104,92.8,65.23,84.02,17.812,-10.844,NA
"A050",105,91.88,64.78,84.08,18.251,-10.611,NA
"A050",106,91.64,64.38,84.88,16.125,-9.943,NA
"A050",107,91.98,63.87,84.89,17.58,-10.432,NA
"A050",108,92.94,63.37,86.58,16.198,-9.555,NA
"A050",109,93.29,63.7,85.96,17.503,-10.143,NA
"A050",110,92.87,62.92,85.79,18.022,-10.595,NA
"A050",111,91.96,62.16,84.51,17.722,-11.873,NA
"A050",112,91.51,61.26,84.45,17.228,-12.248,NA
"A050",113,92.34,60.42,84.14,17.769,-13.482,NA
"A050",114,93.14,60.54,84.84,18.053,-13.133,NA
"A050",115,92.97,60.98,84.57,17.11,-13.048,NA
"A050",116,93.02,60.85,85,18.102,-12.728,NA
"A050",117,92.13,61.72,83.65,17.956,-13.094,NA
"A050",118,90.89,62.4,82.38,18.218,-13.312,NA
"A050",119,90.83,63.65,81.81,18.386,-13.069,NA
"A050",120,90.2,64.07,81.11,18.197,-13.191,NA
"A050",121,90.82,64.22,81.77,17.52,-12.74,NA
"A050",122,90.05,64.34,82.81,17.998,-11.252,NA
"A050",123,90.42,65.12,82.5,17.571,-11.248,NA
"A050",124,90.09,65.88,81.07,17.672,-12.022,NA
"A050",125,90.75,66.01,81.18,18.175,-12.144,NA
"A050",126,91.78,65.24,82.02,18.223,-12.322,NA
"A050",127,91.67,65.16,82.55,17.9,-11.782,NA
"A050",128,92.04,64.46,83.8,18.637,-11.176,NA
"A050",129,91.82,62.86,84.76,17.558,-11.123,NA
"A050",130,91.44,62.98,84.83,17.048,-10.785,NA
"A050",131,91.72,62.45,85.99,17.398,-10.096,NA
"A050",132,92.48,62.23,86.55,17.613,-10.062,NA
"A050",133,92.5,63.02,85.08,17.602,-11.053,NA
"A050",134,92.83,62.13,86.33,16.889,-10.521,NA
"A050",135,93.85,63.18,86.32,17.322,-10.423,NA
"A050",136,93.88,63.95,85.31,17.33,-10.954,NA
"A050",137,94.61,64.67,83.8,18.553,-12.377,NA
"A050",138,93.93,64.55,83.88,18.092,-12.016,NA
"A050",139,93.88,63.89,84.27,18.265,-12.025,NA
"A050",140,93.88,62.87,85.62,17.688,-11.334,NA
"A050",141,92.73,63.61,84.39,17.963,-11.494,NA
"A050",142,92.67,62.93,84.18,18.027,-12.087,NA
"A050",143,91.97,63.83,83.08,18.617,-12.271,NA
"A050",144,92.21,63.98,83.51,17.265,-11.864,NA
"A050",145,92.84,64.24,84.37,17.684,-11.158,NA
"A050",146,93.9,64.36,84.79,17.492,-11.213,NA
"A050",147,93.09,64.96,84.17,17.732,-11.024,NA
"A050",148,93.37,64.46,84.08,17.651,-11.585,NA
"A050",149,93.96,65.33,84.11,17.422,-11.292,NA
"A050",150,93.84,65.56,83.68,18.082,-11.506,NA
"A050",151,93.72,65.74,84.9,17.337,-10.103,NA
"A050",152,93.81,65.97,83.94,17.92,-10.951,NA
"A050",153,93.22,66.72,83.05,17.812,-11.028,NA
"A050",154,93.15,66.96,83.11,18.486,-10.767,NA
"A050",155,93.4,66.49,84.23,17.175,-10.096,NA
"A050",156,93.05,65.36,84.18,17.49,-10.722,NA
"A050",157,92.01,66.34,82.91,18.325,-10.813,NA
"A050",158,92.42,66.46,82.99,17.791,-10.855,NA
"A050",159,92.16,66.59,83.24,17.298,-10.392,NA
"A050",160,91.87,66.24,83.63,17.657,-10.091,NA
"A050",161,92.32,66.23,84.53,16.888,-9.418,NA
"A050",162,93.1,65.9,84.43,17.984,-10.143,NA
"A050",163,93.21,66.23,84.61,17.023,-9.795,NA
"A050",164,93.81,65.85,85.3,17.223,-9.671,NA
"A050",165,92.97,66.12,83.86,17.68,-10.497,NA
"A050",166,92.83,66.6,83.68,18.117,-10.282,NA
"A050",167,93.09,66.03,84.89,17.248,-9.585,NA
"A050",168,93.57,65.61,86.14,16.905,-8.87,NA
"A050",169,94.17,65.27,86.69,16.615,-8.864,NA
"A050",170,93.03,64.85,85.45,17.995,-9.775,NA
"A050",171,93.09,64.13,87.28,16.328,-8.447,NA
"A050",172,92.37,64.09,87.65,16.368,-7.73,NA
"A050",173,92.46,63.28,88.33,16.355,-7.619,NA
"A050",174,91.93,63.61,88.79,15.852,-6.672,NA
"A050",175,92.99,65.13,87.84,15.234,-7.188,NA
"A050",176,92.83,64.94,87.79,15.501,-7.275,NA
"A050",177,92.85,64.7,88.13,15.226,-7.111,NA
"A050",178,92.5,63.75,88.28,15.466,-7.384,NA
"A050",179,91.58,63.25,88.31,16.306,-7.204,NA
"A050",180,92.18,63.66,87.91,15.958,-7.649,NA
"A050",181,91.98,63.73,86.51,16.149,-8.902,NA
"A050",182,91.56,63.98,85.78,17.276,-9.26,NA
"A050",183,91.44,63.24,86.77,15.989,-8.678,NA
"A050",184,91.22,62.77,86.07,17.099,-9.554,NA
"A050",185,91.92,62.04,86.19,17.767,-10.244,NA
"A050",186,92.77,62.33,86.47,17.071,-10.228,NA
"A050",187,92.96,61.11,88.09,17.01,-9.448,NA
"A050",188,93.03,61.31,88.81,16.279,-8.644,NA
"A050",189,93.44,61.09,89.59,16.54,-8.217,NA
"A050",190,93.38,61.17,88.71,16.506,-9.018,NA
"A050",191,92.97,60.88,88.62,16.801,-9.063,NA
"A050",192,92.94,60.36,87.99,16.724,-9.984,NA
"A050",193,92.8,61.11,88.26,15.917,-9.202,NA
"A050",194,91.59,61.31,87.29,16.888,-9.416,NA
"A050",195,91.52,61.1,86.83,17.336,-9.963,NA
"A050",196,91.07,61.27,85.78,17.046,-10.679,NA
"A050",197,90.83,61.98,86.43,16.707,-9.473,NA
"A050",198,91.11,63.29,85.17,16.548,-10.08,NA
"A050",199,91.07,63.29,84.72,17.758,-10.502,NA
"A050",200,90.8,62.25,85.12,17.938,-10.608,NA
"A050",201,90.37,63.05,83.97,17.456,-11.057,NA
"A050",202,90.55,62.89,84.36,17.866,-10.849,NA
"A050",203,91.24,63.56,84,17.82,-11.139,NA
"A050",204,91.6,64.16,83.31,17.334,-11.635,NA
"A050",205,92.65,63.17,83.93,17.551,-12.186,NA
"A050",206,93.08,62.71,85.04,18.83,-11.588,NA
"A050",207,93.77,62.37,86.22,17.9,-10.991,NA
"A050",208,93.51,62.06,86.29,17.901,-10.963,NA
"A050",209,93.46,61.88,86.96,17.807,-10.378,NA
"A050",210,94.04,62.65,86.32,17.754,-10.85,NA
"A050",211,94.17,62.19,87.41,16.919,-10.119,NA
"A050",212,93.91,61.84,87.12,17.511,-10.489,NA
"A050",213,94.63,60.54,88.86,17.479,-9.913,NA
"A050",214,95.06,61.06,88.4,17.031,-10.297,NA
"A050",215,95.22,61.4,88.06,17.279,-10.518,NA
"A050",216,96.41,61.15,88.42,17.236,-10.97,NA
"A050",217,96.8,61.31,88.9,17.184,-10.616,NA
"A050",218,96.88,60.74,88.32,17.494,-11.583,NA
"A050",219,95.7,61.66,86.87,17.144,-11.821,NA
"A050",220,94.65,61.23,86.45,18.06,-11.925,NA
"A050",221,93.77,62.45,85.57,18.022,-11.581,NA
"A050",222,94.94,62.95,85.27,17.819,-12.194,NA
"A050",223,94.79,61.73,85.78,17.413,-12.368,NA
"A050",224,94.68,60.86,86.65,18.016,-11.962,NA
"A050",225,94.57,61.67,86.32,17.561,-11.751,NA
"A050",226,94.18,61.43,85.05,17.554,-12.949,NA
"A050",227,93.88,62.31,83.9,18.228,-13.397,NA
"A050",228,93.7,61.35,84.89,18.259,-12.896,NA
"A050",229,94.92,61.58,83.99,18.708,-14.313,NA
"A050",230,93.77,62.06,82.71,18.457,-14.679,NA
"A050",231,92.29,60.55,82.75,18.348,-14.769,NA
"A050",232,92.28,61.21,82.15,18.008,-14.98,NA
"A050",233,92.39,61.19,82.1,18.702,-15.09,NA
"A050",234,92.69,61.41,82.47,18.542,-14.751,NA
"A050",235,92.64,60.83,81.95,18.382,-15.586,NA
"A050",236,93.22,60.1,83.24,18.231,-15.031,NA
"A050",237,92.36,59.52,83.09,17.987,-15.065,NA
"A050",238,92.13,60.17,82.81,18.444,-14.849,NA
"A050",239,92.16,60.79,81.6,18.114,-15.71,NA
"A050",240,92.94,60.43,82.45,18.578,-15.486,NA
"A050",241,93.52,60.16,83.07,18.728,-15.332,NA
"A050",242,94.11,60.86,83.54,18.324,-14.765,NA
"A050",243,93.99,61.89,82.72,17.702,-14.897,NA
"A050",244,93.64,60.61,83.13,18.471,-15.065,NA
"A050",245,93.07,59.83,83.85,17.882,-14.508,NA
"A050",246,93.68,60.67,84.29,18.263,-13.898,NA
"A050",247,93.47,60.47,84.94,17.919,-13.252,NA
"A050",248,93.8,59.59,85.77,18.5,-13.112,NA
"A050",249,93.86,59.85,85.54,18.468,-13.224,NA
"A050",250,93.56,60.09,84.99,17.799,-13.48,NA
"A050",251,93.09,59.92,85.83,17.621,-12.48,NA
"A050",252,93.31,59.94,86.28,17.831,-12.134,NA
"A050",253,93.34,60.73,86.62,17.419,-11.354,NA
"A050",254,93.95,61.13,86.77,17.773,-11.294,NA
"A050",255,93.77,62.02,86.54,17.307,-10.872,NA
"A050",256,93.74,61.76,87.27,17.483,-10.287,NA
"A050",257,92.48,61.25,87.52,16.566,-9.682,NA
"A050",258,92.35,61.3,87.44,17.021,-9.673,NA
"A050",259,93.65,60.53,88.1,17.183,-10.154,NA
"A050",260,93.76,60.5,88.29,17.277,-10.042,NA
"A050",261,94.51,60.72,89.05,17.663,-9.56,NA
"A050",262,95.17,60.4,89.19,17.215,-9.965,NA
"A050",263,95.62,59.47,89.21,17.209,-10.733,NA
"A050",264,95.21,59.81,88.43,17.399,-11.09,NA
"A050",265,96.11,60.4,87.98,18.286,-11.684,NA
"A050",266,94.96,59.31,88.42,17.465,-11.256,NA
"A050",267,94.61,59.68,88.3,17.693,-10.973,NA
"A050",268,95.88,59.83,88.84,17.112,-11.042,NA
"A050",269,95.7,59.3,89.01,17.211,-11.077,NA
"A050",270,95.34,59.53,88.69,17.655,-11.061,NA
"A050",271,94.68,59.15,87.77,17.533,-11.847,NA
"A051",1,43.74,31.6,76.24,15.133,-4.521,-4.521
"A051",2,44.24,31.32,76.38,14.638,-4.681,-4.681
"A051",3,43.72,30.34,76.53,14.647,-4.482,-4.482
"A051",4,43.54,30.17,76.37,14.258,-4.591,-4.591
"A051",5,43.66,28.46,75.45,14.749,-5.862,-5.862
"A051",6,43.24,28.41,74.71,15.775,-6.444,-6.444
"A051",7,42.78,28.38,74.99,15.734,-5.993,-5.993
"A051",8,43.09,26.97,76.13,15.386,-5.218,-5.218
"A051",9,42.89,27.68,74.88,14.977,-6.271,-6.271
"A051",10,43.05,28.66,74.87,15.692,-6.171,-6.171
"A051",11,42.82,28.7,74.24,15.668,-6.704,-6.704
"A051",12,41.9,29.12,73.69,16.407,-6.803,-6.803
"A051",13,41.22,29.27,73.42,15.976,-6.759,-6.759
"A051",14,41.75,30.31,73.64,16.169,-6.508,-6.508
"A051",15,41.32,30.4,73.62,15.485,-6.312,-6.312
"A051",16,40.93,28.71,73.43,15.981,-6.774,-6.774
"A051",17,41.05,28.5,73.6,14.854,-6.698,-6.698
"A051",18,40.35,28.21,74.46,15.197,-5.644,-5.644
"A051",19,39.53,27.84,73.62,15.179,-6.278,-6.278
"A051",20,39.33,28.77,73.05,16.029,-6.49,-6.49
"A051",21,39.9,29.2,74.48,15.362,-5.174,-5.174
"A051",22,40.31,29.83,74.84,14.026,-4.804,-4.804
"A051",23,40.32,30.05,74.31,14.562,-5.272,-5.272
"A051",24,39.02,28.71,73.52,15.236,-5.922,-5.922
"A051",25,39.94,28.74,74.02,15.316,-5.786,-5.786
"A051",26,39.42,28.63,73.26,15.247,-6.36,-6.36
"A051",27,39.07,29.55,72.41,15.538,-6.781,-6.781
"A051",28,39.39,28.9,73.8,16.005,-5.732,-5.732
"A051",29,38.21,27.94,73.83,15.123,-5.527,-5.527
"A051",30,38.02,27.23,74.43,14.475,-5.08,-5.08
"A051",31,38.07,27.47,75.81,13.958,-3.647,-3.647
"A051",32,38.86,27.54,75.24,15.235,-4.489,-4.489
"A051",33,39.42,26.84,75.17,14.683,-4.96,-4.96
"A051",34,38.29,26.41,74.8,15.013,-5.059,-5.059
"A051",35,39.09,26.98,74.48,14.873,-5.49,-5.49
"A051",36,39.07,27.65,73.96,15.882,-5.814,-5.814
"A051",37,39.36,26.48,74.1,15.168,-6.102,-6.102
"A051",38,38.96,26.89,74.02,15.247,-5.939,-5.939
"A051",39,38.75,27.69,74.21,15.11,-5.434,-5.434
"A051",40,37.76,26.68,74.07,15.009,-5.514,-5.514
"A051",41,38.72,26.79,75.21,14.787,-4.69,-4.69
"A051",42,39.27,26.88,76.36,13.842,-3.704,-3.704
"A051",43,39.2,26.94,76.5,14.208,-3.526,-3.526
"A051",44,38.85,26.67,75.89,14.617,-4.095,-4.095
"A051",45,38.96,26.58,76.42,14.627,-3.624,-3.624
"A051",46,39.39,26.82,75.4,15.057,-4.729,-4.729
"A051",47,39.24,26.46,74.26,15.39,-5.914,-5.914
"A051",48,38.53,26.68,73.47,15.388,-6.392,-6.392
"A051",49,38.66,27.19,73.95,15.488,-5.814,-5.814
"A051",50,37.76,28.2,73.95,15.152,-5.134,-5.134
"A051",51,37.87,27.35,73.84,14.589,-5.574,-5.574
"A051",52,37.25,26.93,73.25,15.288,-6.063,-6.063
"A051",53,37.36,26.64,72.46,15.733,-6.995,-6.995
"A051",54,36.96,26.41,73.17,15.471,-6.22,-6.22
"A051",55,36.21,26.06,73.37,14.685,-5.851,-5.851
"A051",56,34.7,24.68,74.53,14.666,-4.644,-4.644
"A051",57,34.19,24.94,74.22,14.596,-4.644,-4.644
"A051",58,34.21,25,74.15,14.479,-4.702,-4.702
"A051",59,34.18,25.77,74.07,14.228,-4.444,-4.444
"A051",60,34.25,25.08,74.58,13.86,-4.247,-4.247
"A051",61,34.13,25.34,74.07,15.005,-4.608,-4.608
"A051",62,33.43,24.29,74.84,13.919,-3.975,-3.975
"A051",63,34.02,24.36,75.11,14.082,-3.919,-3.919
"A051",64,34.08,23.37,76.59,13.314,-2.87,-2.87
"A051",65,33.52,23.11,76.05,13.198,-3.304,-3.304
"A051",66,33.04,23.45,75.09,15.158,-3.928,-3.928
"A051",67,33.47,24.25,74.51,14.353,-4.341,-4.341
"A051",68,33.76,24.13,74.81,13.879,-4.217,-4.217
"A051",69,33.4,24.09,72.58,15.92,-6.31,-6.31
"A051",70,33.28,23.65,73.03,16.217,-5.997,-5.997
"A051",71,33.63,24.1,72.37,15.521,-6.61,-6.61
"A051",72,33.51,24.53,71.88,15.536,-6.868,-6.868
"A051",73,33.97,24.92,71.8,15.419,-6.986,-6.986
"A051",74,33.52,25.34,71.29,16.24,-7.115,-7.115
"A051",75,33.71,25.72,71.24,15.417,-7.092,-7.092
"A051",76,34.36,25.19,71.87,15.25,-6.958,-6.958
"A051",77,33.06,25.18,71.23,15.641,-7.037,-7.037
"A051",78,32.48,24.3,72.17,15.595,-6.231,-6.231
"A051",79,32.13,23.85,71.34,16.48,-7.106,-7.106
"A051",80,31.58,23.62,71.01,16.076,-7.288,-7.288
"A051",81,31.29,23.34,71.84,15.68,-6.452,-6.452
"A051",82,31.38,23.06,72.46,15.918,-6.009,-6.009
"A051",83,31.39,22.57,73.14,15.184,-5.56,-5.56
"A051",84,30.86,22.47,73.23,14.759,-5.272,-5.272
"A051",85,29.72,21.75,72.45,15.419,-5.842,-5.842
"A051",86,29.7,21.65,72.67,15.417,-5.668,-5.668
"A051",87,30.06,21.79,73.14,14.647,-5.298,NA
"A051",88,29.27,20.95,72.76,15.325,-5.708,NA
"A051",89,29.6,20.94,73.75,14.552,-4.878,NA
"A051",90,29.3,20.29,73.96,15.034,-4.84,NA
"A051",91,29.04,20.21,73.59,14.717,-5.12,NA
"A051",92,28.99,19.98,73.41,14.366,-5.391,NA
"A051",93,29.4,20.36,72.86,15.69,-5.955,NA
"A051",94,30.41,20.49,72.74,15.203,-6.493,NA
"A051",95,29.33,20.23,72.57,14.945,-6.277,NA
"A051",96,27.96,20.27,72.4,15.823,-5.723,NA
"A051",97,28.31,21.11,72.7,14.914,-5.18,NA
"A051",98,27.86,21.42,72.5,14.946,-4.971,NA
"A051",99,27.28,20.82,73.36,15.02,-4.097,NA
"A051",100,26.68,20.95,73.68,14.818,-3.367,NA
"A051",101,26.56,21.96,73.03,13.792,-3.371,NA
"A051",102,26.35,21.12,72.31,14.549,-4.439,NA
"A051",103,26.42,20.08,72.66,15.077,-4.707,NA
"A051",104,26.76,18.57,73.94,14.351,-4.403,NA
"A051",105,26.94,18.45,74.41,14.901,-4.105,NA
"A051",106,27.16,18.42,73.59,14.926,-5.054,NA
"A051",107,27.27,17.24,73.69,15.149,-5.597,NA
"A051",108,28.54,17.75,73.87,15.474,-5.797,NA
"A051",109,28.07,17.9,73.23,15.232,-6.146,NA
"A051",110,29.42,18.39,74.4,14.684,-5.377,NA
"A051",111,29.45,17.74,74.4,15.079,-5.699,NA
"A051",112,29.23,18.49,74.24,14.629,-5.396,NA
"A051",113,28.17,18.35,74.9,14.506,-4.296,NA
"A051",114,28.64,18.01,74.59,14.884,-5.001,NA
"A051",115,27.6,17.22,75.07,14.095,-4.398,NA
"A051",116,26.64,17.81,74.36,14.732,-4.317,NA
"A051",117,27.19,17.72,74.36,14.88,-4.655,NA
"A051",118,28.03,18.51,74.24,14.292,-4.81,NA
"A051",119,27.1,18.05,73.44,15.062,-5.355,NA
"A051",120,25.98,17.64,72.76,15.048,-5.634,NA
"A051",121,26.78,16.82,73.81,14.699,-5.441,NA
"A051",122,25.95,16.77,73.17,15.232,-5.65,NA
"A051",123,24.92,17.01,72.29,15.568,-5.83,NA
"A051",124,25.58,16.43,73.48,15.3,-5.31,NA
"A051",125,24.88,16.4,73.43,15.249,-4.977,NA
"A051",126,24.51,16.83,74.41,13.991,-3.561,NA
"A051",127,25.43,16.2,74.72,13.785,-4.112,NA
"A051",128,25.6,16.29,73.96,15.019,-4.914,NA
"A051",129,25.51,15.21,74.09,14.877,-5.277,NA
"A051",130,24.88,13.22,74.26,15.678,-5.746,NA
"A051",131,24.55,13.38,73.6,15.568,-6.142,NA
"A051",132,24.22,14.08,73.54,16.14,-5.675,NA
"A051",133,23.76,15.59,72.81,14.714,-5.37,NA
"A051",134,23.49,14.94,72.21,15.534,-6.151,NA
"A051",135,22.54,14.94,71.82,14.902,-5.968,NA
"A051",136,23.3,15.96,71.6,15.212,-6.109,NA
"A051",137,23.9,15.16,72.84,14.684,-5.643,NA
"A051",138,24.4,15.31,72.43,15.773,-6.264,NA
"A051",139,24.13,15.06,72.24,15.862,-6.436,NA
"A051",140,23.07,15.57,71.06,15.96,-6.716,NA
"A051",141,23.09,15.64,71.54,16.009,-6.212,NA
"A051",142,22.71,15.64,70.56,15.984,-6.954,NA
"A051",143,22.69,15.48,70.75,16.451,-6.848,NA
"A051",144,22,14.27,71.12,15.32,-6.688,NA
"A051",145,21.89,14.7,70.62,15.81,-6.889,NA
"A051",146,20.9,14.53,70.54,15.885,-6.438,NA
"A051",147,20.52,15.17,69.56,16.183,-6.816,NA
"A051",148,20.84,14.93,69.46,16.086,-7.259,NA
"A051",149,20.53,14.64,69.58,15.785,-7.096,NA
"A051",150,21,14.17,69.43,16.331,-7.806,NA
"A051",151,21.7,13.2,69.43,16.47,-8.75,NA
"A051",152,21.19,12.78,70.09,16.29,-7.988,NA
"A051",153,20.92,13.79,69.87,16.322,-7.514,NA
"A051",154,20.12,14.1,69.35,15.956,-7.36,NA
"A051",155,19.52,14.53,68.91,16.71,-7.169,NA
"A051",156,19.48,14.81,68.4,16.639,-7.492,NA
"A051",157,19.55,14.28,68.59,15.857,-7.645,NA
"A051",158,18.94,13.76,68.2,17.201,-7.929,NA
"A051",159,18.22,13.53,69.25,16.196,-6.538,NA
"A051",160,17.36,12.37,70.56,15.106,-5.294,NA
"A051",161,17.37,12.89,70.29,14.877,-5.283,NA
"A051",162,16.62,13.08,68.32,14.755,-6.649,NA
"A051",163,16.78,12.89,68.21,15.925,-6.978,NA
"A051",164,16.68,12.87,68.34,15.402,-6.78,NA
"A051",165,18.08,12.64,68.09,16.828,-8.091,NA
"A051",166,18.74,11.02,69.5,16.814,-7.964,NA
"A051",167,18.83,10.53,70.02,16.307,-7.736,NA
"A051",168,19.01,10.69,70.23,16.343,-7.561,NA
"A051",169,19.66,10.88,70.97,15.53,-7.132,NA
"A051",170,19.77,10.81,71.61,16.407,-6.592,NA
"A051",171,19.02,10.9,71.88,15.099,-5.817,NA
"A051",172,18.84,10.84,70.82,15.996,-6.791,NA
"A051",173,19.78,11.27,72.48,14.814,-5.497,NA
"A051",174,20.54,11.25,73.08,15.102,-5.375,NA
"A051",175,20.74,10.99,72.81,15.442,-5.901,NA
"A051",176,20.84,11.08,73.36,14.927,-5.36,NA
"A051",177,20.24,10.53,74.29,14.783,-4.345,NA
"A051",178,20.07,11.97,73.87,13.79,-3.938,NA
"A051",179,20.06,11.75,74.37,13.491,-3.537,NA
"A051",180,19.91,10.67,75.11,13.289,-3.251,NA
"A051",181,20.47,11.02,74.85,13.674,-3.678,NA
"A051",182,19.4,10.06,73.37,14.877,-4.981,NA
"A051",183,17.97,9.08,73.43,15.241,-4.517,NA
"A051",184,16.85,8.92,72.35,13.988,-4.981,NA
"A051",185,16.75,9.51,71.94,14.699,-5.036,NA
"A051",186,16.81,9.7,71.45,15.445,-5.47,NA
"A051",187,16.83,8.52,70.72,15.485,-6.8,NA
"A051",188,16.2,8.77,70.94,15.032,-6.065,NA
"A051",189,15.92,8.37,70.24,14.446,-6.781,NA
"A051",190,15.52,8.94,69.76,15.787,-6.723,NA
"A051",191,14.78,9.08,69.8,15.371,-6.144,NA
"A051",192,15.19,8.29,70.15,15.389,-6.457,NA
"A051",193,15.61,8.36,70.73,15.581,-6.106,NA
"A051",194,14.9,7.91,70.16,15.9,-6.451,NA
"A051",195,14.92,8.04,70.92,14.578,-5.648,NA
"A051",196,14.62,8.61,70.72,14.672,-5.356,NA
"A051",197,14.22,9.28,69.9,15.183,-5.578,NA
"A051",198,13.73,10.22,68.88,15.17,-5.778,NA
"A051",199,14.52,10.21,69.61,14.138,-5.57,NA
"A051",200,14.34,9.93,68.91,14.956,-6.302,NA
"A051",201,14.69,9.53,69.87,15.438,-5.775,NA
"A051",202,14.48,9.87,69.4,15.961,-5.932,NA
"A051",203,14.3,9.17,69.25,15.875,-6.343,NA
"A051",204,13.96,8.63,68.62,16.514,-7.027,NA
"A051",205,13.21,7.69,69.52,15.087,-6.138,NA
"A051",206,12.62,7.34,69.04,15.306,-6.424,NA
"A051",207,11.69,6.77,68.7,15.577,-6.473,NA
"A051",208,11.08,7.28,67.86,15.153,-6.671,NA
"A051",209,10.68,7.32,66.51,16.55,-7.744,NA
"A051",210,9.8,7.12,66.18,16.174,-7.634,NA
"A051",211,11.08,6.97,67.95,15.486,-6.742,NA
"A051",212,10.69,6.18,67.7,15.8,-7.145,NA
"A051",213,11.06,5.42,68.05,16.973,-7.414,NA
"A051",214,10.52,6.25,66.79,16.429,-7.931,NA
"A051",215,9.68,6.31,65.86,16.711,-8.303,NA
"A051",216,9.35,5.4,66.02,16.256,-8.403,NA
"A051",217,9.94,3.94,67.33,16.334,-8.185,NA
"A051",218,10.92,3.72,68.73,16.973,-7.485,NA
"A051",219,11.31,3.42,69.49,15.463,-7.101,NA
"A051",220,11.67,3.72,69.23,16.224,-7.441,NA
"A051",221,12.23,4.32,68.63,15.806,-8.085,NA
"A051",222,12.43,5.14,68.33,16.933,-8.114,NA
"A051",223,12.61,5.58,68.06,16.846,-8.286,NA
"A051",224,11.68,5.12,68.09,16.634,-7.909,NA
"A051",225,12.69,4.68,69.07,17.296,-7.758,NA
"A051",226,12.44,4.82,68.57,16.399,-8.043,NA
"A051",227,12,4.94,68.69,16.357,-7.595,NA
"A051",228,12.56,5.27,68.32,17.016,-8.142,NA
"A051",229,12.64,5.15,68.17,16.662,-8.404,NA
"A051",230,11.83,4.62,67.92,16.999,-8.421,NA
"A051",231,11.46,4,67.75,17.073,-8.655,NA
"A051",232,11.33,3.86,68.9,16.5,-7.5,NA
"A051",233,10.52,3.86,68.53,15.876,-7.376,NA
"A051",234,9.81,3.3,68.04,15.994,-7.704,NA
"A051",235,9.62,3.63,68.33,16.195,-7.142,NA
"A051",236,9.8,3.45,68.64,15.601,-7.023,NA
"A051",237,9.01,4.49,67.19,16.75,-7.49,NA
"A052",1,58.92,74.06,61.51,17.617,-12.463,-12.463
"A052",2,58.75,73.56,62.1,16.919,-11.985,-11.985
"A052",3,59.23,73.77,62.36,17.859,-11.974,-11.974
"A052",4,58.84,74.95,62.39,17.09,-11.118,-11.118
"A052",5,59.03,75.17,63.21,16.992,-10.333,-10.333
"A052",6,58.01,75.15,62.2,16.731,-10.573,-10.573
"A052",7,57.85,74.8,63.17,16.797,-9.647,-9.647
"A052",8,57.1,75.37,61.81,16.87,-10.135,-10.135
"A052",9,57.08,76.11,60.83,17.259,-10.748,-10.748
"A052",10,57.54,75.39,61.95,17.266,-10.343,-10.343
"A052",11,57.55,75.61,61.6,16.916,-10.591,-10.591
"A052",12,57.69,76.54,60.4,16.914,-11.468,-11.468
"A052",13,57.54,76.71,60.34,17.766,-11.326,-11.326
"A052",14,58.42,77.57,61.38,17.678,-10.577,-10.577
"A052",15,57.65,77.65,60.97,16.655,-10.336,-10.336
"A052",16,57.96,77.61,61.58,16.389,-10.001,-10.001
"A052",17,59.06,77.82,63.01,16.272,-9.335,-9.335
"A052",18,59.23,77.9,61.68,17.168,-10.75,-10.75
"A052",19,58.19,77.26,60.74,16.603,-11.181,-11.181
"A052",20,57.88,78.07,60.46,16.87,-10.84,-10.84
"A052",21,56.75,78.27,60.36,16.386,-9.878,-9.878
"A052",22,56.88,79.12,60.53,16.922,-9.418,-9.418
"A052",23,56.45,78.24,60.69,16.723,-9.3,-9.3
"A052",24,55.35,78.43,59.56,15.922,-9.316,-9.316
"A052",25,55.71,79.08,59.51,17.101,-9.385,-9.385
"A052",26,55.05,77.82,59.13,16.464,-9.765,-9.765
"A052",27,54.34,77.89,58.17,16.233,-9.99,-9.99
"A052",28,54.76,78.24,57.4,16.89,-11.007,-11.007
"A052",29,54.32,78.35,57.39,16.156,-10.501,-10.501
"A052",30,54.87,78.29,59.18,16.558,-9.298,-9.298
"A052",31,54.6,77.74,59.2,16.146,-9.304,-9.304
"A052",32,53.8,77.76,58.13,16.265,-9.534,-9.534
"A052",33,53.65,77.27,58.06,17.032,-9.714,-9.714
"A052",34,54.23,77.09,59.05,16.741,-9.423,-9.423
"A052",35,54.43,77.24,59.3,16.623,-9.291,-9.291
"A052",36,54.61,76.74,59.2,16.258,-9.818,-9.818
"A052",37,55.27,77.02,59.37,16.729,-10.149,-10.149
"A052",38,54.96,76.48,59.88,16.545,-9.621,-9.621
"A052",39,54.24,76.68,58.22,16.132,-10.47,-10.47
"A052",40,53.62,77,57.97,16.729,-9.916,-9.916
"A052",41,53.83,77.8,58.22,16.53,-9.461,-9.461
"A052",42,53.46,77.03,57.37,16.878,-10.329,-10.329
"A052",43,52.94,77.73,56.58,16.235,-10.177,-10.177
"A052",44,53,77.3,56.42,17.157,-10.637,-10.637
"A052",45,53.58,77.85,57.15,16.85,-10.247,-10.247
"A052",46,54.14,77.87,58.19,17.198,-9.779,-9.779
"A052",47,53.85,77.29,58.47,17.1,-9.5,-9.5
"A052",48,54.52,78.61,57.97,17.251,-9.999,-9.999
"A052",49,54.14,78.84,58.64,16.788,-8.813,-8.813
"A052",50,54.13,78.77,57.88,16.94,-9.595,-9.595
"A052",51,53.35,79.03,56.99,16.754,-9.525,-9.525
"A052",52,53.04,78.91,56.32,17.04,-9.908,-9.908
"A052",53,52.32,78.29,56.17,16.575,-9.578,-9.578
"A052",54,52.56,78.45,56.4,16.66,-9.536,-9.536
"A052",55,51.73,77.72,55.57,17.028,-9.807,-9.807
"A052",56,52.08,77.7,56.02,16.837,-9.788,-9.788
"A052",57,52.36,77.68,56.11,17.302,-10.029,-10.029
"A052",58,52.57,77.52,56.44,16.798,-10.024,-10.024
"A052",59,52.63,77.86,56.82,16.345,-9.527,-9.527
"A052",60,52.46,77.7,55.32,17.343,-10.923,-10.923
"A052",61,52.03,77.84,54.33,16.876,-11.335,-11.335
"A052",62,52.51,78.12,53.09,17.732,-12.982,-12.982
"A052",63,51.99,78.59,52.09,17.96,-13.11,-13.11
"A052",64,51.4,78.16,50.34,18.079,-14.386,-14.386
"A052",65,51.45,77.81,51.39,17.891,-13.604,-13.604
"A052",66,51.83,77.17,51.97,17.319,-13.846,-13.846
"A052",67,51.61,78.01,51.81,17.898,-13.267,-13.267
"A052",68,52.28,78.05,53.7,17.55,-12.135,-12.135
"A052",69,52.76,77.15,54.67,17.109,-12.215,-12.215
"A052",70,53.59,76.6,56.09,17.631,-11.987,-11.987
"A052",71,51.72,78.03,52.96,17.201,-12.237,-12.237
"A052",72,51.83,77.6,53.06,17.932,-12.517,-12.517
"A052",73,52.04,77.53,53.89,17.238,-11.963,-11.963
"A052",74,51.12,78.15,52.41,17.247,-11.981,-11.981
"A052",75,50.41,78.03,51.27,18.248,-12.3,-12.3
"A052",76,50.39,78.2,51.8,17.129,-11.645,-11.645
"A052",77,51.29,78.83,52.3,18.685,-11.901,-11.901
"A052",78,51.46,77.16,53.87,17.547,-11.522,-11.522
"A052",79,51.24,77.17,53.68,17.048,-11.44,-11.44
"A052",80,50.66,77,54.59,16.249,-9.93,-9.93
"A052",81,50.11,77.5,52.8,16.982,-10.705,-10.705
"A052",82,49.59,78.37,51.68,16.843,-10.592,-10.592
"A052",83,49.72,78.17,51.38,16.69,-11.197,-11.197
"A052",84,50.11,78.96,51.14,17.27,-11.474,-11.474
"A052",85,50.34,79.17,51.71,17.95,-11.075,-11.075
"A052",86,49.86,79.56,50.73,17.544,-11.177,-11.177
"A052",87,49.86,79.89,50.3,16.93,-11.402,-11.402
"A052",88,49.16,82.08,47.76,17.073,-11.621,-11.621
"A052",89,48,81.39,46.98,17.521,-11.039,-11.039
"A052",90,48.92,82.12,48.23,17.008,-10.774,-10.774
"A052",91,49.25,82.3,49.34,16.379,-10.046,-10.046
"A052",92,49.19,82.24,49.02,16.469,-10.308,-10.308
"A052",93,49.56,82.38,49.98,16.931,-9.814,-9.814
"A052",94,49.58,82.21,50.4,16.128,-9.512,-9.512
"A052",95,48.64,82.68,48.46,17.01,-9.772,-9.772
"A052",96,48.65,82.03,48.48,15.984,-10.163,-10.163
"A052",97,47.4,83.15,47.11,15.952,-8.859,-8.859
"A052",98,47.45,83.36,47.01,16.943,-8.917,-8.917
"A052",99,46.88,83.84,45.57,16.657,-9.128,-9.128
"A052",100,47.01,83.54,45.39,16.206,-9.705,-9.705
"A052",101,46.73,82.83,45.53,16.646,-9.511,-9.511
"A052",102,46.76,82.47,45.81,17.328,-9.523,-9.523
"A052",103,46.74,81.58,46.47,16.596,-9.402,-9.402
"A052",104,46.75,82.11,46.63,15.9,-8.906,-8.906
"A052",105,46.39,83.03,45.75,16.095,-8.581,-8.581
"A052",106,46.84,83,47.62,15.719,-7.497,-7.497
"A052",107,46.5,83.43,47.23,15.2,-7.05,-7.05
"A052",108,46.35,83.79,45.88,16.033,-7.928,-7.928
"A052",109,46.76,83.93,45.66,16.655,-8.773,-8.773
"A052",110,46.58,83.67,45.33,15.598,-8.946,-8.946
"A052",111,46.06,82.77,44.4,16.69,-9.54,-9.54
"A052",112,46.59,83.34,44.5,16.53,-9.996,-9.996
"A052",113,47.27,84.12,44.9,16.562,-10.307,-10.307
"A052",114,46.45,84.33,44.45,16.708,-9.23,-9.23
"A052",115,46.64,84.54,45.23,16.494,-8.659,-8.659
"A052",116,47.08,84.79,45.51,16.393,-9.01,-9.01
"A052",117,46.75,84.58,45.08,15.841,-8.976,-8.976
"A052",118,47.36,84.18,45.54,15.612,-9.772,-9.772
"A052",119,46.25,84.27,43.47,17.222,-9.881,-9.881
"A052",120,46.87,84.73,44.35,16.958,-9.826,-9.826
"A052",121,46.02,84.28,43.77,16.479,-9.176,-9.176
"A052",122,44.5,84.29,41.02,16.476,-9.119,-9.119
"A052",123,43.86,83.73,39.44,16.097,-9.841,-9.841
"A052",124,43.8,83.9,39.44,16.884,-9.617,-9.617
"A052",125,44.01,83.81,40.11,16.08,-9.395,-9.395
"A052",126,43.66,84.05,39.64,16.583,-9.055,-9.055
"A052",127,42.39,83.67,37.88,15.877,-8.578,-8.578
"A052",128,42.82,83.79,38.86,15.877,-8.366,-8.366
"A052",129,42.25,83.91,37.93,16.437,-8.086,-8.086
"A052",130,41.87,83.57,37.11,16.293,-8.376,NA
"A052",131,41.4,83.52,36,16.041,-8.594,NA
"A052",132,42.64,83.7,37.47,16.735,-9.448,NA
"A052",133,42.93,83.66,38.24,16.539,-9.279,NA
"A052",134,42.58,83.44,38.59,16.581,-8.39,NA
"A052",135,43.43,83.12,39.84,16.717,-9.03,NA
"A052",136,43.37,83.29,40.25,16.014,-8.387,NA
"A052",137,42.63,82.99,38.69,16.794,-8.716,NA
"A052",138,43.11,83.72,38.89,15.694,-8.952,NA
"A052",139,42.46,84.38,36.48,16.503,-9.65,NA
"A052",140,43.42,84.43,38.8,16.691,-9.169,NA
"A052",141,43.26,84.8,38.07,16.427,-9.367,NA
"A052",142,43.05,84.3,37.79,16.381,-9.537,NA
"A052",143,42.3,85.12,35.83,16.613,-9.521,NA
"A052",144,41.71,85.18,35.66,16.256,-8.437,NA
"A052",145,41.63,85.27,35.24,16.136,-8.658,NA
"A052",146,41.71,85.62,34.51,16.438,-9.323,NA
"A052",147,43.04,85.31,37.09,16.216,-9.619,NA
"A052",148,42.72,85.93,36.45,15.893,-9.275,NA
"A052",149,42.27,85.5,35.55,16.313,-9.515,NA
"A052",150,42.04,85.66,34.38,16.367,-10.127,NA
"A052",151,42.17,85.14,35.09,17.536,-9.971,NA
"A052",152,41.58,85.19,33.77,17.114,-10.074,NA
"A052",153,41.72,85.18,32.99,17.275,-11.131,NA
"A052",154,42.69,85.19,35.01,16.822,-11.063,NA
"A052",155,42.78,84.9,35.29,17.104,-11.132,NA
"A052",156,42.21,84.52,35.21,16.868,-10.313,NA
"A052",157,42.19,86.32,33.8,16.41,-10.648,NA
"A052",158,41.62,87.18,31.26,17.936,-11.63,NA
"A052",159,41.75,87.11,32.15,16.89,-11.044,NA
"A052",160,41.27,87.88,31.15,16.761,-10.741,NA
"A052",161,41.04,89.12,31.68,16.198,-9.36,NA
"A052",162,41.01,88.94,30.99,17.284,-10.027,NA
"A052",163,40.79,88.79,29.97,16.702,-10.643,NA
"A052",164,40.28,87.61,29.13,17.15,-10.79,NA
"A052",165,39.97,88.03,27.72,17.524,-11.398,NA
"A052",166,39.24,88.66,25.64,16.768,-11.771,NA
"A052",167,40,87.95,26.85,17.162,-12.368,NA
"A052",168,40.24,87.17,27.66,18.043,-12.377,NA
"A052",169,40.04,87.29,27.73,17.742,-11.83,NA
"A052",170,39.77,87.04,27.07,17.321,-12.042,NA
"A052",171,39.07,88.33,24.98,17.841,-12.164,NA
"A052",172,39.28,87.94,25.8,17.23,-11.915,NA
"A052",173,39.32,87.45,25.96,18.328,-12.03,NA
"A052",174,38.04,87.63,23.38,17.411,-11.876,NA
"A052",175,37.1,86.87,21.69,17.744,-11.961,NA
"A052",176,37.37,86.19,22.67,16.698,-11.893,NA
"A052",177,38.49,87.25,24.37,17.893,-11.957,NA
"A052",178,38.37,88.14,24.11,17.471,-11.651,NA
"A052",179,37.84,88.97,22.34,17.221,-12.076,NA
"A052",180,37.07,88.47,20.55,17.407,-12.421,NA
"A052",181,37.21,89.25,20.86,17.407,-12.213,NA
"A052",182,38.83,89.46,25.29,17.894,-11.096,NA
"A052",183,38.65,89.21,25.36,17.225,-10.687,NA
"A052",184,38.46,88.19,25.12,17.162,-10.807,NA
"A052",185,38.7,88.1,25.1,16.142,-11.347,NA
"A052",186,39.1,87.3,26.78,17.263,-10.802,NA
"A052",187,39.15,87.48,27.41,16.681,-10.206,NA
"A052",188,37.94,85.94,25.75,16.972,-10.125,NA
"A052",189,36.74,86.38,22.27,17.06,-10.888,NA
"A052",190,37.77,88.01,23.8,18.161,-10.751,NA
"A052",191,37.46,87.47,23.65,17.003,-10.446,NA
"A052",192,37.21,86.74,22.69,16.809,-11.248,NA
"A052",193,37.46,87.58,23.58,16.791,-10.494,NA
"A052",194,36.82,88.52,21.74,16.8,-10.701,NA
"A052",195,36.14,87.76,20.73,16.6,-10.586,NA
"A052",196,36.72,87.17,22.35,17.274,-10.37,NA
"A052",197,37.18,87.38,23.01,17.781,-10.564,NA
"A052",198,37.16,87.94,23.72,16.833,-9.588,NA
"A052",199,37.42,88.61,23.53,16.673,-10.115,NA
"A052",200,38.67,89.24,25.81,16.879,-10.271,NA
"A052",201,38.24,90,24.93,16.511,-10.15,NA
"A052",202,38.12,89.97,24.47,16.49,-10.36,NA
"A052",203,37.97,89.84,24.09,17.432,-10.463,NA
"A052",204,37.47,90.13,22.93,17.002,-10.559,NA
"A052",205,37.54,89.84,22.29,17.324,-11.373,NA
"A052",206,36.86,89.29,20.77,17.038,-11.584,NA
"A052",207,36.89,89.12,22.23,16.155,-10.219,NA
"A052",208,37.75,89.59,23.51,16.675,-10.619,NA
"A052",209,37.81,89.27,22.55,16.772,-11.744,NA
"A052",210,37.58,89.63,21.49,17.501,-12.283,NA
"A052",211,37,88.44,20.73,18.153,-12.105,NA
"A052",212,36.6,87.24,20.77,16.79,-11.68,NA
"A052",213,37.63,86.98,22.3,17.681,-12.37,NA
"A052",214,38.35,85.82,25.18,17.288,-11.606,NA
"A052",215,37.27,86.8,22.56,17.087,-11.467,NA
"A052",216,37.96,86.34,25.57,17.262,-10.102,NA
"A052",217,38.01,85.91,26.34,16.233,-9.698,NA
"A052",218,37.17,85.95,25.29,17.031,-8.986,NA
"A052",219,36.56,87.23,22.18,16.998,-10.187,NA
"A052",220,36.33,87.31,22.66,16.029,-9.209,NA
"A052",221,36.45,87.2,23.41,15.948,-8.756,NA
"A052",222,35.78,87.35,22.52,14.982,-8.227,NA
"A052",223,34.57,87.32,19.83,15.847,-8.591,NA
"A052",224,35.29,86.87,21.65,16.189,-8.379,NA
"A052",225,34.48,86.35,20.56,15.653,-8.186,NA
"A052",226,33.96,85.96,20.28,14.661,-7.74,NA
"A052",227,34.06,86.44,20.44,15.36,-7.483,NA
"A052",228,34.18,88.1,20.08,14.832,-7.299,NA
"A052",229,34.44,87.49,20.64,15.591,-7.461,NA
"A052",230,33.71,87.05,18.85,15.442,-8.086,NA
"A052",231,34.11,86.92,19.87,15.736,-7.88,NA
"A052",232,34.34,87.16,19.03,16.772,-9.036,NA
"A052",233,33.12,87.26,16.83,16.378,-8.936,NA
"A052",234,33.52,87.48,17.28,16.785,-9.104,NA
"A052",235,33.21,87.19,17.37,15.897,-8.589,NA
"A052",236,33.43,88.37,17.44,15.76,-8.454,NA
"A052",237,33.8,87.9,17.25,16.851,-9.483,NA
"A052",238,34.07,87.24,18.35,16.237,-9.166,NA
"A052",239,33.47,87.42,16.5,16.662,-9.823,NA
"A052",240,31.89,86.96,12.95,17.399,-10.837,NA
"A052",241,31.55,86.88,13.25,17.462,-10.022,NA
"A052",242,31.91,86.48,14.07,16.848,-10.031,NA
"A052",243,32.52,87.15,15.26,16.494,-9.493,NA
"A052",244,33.34,87.44,16.34,16.295,-9.746,NA
"A052",245,33.45,87.46,16.25,16.27,-10.015,NA
"A052",246,33.4,87.31,16.46,16.86,-9.786,NA
"A052",247,32.7,88.1,15.38,16.628,-9.299,NA
"A052",248,31.92,87.27,13.09,17.439,-10.589,NA
"A052",249,31.02,87.83,11.65,16.691,-10.32,NA
"A052",250,30.8,87.36,12.37,16.733,-9.448,NA
"A052",251,30.44,87.61,12.55,15.783,-8.595,NA
"A052",252,30.21,88.98,12.26,15.215,-8.11,NA
"A052",253,29.8,89.59,11.58,14.966,-8.095,NA
"A052",254,29.47,89.54,11.3,15.633,-7.884,NA
"A052",255,29.63,89.34,11.16,15.864,-8.279,NA
"A052",256,29.78,89.2,9.78,16.633,-9.914,NA
"A052",257,29.46,89.61,8.84,16.778,-10.337,NA
"A052",258,29.14,89.87,9.22,16.331,-9.479,NA
"A052",259,28.61,90.76,7.74,16.639,-10.268,NA
"A052",260,28.44,90.47,6.91,17.442,-10.847,NA
"A052",261,28.9,91.73,7.99,16.285,-10.651,NA
"A052",262,28.81,91.31,8.38,16.711,-10.017,NA
"A052",263,28.95,91.28,8.35,16.678,-10.236,NA
"A052",264,29.24,90.71,9.77,16.076,-9.114,NA
"A052",265,28.85,91.41,9.66,16.002,-8.814,NA
"A052",266,30.14,91.23,11.45,15.815,-8.847,NA
"A052",267,31.25,90.56,11.56,17.277,-10.362,NA
"A052",268,31.23,91.41,10.72,17.841,-11.317,NA
"A052",269,30.42,92.24,9.86,16.579,-11.17,NA
"A052",270,30.38,92.44,10.48,17.856,-10.573,NA
"A052",271,29.32,92.61,8.94,17.546,-10.645,NA
"A052",272,29.57,92.1,9.62,16.84,-10.095,NA
"A052",273,28.71,92.5,8.76,16.244,-9.924,NA
"A052",274,28.26,92.65,7.83,16.497,-10.325,NA
"A052",275,28.32,93.37,8.03,17.227,-10.597,NA
"A052",276,27.94,93.33,8.13,16.84,-9.976,NA
"A052",277,27.3,92.64,6.28,17.2,-10.633,NA
"A052",278,26.22,92.87,5.27,16.504,-10.484,NA
"A052",279,27.04,93.81,7.26,16.902,-10.05,NA
"A052",280,27.59,93.34,8.03,17.374,-9.653,NA
"A052",281,27.51,93.02,7.58,16.123,-9.809,NA
"A052",282,27.65,92.74,7.7,17.133,-9.712,NA
"A052",283,28.17,92.99,8.95,16.687,-9.257,NA
"A052",284,27.52,92.88,8.4,16.102,-8.916,NA
"A052",285,27.08,91.99,7.08,16.493,-9.275,NA
"A052",286,26.2,92.06,6.03,16.433,-9.317,NA
"A052",287,27.47,91.37,7.17,16.54,-9.476,NA
"A052",288,27.04,91.07,5.26,16.917,-10.787,NA
"A052",289,28.19,91.38,6.68,16.583,-10.903,NA
"A052",290,28.11,91.74,7.3,17.572,-10.28,NA
"A052",291,28.11,91.99,7.43,16.392,-10.235,NA
"A052",292,28.45,92.11,7.93,17.06,-10.239,NA
"A052",293,28.85,93.18,9.17,17.096,-10.048,NA
"A052",294,28.21,94.35,9.14,16.596,-10.022,NA
"A052",295,27.69,95.22,8.68,16.978,-10.552,NA
"A052",296,25.77,95.2,7.02,16.75,-9.973,NA
"A052",297,26.13,94.58,6.81,16.659,-10.037,NA
"A052",298,26.1,94.69,7.28,15.915,-9.629,NA
"A052",299,25.91,94.89,6.94,15.982,-9.931,NA
"A052",300,26.48,95.08,7.88,17.276,-9.789,NA
"A052",301,27.5,93.27,7.24,16.057,-10.267,NA
"A052",302,27.26,93.51,6.04,16.258,-11.333,NA
"A052",303,27.26,93.55,6.18,16.615,-11.211,NA
"A052",304,27.02,93.68,6.44,17.206,-10.754,NA
"A052",305,27.62,92.96,7.14,17.336,-10.352,NA
"A052",306,26.69,91.79,6.32,16.579,-9.494,NA
"A052",307,27.23,91.29,7.48,16.44,-8.841,NA
"A052",308,26.72,91.35,6.46,16.236,-9.262,NA
"A052",309,26.72,91.69,6.21,16.968,-9.605,NA
"A052",310,26.21,91.03,5.03,16.782,-10.018,NA
"A052",311,26.48,91.66,5.15,17.333,-10.382,NA
"A052",312,26.16,92.61,5.39,17.371,-10.152,NA
"A052",313,25.26,92.06,3.78,16.834,-10.53,NA
"A052",314,25.14,91.96,4.06,16.092,-10.08,NA
"A052",315,25.56,91.32,3.55,17.087,-10.841,NA
"A052",316,24.5,92.71,3.28,16.561,-10.536,NA
"A052",317,24.63,92.8,3.98,16.365,-10.008,NA
"A052",318,24.49,92.85,4.47,16.729,-9.406,NA
"A052",319,23.72,93.2,4.62,15.905,-8.689,NA
"A052",320,23.51,92.68,4.24,16.446,-8.584,NA
"A052",321,23.69,92.67,4.68,15.795,-8.306,NA
"A052",322,24.43,92.65,5.82,15.459,-7.883,NA
"A052",323,23.48,92.82,4.45,15.695,-8.417,NA
"A053",1,58.6,31.43,80.75,16.003,-8.866,-8.866
"A053",2,58.24,31.23,80.87,15.119,-8.508,-8.508
"A053",3,57.83,30.45,80.76,15.745,-8.411,-8.411
"A053",4,57.15,31.1,80.33,15.899,-8.28,-8.28
"A053",5,57.61,31.05,80.21,16.151,-8.741,-8.741
"A053",6,57.37,30.91,80.23,15.601,-8.563,-8.563
"A053",7,57.28,30.3,80.59,15.004,-8.188,-8.188
"A053",8,57.47,29.79,78.93,17.195,-10.031,-10.031
"A053",9,57.55,30.66,78.77,16.135,-10.175,-10.175
"A053",10,56.71,31.47,79.17,15.89,-9.108,-9.108
"A053",11,56.23,30.66,79.97,15.675,-8.033,-8.033
"A053",12,55.9,30.02,79.64,15.866,-8.189,-8.189
"A053",13,56.82,29.62,78.82,15.825,-9.693,-9.693
"A053",14,57.14,29.75,78.45,17.035,-10.276,-10.276
"A053",15,57.47,29.81,79.64,15.424,-9.321,-9.321
"A053",16,57.78,30.19,79.94,16.078,-9.214,-9.214
"A053",17,57.81,29.51,79.6,15.924,-9.633,-9.633
"A053",18,57.32,29.49,79.2,15.841,-9.685,-9.685
"A053",19,56.22,29.63,77.98,16.981,-10.095,-10.095
"A053",20,56.18,30.23,79.66,15.733,-8.351,-8.351
"A053",21,56.56,29.74,80.26,15.562,-8.053,-8.053
"A053",22,56.61,29.09,80.98,15,-7.415,-7.415
"A053",23,57.26,30,81.62,14.869,-7.169,-7.169
"A053",24,56.48,28.32,80.88,14.853,-7.475,-7.475
"A053",25,55.9,28.49,81.41,14.115,-6.499,-6.499
"A053",26,55.39,28.39,80.84,15.32,-6.72,-6.72
"A053",27,54.75,27.56,79.91,15.463,-7.244,-7.244
"A053",28,54,27.39,79.23,13.799,-7.418,-7.418
"A053",29,52.79,28.41,77.37,15.726,-8.447,-8.447
"A053",30,52.27,28.25,77.66,15.041,-7.84,-7.84
"A053",31,53.11,28.36,79.18,15.286,-6.843,-6.843
"A053",32,53.89,29.28,79.51,14.595,-6.981,-6.981
"A053",33,54,29.36,79.16,15.002,-7.406,-7.406
"A053",34,54.41,30.04,80.31,14.224,-6.499,-6.499
"A053",35,55.7,29.99,81.16,14.616,-6.526,-6.526
"A053",36,56.32,28.99,81.94,14.494,-6.248,-6.248
"A053",37,55.41,29.46,81.68,14.359,-5.832,-5.832
"A053",38,55.07,29.64,80.51,14.135,-6.757,-6.757
"A053",39,54.9,29.32,80.69,14.447,-6.484,-6.484
"A053",40,55.21,29.88,81.12,14.556,-6.231,-6.231
"A053",41,55.2,29.58,81.02,14.288,-6.339,-6.339
"A053",42,55.28,29.09,80.6,14.368,-6.849,-6.849
"A053",43,54.36,29.4,79.42,13.973,-7.38,-7.38
"A053",44,53.23,29.96,77.93,15.155,-8.108,-8.108
"A053",45,52.78,29.4,78.1,15.292,-7.673,-7.673
"A053",46,52.45,29,78.03,14.706,-7.556,-7.556
"A053",47,51.3,29.67,77.5,15.764,-7.363,-7.363
"A053",48,51.83,29.79,76.8,16.076,-8.379,-8.379
"A053",49,51.56,29.18,77.19,15.737,-7.848,-7.848
"A053",50,51.83,29.5,76.18,15.856,-9.012,-9.012
"A053",51,51.93,29.51,76.42,15.822,-8.828,-8.828
"A053",52,50.83,29.73,76.17,15.892,-8.424,-8.424
"A053",53,52.15,30.41,77.68,15.171,-7.657,-7.657
"A053",54,51.65,29.58,77.12,15.137,-7.956,-7.956
"A053",55,50.56,30.52,76.51,15.635,-7.883,-7.883
"A053",56,51.84,30.27,76.98,15.705,-8.175,-8.175
"A053",57,52.21,30.68,78.06,15.558,-7.296,-7.296
"A053",58,52.15,30.71,78.58,13.984,-6.74,-6.74
"A053",59,51.49,31.65,78.55,14.408,-6.311,-6.311
"A053",60,50.98,31.1,77.82,14.206,-6.781,-6.781
"A053",61,49.87,31.56,77.58,14.309,-6.345,-6.345
"A053",62,50.28,31.24,77.05,14.489,-7.131,-7.131
"A053",63,50.45,30.36,77.93,14.507,-6.413,-6.413
"A053",64,49.52,30.66,78.17,13.549,-5.633,-5.633
"A053",65,49.28,30.9,78.88,14.185,-4.775,-4.775
"A053",66,49.19,31.03,78.57,13.828,-5.029,-5.029
"A053",67,49.19,30.38,78.75,12.482,-4.895,-4.895
"A053",68,49.05,29.73,78.98,13.607,-4.64,-4.64
"A053",69,49.29,29.58,79.36,12.786,-4.397,-4.397
"A053",70,49.44,28.99,79.6,12.633,-4.263,-4.263
"A053",71,48.8,28.53,79.05,13.722,-4.51,-4.51
"A053",72,48.41,28.8,78.25,13.082,-5.105,-5.105
"A053",73,48.33,28.38,77.77,14.413,-5.569,-5.569
"A053",74,48.58,28.22,76.43,14.698,-7.034,-7.034
"A053",75,47.36,28.35,75.74,14.535,-7.139,-7.139
"A053",76,47.21,27.8,75.83,15.305,-7.026,-7.026
"A053",77,47.51,27.4,75.95,14.86,-7.061,-7.061
"A053",78,46.78,27.87,74.71,14.64,-7.954,-7.954
"A053",79,46.44,28.25,73.38,16.439,-9.097,-9.097
"A053",80,46.5,27.18,73.65,15.668,-8.946,-8.946
"A053",81,46.31,26.73,73.05,15.948,-9.517,-9.517
"A053",82,46.78,25.83,73.9,15.838,-8.93,-8.93
"A053",83,46.73,25.57,73.64,15.883,-9.198,-9.198
"A053",84,46.69,25.48,72.44,16.382,-10.392,-10.392
"A053",85,46.82,26.27,72.34,16.033,-10.469,-10.469
"A053",86,46.82,27.06,73.09,15.533,-9.649,-9.649
"A053",87,46.1,26.07,72.14,16.54,-10.403,-10.403
"A053",88,47.2,26.96,73.39,16.122,-9.52,-9.52
"A053",89,45.75,27.43,72.01,15.999,-10.257,-10.257
"A053",90,45.86,27.34,71.88,16.095,-10.447,-10.447
"A053",91,46.28,27,72.87,15.812,-9.652,-9.652
"A053",92,45.15,27.27,72.31,16.152,-9.746,-9.746
"A053",93,45.87,26.34,73.21,15.003,-9.226,-9.226
"A053",94,46.01,25.23,74.18,15.413,-8.425,-8.425
"A053",95,45.44,25.64,74.7,15.293,-7.644,-7.644
"A053",96,45.49,26.25,74.28,15.056,-8.02,-8.02
"A053",97,45.42,26.12,73.74,16.115,-8.544,-8.544
"A053",98,45.88,26.6,73.52,15.36,-8.889,-8.889
"A053",99,46.26,26.68,73.68,16.021,-8.867,-8.867
"A053",100,45.55,27.01,74.57,14.888,-7.66,-7.66
"A053",101,45.18,27.24,74.05,15.762,-8.017,-8.017
"A053",102,45.47,26.99,74.94,15.244,-7.262,-7.262
"A053",103,45.68,27.21,75.27,14.51,-6.997,-6.997
"A053",104,45.2,27.35,74.65,15.009,-7.416,-7.416
"A053",105,44.55,27.43,74.54,14.476,-7.263,-7.263
"A053",106,45.33,26.48,73.79,15.791,-8.424,-8.424
"A053",107,44.6,27.19,73.53,15.098,-8.33,-8.33
"A053",108,44.31,26.76,72.95,15.877,-8.859,-8.859
"A053",109,44.09,26.6,72.53,16.418,-9.218,-9.218
"A053",110,43.61,26.59,72.61,15.438,-8.975,-8.975
"A053",111,43.15,27.71,72.08,15.769,-9.166,-9.166
"A053",112,43.32,26.63,71.88,15.837,-9.605,-9.605
"A053",113,43.22,26.46,72.76,15.332,-8.715,-8.715
"A053",114,42.73,26.34,72.59,15.437,-8.74,-8.74
"A053",115,41.91,25.85,72.36,15.674,-8.801,-8.801
"A053",116,40.84,25.52,72.65,15.773,-8.267,-8.267
"A053",117,40.11,25.9,71.99,15.98,-8.611,-8.611
"A053",118,40.31,27.15,70.24,15.409,-10.111,-10.111
"A053",119,40.54,27.58,70.19,15.394,-10.143,-10.143
"A053",120,41.53,28.36,70.44,16.038,-10.077,-10.077
"A053",121,41.57,27.12,71.43,15.986,-9.364,-9.364
"A053",122,41.52,26.96,72.19,15.278,-8.623,-8.623
"A053",123,41.54,26.47,71.98,15.317,-8.938,-8.938
"A053",124,42.5,26.28,71.4,15.825,-9.872,-9.872
"A053",125,41.48,27.01,71.51,16.008,-9.282,-9.282
"A053",126,41.44,26.56,72,15.251,-8.868,-8.868
"A053",127,40.49,26.61,70.59,16.73,-9.959,-9.959
"A053",128,40.54,26.04,71.21,15.734,-9.491,-9.491
"A053",129,39.74,24.66,71.22,16.336,-9.586,-9.586
"A053",130,39.47,25.49,71.89,15.654,-8.617,-8.617
"A053",131,39.33,25.55,73.02,15.256,-7.433,-7.433
"A053",132,39.03,24.84,73.16,14.815,-7.398,NA
"A053",133,38.49,23.74,74.41,14.355,-6.307,NA
"A053",134,38.37,24.56,75.17,12.993,-5.279,NA
"A053",135,37.23,24.87,74.9,14.23,-5.092,NA
"A053",136,36.43,23.77,75.13,13.583,-4.982,NA
"A053",137,36.97,23.08,74.39,14.214,-6.121,NA
"A053",138,37.16,23.51,75.13,14.011,-5.295,NA
"A053",139,37.19,23.27,73.99,14.721,-6.52,NA
"A053",140,36.2,21.41,74.55,13.978,-6.338,NA
"A053",141,35.31,21.23,74.68,14.468,-6.031,NA
"A053",142,35.89,21.29,74.78,13.934,-6.071,NA
"A053",143,36.55,22.8,73.98,14.464,-6.51,NA
"A053",144,37.68,22.44,73.76,15.459,-7.159,NA
"A053",145,37.34,22.72,72.88,14.819,-7.852,NA
"A053",146,37.61,23.28,72.14,15.299,-8.491,NA
"A053",147,36.89,23.61,71.18,15.375,-9.126,NA
"A053",148,37.84,23.59,72.28,16.104,-8.307,NA
"A053",149,37.69,22.82,73.16,15.209,-7.638,NA
"A053",150,37.58,22.08,73.04,15.386,-7.972,NA
"A053",151,38.07,21.63,72.72,15.496,-8.564,NA
"A053",152,37.7,20.93,73.19,15.525,-8.249,NA
"A053",153,37.66,20.76,73.17,15.278,-8.315,NA
"A053",154,39.4,21.31,73.9,15.17,-7.786,NA
"A053",155,39.05,20.97,73.92,15.796,-7.8,NA
"A053",156,39.33,21.33,73.8,15.67,-7.863,NA
"A053",157,39.37,21.71,73.85,15.07,-7.7,NA
"A053",158,38.52,22.63,74.17,15.354,-6.901,NA
"A053",159,38.08,22.63,74.55,14.437,-6.41,NA
"A053",160,37.97,22.73,74.06,14.9,-6.836,NA
"A053",161,38.53,22.78,73.99,14.949,-7.038,NA
"A053",162,38.28,23.14,72.91,15.61,-7.939,NA
"A053",163,37.43,23.2,72.92,15.722,-7.687,NA
"A053",164,36.96,23.02,72.28,15.185,-8.251,NA
"A053",165,36.23,22.32,71.07,15.942,-9.493,NA
"A053",166,36.63,22.18,71.77,15.296,-8.957,NA
"A053",167,36.19,21.31,71.65,16.315,-9.271,NA
"A053",168,36.53,21.07,71.43,15.645,-9.669,NA
"A053",169,35.93,21.57,71.15,16.123,-9.607,NA
"A053",170,36.3,21.88,71.44,16.239,-9.308,NA
"A053",171,35.15,22.21,71.01,16.214,-9.272,NA
"A053",172,35,21.62,71.62,15.654,-8.842,NA
"A053",173,35.39,22.16,72.28,15.461,-8.094,NA
"A053",174,35.62,21.59,73.3,14.792,-7.362,NA
"A053",175,35.53,21.35,74.13,14.371,-6.595,NA
"A053",176,35.14,20.56,74.86,14.125,-6.056,NA
"A053",177,35.09,20.1,75.2,13.314,-5.894,NA
"A053",178,34.94,19.62,74.08,14.773,-7.161,NA
"A053",179,33.52,19.03,73.54,15.007,-7.524,NA
"A053",180,33.14,19.5,73.76,14.971,-6.981,NA
"A053",181,32.89,20.7,73.91,14.54,-6.228,NA
"A053",182,32.77,20.13,72.81,15.425,-7.527,NA
"A053",183,33.3,19.87,73.46,14.895,-7.174,NA
"A053",184,32.82,20.19,72.22,16.484,-8.113,NA
"A053",185,32.73,19.95,72.42,15.088,-7.979,NA
"A053",186,32.94,18.94,72.29,15.571,-8.62,NA
"A053",187,32.81,18.88,72.84,15.582,-8.059,NA
"A053",188,32.45,20.12,72.84,14.654,-7.393,NA
"A053",189,32.33,19.5,72.29,16.045,-8.169,NA
"A053",190,31.8,18.84,72.42,14.692,-8.136,NA
"A053",191,32.3,19,72.3,15.282,-8.366,NA
"A053",192,32.42,18.4,72.51,15.986,-8.462,NA
"A053",193,31.96,18.46,72.95,14.953,-7.828,NA
"A053",194,32.32,17.82,73.84,14.703,-7.349,NA
"A053",195,33.08,17.49,74.13,15.84,-7.462,NA
"A053",196,32.53,17.94,73.23,14.832,-7.983,NA
"A053",197,31.86,17.31,73.16,15.106,-8.099,NA
"A053",198,30.88,17.1,73.04,15.673,-7.957,NA
"A053",199,30.61,18.64,72.25,15.64,-7.925,NA
"A053",200,29.6,17.78,71.83,15.401,-8.315,NA
"A053",201,30.48,17.48,71.96,15.722,-8.699,NA
"A053",202,29.61,17.79,70.8,16.158,-9.337,NA
"A053",203,30.07,18.94,69.68,16.852,-10.122,NA
"A053",204,29.98,18.42,70.2,16.592,-9.809,NA
"A053",205,30.96,18.1,72.03,15.238,-8.53,NA
"A053",206,30.57,19.36,71.86,14.826,-7.967,NA
"A053",207,30.18,17.75,72.14,14.937,-8.266,NA
"A053",208,31.02,17.51,72.19,15.748,-8.672,NA
"A053",209,31.89,17.35,72.3,16.001,-8.952,NA
"A053",210,31.48,16.92,73.53,14.574,-7.777,NA
"A053",211,31.85,16.87,73.4,15.688,-8.062,NA
"A053",212,31.37,17.03,73.16,15.312,-8.054,NA
"A053",213,31.26,17.41,72.94,15.186,-8.056,NA
"A053",214,31.16,18.16,72.74,14.919,-7.879,NA
"A053",215,30.96,17.2,72.32,15.547,-8.663,NA
"A053",216,30.76,17.29,71.99,15.713,-8.87,NA
"A053",217,29.55,18.91,70.09,16.158,-9.497,NA
"A053",218,29.71,18.74,70.31,16.643,-9.428,NA
"A053",219,30.28,17.79,71.84,16.213,-8.595,NA
"A053",220,29.83,19.39,70.91,14.95,-8.575,NA
"A053",221,30.24,19.59,70.07,16.012,-9.502,NA
"A053",222,29.75,19.54,69.62,15.583,-9.759,NA
"A053",223,30.35,18.42,69.83,16.615,-10.334,NA
"A053",224,30,18.61,69.3,16.432,-10.632,NA
"A053",225,28.1,18.52,69.6,15.666,-9.482,NA
"A053",226,27.59,19.26,69.1,15.75,-9.342,NA
"A053",227,27.56,19.46,68.63,15.939,-9.695,NA
"A053",228,27,20.03,68.65,15.578,-9.071,NA
"A053",229,26.73,20.23,68.19,15.518,-9.274,NA
"A053",230,27.05,19.82,68.84,15.499,-9.03,NA
"A053",231,26.72,19.11,69.3,16.928,-8.741,NA
"A053",232,26.34,18.82,69.38,15.171,-8.606,NA
"A053",233,26.2,19.74,68.12,16.039,-9.287,NA
"A053",234,25.3,19.6,67.45,16.469,-9.495,NA
"A053",235,26.1,19.91,67.99,16.141,-9.269,NA
"A053",236,25.59,19.71,67.94,15.855,-9.128,NA
"A053",237,26.15,20.14,69.23,15.567,-7.93,NA
"A053",238,26.34,19.89,69.36,15.626,-8.061,NA
"A053",239,26.19,20.04,68.43,16.456,-8.811,NA
"A053",240,26.35,18.8,68.67,15.344,-9.33,NA
"A053",241,26.63,19.68,69.02,15.507,-8.674,NA
"A053",242,27.46,19.51,69.44,15.92,-8.802,NA
"A053",243,28.4,18.81,70.07,15.891,-9.02,NA
"A053",244,27.2,17.27,69.41,16.319,-9.825,NA
"A053",245,28.22,17.45,69.68,16.628,-9.983,NA
"A053",246,27.86,17.24,69.96,16.118,-9.633,NA
"A053",247,27.17,16.94,69.63,16.345,-9.757,NA
"A053",248,26.19,16.53,68.56,16.655,-10.519,NA
"A053",249,26.23,15.93,69.01,17.095,-10.39,NA
"A053",250,27.15,15.57,71.18,15.24,-8.869,NA
"A053",251,27.79,15.5,72.07,15.704,-8.328,NA
"A053",252,27.15,15.37,71.77,15.042,-8.374,NA
"A053",253,27.1,15.84,71.74,15.618,-8.147,NA
"A053",254,26.14,15.51,71.3,15.187,-8.251,NA
"A053",255,25.96,15.81,71.11,15.448,-8.205,NA
"A053",256,24.69,15.27,68.93,16.469,-9.957,NA
"A053",257,25,15.96,67.84,15.958,-10.87,NA
"A053",258,23.86,14.92,67.4,15.616,-11.187,NA
"A053",259,22.68,14.78,66.54,17.411,-11.416,NA
"A053",260,22.06,14.65,66.27,17.525,-11.369,NA
"A053",261,21.45,14.42,67.36,16.221,-10.032,NA
"A053",262,22.1,13.26,66.87,16.573,-11.515,NA
"A053",263,21.53,13.71,66.95,17.273,-10.859,NA
"A053",264,21.78,13.65,68.67,15.347,-9.318,NA
"A053",265,20.33,14.53,67.55,15.038,-9.067,NA
"A053",266,20.33,13.39,69.14,15.967,-8.083,NA
"A053",267,19.85,13.05,68.86,15.152,-8.243,NA
"A053",268,20.69,13.6,70.47,15.105,-6.87,NA
"A053",269,20.76,14.47,70.54,14.301,-6.381,NA
"A053",270,20.66,12.49,71.53,13.911,-6.37,NA
"A053",271,19.92,12.59,70.71,14.51,-6.682,NA
"A053",272,20.18,12.71,71.06,13.147,-6.428,NA
"A053",273,21,12.71,71.19,14.241,-6.808,NA
"A053",274,22.08,12.23,71.58,14.591,-7.314,NA
"A053",275,21.83,12.31,71.12,15.192,-7.589,NA
"A053",276,20.6,12.15,70.35,14.662,-7.694,NA
"A053",277,20.25,12.64,70.78,14.136,-6.796,NA
"A053",278,19.4,13.24,69.62,14.065,-7.093,NA
"A053",279,18.6,13.2,68.34,15.894,-7.873,NA
"A053",280,18.99,13.09,68.45,14.909,-8.079,NA
"A053",281,19.73,12.93,68.92,16.274,-8.164,NA
"A053",282,20.21,13.08,68.98,15.096,-8.334,NA
"A053",283,19.79,12.48,68.12,15.972,-9.246,NA
"A053",284,19.51,12.5,68.94,15.618,-8.238,NA
"A053",285,19.43,12.08,68.01,15.921,-9.341,NA
"A053",286,20.47,12.23,68.51,16.672,-9.413,NA
"A053",287,20.48,12.63,68.11,15.497,-9.612,NA
"A053",288,19.47,12.19,67.32,16.013,-9.998,NA
"A053",289,19.57,12.9,67.14,15.96,-9.867,NA
"A053",290,18.84,12.62,68.48,15.048,-8.204,NA
"A053",291,19.35,12.1,69.33,15.662,-7.956,NA
"A053",292,18.21,12.95,67.7,14.984,-8.391,NA
"A053",293,18.84,13.51,68.34,15.497,-7.868,NA
"A053",294,19.13,13.64,68.42,15.586,-7.895,NA
"A053",295,18.22,12.44,68.37,16.147,-8.01,NA
"A053",296,17.97,11.8,68.4,15.486,-8.164,NA
"A053",297,18.32,11.19,68.79,14.806,-8.32,NA
"A053",298,18.44,10.46,68.58,15.497,-8.975,NA
"A053",299,19.2,10.99,68.97,15.737,-8.784,NA
"A053",300,20.34,10.67,70.09,16.234,-8.533,NA
"A053",301,20.07,11.49,69.26,15.921,-8.786,NA
"A053",302,20.4,11.18,70.58,15.563,-7.826,NA
"A053",303,18.87,10.89,69.18,15.237,-8.428,NA
"A053",304,17.71,11,67.68,16.4,-9.133,NA
"A053",305,16.82,11.5,67.21,15.687,-8.762,NA
"A053",306,17.05,10.82,67.09,15.602,-9.396,NA
"A053",307,17.34,11.35,67.96,15.474,-8.44,NA
"A053",308,17.3,11.88,67.39,15.062,-8.69,NA
"A053",309,17.31,10.91,68.84,14.814,-7.772,NA
"A053",310,17.41,10.27,69.74,15.538,-7.26,NA
"A053",311,17.3,11.3,68.75,15.288,-7.644,NA
"A053",312,18.16,11.47,68.84,15.35,-8.025,NA
"A053",313,17.61,10.54,69.13,15.386,-7.864,NA
"A053",314,17.16,10.56,69.84,14.764,-6.853,NA
"A053",315,16.3,11.37,69.17,14.513,-6.539,NA
"A053",316,16.16,10.74,69.51,14.563,-6.45,NA
"A053",317,16.92,10.95,70.49,13.744,-5.843,NA
"A053",318,16.86,9.35,70.31,14.127,-6.811,NA
"A053",319,16.67,9.64,69.68,14.975,-7.178,NA
"A053",320,16.16,9.84,69.19,14.886,-7.243,NA
"A053",321,14.95,10.35,68.19,14.896,-7.194,NA
"A053",322,14.98,10.74,67.79,14.701,-7.403,NA
"A053",323,15.24,11.1,67.75,14.559,-7.417,NA
"A053",324,14.59,11.6,67.57,14.535,-6.888,NA
"A053",325,13.94,12.36,66.77,14.815,-6.8,NA
"A053",326,13.39,11.38,67.14,13.87,-6.638,NA
"A053",327,13.98,11.41,67.49,15.222,-6.663,NA
"A053",328,12.66,12.05,66.68,13.523,-6.208,NA
"A053",329,12.18,11.68,66.62,13.706,-6.172,NA
"A053",330,12.06,11.26,66.57,14.36,-6.385,NA
"A053",331,12.16,11.08,66.08,14.836,-7.05,NA
"A053",332,11.56,10.87,65.54,15.58,-7.325,NA
"A053",333,12.1,10.3,65.9,15.674,-7.644,NA
"A053",334,11.55,10.51,65.74,15.166,-7.32,NA
"A053",335,12.1,10.38,65.69,15.011,-7.807,NA
"A053",336,11.85,10.36,64.49,15.712,-8.857,NA
"A053",337,12.07,10.3,64.77,16.685,-8.755,NA
"A054",1,85.13,84.6,73.88,15.202,-6.163,-6.163
"A054",2,84.79,85.05,73.97,14.183,-5.799,-5.799
"A054",3,85.11,84.87,74.91,13.841,-5.015,-5.015
"A054",4,85.03,83.95,76.19,13.11,-4.097,-4.097
"A054",5,84.92,84.11,75.91,13.614,-4.29,-4.29
"A054",6,84.71,82.87,76.8,13.561,-3.885,-3.885
"A054",7,84.18,83.15,77.67,12.582,-2.751,-2.751
"A054",8,83.27,83.39,77.74,12.677,-2.338,-2.338
"A054",9,83,82.87,78.41,12.532,-1.84,-1.84
"A054",10,82.49,83.6,77.57,12.277,-2.22,-2.22
"A054",11,81.35,83.29,76.94,13.568,-2.707,-2.707
"A054",12,82.21,81.55,77.78,12.843,-2.884,-2.884
"A054",13,81.67,82.7,77.19,12.833,-2.806,-2.806
"A054",14,82.12,82.01,78.27,12.565,-2.153,-2.153
"A054",15,82.38,82.03,79.05,12.355,-1.428,-1.428
"A054",16,82.61,81.9,78.05,12.751,-2.543,-2.543
"A054",17,81.74,81.5,77.59,12.461,-2.981,-2.981
"A054",18,82,81.75,77.74,13.324,-2.771,-2.771
"A054",19,81.03,80.79,77.55,12.649,-3.18,-3.18
"A054",20,80.95,80.51,77.62,13.263,-3.23,-3.23
"A054",21,80.61,81.43,77.41,12.424,-2.902,-2.902
"A054",22,80.97,82.26,76.5,13.986,-3.518,-3.518
"A054",23,81.11,83.95,75.95,13.547,-3.359,-3.359
"A054",24,80.68,84.17,75.58,13.044,-3.526,-3.526
"A054",25,80.61,84.55,75.93,13.933,-3.006,-3.006
"A054",26,79.73,83.42,76.03,12.901,-3.159,-3.159
"A054",27,80.26,82.5,76.79,12.814,-2.935,-2.935
"A054",28,80.11,84.01,76.58,12.371,-2.446,-2.446
"A054",29,79.07,85.48,75.73,12.289,-2.443,-2.443
"A054",30,78.39,84.7,76.06,13.082,-2.252,-2.252
"A054",31,78.23,85.4,75.23,12.307,-2.759,-2.759
"A054",32,79.52,84.85,75.68,12.435,-2.86,-2.86
"A054",33,79.52,85.31,75.47,12.57,-2.88,-2.88
"A054",34,79.83,85.21,75.68,12.955,-2.787,-2.787
"A054",35,79.75,85.01,75.44,12.906,-3.095,-3.095
"A054",36,78.01,84.44,75.64,12.811,-2.674,-2.674
"A054",37,77.69,84.68,75.62,13.004,-2.513,-2.513
"A054",38,77.11,83.81,75.88,13.027,-2.455,-2.455
"A054",39,76.39,84.38,76.21,12.792,-1.688,-1.688
"A054",40,75.67,84.74,76.49,12.487,-1.054,-1.054
"A054",41,75.82,85.13,76.12,12.135,-1.315,-1.315
"A054",42,75.86,84.88,76.15,11.863,-1.391,-1.391
"A054",43,75.53,85.05,75.56,12.798,-1.815,-1.815
"A054",44,76.58,84.66,75.97,12.478,-1.868,-1.868
"A054",45,76.85,85.19,75.95,12.195,-1.751,-1.751
"A054",46,77.59,85.29,75.52,12.481,-2.345,-2.345
"A054",47,78.58,84.29,75.84,13.107,-2.688,-2.688
"A054",48,77.8,83.78,76.51,11.997,-2.024,-2.024
"A054",49,77.71,84.3,75.53,13.078,-2.768,-2.768
"A054",50,77.03,83.97,76.11,12.246,-2.134,-2.134
"A054",51,76.08,84.32,76.52,12.2,-1.31,-1.31
"A054",52,75.74,84.59,76.71,12.508,-0.913,-0.913
"A054",53,76.07,84.54,76.42,12.193,-1.317,-1.317
"A054",54,75.97,83.27,76.07,12.608,-2.17,-2.17
"A054",55,76.14,84.51,76.22,11.692,-1.557,-1.557
"A054",56,75.48,84.28,75.24,12.481,-2.435,-2.435
"A054",57,75.19,83.81,75.83,12.378,-1.952,-1.952
"A054",58,74.21,83.72,75.9,12.599,-1.613,-1.613
"A054",59,73.02,83.56,75.17,12.54,-2.019,-2.019
"A054",60,74.87,83.84,75.38,12.418,-2.297,-2.297
"A054",61,75.08,82.8,76.72,12.104,-1.456,-1.456
"A054",62,74.56,82.71,77.01,12.088,-1.048,-1.048
"A054",63,74.56,82.15,77.19,11.911,-1.109,-1.109
"A054",64,74.51,81.56,78.02,11.257,-0.518,-0.518
"A054",65,73.81,81.78,77.8,11.883,-0.415,-0.415
"A054",66,72.56,82.15,76.87,12.018,-0.762,-0.762
"A054",67,72.62,81.89,76.81,11.416,-0.953,-0.953
"A054",68,72.3,81.46,76.72,12.213,-1.108,-1.108
"A054",69,71.67,80.5,76.51,12.068,-1.516,-1.516
"A054",70,71.96,81.36,75.9,13.441,-1.854,-1.854
"A054",71,71.56,79.98,77.02,11.646,-1.195,-1.195
"A054",72,71.79,80.76,78.02,11.658,0.071,0.071
"A054",73,73.09,82.18,78.36,10.749,0.557,0.557
"A054",74,72.6,80.91,78.5,11.313,0.323,0.323
"A054",75,72.23,81.33,77.5,11.288,-0.366,-0.366
"A054",76,71.67,80.95,76.09,12.43,-1.728,-1.728
"A054",77,70.75,82.08,74.53,12.114,-2.449,-2.449
"A054",78,70.83,82.58,74.19,12.916,-2.612,-2.612
"A054",79,70.45,80.81,75.62,11.821,-1.794,-1.794
"A054",80,69.92,80.51,75.8,12.323,-1.525,NA
"A054",81,70.29,81.54,75.39,11.973,-1.641,NA
"A054",82,70.11,82.03,75.18,11.292,-1.564,NA
"A054",83,69.33,82.56,74.7,11.164,-1.505,NA
"A054",84,69.48,81.93,75.23,12.031,-1.301,NA
"A054",85,68.1,82.36,74.51,12.006,-1.227,NA
"A054",86,67.85,81.72,74.35,12.708,-1.55,NA
"A054",87,67.29,82.32,73.06,12.859,-2.314,NA
"A054",88,67.05,83.11,72.53,12.297,-2.401,NA
"A054",89,66.79,83.6,72.23,12.7,-2.374,NA
"A054",90,68.27,83.23,73.45,12.416,-2.002,NA
"A054",91,68.33,83.52,73.67,12.131,-1.697,NA
"A054",92,68.05,83.04,74.37,11.998,-1.065,NA
"A054",93,66.86,82.83,73.76,11.492,-1.199,NA
"A054",94,68.19,82.63,74.76,12.087,-0.908,NA
"A054",95,67.65,81.94,74.76,11.32,-0.948,NA
"A054",96,67.22,81.43,74.04,12.263,-1.678,NA
"A054",97,66.53,81.99,73.39,11.845,-1.759,NA
"A054",98,66.45,80.78,73.95,12.069,-1.672,NA
"A054",99,66.32,80.32,74.88,11.905,-0.874,NA
"A054",100,65.86,80.1,73.44,12.875,-2.171,NA
"A054",101,66.55,80.95,73.68,13.165,-1.924,NA
"A054",102,67.32,81.26,73.03,12.527,-2.811,NA
"A054",103,67.18,80.93,72.67,13.134,-3.248,NA
"A054",104,65.37,81.22,71.54,13.741,-3.333,NA
"A054",105,65.04,81.47,71.1,13.199,-3.492,NA
"A054",106,65.57,80.85,70.77,13.207,-4.366,NA
"A054",107,64.69,81.7,70.18,13.524,-4.126,NA
"A054",108,63.67,81.93,69.83,12.907,-3.792,NA
"A054",109,64.39,83.51,68.93,13.747,-4.444,NA
"A054",110,64.17,84.02,67.97,13.96,-5.068,NA
"A054",111,64.39,83.08,68.38,13.964,-5.174,NA
"A054",112,64.29,83.54,69.2,12.412,-4.109,NA
"A054",113,64.9,83.32,69.93,13.181,-3.807,NA
"A054",114,64.72,83.48,70.18,14.11,-3.383,NA
"A054",115,63.18,83.8,69.2,12.639,-3.334,NA
"A054",116,63.51,83.43,70.01,13.049,-2.879,NA
"A054",117,63.69,82.88,69.81,13.942,-3.42,NA
"A054",118,63.86,83.61,70.14,12.658,-2.88,NA
"A054",119,63.17,84.05,70.08,12.58,-2.35,NA
"A054",120,62.81,84.04,70.08,12.634,-2.128,NA
"A054",121,62.12,84.34,69.85,12.422,-1.793,NA
"A054",122,63.19,84.26,71.15,12.972,-1.201,NA
"A054",123,63.02,84.46,70.91,11.987,-1.253,NA
"A054",124,62.61,84.65,71.19,11.689,-0.642,NA
"A054",125,62.97,84.01,71.32,12.026,-1,NA
"A054",126,63.29,84.59,71.81,11.431,-0.471,NA
"A054",127,62.22,84.52,71.85,11.742,0.22,NA
"A054",128,61.51,84.13,71.07,10.911,-0.253,NA
"A054",129,62.09,84.67,70.53,11.689,-0.946,NA
"A054",130,61.63,83.73,71.91,11.172,0.348,NA
"A054",131,61.04,83.02,73.31,10.337,1.842,NA
"A054",132,60.98,82.46,73.22,10.143,1.559,NA
"A054",133,61.49,82.02,74.04,10.239,1.838,NA
"A054",134,61.54,82.42,73.25,10.085,1.188,NA
"A054",135,61.51,82.77,72.14,10.783,0.242,NA
"A054",136,60.81,83.18,70.84,11.729,-0.391,NA
"A054",137,60.72,82.09,70.97,11.377,-0.665,NA
"A054",138,60.27,82.47,70.36,12.069,-0.787,NA
"A054",139,60.49,82.27,69.82,12.697,-1.574,NA
"A054",140,60.16,82.86,69.96,11.967,-0.944,NA
"A054",141,60.13,82.52,69.27,12.239,-1.753,NA
"A054",142,60.17,83.46,68.59,12.519,-2.058,NA
"A054",143,59.95,83.41,67.87,12.352,-2.637,NA
"A054",144,58.47,82.96,66.65,12.938,-2.889,NA
"A054",145,57.02,82.24,66.66,12.192,-1.949,NA
"A054",146,57.36,80.95,67.08,12.502,-2.423,NA
"A054",147,56.7,79.75,65.78,12.521,-3.709,NA
"A054",148,55.77,80.45,64.75,12.868,-3.529,NA
"A054",149,56.13,80.37,65.3,12.93,-3.367,NA
"A054",150,57.23,80.39,66.69,13.27,-2.959,NA
"A054",151,57.18,80.46,66.19,13.449,-3.385,NA
"A054",152,58.17,81.05,66.31,13.24,-3.84,NA
"A054",153,57.19,81.33,64.57,14.211,-4.603,NA
"A054",154,57.38,81.71,63.89,14.513,-5.279,NA
"A054",155,56.27,82.11,63.13,13.98,-4.84,NA
"A054",156,56.04,82.68,62.82,14.101,-4.657,NA
"A054",157,56.54,82.68,63.4,13.904,-4.557,NA
"A054",158,55.71,82.82,62.99,13.252,-4.1,NA
"A054",159,56.26,83.3,62.86,14.45,-4.556,NA
"A054",160,56.51,82.93,63.85,13.608,-3.96,NA
"A054",161,57.11,83.24,63.95,14.197,-4.275,NA
"A054",162,56.54,82.33,64.41,13.209,-3.709,NA
"A054",163,55.92,82.17,63.46,14.135,-4.145,NA
"A054",164,55.67,81.76,62.23,15.019,-5.321,NA
"A054",165,54.14,81.65,61.05,14.149,-4.965,NA
"A054",166,55.06,81.31,62.84,13.311,-4.315,NA
"A054",167,55.93,81.8,63.12,14.099,-4.664,NA
"A054",168,54.9,82.18,62.61,13.42,-3.963,NA
"A054",169,55.07,81.66,64.02,13.518,-2.982,NA
"A054",170,54.29,81.33,63.64,13.291,-2.702,NA
"A054",171,53.98,79.95,63.69,12.734,-3.018,NA
"A054",172,54.1,80.11,63.33,13.463,-3.424,NA
"A054",173,53.58,80.3,62.33,13.424,-3.762,NA
"A054",174,53,81.39,60.6,13.651,-4.255,NA
"A054",175,51.72,80.67,59.93,13.398,-3.765,NA
"A054",176,50.44,80.51,58.55,13.066,-3.576,NA
"A054",177,50.05,80.43,58.19,13.061,-3.45,NA
"A054",178,49.81,80.84,58.19,12.955,-2.877,NA
"A054",179,49.96,80.5,58.28,12.461,-3.197,NA
"A054",180,50.52,80.13,59.04,12.754,-3.419,NA
"A054",181,51.82,81.05,60.4,12.501,-3.214,NA
"A054",182,51.86,80.18,60.89,13.151,-3.259,NA
"A054",183,51.05,80.64,58.77,12.967,-4.084,NA
"A054",184,50.77,81.47,58.07,13.448,-3.944,NA
"A054",185,50.18,81.55,57.25,14.121,-3.909,NA
"A054",186,50.4,82.23,57.8,12.923,-3.285,NA
"A054",187,50,82.3,57.93,13.551,-2.554,NA
"A054",188,49.82,82.79,56.44,14.117,-3.51,NA
"A054",189,49.61,82.89,55.39,13.395,-4.195,NA
"A054",190,50.3,82.12,56.23,13.825,-4.776,NA
"A054",191,50.25,83.13,55.15,14.58,-5.234,NA
"A054",192,50.82,83.01,56.57,13.522,-4.67,NA
"A054",193,50.73,82.46,57.19,13.512,-4.229,NA
"A054",194,51.05,82.47,57.8,13.67,-4.042,NA
"A054",195,50.23,82.96,56.94,13.207,-3.498,NA
"A054",196,50.1,81.51,57.94,13.583,-3.142,NA
"A054",197,50.38,81.02,59.84,12.517,-1.9,NA
"A054",198,50.08,80.37,59.26,12.334,-2.454,NA
"A054",199,50.08,81.2,57.58,12.956,-3.645,NA
"A054",200,49.84,80.51,58.18,12.491,-3.115,NA
"A054",201,50.42,79.76,59.66,13.191,-2.88,NA
"A054",202,49.24,79.79,57.92,12.82,-2.983,NA
"A054",203,48.59,78.81,58.84,13.034,-1.756,NA
"A054",204,48.86,80.09,57.88,12.013,-2.275,NA
"A054",205,47.86,79.62,57.01,12.976,-1.955,NA
"A054",206,48.84,79.33,58.32,12.975,-2.295,NA
"A054",207,47.98,79.49,56.22,12.904,-3.025,NA
"A054",208,46.63,80.32,53.34,13.789,-3.21,NA
"A054",209,46.85,81.95,52.24,13.002,-3.57,NA
"A054",210,47.09,81.23,54.01,12.615,-2.661,NA
"A054",211,47.88,80.94,55.56,12.826,-2.569,NA
"A054",212,48.21,81.17,55.52,13.435,-2.968,NA
"A054",213,48.91,81.58,56.93,13.245,-2.369,NA
"A055",1,82.99,22.34,98.57,20.287,-10.542,-10.542
"A055",2,82.48,21.64,97.89,20.299,-11.209,-11.209
"A055",3,82.76,20.85,97.88,20.296,-11.693,-11.693
"A055",4,82.69,20.72,98.21,20.14,-11.379,-11.379
"A055",5,83.33,21.32,99.13,20.044,-10.588,-10.588
"A055",6,83.73,22.34,98.26,19.424,-11.274,-11.274
"A055",7,84.25,22.56,99.09,19.434,-10.659,-10.659
"A055",8,84.11,23.05,99.04,19.804,-10.437,-10.437
"A055",9,83.43,23.23,99.17,20.255,-9.848,-9.848
"A055",10,82.6,22.55,98.2,20.006,-10.613,-10.613
"A055",11,82.78,21.99,99.44,20.202,-9.692,-9.692
"A055",12,83.28,22.02,100.12,20.318,-9.288,-9.288
"A055",13,83.7,21.24,101.05,18.163,-8.913,-8.913
"A055",14,82.89,22.33,100.32,19.609,-8.747,-8.747
"A055",15,82.91,21.26,100.89,18.773,-8.609,-8.609
"A055",16,82.41,20.66,99.85,19.865,-9.594,-9.594
"A055",17,82.19,19.44,99.27,19.871,-10.537,-10.537
"A055",18,82.27,19.72,99.28,19.232,-10.459,-10.459
"A055",19,82.58,20.69,99.18,20.209,-10.354,-10.354
"A055",20,82.46,20.07,98.94,19.836,-10.773,-10.773
"A055",21,81.72,20.53,99.24,19.543,-9.856,-9.856
"A055",22,82.03,20.51,98.98,20.117,-10.309,-10.309
"A055",23,82.88,20.02,98.38,20.788,-11.596,-11.596
"A055",24,83.71,19.83,98.83,20.81,-11.698,-11.698
"A055",25,83.57,19.75,99.62,19.596,-10.866,-10.866
"A055",26,83.15,20.23,99.58,19.961,-10.469,-10.469
"A055",27,82.64,20.42,99.53,19.342,-10.146,-10.146
"A055",28,82.9,19.26,100.51,19.169,-9.781,-9.781
"A055",29,83.11,19.88,101.14,19.921,-9.024,-9.024
"A055",30,83.57,20,102.08,17.981,-8.297,-8.297
"A055",31,83.79,19.54,101.53,19.087,-9.155,-9.155
"A055",32,84.71,19.53,101.66,19.738,-9.559,-9.559
"A055",33,85.33,20.63,101.18,19.324,-9.953,-9.953
"A055",34,85.09,20.43,100.88,20.02,-10.188,-10.188
"A055",35,83.71,21.03,99.97,20.141,-10.079,-10.079
"A055",36,82.75,19.57,99.99,20.123,-10.088,-10.088
"A055",37,82.28,19.6,99.83,20.122,-9.964,-9.964
"A055",38,82.57,18.64,100.28,19.295,-10.07,-10.07
"A055",39,82.5,18.53,100.66,19.525,-9.697,-9.697
"A055",40,81.98,17.86,101.09,19.62,-9.224,-9.224
"A055",41,82.45,17.11,100.48,19.462,-10.407,-10.407
"A055",42,82.21,17.25,100.4,19.722,-10.295,-10.295
"A055",43,82.39,17.28,100.82,19.211,-9.966,-9.966
"A055",44,82.75,18.12,101.46,19.49,-9.204,-9.204
"A055",45,81.84,18.76,101.38,18.776,-8.499,-8.499
"A055",46,82.04,18.89,102.11,18.687,-7.83,-7.83
"A055",47,80.3,19.07,100.72,18.733,-8.117,-8.117
"A055",48,79.95,19.63,99.98,19.231,-8.42,-8.42
"A055",49,79.63,19.79,99.64,19.157,-8.513,-8.513
"A055",50,79.34,19.5,98.53,19.401,-9.566,-9.566
"A055",51,79.6,19.9,99.43,19.323,-8.659,-8.659
"A055",52,79.06,20.6,99.14,18.728,-8.338,-8.338
"A055",53,80,20.56,100.6,18.555,-7.474,-7.474
"A055",54,80.25,19.84,100.47,18.627,-8.032,-8.032
"A055",55,81.19,19.24,101.58,19.2,-7.718,-7.718
"A055",56,80.64,18.97,101.12,19.094,-7.965,-7.965
"A055",57,80.7,18.6,100.4,18.506,-8.867,-8.867
"A055",58,80.78,18.11,100.36,19.411,-9.144,-9.144
"A055",59,80.12,18.23,100.28,18.76,-8.789,-8.789
"A055",60,80.82,18.09,100.77,19.514,-8.769,-8.769
"A055",61,81.62,18.07,99.45,19.559,-10.571,-10.571
"A055",62,80.7,17.45,99.28,20.041,-10.446,-10.446
"A055",63,79.95,16.99,98.41,20.497,-11.043,-11.043
"A055",64,79.82,16.09,99.16,20.154,-10.58,-10.58
"A055",65,80.64,16.92,100.04,19.256,-9.864,-9.864
"A055",66,80.9,16.4,99.54,20.417,-10.721,-10.721
"A055",67,80.61,16.43,99.42,20.216,-10.655,-10.655
"A055",68,80.08,16.48,99.56,19.516,-10.183,-10.183
"A055",69,79.97,16.22,100.99,19.141,-8.793,-8.793
"A055",70,79.27,16.44,101.51,17.837,-7.76,-7.76
"A055",71,78.58,16.35,101.35,18.4,-7.53,-7.53
"A055",72,79.78,17.02,102.08,19.009,-7.264,-7.264
"A055",73,80.31,16.17,102.46,18.808,-7.544,-7.544
"A055",74,79.33,15.8,102,18.185,-7.567,-7.567
"A055",75,79.5,14.45,102.09,19.593,-8.13,-8.13
"A055",76,79.7,15.37,101.84,19.079,-8.122,-8.122
"A055",77,80.74,15.09,101.66,19.129,-9.043,-9.043
"A055",78,79.71,15.18,101.51,18.765,-8.532,-8.532
"A055",79,79.85,14.99,100.61,19.439,-9.597,-9.597
"A055",80,80.23,14.36,100.96,19.956,-9.724,-9.724
"A055",81,80.29,14.79,100.05,19.655,-10.499,-10.499
"A055",82,80.03,15.18,99.54,19.911,-10.692,-10.692
"A055",83,79.09,15.47,98.79,19.827,-10.757,-10.757
"A055",84,78.56,15.3,99.12,19.646,-10.175,-10.175
"A055",85,77.55,15.73,97.87,19.997,-10.617,-10.617
"A055",86,78.81,17.53,98.11,20.734,-10.442,-10.442
"A055",87,77.64,16.92,97.47,19.753,-10.598,-10.598
"A055",88,76.27,16.54,97.63,19.548,-9.706,-9.706
"A055",89,76.56,16.26,97.09,19.696,-10.55,-10.55
"A055",90,76.02,15.7,96.31,19.981,-11.205,-11.205
"A055",91,75.79,16.08,95.01,20.179,-12.2,-12.2
"A055",92,75.01,16.94,94.61,19.534,-11.722,-11.722
"A055",93,75.24,17.1,94.99,19.262,-11.44,-11.44
"A055",94,74.69,17.84,94.45,20.133,-11.314,-11.314
"A055",95,73.41,18.28,93.65,20.448,-11.036,-11.036
"A055",96,73.34,17.5,94.28,20.247,-10.672,-10.672
"A055",97,73.11,17.11,94.16,19.734,-10.778,-10.778
"A055",98,73.35,17.23,94.84,19.204,-10.224,-10.224
"A055",99,73.47,16.76,95.6,19.146,-9.735,-9.735
"A055",100,73.67,16.78,95.49,19.299,-9.983,-9.983
"A055",101,73.64,16.91,96.21,19.186,-9.185,-9.185
"A055",102,74.46,17.89,94.63,19.755,-10.954,-10.954
"A055",103,74.29,18.65,93.58,19.667,-11.58,-11.58
"A055",104,74.35,17.68,93.9,20.966,-11.688,-11.688
"A055",105,74.03,17.52,93.9,19.841,-11.523,-11.523
"A055",106,74.54,18.1,93.31,20.318,-12.234,-12.234
"A055",107,75.96,16.6,95.09,19.921,-12.015,-12.015
"A055",108,75.3,15.81,95.2,20.108,-11.789,-11.789
"A055",109,75.09,16.59,93.96,20.553,-12.577,-12.577
"A055",110,75.51,16.5,94.42,20.383,-12.434,-12.434
"A055",111,75.48,16.83,95.12,20.134,-11.581,-11.581
"A055",112,76.08,16.57,94.95,20.641,-12.25,-12.25
"A055",113,75.99,15.24,95.07,20.063,-12.61,-12.61
"A055",114,74.71,15.26,94.84,20.344,-11.975,-11.975
"A055",115,75.61,15.03,95.46,21.28,-12.063,-12.063
"A055",116,75.66,14.91,96.84,19.395,-10.757,-10.757
"A055",117,76.35,14.65,97.58,19.574,-10.58,-10.58
"A055",118,75.95,15.38,97.45,19.658,-10.142,-10.142
"A055",119,76.24,15.93,97.66,19.764,-9.902,NA
"A055",120,76.27,14.96,98.53,18.787,-9.449,NA
"A055",121,75.57,14.82,97.43,19.336,-10.143,NA
"A055",122,74.63,15.75,95.69,19.79,-10.865,NA
"A055",123,73.83,16.13,94.71,20.167,-11.143,NA
"A055",124,73.23,16.19,94.83,19.957,-10.575,NA
"A055",125,73.09,16.34,94.38,20.236,-10.863,NA
"A055",126,73.66,16.37,94.81,20.401,-10.816,NA
"A055",127,74.34,15.36,95.83,19.693,-10.692,NA
"A055",128,74.24,15.23,95.89,19.518,-10.613,NA
"A055",129,74.01,14.79,96.25,19.632,-10.271,NA
"A055",130,74.23,14.53,96.69,19.802,-10.094,NA
"A055",131,74.87,13.8,97.56,19.091,-9.972,NA
"A055",132,74.88,13.71,97.06,20.466,-10.515,NA
"A055",133,74.87,13.62,96.43,20.051,-11.176,NA
"A055",134,74.53,14.64,95.88,20.142,-11.062,NA
"A055",135,74.91,15.65,96.58,19.806,-10.211,NA
"A055",136,75.81,15.75,95.97,20.022,-11.386,NA
"A055",137,75.27,16.5,95.6,20.055,-11.091,NA
"A055",138,74.67,15.15,95.73,20.206,-11.107,NA
"A055",139,75.65,14.66,97.12,19.636,-10.571,NA
"A055",140,75.7,14.33,96.92,20.327,-10.947,NA
"A055",141,75.95,14.98,96.93,19.443,-10.83,NA
"A055",142,75.35,14.4,96.11,20.223,-11.496,NA
"A055",143,74.62,14.65,94.85,20.879,-12.159,NA
"A055",144,74.36,14.39,94.32,20.939,-12.62,NA
"A055",145,74.56,14.38,94.83,20.674,-12.256,NA
"A055",146,74.4,13.62,95.33,19.995,-11.961,NA
"A055",147,74.57,14.48,96.14,19.729,-10.911,NA
"A055",148,75.07,13.76,96.75,19.67,-10.936,NA
"A055",149,75.06,13.24,97.45,20.351,-10.45,NA
"A055",150,74.32,13.33,96.84,20.593,-10.52,NA
"A055",151,73.73,13.31,95.61,19.904,-11.352,NA
"A055",152,74.49,13.44,95.98,19.466,-11.448,NA
"A055",153,73.46,13.5,95.06,20.466,-11.625,NA
"A055",154,73.5,13.47,94.94,19.797,-11.795,NA
"A055",155,73.71,13.43,94.22,20.584,-12.679,NA
"A055",156,72.75,13.28,94.05,20.751,-12.232,NA
"A055",157,71.87,11.98,94.66,20.231,-11.56,NA
"A055",158,70.68,11.28,94.27,19.947,-11.391,NA
"A055",159,70.5,11.79,94.1,19.874,-11.19,NA
"A055",160,70.76,12.39,94.47,20.025,-10.741,NA
"A055",161,70.4,12.05,94.34,19.768,-10.753,NA
"A055",162,71.58,10.83,96.17,20.358,-10.355,NA
"A055",163,72.98,12.07,96.31,19.983,-10.667,NA
"A055",164,72.37,12.88,95.96,19.546,-10.221,NA
"A055",165,71.73,13.24,96.21,19.452,-9.342,NA
"A055",166,71.89,13.04,95.65,20.045,-10.11,NA
"A055",167,71.08,13.1,96.05,19.974,-9.081,NA
"A055",168,71.3,12.4,97.02,19.358,-8.594,NA
"A055",169,70.81,12.83,95.14,20.322,-9.909,NA
"A055",170,69.55,12.22,95.14,19.086,-9.222,NA
"A055",171,69.85,11.37,95.17,20.175,-9.814,NA
"A055",172,69.86,11.32,94.68,19.706,-10.335,NA
"A055",173,71.16,12.04,95.39,20.026,-10.274,NA
"A055",174,71.27,11.91,96.57,19.301,-9.236,NA
"A055",175,70.65,11.79,96.47,19.321,-8.93,NA
"A055",176,70.07,12.08,95.63,19.007,-9.192,NA
"A055",177,69.92,12.71,94.92,19.811,-9.493,NA
"A055",178,69.24,12.6,94.79,19.075,-9.15,NA
"A055",179,68.88,11.93,94.33,19.955,-9.637,NA
"A055",180,68.65,10.73,94.68,19.778,-9.687,NA
"A055",181,68.85,10.67,95.14,19.099,-9.406,NA
"A055",182,68.67,11.37,94.96,19.19,-9.11,NA
"A055",183,69.18,10.75,94.78,20.025,-9.981,NA
"A055",184,69.14,11,94.32,19.579,-10.302,NA
"A055",185,68.37,11.36,92.12,20.169,-11.713,NA
"A055",186,67.93,11.66,92.03,20.097,-11.301,NA
"A055",187,68.17,12.27,91.88,19.718,-11.348,NA
"A055",188,67.6,12.67,90.85,19.109,-11.713,NA
"A055",189,67.73,12.89,90.74,20.155,-11.831,NA
"A055",190,66.44,13.18,88.61,20.859,-12.728,NA
"A055",191,66.75,12.62,89.68,19.959,-12.197,NA
"A055",192,66.39,12.98,88.81,20.233,-12.581,NA
"A055",193,67.13,12.89,89.9,20.305,-12.162,NA
"A055",194,67.15,12.45,89.83,19.53,-12.469,NA
"A055",195,67,13.11,89.98,20.036,-11.873,NA
"A055",196,65.97,12.14,89.65,20.377,-11.807,NA
"A055",197,67.05,12.3,90.17,20.733,-12.113,NA
"A055",198,66.22,12.21,89.2,20.228,-12.427,NA
"A055",199,66.13,12.69,89.46,20.157,-11.853,NA
"A055",200,66.29,12.9,89.93,19.963,-11.414,NA
"A055",201,66.5,13.27,89.13,20.268,-12.212,NA
"A055",202,66.46,13.12,88.54,20.782,-12.838,NA
"A055",203,66.03,13.71,87.96,20.272,-12.758,NA
"A055",204,65.16,13.42,87.82,20.518,-12.283,NA
"A055",205,65.05,13.86,88.64,20.061,-11.141,NA
"A055",206,65.03,13.11,89.63,19.422,-10.506,NA
"A055",207,64.9,11.64,89.65,20.098,-11.135,NA
"A055",208,64.35,11.04,90.18,19.364,-10.463,NA
"A055",209,64.64,9.82,90.51,20.103,-11.053,NA
"A055",210,64.84,10.66,89.77,20.114,-11.497,NA
"A055",211,65,10.13,90.07,20.508,-11.634,NA
"A055",212,65.1,9.95,90.92,20.485,-10.962,NA
"A055",213,65.49,9.65,91.61,19.404,-10.763,NA
"A055",214,63.68,9.54,89.91,19.78,-11.009,NA
"A055",215,64.64,10.76,90.16,20.708,-10.88,NA
"A055",216,64.4,11.06,89.25,19.288,-11.41,NA
"A055",217,63.2,10.62,87.99,19.795,-11.892,NA
"A055",218,63.58,10.62,87.88,20.48,-12.329,NA
"A055",219,64.31,11.39,88.02,20.329,-12.384,NA
"A055",220,64.27,10.45,89.07,20.905,-11.827,NA
"A055",221,65.11,11.03,89.58,19.66,-11.715,NA
"A055",222,65.23,11.65,89.24,20.071,-11.834,NA
"A055",223,65.02,12.26,89.82,20.095,-10.749,NA
"A055",224,65.71,11.85,90.2,19.497,-11.184,NA
"A055",225,64.15,11.66,89.49,19.908,-10.638,NA
"A055",226,63.67,11.13,88.22,20.124,-11.777,NA
"A055",227,63.96,11.01,88.83,19.529,-11.484,NA
"A055",228,63.77,10.29,89.54,20.227,-11.023,NA
"A055",229,63.87,10.18,90.42,19.603,-10.295,NA
"A055",230,63.66,10,90.21,20.16,-10.424,NA
"A055",231,64.01,10.58,89.98,20.055,-10.627,NA
"A055",232,63.43,10.71,89.44,19.802,-10.592,NA
"A055",233,63.77,10.54,90.23,19.869,-10.191,NA
"A055",234,63.43,9.89,90.31,19.232,-10.198,NA
"A055",235,64.25,9.57,90.62,19.504,-10.76,NA
"A055",236,65.66,9.45,92.13,19.446,-10.493,NA
"A055",237,65.76,9.43,93.37,20.186,-9.347,NA
"A055",238,65.77,8.52,93.68,19.934,-9.541,NA
"A055",239,65.55,8.48,94.04,19.793,-9.034,NA
"A055",240,65.27,8.56,93.16,19.245,-9.637,NA
"A055",241,64.41,8.64,92.97,19.334,-9.082,NA
"A055",242,65.52,8.63,93.38,19.085,-9.584,NA
"A055",243,65.43,7.92,93.8,18.449,-9.488,NA
"A055",244,65.04,7.53,92.99,19.674,-10.209,NA
"A055",245,63.25,7.08,90.96,20.573,-11.08,NA
"A055",246,63.52,7.17,91.46,19.826,-10.74,NA
"A055",247,63.1,6.83,90.93,19.852,-11.154,NA
"A055",248,64.37,5.1,93.53,19.758,-10.559,NA
"A055",249,63.1,5.9,92.43,19.272,-10.215,NA
"A055",250,62.36,5.93,92.4,19.292,-9.662,NA
"A055",251,62.48,6.99,91.69,20.016,-9.791,NA
"A055",252,62.64,7.28,91.32,19.558,-10.115,NA
"A055",253,62.13,8.26,89.53,19.907,-10.877,NA
"A055",254,62.49,8.12,90.54,19.086,-10.248,NA
"A055",255,61.62,7.97,89.64,19.868,-10.529,NA
"A055",256,62.12,8.14,89.82,20.114,-10.653,NA
"A055",257,62.46,9.05,89.45,19.924,-10.742,NA
"A055",258,61.81,8.92,88.15,19.771,-11.572,NA
"A055",259,61.91,8.56,88.39,20.499,-11.643,NA
"A055",260,61.62,8.55,87.97,20.564,-11.83,NA
"A055",261,62.07,8.9,88.42,20.65,-11.528,NA
"A055",262,61.37,9.13,87.48,19.703,-11.744,NA
"A055",263,61.21,9,87.16,20.465,-12.006,NA
"A055",264,62.34,9,88.23,20.294,-11.89,NA
"A055",265,62.85,9.66,88.38,19.791,-11.767,NA
"A055",266,61.83,9.2,87.32,20.185,-12.245,NA
"A055",267,61.26,9.4,86.66,20.359,-12.306,NA
"A055",268,60.92,8.94,86.89,19.845,-12.075,NA
"A055",269,60.75,9.26,87.47,20.514,-11.148,NA
"A055",270,60.27,10.7,86.23,20.931,-11.059,NA
"A055",271,59.69,9.55,86.59,19.101,-10.946,NA
"A055",272,60.68,9.4,87.44,20.244,-11.03,NA
"A055",273,61.31,8.14,88.02,20.022,-11.789,NA
"A055",274,62.9,7.09,89.78,19.709,-11.983,NA
"A055",275,63.4,6.97,90.72,20.376,-11.513,NA
"A055",276,63.48,6.36,91.81,19.972,-10.861,NA
"A055",277,62.97,6.05,91.71,19.702,-10.749,NA
"A055",278,61.93,5.01,92.21,19.722,-10.104,NA
"A055",279,60.94,4.63,91.68,19.281,-10.136,NA
"A055",280,61.49,5.65,91.3,19.613,-10.27,NA
"A055",281,61.59,5.38,92.47,19.628,-9.344,NA
"A055",282,61.2,4.84,91.97,19.591,-9.907,NA
"A055",283,61.59,4.52,93.86,19.818,-8.502,NA
"A055",284,61.09,4.39,92.25,19.657,-9.829,NA
"A055",285,61.58,4.58,92.89,19.316,-9.434,NA
"A055",286,60.21,5.78,91.23,18.55,-9.275,NA
"A055",287,59.99,5.58,91.24,19.749,-9.23,NA
"A055",288,59.24,5.18,90.62,19.28,-9.558,NA
"A055",289,59.69,5.86,90.44,19.75,-9.608,NA
"A055",290,59.22,5.14,90.97,19.509,-9.22,NA
"A055",291,59.33,5.79,89.78,20.049,-10.051,NA
"A055",292,59.93,5.99,90.52,19.36,-9.627,NA
"A055",293,59.58,6.65,89.6,19.689,-9.82,NA
"A055",294,59.6,6.49,89.15,20.017,-10.399,NA
"A055",295,59.17,6.63,89.1,19.063,-10.016,NA
"A055",296,59.32,6.81,88.27,19.787,-10.844,NA
"A055",297,60.09,6.63,88.46,20.399,-11.376,NA
"A055",298,59.27,7.16,87.99,19.507,-10.83,NA
"A055",299,59.99,6.75,88.51,19.985,-11.166,NA
"A055",300,59.6,6.04,88.26,19.63,-11.596,NA
"A055",301,59.23,5.93,89.22,19.267,-10.429,NA
"A055",302,58.61,5.82,89.07,19.088,-10.193,NA
"A055",303,57.84,6.11,88.64,20.271,-9.83,NA
"A055",304,58.2,6.13,89.47,19.219,-9.264,NA
"A055",305,57.83,5.49,89.44,19.874,-9.472,NA
"A055",306,58.23,5.35,90.03,19.026,-9.284,NA
"A055",307,58.73,5.34,90.95,19.613,-8.74,NA
"A055",308,58.85,5.98,89.5,19.596,-9.827,NA
"A055",309,59.55,5.55,90.65,20.183,-9.506,NA
"A055",310,58.55,5.38,90.23,19.769,-9.305,NA
"A055",311,57.77,4.99,89.82,18.895,-9.413,NA
"A055",312,57.17,4.51,88.81,19.108,-10.341,NA
"A055",313,57.06,4.42,89.24,19.569,-9.905,NA
"A055",314,57.24,4.56,88.45,20.582,-10.721,NA
"A055",315,56.36,3.82,88.76,20.415,-10.343,NA
"A055",316,56.84,3.35,89.97,19.334,-9.798,NA
"A055",317,57.06,4.18,89.01,20.191,-10.304,NA
"A055",318,56.36,4.02,88.64,19.662,-10.314,NA
"A055",319,56.9,3.78,88.81,20.541,-10.688,NA
"A055",320,56.65,4.31,87.7,20.147,-11.247,NA
"A055",321,55.86,4.32,87.92,20.177,-10.472,NA
"A055",322,57.14,4.1,88.53,19.984,-10.9,NA
"A055",323,58.13,4.25,88.89,20.237,-11.132,NA
"A055",324,57.67,4.29,88.86,19.69,-10.813,NA
"A056",1,85.25,22.1,104.88,13.814,-5.613,-5.613
"A056",2,85.15,22.15,103.86,15.402,-6.561,-6.561
"A056",3,86.14,21.86,104.16,15.775,-6.937,-6.937
"A056",4,86.01,21.87,104.84,14.665,-6.172,-6.172
"A056",5,85.87,22.04,104.68,15.182,-6.19,-6.19
"A056",6,86.66,21.7,104.67,15.524,-6.773,-6.773
"A056",7,86.28,21.97,104.12,15.418,-7.016,-7.016
"A056",8,86.9,21.71,104.64,15.975,-6.947,-6.947
"A056",9,87.78,22.58,104.54,14.904,-7.189,-7.189
"A056",10,87.1,22.64,104.14,15.653,-7.187,-7.187
"A056",11,86.97,23.3,103.51,15.446,-7.472,-7.472
"A056",12,87.01,23.42,104.36,15.516,-6.602,-6.602
"A056",13,87.77,22.36,105.3,14.778,-6.506,-6.506
"A056",14,87.46,21.86,105.41,14.113,-6.429,-6.429
"A056",15,87.48,22.5,104.99,15.318,-6.594,-6.594
"A056",16,86.61,23,104.07,16.034,-6.837,-6.837
"A056",17,85.95,24.01,103.09,14.74,-7.043,-7.043
"A056",18,84.94,22.95,101.84,16.239,-8.142,-8.142
"A056",19,84.97,21.98,102.46,15.262,-7.925,-7.925
"A056",20,84.59,22.03,102.84,14.901,-7.308,-7.308
"A056",21,84.26,22.08,102.59,15.583,-7.355,-7.355
"A056",22,83.68,22.57,101.66,15.855,-7.756,-7.756
"A056",23,84.7,21.6,102.79,15.937,-7.599,-7.599
"A056",24,84.03,22.67,102.12,15.674,-7.465,-7.465
"A056",25,83.99,22.41,102.01,16.128,-7.643,-7.643
"A056",26,83.47,21.98,102.77,15.101,-6.769,-6.769
"A056",27,83.29,21.85,103.42,14.419,-6.066,-6.066
"A056",28,83.59,22.69,102.98,14.909,-6.342,-6.342
"A056",29,83.68,21.75,103.54,14.471,-6.207,-6.207
"A056",30,83.62,21.8,103.25,15.141,-6.449,-6.449
"A056",31,84.23,21.1,102.72,15.41,-7.598,-7.598
"A056",32,84.18,21.93,102.04,15.453,-7.917,-7.917
"A056",33,84.33,22.75,102.31,15.375,-7.407,-7.407
"A056",34,83.08,23.5,101.75,15.88,-6.963,-6.963
"A056",35,82.06,23.26,101.56,14.966,-6.657,-6.657
"A056",36,82.92,22.73,101.5,15.529,-7.424,-7.424
"A056",37,82.8,22.91,101.5,16.129,-7.288,-7.288
"A056",38,82.24,23.2,100.97,15.488,-7.375,-7.375
"A056",39,81.62,23.44,101.32,15.661,-6.57,-6.57
"A056",40,82.01,23.2,102.46,14.179,-5.752,-5.752
"A056",41,83.33,23.63,103.22,13.888,-5.584,-5.584
"A056",42,83.65,22.88,103.51,14.539,-5.776,-5.776
"A056",43,84,22.91,104.4,13.595,-5.067,-5.067
"A056",44,85.29,21.4,105.57,14.207,-5.228,-5.228
"A056",45,86.01,21.67,105.71,14.876,-5.387,-5.387
"A056",46,86.47,22.16,104.61,14.996,-6.544,-6.544
"A056",47,86.09,22.32,104.77,15.646,-6.117,-6.117
"A056",48,86.04,22.56,104.85,14.265,-5.905,-5.905
"A056",49,87.01,22.03,104.57,15.5,-6.948,-6.948
"A056",50,85.6,22.07,104.78,15.357,-5.926,-5.926
"A056",51,85.71,22.14,103.87,14.562,-6.874,-6.874
"A056",52,86.16,21.71,104.4,15.404,-6.769,-6.769
"A056",53,84.72,21.66,102.54,16.089,-7.837,-7.837
"A056",54,84.88,21.37,102.9,16.184,-7.677,-7.677
"A056",55,86.07,20.88,102.84,15.492,-8.612,-8.612
"A056",56,86.13,20.71,103.54,15.683,-8.012,-8.012
"A056",57,86.21,21.42,104.11,15.558,-7.199,-7.199
"A056",58,87,20.76,104.8,15.4,-7.215,-7.215
"A056",59,86.4,20.75,104.63,15.182,-7.052,-7.052
"A056",60,85.96,20.53,104.58,15.226,-6.946,-6.946
"A056",61,87.09,20.04,105.18,14.236,-7.172,-7.172
"A056",62,86.53,20.98,104.65,14.654,-7.015,-7.015
"A056",63,87.03,20.73,105.05,15.1,-6.996,-6.996
"A056",64,86.26,21.43,104.71,15.628,-6.622,-6.622
"A056",65,85.72,22.96,102.83,15.917,-7.59,-7.59
"A056",66,85.9,22.86,103.07,16.478,-7.493,-7.493
"A056",67,86.66,21.89,103.11,16.076,-8.27,-8.27
"A056",68,86.85,21.42,104.74,15.222,-6.923,-6.923
"A056",69,87.27,20.75,104,16.047,-8.167,-8.167
"A056",70,88.63,20.32,103.96,15.77,-9.143,-9.143
"A056",71,87.84,20.13,103.68,16.42,-9.061,-9.061
"A056",72,87.4,21.25,104.25,15.742,-7.79,-7.79
"A056",73,86.89,20.01,104.91,15.265,-7.341,-7.341
"A056",74,86.33,20.53,103.39,16.06,-8.344,-8.344
"A056",75,85.52,19.89,102.37,16.357,-9.167,-9.167
"A056",76,85.5,19.46,102.86,16.526,-8.835,-8.835
"A056",77,85.54,19.32,103.83,16.124,-7.942,-7.942
"A056",78,86.84,19.14,104.65,15.807,-7.92,-7.92
"A056",79,87.42,19.05,104.47,15.835,-8.459,-8.459
"A056",80,87.81,19.03,105.02,15.872,-8.141,-8.141
"A056",81,88,19.11,105.57,15.762,-7.661,-7.661
"A056",82,87.33,19,104.54,16.114,-8.362,-8.362
"A056",83,87.13,18.84,104.51,16.415,-8.342,-8.342
"A056",84,86.38,19.24,103.78,16.197,-8.497,-8.497
"A056",85,85.35,18.98,102.99,16.51,-8.807,-8.807
"A056",86,85.81,18.83,104.42,14.96,-7.692,-7.692
"A056",87,85.64,18.93,104.95,14.912,-7.028,-7.028
"A056",88,85.52,17.9,104.25,15.777,-8.07,-8.07
"A056",89,83.83,17.5,103.03,16.301,-8.497,-8.497
"A056",90,84.91,16.39,103.8,15.961,-8.782,-8.782
"A056",91,85.91,16.05,105.14,16.895,-8.147,-8.147
"A056",92,85.77,15.79,105.09,15.96,-8.218,-8.218
"A056",93,86.1,16.15,104.82,16.111,-8.533,-8.533
"A056",94,85.58,15.61,106.24,15.977,-7.038,-7.038
"A056",95,86.46,16.01,106.45,15.107,-7.161,-7.161
"A056",96,87.11,15.93,105.17,15.698,-8.845,-8.845
"A056",97,87.77,16.51,105.35,16.163,-8.79,-8.79
"A056",98,87.6,16.69,105.4,16.302,-8.582,-8.582
"A056",99,89.25,17.52,105.38,15.912,-9.184,-9.184
"A056",100,89.3,16.9,105.39,16.196,-9.453,-9.453
"A056",101,89.24,16.2,105.46,16.174,-9.631,-9.631
"A056",102,88.29,16.36,105.11,17.515,-9.386,-9.386
"A056",103,88.81,17.05,105.49,15.925,-9.014,-9.014
"A056",104,89.09,17.37,105.92,16.187,-8.617,-8.617
"A056",105,88.96,17.59,106.03,15.507,-8.35,-8.35
"A056",106,89.11,17.31,105.44,16.947,-9.13,-9.13
"A056",107,88.6,18.7,104,16.889,-9.73,-9.73
"A056",108,88.66,19.01,103.89,16.609,-9.743,-9.743
"A056",109,87.7,18.63,103.3,16.846,-9.961,-9.961
"A056",110,87.47,17.86,104.44,16.28,-9,-9
"A056",111,87.35,17.81,104.75,16.593,-8.632,-8.632
"A056",112,87.62,18.19,105.24,16.651,-8.155,-8.155
"A056",113,88.15,17.74,105.63,16.319,-8.234,-8.234
"A056",114,88.1,18.04,104.9,16.794,-8.813,NA
"A056",115,88.8,18.24,105.75,15.302,-8.276,NA
"A056",116,88.81,18.79,106.11,15.841,-7.701,NA
"A056",117,88.16,18.22,106.15,15.761,-7.524,NA
"A056",118,88.36,18.11,106.51,15.569,-7.325,NA
"A056",119,89.44,19.1,106.75,15.039,-7.283,NA
"A056",120,88.61,18.79,106.72,15.024,-6.979,NA
"A056",121,88.37,18.91,106.5,15.454,-7.025,NA
"A056",122,87.56,18.74,106.65,15.006,-6.487,NA
"A056",123,87.58,19.09,106.36,15.513,-6.644,NA
"A056",124,87.91,19.16,106.54,15.717,-6.616,NA
"A056",125,88.43,18.73,107.56,14.843,-6.058,NA
"A056",126,88.61,18.11,107.01,15.29,-6.957,NA
"A056",127,88.59,19.11,107.7,13.937,-5.86,NA
"A056",128,88.67,19.22,106.83,15.048,-6.735,NA
"A056",129,88.1,18.33,107.17,14.596,-6.434,NA
"A056",130,87.84,18.23,108.55,14.366,-4.942,NA
"A056",131,87.54,19.16,107.77,15.063,-5.186,NA
"A056",132,88.03,18.07,108.33,14.543,-5.334,NA
"A056",133,88.32,17.49,108.74,14.207,-5.32,NA
"A056",134,87.86,17.14,107.97,14.814,-5.974,NA
"A056",135,88.13,17.39,107.36,15.015,-6.632,NA
"A056",136,88.43,18.84,106.85,15.904,-6.73,NA
"A056",137,89.2,17.96,107.66,15.689,-6.701,NA
"A056",138,88.33,17.15,107.68,15.312,-6.517,NA
"A056",139,88.66,17.32,108.03,14.432,-6.286,NA
"A056",140,88.42,17.09,107.56,15.364,-6.713,NA
"A056",141,89.16,16.65,109.28,14.504,-5.579,NA
"A056",142,88.82,15.5,108.71,14.257,-6.418,NA
"A056",143,88.31,16.51,109.07,13.637,-5.374,NA
"A056",144,87.97,17.03,108.2,14.22,-5.853,NA
"A056",145,88.35,17.68,108.06,14.907,-5.941,NA
"A056",146,88.37,16.44,108.73,14.627,-5.783,NA
"A056",147,88.57,16.46,109.05,14.633,-5.566,NA
"A056",148,89.15,17.08,109.26,15.258,-5.421,NA
"A056",149,89.04,16.75,108.48,14.917,-6.276,NA
"A056",150,89.62,17.25,108.74,15.142,-6.139,NA
"A056",151,89.77,17.21,108.88,14.815,-6.096,NA
"A056",152,89.16,17.93,107.9,14.628,-6.445,NA
"A056",153,89.43,18.3,108.34,15.006,-6.014,NA
"A056",154,89.45,18.06,108,14.816,-6.462,NA
"A056",155,89.76,18.43,108.48,14.48,-6.007,NA
"A056",156,90.19,18.11,108.73,14.64,-6.116,NA
"A056",157,90.28,17.96,108.62,14.6,-6.338,NA
"A056",158,89.88,17.82,108.56,14.047,-6.23,NA
"A056",159,89.34,17.39,108.8,14.356,-5.866,NA
"A056",160,89.86,16.49,110.04,14.622,-5.28,NA
"A056",161,88.56,16.5,108.44,14.695,-6.152,NA
"A056",162,89.82,16.57,109.43,14.152,-5.827,NA
"A056",163,89.94,17.38,109.27,14.234,-5.735,NA
"A056",164,89.91,18.2,109.87,14.623,-4.793,NA
"A056",165,89.82,17.19,109.56,14.785,-5.446,NA
"A056",166,89.13,16.35,108.52,15.163,-6.443,NA
"A056",167,89.39,16.78,108.47,14.926,-6.461,NA
"A056",168,89.97,16.58,108.73,15.644,-6.609,NA
"A056",169,90.53,16.39,108.06,15.598,-7.667,NA
"A056",170,91.01,17.86,107.8,16.232,-7.605,NA
"A056",171,91.17,16.84,108.59,15.134,-7.309,NA
"A056",172,90.85,17,108.23,15.719,-7.431,NA
"A056",173,91.17,17.65,107.72,15.836,-7.856,NA
"A056",174,91.26,20.27,107.12,16.537,-7.453,NA
"A056",175,91.33,20.01,106.29,16.017,-8.423,NA
"A056",176,90.8,19.4,107.23,15.263,-7.444,NA
"A056",177,90.54,20.17,105.76,16.02,-8.461,NA
"A056",178,91.46,19.86,105.55,16.632,-9.304,NA
"A056",179,90.93,19.51,105.25,16.877,-9.452,NA
"A056",180,91.89,19.14,106.07,17.078,-9.301,NA
"A056",181,92.12,18.78,107.02,15.885,-8.627,NA
"A056",182,91.39,18.69,106.51,16.022,-8.768,NA
"A056",183,91.04,17.82,105.79,16.529,-9.641,NA
"A056",184,90.76,18.08,105.96,17.355,-9.212,NA
"A056",185,91.93,17.49,107.15,16.157,-8.909,NA
"A056",186,91.59,17.71,106.95,16.654,-8.838,NA
"A056",187,90.7,18.01,106.72,16.242,-8.452,NA
"A056",188,91.14,18.34,107.01,15.675,-8.272,NA
"A056",189,91.45,18.6,107.18,16.396,-8.17,NA
"A056",190,91.85,19.6,107.62,15.739,-7.546,NA
"A056",191,93.08,18.17,109.61,15.122,-6.813,NA
"A056",192,92.9,17.58,109.77,15.885,-6.787,NA
"A056",193,93.42,18.39,109.78,15.391,-6.742,NA
"A056",194,93.09,18.8,110,14.327,-6.176,NA
"A056",195,92.39,19.37,108.15,16.033,-7.413,NA
"A056",196,91.39,19.5,106.49,16.329,-8.463,NA
"A056",197,91.57,19.66,106.15,15.919,-8.847,NA
"A056",198,89.67,17.98,105.64,16.561,-8.969,NA
"A056",199,90.91,17.76,106.63,16.357,-8.756,NA
"A056",200,90.71,17.76,105.38,16.345,-9.897,NA
"A056",201,90.76,17.17,105.65,17.232,-9.894,NA
"A056",202,91.66,17.49,106.1,16.583,-9.816,NA
"A056",203,91.85,17.25,106.17,17.368,-9.944,NA
"A056",204,91.41,16.62,105.48,16.902,-10.642,NA
"A056",205,91.31,16.57,106.51,17.019,-9.576,NA
"A056",206,90.27,16.92,106.6,15.835,-8.767,NA
"A056",207,89.68,16.49,106.75,16.35,-8.461,NA
"A056",208,89.71,16.3,107.15,15.827,-8.156,NA
"A056",209,90.27,15.99,106.78,16.489,-8.957,NA
"A056",210,90.04,16.03,106.53,16.178,-9.07,NA
"A056",211,89.8,17,105.57,16.887,-9.509,NA
"A056",212,88.79,17.95,106,15.534,-8.135,NA
"A056",213,89.89,18.83,106.22,15.93,-8.174,NA
"A056",214,89.17,17.02,106.2,16.424,-8.516,NA
"A056",215,89.8,17.42,105.63,16.658,-9.277,NA
"A056",216,89.1,18.74,103.6,17.207,-10.393,NA
"A056",217,89.19,17.08,103.94,16.843,-10.764,NA
"A056",218,89.98,16.56,104.42,16.711,-10.933,NA
"A056",219,89.76,16.47,104.36,16.561,-10.911,NA
"A056",220,90.8,16.06,105.2,18.147,-10.805,NA
"A056",221,90.92,16.33,106.51,16.169,-9.458,NA
"A056",222,90.66,15.74,105.81,16.941,-10.251,NA
"A056",223,91.58,15.7,106.74,17.316,-9.846,NA
"A056",224,92.06,17.3,106.21,16.782,-9.996,NA
"A056",225,92.83,17.46,107.41,16.465,-9.159,NA
"A056",226,91.82,16.52,107.61,15.602,-8.777,NA
"A056",227,92.66,16.38,108.32,15.952,-8.588,NA
"A056",228,92.15,15.88,107.9,15.969,-8.922,NA
"A056",229,91.6,16.59,105.97,17.212,-10.269,NA
"A056",230,93.33,16.6,107.66,16.298,-9.53,NA
"A056",231,93.82,16.31,108.19,16.441,-9.383,NA
"A056",232,94.58,15.67,108.86,16.179,-9.387,NA
"A056",233,94.78,16.62,107.84,17.026,-10.139,NA
"A056",234,94,16.38,107.89,16.824,-9.753,NA
"A056",235,93.62,16.89,107.08,16.527,-10.151,NA
"A056",236,93.57,16.3,107.21,16.628,-10.228,NA
"A056",237,92.69,15.4,107.66,16.402,-9.653,NA
"A056",238,93.72,14.22,108.83,15.248,-9.528,NA
"A056",239,93.01,14.24,108.42,16.506,-9.534,NA
"A056",240,92.22,13.54,107.96,17.035,-9.84,NA
"A056",241,91.82,13.44,108.39,17.376,-9.228,NA
"A056",242,91.61,13.98,108.78,16.467,-8.505,NA
"A056",243,91.31,14.66,108.61,16.457,-8.234,NA
"A056",244,91.59,15.36,109.11,15.445,-7.613,NA
"A056",245,91.54,14.5,109.2,16.077,-7.835,NA
"A056",246,91.21,14.11,109.85,15.856,-7.161,NA
"A056",247,91.47,14.77,110.05,15.418,-6.846,NA
"A056",248,92.38,14.96,110.15,14.779,-7.168,NA
"A056",249,93.17,14.41,110.6,15.267,-7.379,NA
"A056",250,92.77,13.68,110.76,15.896,-7.295,NA
"A056",251,92.71,12.97,111.01,15.521,-7.291,NA
"A056",252,92.13,13.81,109.93,15.902,-7.713,NA
"A056",253,92.54,14.29,109.6,15.809,-8.074,NA
"A056",254,92.78,15.12,109.19,15.425,-8.288,NA
"A056",255,92.56,14.91,109.35,16.962,-8.088,NA
"A056",256,91.9,14.52,108.56,15.783,-8.671,NA
"A056",257,91.63,14.62,107.26,16.122,-9.782,NA
"A056",258,91.34,13.57,107.71,16.424,-9.594,NA
"A056",259,91.19,13.75,107.61,16.653,-9.535,NA
"A056",260,91.87,12.94,107.74,16.357,-10.104,NA
"A056",261,93.62,13.66,108,16.979,-10.522,NA
"A056",262,93.13,14.43,107.42,16.64,-10.529,NA
"A056",263,92.33,13.96,107.12,16.949,-10.57,NA
"A056",264,91.86,15.56,106.68,17.188,-10.116,NA
"A056",265,92.33,14.76,108.44,15.719,-8.937,NA
"A056",266,92.92,13.51,109.49,16.185,-8.704,NA
"A056",267,93.32,14.12,109.6,16.612,-8.575,NA
"A056",268,94.18,14.93,110.44,16.038,-7.883,NA
"A056",269,94.85,14.75,110.81,14.982,-7.959,NA
"A056",270,94.82,14.21,110.5,16.458,-8.467,NA
"A056",271,93.76,13.78,110.08,16.422,-8.478,NA
"A056",272,94.01,14.25,110.16,16.419,-8.345,NA
"A056",273,94.32,14.58,110.68,16.139,-7.867,NA
"A056",274,95.2,14.68,110.59,16.125,-8.389,NA
"A056",275,95.24,15.29,110.83,16.669,-7.934,NA
"A056",276,94.3,14.6,110.37,16.314,-8.156,NA
"A056",277,94,14.36,110.28,15.873,-8.172,NA
"A056",278,93.68,13.5,110.53,16.054,-8.09,NA
"A056",279,93.77,13.31,110.66,16.531,-8.082,NA
"A056",280,93.5,14.66,110.59,15.702,-7.462,NA
"A056",281,93.12,15.02,110.73,15.292,-6.971,NA
"A056",282,93.63,14.93,111.26,14.937,-6.759,NA
"A056",283,94.15,15.9,111.15,14.92,-6.774,NA
"A056",284,92.95,14.38,110.84,15.541,-7.024,NA
"A056",285,93.2,14.03,112.43,14.452,-5.716,NA
"A056",286,92.82,13.59,111.9,15.524,-6.21,NA
"A056",287,94.07,12.24,113.23,14.636,-6.108,NA
"A056",288,94.59,12.63,113.2,14.301,-6.274,NA
"A056",289,95.55,11.73,114.25,13.881,-6.103,NA
"A056",290,96.48,11.86,114.79,14.778,-6.031,NA
"A056",291,96.62,12.2,114.88,14.706,-5.876,NA
"A056",292,96.41,11.58,115.37,14.474,-5.528,NA
"A056",293,96.41,11.86,113.95,16.058,-6.836,NA
"A056",294,96.08,11.9,112.54,15.733,-8.05,NA
"A056",295,96.16,11.16,114.19,15.412,-6.73,NA
"A056",296,95.63,11.22,113.92,15.716,-6.684,NA
"A056",297,95.1,11.81,113.06,15.173,-7.022,NA
"A056",298,95.28,11.26,113.08,15.525,-7.322,NA
"A056",299,95.54,11.94,112.78,15.373,-7.488,NA
"A056",300,95.56,12.48,113.5,15.112,-6.562,NA
"A056",301,95.54,11.75,113.89,15.275,-6.456,NA
"A056",302,95,12.78,112.21,15.211,-7.425,NA
"A057",1,30.7,25.49,70.06,16.282,-6.87,-6.87
"A057",2,30.23,27.05,69.52,16.415,-6.291,-6.291
"A057",3,30.04,26.94,70.87,15.51,-4.891,-4.891
"A057",4,29.91,26.64,70.84,15.341,-5.01,-5.01
"A057",5,29.16,26.39,69.92,15.944,-5.593,-5.593
"A057",6,29.3,27.02,68.64,16.22,-6.597,-6.597
"A057",7,30.25,26.81,69.92,15.899,-6.048,-6.048
"A057",8,30.12,26.42,69.67,16.04,-6.432,-6.432
"A057",9,31.45,26.36,70.67,16.616,-6.235,-6.235
"A057",10,32.11,26.11,70.58,15.966,-6.794,-6.794
"A057",11,31.84,25.93,71.31,15.967,-6.013,-6.013
"A057",12,31.76,25.08,72.16,16.495,-5.537,-5.537
"A057",13,31.03,24.07,72.29,15.41,-5.525,-5.525
"A057",14,31.94,24.23,71.98,16.038,-6.206,-6.206
"A057",15,32.4,25.03,72.34,16.26,-5.695,-5.695
"A057",16,33.27,24.72,72.29,16.884,-6.274,-6.274
"A057",17,32.04,24.94,71.18,16.231,-6.719,-6.719
"A057",18,32.6,23.97,71.39,16.263,-7.216,-7.216
"A057",19,31.96,24.42,69.46,17.173,-8.642,-8.642
"A057",20,32.62,24.05,70.04,16.913,-8.531,-8.531
"A057",21,33.32,24.21,69.82,17.476,-8.988,-8.988
"A057",22,32.78,24.25,69.53,17.171,-9.025,-9.025
"A057",23,32.57,24.32,69.99,16.588,-8.438,-8.438
"A057",24,32.09,23.71,70.13,16.951,-8.362,-8.362
"A057",25,32.02,23.87,68.71,17.651,-9.681,-9.681
"A057",26,32,22.76,69.5,17.603,-9.381,-9.381
"A057",27,32.17,22.5,70.5,17.324,-8.575,-8.575
"A057",28,32.02,22.86,71.04,17.001,-7.813,-7.813
"A057",29,31.78,23.25,71.49,16.321,-7.074,-7.074
"A057",30,31.89,22.97,71.32,16.517,-7.416,-7.416
"A057",31,31.26,22.46,71.29,16.157,-7.404,-7.404
"A057",32,32.05,22.53,71.73,15.845,-7.274,-7.274
"A057",33,32.31,22.25,71.65,16.654,-7.592,-7.592
"A057",34,32.72,22.51,72.34,16.715,-6.951,-6.951
"A057",35,31.93,23.1,72.14,15.873,-6.561,-6.561
"A057",36,32.42,21.64,73.02,16.415,-6.535,-6.535
"A057",37,31.83,21.13,72.78,15.827,-6.762,-6.762
"A057",38,32.49,21.13,73.61,15.412,-6.189,-6.189
"A057",39,33.39,21.5,74.45,15.22,-5.529,-5.529
"A057",40,34.41,21.53,75.02,15.019,-5.294,-5.294
"A057",41,33.77,21.39,74.63,15.327,-5.527,-5.527
"A057",42,33.72,21.65,74.42,15.808,-5.61,-5.61
"A057",43,34.08,22.8,74.53,16.294,-5.165,-5.165
"A057",44,33.89,21.73,73.32,16.213,-6.74,-6.74
"A057",45,34.8,21.8,73.8,15.947,-6.532,-6.532
"A057",46,34.73,22.29,74.81,15.656,-5.303,-5.303
"A057",47,34.58,22.94,73.86,16.283,-5.95,-5.95
"A057",48,34.98,21.75,75.61,15.921,-4.792,-4.792
"A057",49,35.68,21.14,76.08,15.453,-4.764,-4.764
"A057",50,35.81,21.34,75.47,15.423,-5.34,-5.34
"A057",51,37.15,20.08,75.76,15.857,-5.865,-5.865
"A057",52,36.32,19.4,76.07,15.825,-5.615,-5.615
"A057",53,37.07,18.67,76.21,15.458,-5.938,-5.938
"A057",54,36.18,18.22,76.43,16.284,-5.703,-5.703
"A057",55,36.66,19.67,76.4,15.765,-5.261,-5.261
"A057",56,36.97,20.61,76.15,15.064,-5.234,-5.234
"A057",57,37.68,20.87,76.06,16.123,-5.396,-5.396
"A057",58,37.37,20.85,75.46,15.699,-5.93,-5.93
"A057",59,37.95,20.05,76,15.952,-5.811,-5.811
"A057",60,37.82,20.31,75.81,16.28,-5.87,-5.87
"A057",61,38.85,20.03,75.02,16.329,-6.977,-6.977
"A057",62,38.14,19.93,75.31,16.504,-6.579,-6.579
"A057",63,38.23,20.69,75.36,15.705,-6.281,-6.281
"A057",64,39.16,20.24,76,15.849,-5.982,-5.982
"A057",65,38.23,20.82,76.48,15.167,-5.11,-5.11
"A057",66,37.92,19.29,77.01,15.319,-5.078,-5.078
"A057",67,37.71,19.37,76.92,15.694,-5.093,-5.093
"A057",68,37.41,19.75,77.37,14.503,-4.434,-4.434
"A057",69,37.93,19.4,77.01,15.412,-5.038,-5.038
"A057",70,37.49,19.76,77.44,14.609,-4.374,-4.374
"A057",71,36.84,20.5,76.75,14.944,-4.643,-4.643
"A057",72,37.64,21.11,75.83,15.068,-5.524,-5.524
"A057",73,38.39,19.87,75.95,15.173,-6.016,-6.016
"A057",74,37.23,19.09,76.32,16.349,-5.698,-5.698
"A057",75,37.55,17.78,76.6,16.284,-6.013,-6.013
"A057",76,38.19,17.77,76.8,15.833,-5.943,-5.943
"A057",77,38.3,18.49,75.95,16.029,-6.517,-6.517
"A057",78,38.63,19.22,75.56,16.4,-6.688,-6.688
"A057",79,38.47,19.63,74.73,16.652,-7.332,-7.332
"A057",80,38.05,19.98,73.9,16.466,-7.956,-7.956
"A057",81,38.85,20.26,73.19,17.077,-8.732,-8.732
"A057",82,39.11,20.35,73.27,17.147,-8.67,-8.67
"A057",83,40.11,20.49,74.12,17.001,-7.974,-7.974
"A057",84,39.79,20.24,74.04,16.533,-8.071,-8.071
"A057",85,38.69,20.46,73.21,17.21,-8.603,-8.603
"A057",86,38.93,20.18,73.43,17.32,-8.532,-8.532
"A057",87,39.19,19.5,73.14,17.979,-9.114,-9.114
"A057",88,40.55,18.71,73.8,17.771,-8.995,-8.995
"A057",89,41.06,19.25,74.82,17.422,-7.871,-7.871
"A057",90,41.4,17.82,75.57,17.388,-7.715,-7.715
"A057",91,42.36,17.03,76.96,16.207,-6.826,-6.826
"A057",92,42.41,16.18,78.64,15.423,-5.54,-5.54
"A057",93,41.51,16.32,78.14,16.333,-5.814,-5.814
"A057",94,40.91,16.93,77.16,15.661,-6.423,-6.423
"A057",95,40.81,17.16,78.06,15.455,-5.399,-5.399
"A057",96,40.68,17.5,77.81,16.195,-5.486,-5.486
"A057",97,40.47,18.82,75.98,16.506,-6.762,-6.762
"A057",98,40.6,18.52,75.26,16.64,-7.621,-7.621
"A057",99,41.33,18.84,76.27,16.681,-6.619,-6.619
"A057",100,41.52,18.78,76.24,15.617,-6.699,-6.699
"A057",101,42.05,17.39,77.41,15.698,-6.175,-6.175
"A057",102,41.49,16.51,78.08,16.08,-5.785,-5.785
"A057",103,41.09,17.17,77,16.375,-6.504,-6.504
"A057",104,41.4,17.17,76.85,15.962,-6.712,-6.712
"A057",105,41.91,17.4,76.14,16.79,-7.414,-7.414
"A057",106,41.83,17.18,76.48,17.036,-7.152,-7.152
"A057",107,41.73,16.85,75.15,17.08,-8.604,-8.604
"A057",108,40.91,16.74,75.23,17.215,-8.438,-8.438
"A057",109,41.11,18.02,75.85,16.753,-7.309,-7.309
"A057",110,41.53,17.81,75.7,17.409,-7.619,-7.619
"A057",111,40.71,17.75,76.67,16.286,-6.528,-6.528
"A057",112,41.6,18.67,77.01,15.502,-5.985,-5.985
"A057",113,42.02,18.69,76.58,15.982,-6.491,-6.491
"A057",114,42.36,17.17,76.76,16.473,-6.972,-6.972
"A057",115,42.94,16.22,76.7,16.794,-7.561,-7.561
"A057",116,44.24,15.92,77.14,16.83,-7.544,NA
"A057",117,44.83,16.61,76.79,17.409,-7.711,NA
"A057",118,45.24,17.28,77.08,16.131,-7.231,NA
"A057",119,45.64,16.96,77.01,16.852,-7.538,NA
"A057",120,45.42,16.99,76.62,17.342,-7.859,NA
"A057",121,45.82,16.35,76.77,17.488,-8.112,NA
"A057",122,45.79,15.46,77.87,16.799,-7.431,NA
"A057",123,46.38,15.69,78.18,16.802,-7.181,NA
"A057",124,46.39,15.16,78.32,16.469,-7.316,NA
"A057",125,46.18,14.94,78.82,16.486,-6.865,NA
"A057",126,44.71,14.91,78.61,16.177,-6.699,NA
"A057",127,44.52,14.04,77.25,17.433,-8.49,NA
"A057",128,45.33,13.89,76.95,17.192,-9.087,NA
"A057",129,45.36,13.31,78.33,17.078,-8.058,NA
"A057",130,45.95,14.21,78.94,16.41,-7.087,NA
"A057",131,46.78,14.82,79.44,15.194,-6.503,NA
"A057",132,46.89,14.59,80.42,15.639,-5.682,NA
"A057",133,46.57,14.97,80.35,15.779,-5.442,NA
"A057",134,46.07,14.5,80.44,15.573,-5.46,NA
"A057",135,46.08,13.93,81.12,15.448,-5.113,NA
"A057",136,45.13,14.22,80.84,15.452,-4.946,NA
"A057",137,45.15,14.49,80.68,15.436,-4.963,NA
"A057",138,45.41,14.6,80.74,15.204,-4.912,NA
"A057",139,45.23,15.45,79.76,15.655,-5.396,NA
"A057",140,44.32,14.72,79.11,15.658,-6.206,NA
"A057",141,44.78,15.88,79.08,15.645,-5.745,NA
"A057",142,44.49,15.18,79.31,16.527,-5.794,NA
"A057",143,44.08,15.3,78.66,16.432,-6.292,NA
"A057",144,45.44,14.88,78.32,17.22,-7.191,NA
"A057",145,46.05,14.75,79.39,16.005,-6.363,NA
"A057",146,45.84,14.28,79.39,16.805,-6.56,NA
"A057",147,45.74,14.76,79.93,15.993,-5.731,NA
"A057",148,45.86,14.75,79.84,15.87,-5.861,NA
"A057",149,44.9,14.25,80.38,15.318,-5.333,NA
"A057",150,44.26,15.45,79.18,16.96,-5.734,NA
"A057",151,45.4,14.6,80.16,15.835,-5.488,NA
"A057",152,45.44,13.64,80.74,15.804,-5.471,NA
"A057",153,45.61,14.2,80.13,16.192,-5.8,NA
"A057",154,45.16,14.06,79.67,15.793,-6.221,NA
"A057",155,45.63,13.81,79.46,16.693,-6.71,NA
"A057",156,45.73,13.65,78.67,16.06,-7.621,NA
"A057",157,46.42,14.31,78.04,17.251,-8.073,NA
"A057",158,47.47,14.54,78.82,16.55,-7.519,NA
"A057",159,47.93,14.79,79.81,16.475,-6.558,NA
"A057",160,48.21,14.45,80,15.926,-6.664,NA
"A057",161,48.3,13.19,80.82,15.894,-6.64,NA
"A057",162,48.22,12.69,80.96,16.227,-6.784,NA
"A057",163,48.61,12.64,81.42,16.839,-6.515,NA
"A057",164,48.76,12.72,81.67,16.119,-6.279,NA
"A057",165,49.21,13.12,81.39,16.5,-6.493,NA
"A057",166,49.92,12.57,81.3,16.431,-7.279,NA
"A057",167,50.79,13.21,80.85,17.254,-7.765,NA
"A057",168,51.12,13,80.71,17.365,-8.221,NA
"A057",169,51.64,12.33,81.22,17.109,-8.44,NA
"A057",170,51.13,11.47,81.93,16.452,-8.031,NA
"A057",171,52.12,11.79,81.77,16.835,-8.543,NA
"A057",172,52.92,11.61,82.7,16.679,-8.239,NA
"A057",173,52.3,11.59,82.81,16.684,-7.758,NA
"A057",174,51.72,11.62,81.94,16.293,-8.261,NA
"A057",175,51.44,11.93,81.48,16.777,-8.337,NA
"A057",176,51.37,12.28,81.1,16.952,-8.438,NA
"A057",177,51.23,11.84,82.09,16.618,-7.675,NA
"A057",178,51,11.73,82.46,16.625,-7.254,NA
"A057",179,50.72,12.43,82.01,16.451,-7.072,NA
"A057",180,50.8,12.35,82.38,15.863,-6.804,NA
"A057",181,51.6,11.9,83.34,16.307,-6.594,NA
"A057",182,52.14,11.39,84.27,15.94,-6.339,NA
"A057",183,53.02,11.55,85.52,15.56,-5.53,NA
"A057",184,53.82,11.8,86.3,15.626,-5.104,NA
"A057",185,54.73,11.21,88.15,14.855,-4.32,NA
"A057",186,53.4,10.91,87.49,15.233,-4.265,NA
"A057",187,53.37,10.16,88.89,14.716,-3.392,NA
"A057",188,52.19,10.63,87.69,14.668,-3.498,NA
"A057",189,52.96,10.82,87.14,14.003,-4.394,NA
"A057",190,52.98,11.33,85.56,15.599,-5.613,NA
"A057",191,53.94,11.96,86.36,15.242,-5.029,NA
"A057",192,54.19,11.86,85.35,16.3,-6.277,NA
"A057",193,54.28,12.12,84.62,16.443,-6.889,NA
"A057",194,55.54,11.65,85.31,17.066,-7.447,NA
"A057",195,56.19,12.17,84.74,17.318,-8.184,NA
"A057",196,55.88,11.15,84.85,16.843,-8.506,NA
"A057",197,55.38,10.61,84.2,17.36,-9.163,NA
"A057",198,56.09,10.54,83.66,18.213,-10.29,NA
"A057",199,55.61,9.87,84.97,17.514,-9.096,NA
"A057",200,55.94,10.64,84.53,18.086,-9.233,NA
"A057",201,54.92,10.07,84.21,17.672,-9.199,NA
"A057",202,54.06,10.93,82.53,17.698,-9.66,NA
"A057",203,54.52,10.22,83.33,17.557,-9.686,NA
"A057",204,55.05,10.3,83.71,17.927,-9.624,NA
"A057",205,54.97,11.55,83.82,17.326,-8.583,NA
"A057",206,54.16,12.06,82.94,17.412,-8.533,NA
"A057",207,53.78,12.38,83.41,17.784,-7.583,NA
"A057",208,53.71,10.08,84.68,17.641,-7.881,NA
"A057",209,54.14,8.91,86.15,16.552,-7.576,NA
"A057",210,54.23,8.66,87.29,16.297,-6.681,NA
"A057",211,53.63,8.83,86.51,16.372,-6.937,NA
"A057",212,53.98,8.74,86.15,16.837,-7.607,NA
"A057",213,53.57,9.02,85.82,17.375,-7.448,NA
"A057",214,54.38,8.97,87.58,16.272,-6.264,NA
"A057",215,55.09,9.04,88.39,15.033,-5.899,NA
"A057",216,54.87,8.4,89.08,15.919,-5.535,NA
"A057",217,54.39,7.86,89.24,16.55,-5.461,NA
"A057",218,54.49,6.92,90,15.716,-5.489,NA
"A057",219,53.12,6.91,89.08,15.508,-5.528,NA
"A057",220,52.93,7.19,88.29,15.48,-5.989,NA
"A057",221,52.88,7.67,87.27,16.173,-6.607,NA
"A057",222,52.62,8.01,86.97,16.56,-6.47,NA
"A057",223,52.78,8.28,86.65,16.19,-6.677,NA
"A057",224,53.6,7.97,86.18,16.554,-7.921,NA
"A057",225,54.35,8.34,86.13,18.015,-8.174,NA
"A057",226,54.72,8.4,86.92,16.758,-7.598,NA
"A057",227,54.8,8.08,87.62,16.835,-7.186,NA
"A057",228,54.7,7.88,88.13,15.919,-6.766,NA
"A057",229,55.44,7.99,88.49,16.041,-6.837,NA
"A057",230,54.36,7.71,87.85,16.11,-6.941,NA
"A057",231,54.72,7.86,88.43,16.554,-6.493,NA
"A057",232,55.68,9.33,88.42,15.694,-6.089,NA
"A057",233,56.32,9.73,88.67,15.838,-6.031,NA
"A057",234,56.52,8.31,89.26,15.855,-6.628,NA
"A057",235,56.22,8.18,88.93,16.07,-6.824,NA
"A057",236,57.04,7.87,89.82,16.672,-6.781,NA
"A057",237,57.04,6.2,91.94,16.356,-5.885,NA
"A057",238,57.21,5.62,92.58,15.773,-5.79,NA
"A057",239,55.41,6.21,90.63,15.597,-6.029,NA
"A057",240,55.66,6.56,91.03,15.913,-5.547,NA
"A057",241,55.78,6.89,89.3,16.84,-7.102,NA
"A057",242,56.34,7.03,89.68,16.129,-7.023,NA
"A057",243,56.65,7.06,89.37,17.028,-7.534,NA
"A057",244,57.26,6.71,90.84,17.334,-6.776,NA
"A057",245,57.89,6.47,91.25,16.49,-7.001,NA
"A057",246,58.29,6.29,91.34,16.81,-7.342,NA
"A057",247,58.64,6.37,91.75,16.606,-7.137,NA
"A057",248,58.73,6.31,92.19,16.184,-6.814,NA
"A057",249,58.62,6.66,92.54,15.494,-6.134,NA
"A057",250,59.24,7.61,92.83,15.98,-5.656,NA
"A057",251,59.35,7.43,92.36,16.265,-6.335,NA
"A057",252,59.04,7.71,92.17,15.277,-6.091,NA
"A057",253,59.47,7.17,92.84,16.256,-6.136,NA
"A057",254,58.82,6.9,91.74,16.348,-6.919,NA
"A057",255,59.94,6.6,93.18,16.497,-6.546,NA
"A057",256,60.14,5.22,93.04,17.082,-7.778,NA
"A057",257,59.45,5.25,92.62,16.953,-7.662,NA
"A057",258,59.24,5.4,91.97,17.313,-8.058,NA
"A057",259,59.87,5.09,93.11,15.896,-7.596,NA
"A057",260,60.93,3.72,95.17,16.511,-7.235,NA
"A057",261,60.97,3.96,94.33,17.309,-7.934,NA
"A057",262,61.01,3.93,95.36,16.56,-6.962,NA
"A057",263,60.93,3.48,96.02,15.989,-6.528,NA
"A057",264,60.54,2.77,95.78,16.662,-6.949,NA
"A057",265,60.77,2.43,97.61,15.383,-5.497,NA
"A057",266,60.25,2.98,96.51,15.825,-5.871,NA
"A057",267,60.73,3.87,95.87,16.368,-6.283,NA
"A057",268,60.13,4.21,94.85,15.668,-6.637,NA
"A057",269,61.09,3.08,96.48,15.893,-6.445,NA
"A057",270,61.84,3.72,97.64,15.072,-5.423,NA
"A057",271,62.66,3.34,97.71,16.154,-6.175,NA
"A057",272,62.38,4,96.29,16.211,-6.983,NA
"A057",273,62.19,4.6,94.94,17.079,-7.828,NA
"A057",274,61.49,4.56,95.27,16.228,-7,NA
"A057",275,61.93,4.04,96.07,16.606,-6.85,NA
"A057",276,62.55,3.59,96.03,16.562,-7.624,NA
"A058",1,16.05,38.72,38.81,18.542,-8.627,-8.627
"A058",2,16.21,39.68,37.43,18.853,-9.189,-9.189
"A058",3,16.29,39.84,36.76,19.991,-9.815,-9.815
"A058",4,16.4,38.42,39.44,19.622,-8.975,-8.975
"A058",5,16.2,37.96,40.71,18.711,-7.908,-7.908
"A058",6,16.26,38.49,40.86,18.37,-7.228,-7.228
"A058",7,16.49,38.58,41.56,17.781,-6.822,-6.822
"A058",8,15.73,37.78,41.92,18.351,-6.069,-6.069
"A058",9,16.2,37.41,43.32,17.39,-5.969,-5.969
"A058",10,17.44,38.47,43.77,17.691,-6.436,-6.436
"A058",11,17.29,37.83,43.44,17.836,-7.25,-7.25
"A058",12,18.45,38.05,46.08,17.786,-6.342,-6.342
"A058",13,18.99,38.98,46.37,17.38,-5.891,-5.891
"A058",14,18.64,38.11,45.49,18.408,-7.168,-7.168
"A058",15,18.4,37.94,44.77,18.784,-7.688,-7.688
"A058",16,18.44,38.76,43.19,18.659,-8.384,-8.384
"A058",17,18.46,38.3,44.56,18.79,-7.575,-7.575
"A058",18,19.16,37.45,46.54,18.42,-7.751,-7.751
"A058",19,19.42,36.85,46.45,18.42,-8.944,-8.944
"A058",20,18.93,37.22,44.75,19.632,-9.432,-9.432
"A058",21,18.62,37.02,45.5,18.93,-8.391,-8.391
"A058",22,19.11,36.88,47.4,18.198,-7.468,-7.468
"A058",23,18.23,36.59,46.11,18.501,-7.66,-7.66
"A058",24,19.03,36.98,47.42,18.3,-7.189,-7.189
"A058",25,19.95,38.7,45.62,18.542,-8.523,-8.523
"A058",26,20.13,37.53,47.28,19.811,-8.455,-8.455
"A058",27,20.73,37.76,47.97,19.291,-8.457,-8.457
"A058",28,21.05,38.78,47.21,18.621,-8.578,-8.578
"A058",29,21.29,39.13,45.94,19.794,-9.832,-9.832
"A058",30,21.62,38.54,47.29,19.488,-9.619,-9.619
"A058",31,21.36,38.71,47.6,19.71,-8.736,-8.736
"A058",32,21.46,38.03,49.29,19.119,-7.941,-7.941
"A058",33,22.68,38.2,50.82,18.415,-7.99,-7.99
"A058",34,21.38,39.41,47.58,19.2,-8.027,-8.027
"A058",35,21.69,38.84,49.7,18.844,-6.991,-6.991
"A058",36,22.27,38.52,50.21,18.141,-7.674,-7.674
"A058",37,22.01,38.39,50.37,18.507,-7.267,-7.267
"A058",38,21.53,37.98,49.16,19.366,-8.222,-8.222
"A058",39,21.15,38.15,49.33,18.02,-7.296,-7.296
"A058",40,21.82,37.62,50.97,17.774,-7.228,-7.228
"A058",41,22.12,38.43,50.48,18.38,-7.291,-7.291
"A058",42,21.61,38.37,49.67,18.547,-7.407,-7.407
"A058",43,21.45,38.5,49.22,18.234,-7.489,-7.489
"A058",44,21.39,37.99,49.78,17.951,-7.38,-7.38
"A058",45,22.33,38.52,50.79,17.677,-7.192,-7.192
"A058",46,22.07,38.79,48.77,18.664,-8.538,-8.538
"A058",47,23.32,38.66,49.25,19.719,-9.967,-9.967
"A058",48,23.55,39.02,50.54,18.646,-8.621,-8.621
"A058",49,23.64,39.14,49.5,20.33,-9.653,-9.653
"A058",50,23.28,39.79,46.33,20.635,-11.658,-11.658
"A058",51,22.64,39.07,47.06,19.446,-10.769,-10.769
"A058",52,22.53,39.09,47.15,19.921,-10.497,-10.497
"A058",53,23.51,39.91,47.19,20.104,-10.992,-10.992
"A058",54,23.49,39.13,48.06,20.206,-10.911,-10.911
"A058",55,23.75,39.93,48.6,20.08,-9.883,-9.883
"A058",56,23.1,40.29,47.21,19.605,-9.999,-9.999
"A058",57,23.5,40.18,47.27,19.039,-10.625,-10.625
"A058",58,24.55,40.68,48.09,20.34,-10.695,-10.695
"A058",59,24.36,41.05,48.7,19.732,-9.451,-9.451
"A058",60,23.73,41.29,48.12,18.486,-8.938,-8.938
"A058",61,25.14,42.16,49.06,18.619,-8.979,-8.979
"A058",62,25.48,42.16,49.52,18.387,-8.945,-8.945
"A058",63,25.35,42.95,48.09,19.555,-9.418,-9.418
"A058",64,25.81,42.38,48.71,19.654,-9.953,-9.953
"A058",65,26.4,42.23,49.05,20.295,-10.498,-10.498
"A058",66,26.32,42.29,49.73,18.985,-9.651,-9.651
"A058",67,26.93,42.13,50.52,18.941,-9.751,-9.751
"A058",68,27.58,43.24,50.47,19.413,-9.43,-9.43
"A058",69,27.88,42.19,50.85,19.54,-10.483,-10.483
"A058",70,28.39,42.43,51.59,19.536,-10.069,-10.069
"A058",71,28.77,42.45,52.03,19.319,-10.041,-10.041
"A058",72,29.45,41.85,53.38,19.122,-10.027,-10.027
"A058",73,29.74,42.47,53.1,18.995,-10.011,-10.011
"A058",74,29.92,42.84,53.05,19.344,-9.872,-9.872
"A058",75,30.24,43.05,53.68,19.723,-9.378,-9.378
"A058",76,29.12,42.52,52.2,19.575,-10.18,-10.18
"A058",77,29.39,42.44,52.17,19.535,-10.59,-10.59
"A058",78,30.05,44.13,51.95,19.678,-9.815,-9.815
"A058",79,31.07,43.85,53.87,19.1,-9.278,-9.278
"A058",80,32.75,45.65,53.75,19.361,-9.383,-9.383
"A058",81,32.16,44.33,54.34,19.531,-9.459,-9.459
"A058",82,32.36,44.68,54.52,19.312,-9.15,-9.15
"A058",83,32.05,44.78,55.04,18.152,-8.203,-8.203
"A058",84,32,44.98,55.56,18.748,-7.428,-7.428
"A058",85,31.34,44.48,54.96,18.229,-7.839,-7.839
"A058",86,31.43,44.45,55.31,18.713,-7.609,-7.609
"A058",87,31.48,44.49,54.59,18.769,-8.344,-8.344
"A058",88,32.08,46.24,54.34,18.668,-7.501,-7.501
"A058",89,31.99,45.89,54.1,19.61,-7.987,-7.987
"A058",90,31.51,46.97,52.29,19.049,-8.223,-8.223
"A058",91,31.99,46.47,52.45,18.887,-9.067,-9.067
"A058",92,31.93,46.78,52.21,18.622,-8.934,-8.934
"A058",93,30.91,46.23,52.07,18.58,-8.527,-8.527
"A058",94,31.1,46.29,52.27,18.98,-8.466,-8.466
"A058",95,30.62,46.42,52.01,18.615,-8.078,-8.078
"A058",96,29.71,46.55,51.27,18.597,-7.699,NA
"A058",97,30.47,46.45,52.2,19.454,-7.698,NA
"A058",98,31.17,46.52,53.25,18.066,-7.347,NA
"A058",99,31.22,47.29,52.48,18.588,-7.405,NA
"A058",100,31.43,47.04,54.18,17.387,-6.173,NA
"A058",101,32.12,47.17,55.94,17.094,-5.034,NA
"A058",102,32.75,47.45,56.19,17.224,-5.201,NA
"A058",103,32.63,49.68,53.93,17.08,-5.237,NA
"A058",104,32.47,50.09,52.61,17.267,-6.012,NA
"A058",105,33.24,50.51,52.38,17.956,-6.71,NA
"A058",106,33.14,50.08,53.41,17.9,-5.956,NA
"A058",107,33.59,50.49,53.22,17.133,-6.29,NA
"A058",108,32.85,50.75,52.15,16.961,-6.301,NA
"A058",109,32.58,50.98,50.45,18.618,-7.503,NA
"A058",110,32.67,50.71,51.08,18.283,-7.199,NA
"A058",111,33.03,51.49,50.56,18.206,-7.451,NA
"A058",112,34.06,51.24,51.16,18.399,-8.212,NA
"A058",113,34.47,50.88,51.98,18.285,-8.169,NA
"A058",114,34.65,50.89,52.52,18.891,-7.82,NA
"A058",115,33.37,51.01,50.06,18.756,-8.75,NA
"A058",116,33.55,51.02,49.64,18.738,-9.354,NA
"A058",117,33.67,51.74,49.43,18.411,-9.084,NA
"A058",118,34.62,51.09,51.34,18.667,-8.802,NA
"A058",119,35.26,50.22,53.29,18.766,-8.322,NA
"A058",120,35.43,50.18,54,18.49,-7.837,NA
"A058",121,35.34,50.18,53.99,18.71,-7.745,NA
"A058",122,35.23,50.99,52.23,18.911,-8.691,NA
"A058",123,33.6,51.17,50.05,18.904,-8.874,NA
"A058",124,33.72,51.51,51.04,18.402,-7.723,NA
"A058",125,33.3,52.03,51.29,18.037,-6.554,NA
"A058",126,33.07,51.78,51.54,17.171,-6.267,NA
"A058",127,34.92,50.97,54.06,17.697,-6.522,NA
"A058",128,35.12,51.24,53.34,17.924,-7.241,NA
"A058",129,36.18,51.82,53.13,18.751,-8.203,NA
"A058",130,35.94,51.29,54.13,18.623,-7.361,NA
"A058",131,36.92,50.99,54.82,18.512,-8.05,NA
"A058",132,37.52,52.29,55.23,18.781,-7.325,NA
"A058",133,36.79,51.24,55.27,18.448,-7.248,NA
"A058",134,38.51,51.49,56.59,18.872,-7.752,NA
"A058",135,37.16,51.84,54.95,18.046,-7.536,NA
"A058",136,37.3,52.47,54.56,17.985,-7.588,NA
"A058",137,36.6,53.64,52.31,18.487,-8.108,NA
"A058",138,35.61,53.29,52.63,18.526,-6.878,NA
"A058",139,35.34,54.07,52.07,17.778,-6.528,NA
"A058",140,36.17,53.52,53.28,17.474,-6.707,NA
"A058",141,37.24,53.2,54.95,18.493,-6.58,NA
"A058",142,37.46,52.53,55.1,18.253,-7.201,NA
"A058",143,37.99,52.61,55.29,19.294,-7.593,NA
"A058",144,37.6,52.6,54.29,18.595,-8.114,NA
"A058",145,38.59,52.63,55.13,18.659,-8.449,NA
"A058",146,37.83,52.93,55.11,18.653,-7.331,NA
"A058",147,38.37,52.32,56.3,18.67,-7.245,NA
"A058",148,38.58,53.05,55.68,18.414,-7.581,NA
"A058",149,37.97,53.04,54.98,17.939,-7.554,NA
"A058",150,36.88,53.63,53.45,18.328,-7.322,NA
"A058",151,36.28,54.5,51.24,18.773,-8.167,NA
"A058",152,36.91,53.44,51.83,18.686,-9.118,NA
"A058",153,37.27,52.47,52.79,19.295,-9.325,NA
"A058",154,37.25,51.3,52.81,20.027,-10.196,NA
"A058",155,37.17,51.39,52.41,19.797,-10.425,NA
"A058",156,37.83,51.7,52.73,20.225,-10.655,NA
"A058",157,38.21,52.06,53.47,19.78,-10.084,NA
"A058",158,38.33,53.11,52.6,18.93,-10.312,NA
"A058",159,38.08,53.73,52.42,19.95,-9.731,NA
"A058",160,38.24,53.3,53.2,19.557,-9.469,NA
"A058",161,37.16,53.65,53.27,18.594,-7.818,NA
"A058",162,36.36,54.09,51.61,17.92,-8.2,NA
"A058",163,36.88,55.13,51.6,18.246,-8.099,NA
"A058",164,37.3,56.49,51.19,18.51,-8.121,NA
"A058",165,38.13,56.41,52.41,18.367,-7.993,NA
"A058",166,39,56.68,53.24,18.96,-8.098,NA
"A058",167,38.83,57.65,52.69,18.595,-7.838,NA
"A058",168,39.36,57.16,54.13,18.825,-7.374,NA
"A058",169,39.43,57.33,55.01,18.125,-6.483,NA
"A058",170,39.52,57.72,55,17.957,-6.389,NA
"A058",171,38.84,58.89,53.77,17.77,-6.05,NA
"A058",172,39.05,57.94,54.33,17.848,-6.315,NA
"A058",173,39.48,59.12,53.35,18.608,-7.177,NA
"A058",174,39.55,60.4,52.74,17.658,-7.154,NA
"A058",175,39.45,59.97,52.38,18.884,-7.632,NA
"A058",176,39.58,59.5,52.21,18.276,-8.219,NA
"A058",177,39.71,60.02,52.88,18.594,-7.442,NA
"A058",178,39.55,60.26,52.97,18.204,-7,NA
"A058",179,40.48,58.93,55.09,18.596,-6.836,NA
"A058",180,41.17,57.87,56.14,17.747,-7.278,NA
"A058",181,42.07,59.27,56.08,18.649,-7.719,NA
"A058",182,41.93,59.32,56.27,18.62,-7.326,NA
"A058",183,43.27,60.03,57.9,18.07,-7.05,NA
"A058",184,43.54,59.57,58.37,18.535,-7.144,NA
"A058",185,43.48,59.79,58.07,18.332,-7.257,NA
"A058",186,43.86,60.24,58.52,18.598,-7.05,NA
"A058",187,43.64,60.15,58.98,18.078,-6.372,NA
"A058",188,44.29,61.46,58.99,17.898,-6.509,NA
"A058",189,45.79,61.43,60.91,17.903,-6.449,NA
"A058",190,45.06,60.96,59.52,18.137,-7.183,NA
"A058",191,44.41,61.62,57.51,18.88,-8.063,NA
"A058",192,44.2,60.44,57.69,19.813,-8.206,NA
"A058",193,44.01,60.13,57.32,19.325,-8.499,NA
"A058",194,43.53,59.81,56.51,19.242,-8.873,NA
"A058",195,42.98,59.18,56.49,18.951,-8.523,NA
"A058",196,42.2,59.21,55.52,19.593,-8.49,NA
"A058",197,42.95,59.79,55.03,19.991,-9.628,NA
"A058",198,42.63,59.4,55.88,19.844,-8.574,NA
"A058",199,42.02,60.12,54.96,18.607,-8.324,NA
"A058",200,41.6,60.04,54.94,18.64,-7.842,NA
"A058",201,42.09,59.79,55.24,18.675,-8.313,NA
"A058",202,42.96,60.32,56.51,18.367,-7.889,NA
"A058",203,43.53,60.75,56.57,18.665,-8.325,NA
"A058",204,43.63,60.67,56.46,18.789,-8.601,NA
"A058",205,44.47,60.46,58.13,18.337,-8.091,NA
"A058",206,44.3,59.52,57.59,18.844,-8.903,NA
"A058",207,44.68,60.35,57.37,19.73,-9.167,NA
"A058",208,44.91,60.36,57.82,19.371,-9.003,NA
"A058",209,45.15,60.19,59.14,18.879,-8.06,NA
"A058",210,45.98,60.85,59.5,18.616,-8.365,NA
"A058",211,45.33,61.09,58.32,18.846,-8.649,NA
"A058",212,44.84,61.8,57.8,18.721,-8.21,NA
"A058",213,44.61,61.64,56.72,19.326,-9.09,NA
"A058",214,45.21,61.22,57.7,19.444,-9.061,NA
"A058",215,44.93,61.27,58.36,19.13,-8.028,NA
"A058",216,45.33,61.13,58.86,18.653,-8.085,NA
"A058",217,45.07,60.68,58.28,18.859,-8.573,NA
"A058",218,45.91,61.92,58.34,18.347,-8.913,NA
"A058",219,45.89,62.27,58.4,19.148,-8.671,NA
"A058",220,45.4,61.65,57.81,19.065,-8.969,NA
"A058",221,46.21,62.43,58.06,19.537,-9.302,NA
"A058",222,46.17,62.9,56.74,20.381,-10.349,NA
"A058",223,46.63,62.05,57.94,19.642,-10.111,NA
"A058",224,48.04,63.09,58.77,19.273,-10.414,NA
"A058",225,49.18,63.99,59.62,19.688,-10.39,NA
"A058",226,49.24,65.11,59.17,19.61,-10.362,NA
"A058",227,49.43,64.55,58.94,19.818,-11.073,NA
"A058",228,48.91,66.06,55.81,20.955,-12.886,NA
"A058",229,49.03,67.15,55.8,20.723,-12.484,NA
"A058",230,48.82,67.42,55.73,20.308,-12.171,NA
"A059",1,60.96,42.38,81.59,16.326,-6.955,-6.955
"A059",2,60.84,42.23,81.59,16.728,-6.933,-6.933
"A059",3,60.48,42.88,80.74,17.22,-7.338,-7.338
"A059",4,61.15,43.69,80.97,17.426,-7.218,-7.218
"A059",5,62.08,44.59,82.76,16.08,-5.669,-5.669
"A059",6,62.79,44.86,83.05,15.892,-5.707,-5.707
"A059",7,61.7,44.79,83.69,15.388,-4.44,-4.44
"A059",8,59.91,44.36,82.11,15.318,-5.079,-5.079
"A059",9,59.84,44.52,81.59,15.79,-5.496,-5.496
"A059",10,60.44,43.54,82.67,16.531,-5.151,-5.151
"A059",11,60.32,44.02,83.15,15.185,-4.413,-4.413
"A059",12,61.3,43.47,83.83,15.01,-4.534,-4.534
"A059",13,60.48,43.1,84.12,15.525,-3.876,-3.876
"A059",14,59.63,43.7,82.9,14.899,-4.349,-4.349
"A059",15,59.63,43.93,82.17,15.956,-4.995,-4.995
"A059",16,59.21,44.02,82.13,15.425,-4.734,-4.734
"A059",17,59.04,43.45,82.92,15.823,-4.049,-4.049
"A059",18,58.73,44.58,81.23,15.889,-5.128,-5.128
"A059",19,58.25,44.64,80.74,16.136,-5.295,-5.295
"A059",20,58.23,45.14,80.73,16.467,-5.1,-5.1
"A059",21,57.66,45.79,79.55,16.157,-5.655,-5.655
"A059",22,56.95,46.39,78.12,16.895,-6.378,-6.378
"A059",23,56.94,47.02,77.77,16.321,-6.473,-6.473
"A059",24,56.3,46.32,77.54,16.813,-6.555,-6.555
"A059",25,57.08,46.28,78.69,16.143,-5.95,-5.95
"A059",26,56.14,45.36,78.21,16.785,-6.157,-6.157
"A059",27,54.93,44.36,77.55,16.698,-6.387,-6.387
"A059",28,55.35,45.21,77.3,16.643,-6.596,-6.596
"A059",29,56.67,45.74,77.96,16.677,-6.62,-6.62
"A059",30,56.78,46.61,78.25,16.619,-6.056,-6.056
"A059",31,56.6,45.84,77.74,16.483,-6.744,-6.744
"A059",32,55.93,45.52,77.46,16.872,-6.703,-6.703
"A059",33,56.02,46.06,76.7,16.949,-7.312,-7.312
"A059",34,55.45,46.07,77.5,16.276,-6.118,-6.118
"A059",35,55.1,45.61,78.99,14.866,-4.571,-4.571
"A059",36,55.32,46.13,79.6,14.643,-3.9,-3.9
"A059",37,55.36,46.34,79.12,15.901,-4.321,-4.321
"A059",38,55.52,46.94,79.61,15.861,-3.689,-3.689
"A059",39,55.53,46.24,80.15,14.998,-3.447,-3.447
"A059",40,55.27,46.97,78.82,15.489,-4.287,-4.287
"A059",41,54.75,47.69,78.29,15.359,-4.153,-4.153
"A059",42,53.85,48.38,77.5,14.841,-3.982,-3.982
"A059",43,54.3,48.15,78.76,15.081,-3.161,-3.161
"A059",44,54.76,48.52,78.64,14.827,-3.446,-3.446
"A059",45,54.96,48.24,77.66,15.188,-4.691,-4.691
"A059",46,53.79,48.85,76.52,15.197,-4.705,-4.705
"A059",47,54.16,48.99,76.79,15.331,-4.65,-4.65
"A059",48,53.68,48.97,76.17,16.064,-4.913,-4.913
"A059",49,54.3,49.07,76.84,14.909,-4.672,-4.672
"A059",50,54.71,48.29,77.29,15.626,-4.865,-4.865
"A059",51,55.56,49.04,77.03,16.434,-5.418,-5.418
"A059",52,55.73,49.13,77.76,15.315,-4.768,-4.768
"A059",53,56.33,48.63,78.88,15.632,-4.28,-4.28
"A059",54,55.85,48.37,79.01,14.482,-3.928,-3.928
"A059",55,55.54,47.68,78.24,15.489,-4.765,-4.765
"A059",56,55.3,48.24,77.19,15.629,-5.41,-5.41
"A059",57,54.85,49,76.32,15.914,-5.634,-5.634
"A059",58,54.31,49.59,75.16,16.971,-6.119,-6.119
"A059",59,53.99,49.39,75.53,16.193,-5.601,-5.601
"A059",60,54.62,49.98,75.56,15.437,-5.79,-5.79
"A059",61,53.59,50.38,74.79,16.401,-5.59,-5.59
"A059",62,53.6,49.72,75.57,16.163,-5.119,-5.119
"A059",63,53.42,49.09,75.87,15.108,-4.969,-4.969
"A059",64,54.26,49.56,76.7,15.145,-4.565,-4.565
"A059",65,54.05,49.83,77.33,15.004,-3.654,-3.654
"A059",66,53.26,51.05,75.75,15.384,-4.068,-4.068
"A059",67,53.87,50.49,76.53,15.709,-4.016,-4.016
"A059",68,52.28,50.4,74.94,14.783,-4.382,-4.382
"A059",69,52.38,50.37,74.99,15.117,-4.431,-4.431
"A059",70,52.93,50.37,74.95,15.48,-4.92,-4.92
"A059",71,53.39,50.47,75.54,16.288,-4.646,-4.646
"A059",72,53.75,50.25,75.49,16.179,-5.066,-5.066
"A059",73,53.44,51.21,74.66,15.409,-5.224,-5.224
"A059",74,53.95,51.43,74.04,16.204,-6.145,-6.145
"A059",75,52.65,50.3,73.67,16.204,-6.002,-6.002
"A059",76,53.67,50,75.06,15.831,-5.557,-5.557
"A059",77,52.49,49.98,74.17,15.769,-5.528,-5.528
"A059",78,52.18,51.27,73.61,16.247,-5.225,-5.225
"A059",79,51.84,50.63,73.16,16.079,-5.683,-5.683
"A059",80,51.97,50.6,73.1,16.565,-5.877,-5.877
"A059",81,52.13,51.34,72.85,15.586,-5.912,-5.912
"A059",82,52.23,52.01,73.03,16.441,-5.495,-5.495
"A059",83,52.01,52.4,73.12,15.84,-5.034,-5.034
"A059",84,52.43,51.08,74.04,16.154,-5.082,-5.082
"A059",85,53.58,50.65,75.03,15.451,-5.222,-5.222
"A059",86,52.77,50.88,75.15,14.878,-4.349,-4.349
"A059",87,52.54,49.27,76.02,14.821,-4.046,-4.046
"A059",88,52.96,49.73,76.06,15.418,-4.129,-4.129
"A059",89,53.64,49.62,77.09,14.603,-3.674,-3.674
"A059",90,53.76,51.48,75.61,15.921,-4.411,-4.411
"A059",91,53.49,51.07,76.83,14.74,-3.158,-3.158
"A059",92,52.13,51.33,75.25,15.009,-3.512,-3.512
"A059",93,52.33,50.28,75.15,15.099,-4.271,-4.271
"A059",94,52.26,50.41,74.56,14.465,-4.743,-4.743
"A059",95,52.11,50.45,74.27,15.409,-4.894,-4.894
"A059",96,51.17,51,74.34,14.228,-3.769,-3.769
"A059",97,50.33,50.82,73.88,14.656,-3.574,-3.574
"A059",98,50.8,51.81,73.51,15.194,-3.871,-3.871
"A059",99,50.59,51.55,73.49,14.555,-3.835,-3.835
"A059",100,50.93,50.92,73.66,15.108,-4.278,-4.278
"A059",101,49.81,51.15,72.07,15.425,-4.75,-4.75
"A059",102,50.07,50.97,71.89,15.719,-5.251,-5.251
"A059",103,49.32,50.27,72.65,15.142,-4.177,-4.177
"A059",104,48.94,50,72.36,14.819,-4.262,-4.262
"A059",105,49.57,50.34,72.49,15.313,-4.524,-4.524
"A059",106,49.23,50.04,71.63,15.693,-5.237,-5.237
"A059",107,48.38,49.81,70.78,16.016,-5.426,-5.426
"A059",108,48.56,50.01,70.57,16.165,-5.69,-5.69
"A059",109,47.43,50.26,68.88,16.376,-6.165,-6.165
"A059",110,47.34,50.43,67.85,17.206,-7.009,-7.009
"A059",111,47.27,49.83,68.76,17.231,-6.37,-6.37
"A059",112,47.91,50.92,69.1,16.432,-6.048,-6.048
"A059",113,47.9,50.9,69.26,16.046,-5.889,-5.889
"A059",114,47.71,51.52,69.13,15.968,-5.487,-5.487
"A059",115,48.04,52.55,69.32,16.138,-5.065,-5.065
"A059",116,48.29,51.46,70.25,14.735,-4.975,-4.975
"A059",117,48.19,51.93,69.45,16.034,-5.426,-5.426
"A059",118,47.93,52.21,69.28,15.358,-5.19,-5.19
"A059",119,48.08,53.66,68.75,16.138,-5.088,-5.088
"A059",120,48.18,54.32,68.66,16.21,-4.942,-4.942
"A059",121,48.32,54.05,68.57,16.117,-5.324,-5.324
"A059",122,48.68,54.39,69.63,15.827,-4.448,-4.448
"A059",123,48.28,53.64,70,15.38,-4.061,-4.061
"A059",124,47.83,54.78,68.86,15.203,-4.133,-4.133
"A059",125,47.62,54.81,67.98,15.538,-4.786,-4.786
"A059",126,46.95,55.08,67.23,15.348,-4.675,-4.675
"A059",127,46.46,55.33,65.39,16.216,-5.84,-5.84
"A059",128,46.25,53.61,66.54,16.249,-5.396,-5.396
"A059",129,46.76,53.42,66.78,16.659,-5.808,-5.808
"A059",130,46.27,52.46,66.14,16.442,-6.468,-6.468
"A059",131,45.66,53.51,64.16,16.997,-7.181,-7.181
"A059",132,45.37,53.56,64.43,16,-6.561,-6.561
"A059",133,44.74,53.33,63.96,16.814,-6.465,-6.465
"A059",134,44.31,53.91,64.08,16.061,-5.502,NA
"A059",135,43.82,54.08,64.07,15.91,-4.844,NA
"A059",136,44.47,53.51,65.81,14.852,-4.203,NA
"A059",137,44.21,54.56,65.58,15.721,-3.512,NA
"A059",138,43.26,55.97,63.49,13.716,-3.639,NA
"A059",139,42.64,56.4,61.66,15.737,-4.451,NA
"A059",140,43.35,56.53,62.3,16.028,-4.627,NA
"A059",141,43.4,56.34,62.26,15.667,-4.825,NA
"A059",142,43.5,55.76,63.57,14.827,-3.973,NA
"A059",143,43.34,56.31,62.1,15.759,-4.935,NA
"A059",144,43.8,56.68,62.29,15.805,-5.097,NA
"A059",145,43.71,56.22,62.46,16.941,-5.076,NA
"A059",146,44.03,57.07,62.55,15.11,-4.91,NA
"A059",147,42.14,57.71,59.9,16.007,-4.852,NA
"A059",148,42.92,57.76,61.29,15.273,-4.407,NA
"A059",149,41.98,58.76,59.9,15.561,-4.066,NA
"A059",150,41.63,58.14,58.9,14.842,-4.96,NA
"A059",151,42.87,57.03,59.95,16.488,-6.1,NA
"A059",152,43.12,57.49,59.9,16.311,-6.202,NA
"A059",153,42.74,56.75,60.99,15.341,-5.048,NA
"A059",154,42.71,56.9,60.8,16.409,-5.116,NA
"A059",155,43.12,57.54,60.4,15.822,-5.678,NA
"A059",156,43.19,57.93,60.79,15.808,-5.16,NA
"A059",157,43.39,58.9,60.95,15.329,-4.726,NA
"A059",158,43.07,59.93,59.6,16.312,-5.139,NA
"A059",159,42.03,59.92,57.35,15.949,-6.046,NA
"A059",160,42,59.12,56.94,17.144,-6.855,NA
"A059",161,41.83,58.34,57.09,16.835,-6.91,NA
"A059",162,42.55,59.01,57.07,17.5,-7.484,NA
"A059",163,42.58,60.19,56.82,16.654,-7.154,NA
"A059",164,42.27,60.1,57.03,15.94,-6.597,NA
"A059",165,42.48,59.68,57.14,16.352,-6.971,NA
"A059",166,41.56,59.47,56.64,16.592,-6.403,NA
"A059",167,41.83,58.83,56.74,17.043,-7,NA
"A059",168,41.95,59.28,56.23,17.005,-7.419,NA
"A059",169,42.5,59.35,56.39,16.732,-7.931,NA
"A059",170,42,59.21,55.99,17.004,-7.748,NA
"A059",171,41.04,58.96,54.63,17.799,-8.003,NA
"A059",172,40.98,58.9,55.11,16.769,-7.478,NA
"A059",173,42.06,59.44,56.04,17.494,-7.657,NA
"A059",174,42.18,58.91,56.68,17.377,-7.467,NA
"A059",175,42.23,58.72,57.5,17.033,-6.813,NA
"A059",176,42.57,59.04,56.61,17.187,-7.96,NA
"A059",177,42.83,58.83,57.58,16.317,-7.435,NA
"A059",178,43.3,57.51,58.14,18.068,-8.171,NA
"A059",179,43.15,57.63,58.04,17.546,-8.014,NA
"A059",180,42.9,57.21,57.73,17.412,-8.247,NA
"A059",181,42.99,57.06,58.9,17.237,-7.283,NA
"A059",182,42.92,57.9,58.69,16.295,-6.935,NA
"A059",183,42.16,58.54,57.8,17.079,-6.503,NA
"A059",184,41.22,58.59,56.47,16.257,-6.612,NA
"A059",185,41.72,58.93,58.19,15.895,-5.345,NA
"A059",186,41.19,59.04,55.78,17.358,-7.012,NA
"A059",187,40.39,58.51,55.21,16.927,-6.841,NA
"A059",188,40.21,59.01,54.26,17.55,-7.271,NA
"A059",189,39.63,59.21,53.25,16.873,-7.412,NA
"A059",190,38.82,60.23,51.82,16.539,-7.213,NA
"A059",191,39.26,59.61,52.7,16.563,-7.252,NA
"A059",192,39.07,59.83,52.16,17.023,-7.426,NA
"A059",193,38.59,59.69,51.43,17.041,-7.614,NA
"A059",194,38.7,59.87,51.73,16.806,-7.344,NA
"A059",195,39.31,59.46,52.36,16.317,-7.751,NA
"A059",196,41.05,59.33,56.07,16.547,-6.373,NA
"A059",197,39.72,60.24,53.66,16.938,-6.544,NA
"A059",198,38.8,60.92,52.53,15.48,-6.103,NA
"A059",199,38.84,61.34,52.85,15.638,-5.592,NA
"A059",200,38.26,61.9,51.2,16.157,-6.177,NA
"A059",201,37.79,62.51,49.82,16.734,-6.599,NA
"A059",202,37.57,62.82,49.08,16.38,-6.88,NA
"A059",203,36.78,63.84,48.16,15.597,-6.176,NA
"A059",204,37.07,64.43,48.6,15.66,-5.744,NA
"A059",205,37.15,64.86,47.63,16.473,-6.563,NA
"A059",206,37.76,64.15,49.16,15.819,-6.262,NA
"A059",207,37.19,64.94,47.22,17.617,-6.968,NA
"A059",208,38.01,65.85,48.08,17.374,-6.609,NA
"A059",209,36.65,65.24,47.5,16.8,-5.798,NA
"A059",210,35.89,65.62,45.96,16.13,-6.118,NA
"A059",211,35.11,65.48,45.99,15.376,-5.205,NA
"A059",212,35.25,65.49,46.14,15.875,-5.228,NA
"A059",213,35.99,66.08,46.45,16.163,-5.451,NA
"A059",214,35.58,65.78,46.53,16.454,-5.044,NA
"A059",215,36.7,66.12,47.95,15.204,-4.832,NA
"A059",216,36.93,65.91,48.47,16.167,-4.755,NA
"A059",217,36.51,66.53,47.78,15.252,-4.464,NA
"A059",218,36.2,66.22,48.36,15.213,-3.701,NA
"A059",219,36.39,66.05,48.44,14.963,-3.99,NA
"A059",220,35.58,64.94,48.58,14.685,-3.55,NA
"A059",221,35.87,65.1,48.56,15.231,-3.841,NA
"A059",222,34.88,65.29,46.97,15.644,-4.071,NA
"A059",223,34.55,64.17,48,14.803,-3.371,NA
"A059",224,32.71,64.13,45.88,14.76,-3.452,NA
"A059",225,32.22,64.8,44.41,15.246,-3.973,NA
"A059",226,32.71,64.57,45.36,14.33,-3.682,NA
"A059",227,33.95,63.46,47.15,15.231,-3.975,NA
"A059",228,32.81,63.95,45.59,15.02,-3.964,NA
"A059",229,33,63.21,46.8,14.512,-3.407,NA
"A059",230,32.91,62.4,46.74,14.67,-3.854,NA
"A059",231,33.23,63.89,45.26,15.79,-4.784,NA
"A059",232,33.95,63.64,46.44,16.002,-4.563,NA
"A059",233,33.43,63.64,46.16,14.75,-4.26,NA
"A059",234,33.16,64.4,46.3,14.541,-3.346,NA
"A059",235,32.88,64.89,45.25,15.418,-3.772,NA
"A059",236,32.14,65.85,44.09,15.21,-3.49,NA
"A059",237,30.97,67.33,40.45,15.881,-4.831,NA
"A059",238,31.98,67.11,42.09,15.911,-4.369,NA
"A059",239,31.34,66.51,42.75,14.76,-3.54,NA
"A059",240,32.48,66.15,45.15,14.216,-2.562,NA
"A059",241,33.03,65.86,45.14,14.686,-3.374,NA
"A059",242,33.7,66.15,45.54,15.123,-3.523,NA
"A059",243,33.85,66.64,44.79,15.115,-4.079,NA
"A059",244,33.33,65.33,45.92,14.522,-3.299,NA
"A059",245,33.67,65.98,45.38,15.007,-3.774,NA
"A059",246,32.97,65.89,44.21,15.441,-4.216,NA
"A059",247,33.07,66.67,43.35,16.383,-4.618,NA
"A059",248,34.13,67.39,43.7,15.087,-4.932,NA
"A059",249,34.16,67.22,43.16,15.937,-5.638,NA
"A059",250,33.37,67.71,42.54,14.854,-4.95,NA
"A059",251,32.85,68.74,41.56,15.021,-4.456,NA
"A059",252,32.32,67.38,43.31,14.453,-3.293,NA
"A059",253,32.69,67.49,42.64,15.248,-4.263,NA
"A059",254,32.3,67.33,42.37,14.912,-4.25,NA
"A059",255,32.26,67.4,42.29,16.131,-4.231,NA
"A059",256,32.91,66.37,42.97,15.429,-5.049,NA
"A059",257,32.26,66.17,43.07,15.095,-4.404,NA
"A059",258,31.5,66.51,42.04,14.899,-4.405,NA
"A059",259,30.86,67.29,40.56,16.151,-4.648,NA
"A059",260,31.45,67.51,40.31,16.544,-5.284,NA
"A059",261,31.57,67.15,40.74,16.14,-5.277,NA
"A059",262,31.4,67.23,40.28,15.891,-5.495,NA
"A059",263,31.7,67.2,40.48,16.244,-5.63,NA
"A059",264,31.73,68.14,40.14,15.462,-5.205,NA
"A059",265,32.04,67.78,39.47,17.528,-6.517,NA
"A059",266,31.44,68.01,38.33,17.244,-6.847,NA
"A059",267,31.24,68.3,37.62,17.053,-7.094,NA
"A059",268,31.51,68.03,37.77,17.785,-7.45,NA
"A059",269,31.3,67.86,37.9,16.374,-7.262,NA
"A059",270,31.29,68.44,37.36,16.663,-7.268,NA
"A059",271,31.54,68.24,37.92,17.15,-7.146,NA
"A059",272,32.79,68.09,39,17.237,-7.516,NA
"A059",273,32.85,68.79,38.75,17.001,-7.227,NA
"A059",274,32.71,68.8,38.81,16.831,-7.004,NA
"A059",275,32.25,68.86,37.93,17.018,-7.322,NA
"A059",276,32.26,70.28,36.8,16.237,-7.081,NA
"A059",277,31.92,70.91,35.79,16.392,-7.037,NA
"A059",278,31.76,71.77,34.72,16.716,-6.977,NA
"A059",279,31.33,71.3,34.74,16.672,-7.028,NA
"A059",280,31.19,71.53,33.96,17.569,-7.395,NA
"A059",281,30.74,72.16,33.36,16.202,-6.779,NA
"A059",282,30.37,71.61,33.56,17.334,-6.871,NA
"A059",283,29.56,71.46,33,16.589,-6.852,NA
"A059",284,29.08,71.03,33.84,16.37,-6.093,NA
"A059",285,28.78,70.44,33.81,17.014,-6.556,NA
"A059",286,28.48,69.14,34.83,16.719,-6.68,NA
"A059",287,28.37,69.84,34.55,16.415,-6.154,NA
"A059",288,28.46,70.18,35.38,15.676,-5.02,NA
"A059",289,27.68,70.99,33.77,15.717,-5.133,NA
"A059",290,27.05,70.88,33.87,15.233,-4.736,NA
"A059",291,27.43,71.41,32.06,16.27,-6.157,NA
"A059",292,28.53,71.8,33.78,15.842,-4.787,NA
"A059",293,28.89,71.2,35.06,15.885,-4.523,NA
"A059",294,28.71,70.69,35.5,14.942,-4.53,NA
"A059",295,28.64,70.22,36.02,15.704,-4.478,NA
"A059",296,29.12,70.38,34.97,16.458,-5.75,NA
"A059",297,27.87,70.25,34.04,15.72,-5.85,NA
"A059",298,26.48,70.78,34.11,15.346,-4.268,NA
"A059",299,26.4,71.17,32.52,15.37,-5.329,NA
"A059",300,27.25,71.16,32.39,16.622,-6.017,NA
"A059",301,26.84,69.82,33.84,16.037,-5.833,NA
"A059",302,25.67,71.14,32.87,15.219,-4.606,NA
"A059",303,25.34,70.66,32.72,15.865,-5.173,NA
"A059",304,25.11,70.94,32.09,16.069,-5.341,NA
"A059",305,25.51,70.64,32.03,16.155,-5.96,NA
"A059",306,24.5,71.66,30.42,16.803,-5.826,NA
"A059",307,23.96,70.9,31.22,15.877,-5.747,NA
"A059",308,23.25,70.04,32.24,15.428,-5.486,NA
"A059",309,23.05,70.22,30.63,16.846,-6.819,NA
"A059",310,23.05,70.45,30.41,16.447,-6.769,NA
"A059",311,23.96,69.68,31,17.066,-7.389,NA
"A059",312,23.86,70.84,29.15,17.376,-7.855,NA
"A059",313,23.65,71.81,28.51,16.379,-7.184,NA
"A059",314,23.79,72.41,28.13,16.588,-6.806,NA
"A059",315,24.61,71.69,29.28,16.27,-6.98,NA
"A059",316,25.08,70.77,30.7,17.001,-6.92,NA
"A059",317,25.81,71.08,30.93,16.608,-6.692,NA
"A059",318,25.57,72.04,29.93,16.581,-6.342,NA
"A059",319,24.64,72.95,28.41,16.108,-6.138,NA
"A059",320,24.75,73.86,27.76,15.82,-5.505,NA
"A059",321,25.23,74.47,26.92,15.895,-5.656,NA
"A059",322,24.59,74.33,27.44,15.389,-5.022,NA
"A059",323,24.59,74.07,27.88,15.757,-4.994,NA
"A059",324,23.9,73.17,28.87,15.276,-5.028,NA
"A059",325,23.68,73.73,27.92,15.798,-5.051,NA
"A060",1,45.26,89.79,47.4,15.123,-1.82,-1.82
"A060",2,46.23,90.06,49.05,15.2,-1.862,-1.862
"A060",3,45.81,89.92,47.76,15.775,-2.444,-2.444
"A060",4,46.05,89.65,48.3,16.048,-2.404,-2.404
"A060",5,45.56,89.46,47.3,15.853,-2.557,-2.557
"A060",6,45.22,89.14,46.08,16.422,-3.236,-3.236
"A060",7,44.54,89.79,44.77,15.882,-3.097,-3.097
"A060",8,44.99,90.06,45.72,15.798,-2.931,-2.931
"A060",9,44.64,89.79,44.54,16.752,-3.521,-3.521
"A060",10,43.71,90.14,43.08,16.166,-3.105,-3.105
"A060",11,42.92,89.81,40.99,16.326,-3.711,-3.711
"A060",12,42.76,88.93,40.13,16.421,-4.461,-4.461
"A060",13,42.91,88.84,41.36,16.464,-3.563,-3.563
"A060",14,42.05,89.55,39.21,15.603,-3.802,-3.802
"A060",15,41.06,90.26,37.01,16.544,-3.859,-3.859
"A060",16,42.06,89.76,39.13,16.995,-3.86,-3.86
"A060",17,41.33,89.82,38.4,16.365,-3.078,-3.078
"A060",18,40.62,88.72,37.66,15.936,-2.606,-2.606
"A060",19,40.32,89.23,37.36,15.689,-2.155,-2.155
"A060",20,40.69,90.07,37.08,15.563,-3.057,-3.057
"A060",21,40.99,89.96,37.52,16.73,-3.251,-3.251
"A060",22,40.32,89.92,36.62,15.655,-2.775,-2.775
"A060",23,41.54,90.87,38.77,15.884,-3.017,-3.017
"A060",24,41.58,90.74,38.77,15.889,-3.104,-3.104
"A060",25,41.66,89.93,38.94,16.705,-3.213,-3.213
"A060",26,41.53,90.11,38.99,16.158,-2.858,-2.858
"A060",27,41.37,89.53,39.35,15.017,-2.279,-2.279
"A060",28,41.18,89.09,39.3,15.888,-2.036,-2.036
"A060",29,40.6,88.39,38.15,15.862,-2.187,-2.187
"A060",30,41.22,89.32,39.97,14.693,-1.393,-1.393
"A060",31,41.11,89,39.23,15.525,-1.97,-1.97
"A060",32,41.01,88.69,38.92,14.908,-2.171,-2.171
"A060",33,41.42,87.89,39.43,15.823,-2.759,-2.759
"A060",34,40.71,88.11,38.43,16.056,-2.206,-2.206
"A060",35,41.23,87.76,41.23,15.112,-0.611,-0.611
"A060",36,42.18,88.41,42.18,15.332,-1.393,-1.393
"A060",37,41.49,88.24,40.84,15.472,-1.38,-1.38
"A060",38,41.03,88.26,40.81,15.441,-0.455,-0.455
"A060",39,40.62,89.48,38.08,15.015,-2.019,-2.019
"A060",40,40.09,89.66,36.36,16.65,-2.611,-2.611
"A060",41,39.11,89.05,34.58,15.722,-2.458,-2.458
"A060",42,39.64,88.61,36.41,16.339,-1.854,-1.854
"A060",43,39.07,87.82,35.48,15.494,-1.84,-1.84
"A060",44,39.29,88.47,34.96,16.188,-2.61,-2.61
"A060",45,40.32,87.59,37.01,15.912,-3.019,-3.019
"A060",46,38.79,87.99,33.67,16.321,-3.011,-3.011
"A060",47,38.57,88.51,33.55,16.157,-2.504,-2.504
"A060",48,38.25,88.51,33.73,15.074,-1.651,-1.651
"A060",49,37.73,88.52,33.46,14.608,-0.844,-0.844
"A060",50,39.17,88.98,36.21,15.076,-0.964,-0.964
"A060",51,38.83,88.63,35.69,15.124,-0.874,-0.874
"A060",52,39.78,88.9,37.44,15.394,-1.03,-1.03
"A060",53,39.82,89.48,37.73,15.634,-0.707,-0.707
"A060",54,40.29,90.09,38.3,14.887,-1.013,-1.013
"A060",55,40.16,89.97,38.5,14.726,-0.563,-0.563
"A060",56,40.03,89.54,37.86,15.258,-1.003,-1.003
"A060",57,40.24,89.68,37.62,15.916,-1.64,-1.64
"A060",58,40.15,89.65,36.76,15.598,-2.341,-2.341
"A060",59,39.7,89.5,36,16.156,-2.179,-2.179
"A060",60,39.17,89.5,35.14,15.322,-1.935,-1.935
"A060",61,38,89.96,32.68,15.889,-1.914,-1.914
"A060",62,37.89,90.37,32.38,15.249,-1.967,-1.967
"A060",63,38.58,90.44,33.9,15.436,-1.847,-1.847
"A060",64,39.04,89.37,34.23,16.307,-2.603,-2.603
"A060",65,38.67,90.35,32.67,15.938,-3.271,-3.271
"A060",66,38.57,91.11,32.73,15.954,-2.999,-2.999
"A060",67,38.83,91.1,32.59,15.904,-3.656,-3.656
"A060",68,39.08,91.33,33.25,15.642,-3.517,-3.517
"A060",69,38.11,92.62,31.02,16.916,-3.964,-3.964
"A060",70,37.18,91.74,29.84,16.206,-3.13,-3.13
"A060",71,37.15,91.22,29.89,15.594,-2.968,-2.968
"A060",72,38.56,91.05,33.52,15.154,-2.183,-2.183
"A060",73,38.2,90.66,33.38,14.904,-1.589,-1.589
"A060",74,39.38,91.43,35.34,14.726,-2.047,-2.047
"A060",75,39.47,91.55,35.93,15.937,-1.641,-1.641
"A060",76,38.8,91.09,34.49,14.843,-1.712,-1.712
"A060",77,38.58,91.17,33.73,15.98,-2.02,-2.02
"A060",78,37.82,91.45,33.44,15.461,-0.782,-0.782
"A060",79,38.49,92.03,34.5,15.334,-1.126,-1.126
"A060",80,38.5,91.88,34.39,15.391,-1.251,-1.251
"A060",81,38.28,92.05,33.89,15.364,-1.318,-1.318
"A060",82,37.72,91.51,31.41,16.151,-2.62,-2.62
"A060",83,38.31,90.57,32.26,16.123,-2.938,-2.938
"A060",84,38.18,90.68,31.94,16.285,-2.989,-2.989
"A060",85,37.91,90.83,31.54,16.436,-2.828,-2.828
"A060",86,38.28,91.67,31.4,16.728,-3.766,-3.766
"A060",87,38.17,90.91,31.45,16.562,-3.451,-3.451
"A060",88,38.29,91.41,31.68,16.528,-3.499,-3.499
"A060",89,37.49,90.57,29.81,16.321,-3.705,-3.705
"A060",90,38.22,91.08,31.71,16.094,-3.294,-3.294
"A060",91,37.54,90.35,30.45,16.252,-3.173,-3.173
"A060",92,36.73,89.52,29.79,15.463,-2.266,-2.266
"A060",93,36.55,89.67,30.07,15.564,-1.602,-1.602
"A060",94,36.2,91.09,28.91,15.321,-2.052,-2.052
"A060",95,36.39,90.52,29.22,14.824,-2.075,-2.075
"A060",96,37.24,89.82,31.44,15.863,-1.625,-1.625
"A060",97,38.34,89.25,33.19,15.62,-2.212,-2.212
"A060",98,38.2,88.87,33.61,16.121,-1.578,-1.578
"A060",99,38.21,88.98,34.24,15.4,-0.948,-0.948
"A060",100,37,90.98,31.17,15.369,-1.369,-1.369
"A060",101,37.53,90.94,33.57,14.365,-0.03,-0.03
"A060",102,36.21,91.11,31.48,13.487,0.516,0.516
"A060",103,37.23,90.61,32.34,13.578,-0.649,-0.649
"A060",104,36.95,91.23,30.96,16.102,-1.493,-1.493
"A060",105,36.39,91.09,29.27,15.459,-2.069,-2.069
"A060",106,36.73,91.24,30,15.919,-2.011,-2.011
"A060",107,36.62,90.41,29.69,15.616,-2.081,-2.081
"A060",108,36.42,90.14,29.23,15.761,-2.133,-2.133
"A060",109,37.24,90.75,30.87,15.472,-2.145,-2.145
"A060",110,37.6,91.32,32.24,15.421,-1.531,-1.531
"A060",111,36.88,91.2,30.42,15.721,-1.9,-1.9
"A060",112,36.18,90.16,28.92,16.13,-1.964,-1.964
"A060",113,34.85,89.54,26.07,16.127,-2.27,-2.27
"A060",114,35.61,89.45,26.74,16.196,-3.078,-3.078
"A060",115,35.45,89.36,26.89,15.239,-2.643,-2.643
"A060",116,35.76,89.7,27.08,15.856,-3.016,-3.016
"A060",117,36.3,90.76,28.96,15.558,-2.171,NA
"A060",118,36.16,90.88,29.11,15.408,-1.741,NA
"A060",119,36.4,90.94,29.73,14.789,-1.608,NA
"A060",120,37.05,91.55,30.37,15.602,-2.317,NA
"A060",121,36.48,91.94,29.66,15.879,-1.956,NA
"A060",122,35.58,91.67,28.05,14.858,-1.771,NA
"A060",123,35.37,92.12,27.1,15.237,-2.411,NA
"A060",124,35.89,92.71,28.39,15.693,-2.279,NA
"A060",125,35.74,92.39,27.33,16.376,-2.978,NA
"A060",126,35.46,92.16,26.79,15.942,-2.916,NA
"A060",127,35.98,91.57,27.26,16.645,-3.327,NA
"A060",128,36.1,90.89,26.54,16.931,-4.21,NA
"A060",129,36.51,90.16,27.69,16.35,-3.857,NA
"A060",130,36.29,89.65,26.76,16.67,-4.4,NA
"A060",131,36.16,89.42,27.22,16.342,-3.698,NA
"A060",132,35.7,89.76,25.96,16.885,-4.011,NA
"A060",133,35.23,90.03,24.89,16.882,-4.133,NA
"A060",134,35.06,90.75,24.74,16.936,-3.971,NA
"A060",135,35.73,90.04,26.12,16.488,-3.894,NA
"A060",136,36.9,90,27.67,17.611,-4.669,NA
"A060",137,36.18,88.89,26.31,17.308,-4.751,NA
"A060",138,35.66,89.34,26.21,17.239,-3.721,NA
"A060",139,35.35,88.98,25.52,16.639,-3.87,NA
"A060",140,35.86,89.86,26.86,16.879,-3.405,NA
"A060",141,36.16,90.52,28.1,15.747,-2.742,NA
"A060",142,36.26,91.02,27.79,16.734,-3.284,NA
"A060",143,36.08,92.44,27.81,16.484,-3.141,NA
"A060",144,35.33,92.45,26.15,16.597,-3.38,NA
"A060",145,35.24,91.66,27.1,16.218,-2.063,NA
"A060",146,34.36,91.78,24.91,16.042,-2.624,NA
"A060",147,33.3,91.56,23.45,15.303,-2.127,NA
"A060",148,31.88,91.45,20.8,15.829,-2.296,NA
"A060",149,32.19,91.44,20.41,16.367,-3.203,NA
"A060",150,31.65,91.3,20.12,15.682,-2.584,NA
"A060",151,32.17,90.99,20.48,15.39,-3.014,NA
"A060",152,32.05,92.08,20.64,16.303,-2.925,NA
"A060",153,33.3,92.41,22.78,16.064,-3.045,NA
"A060",154,32.16,92.8,21.42,15.602,-2.604,NA
"A060",155,33.03,91.89,22.37,15.595,-2.82,NA
"A060",156,32.18,92.22,21.64,15.812,-2.19,NA
"A060",157,31.64,92.01,20.16,16.872,-2.716,NA
"A060",158,31.89,91.46,21.23,16.435,-1.896,NA
"A060",159,31.73,91.38,20.05,15.998,-2.793,NA
"A060",160,31.93,92.34,20.75,16.258,-2.705,NA
"A060",161,32.13,91.52,21.36,15.013,-2.183,NA
"A060",162,31.86,90.79,20.13,16.239,-2.812,NA
"A060",163,31.84,91.37,21,15.514,-2.023,NA
"A060",164,32.53,91.59,22.55,15.126,-1.698,NA
"A060",165,32.37,92.62,22.22,14.589,-2.079,NA
"A060",166,32.71,92.34,23.21,15.206,-1.562,NA
"A060",167,31.64,91.23,22.01,14.788,-0.649,NA
"A060",168,31.6,91.64,21.9,15.223,-0.799,NA
"A060",169,31.33,92.06,21.74,14.842,-0.642,NA
"A060",170,31.22,91.87,20.73,15.552,-1.418,NA
"A060",171,31.53,91.82,21.17,15.983,-1.458,NA
"A060",172,31.36,91.18,20.15,15.844,-2.038,NA
"A060",173,31.51,90.44,20.32,15.241,-2.016,NA
"A060",174,31.79,91.04,20.64,15.56,-2.222,NA
"A060",175,30.96,92.11,19.86,14.997,-1.964,NA
"A060",176,31.43,92.3,20.13,15.631,-2.505,NA
"A060",177,30.18,92.49,19.13,15.514,-1.64,NA
"A060",178,29.57,92.09,17.54,15.82,-2.166,NA
"A060",179,29.74,92.44,17.65,16.154,-2.454,NA
"A060",180,29.89,92.4,17.79,15.549,-2.51,NA
"A060",181,29.94,92.73,17.75,17.198,-2.782,NA
"A060",182,30.07,93.37,18.96,15.554,-2.102,NA
"A060",183,31.09,92.98,19.9,15.441,-2.484,NA
"A060",184,31.11,93.3,19.66,16.448,-2.932,NA
"A060",185,30.36,93.96,18.78,15.279,-3.069,NA
"A060",186,29.93,94.25,18.79,15.822,-2.631,NA
"A060",187,30.35,94.85,20.2,16.124,-2.26,NA
"A060",188,30.2,93.88,19.46,15.74,-2.09,NA
"A060",189,30.9,93.52,19.98,16.323,-2.395,NA
"A060",190,30.89,93.25,19.62,15.246,-2.603,NA
"A060",191,32.02,93.56,22.85,15.192,-1.321,NA
"A060",192,31.07,94.05,21.72,15.736,-1.246,NA
"A060",193,29.92,94.42,20.23,14.69,-1.308,NA
"A060",194,29.8,93.75,19.34,15.471,-1.553,NA
"A060",195,30.44,93.72,19.86,15.305,-1.962,NA
"A060",196,30.4,92.58,19.37,15.34,-1.779,NA
"A060",197,31.02,92.25,20.12,15.81,-1.849,NA
"A060",198,30.32,92.55,19.85,14.936,-1.155,NA
"A060",199,29.01,92.66,17.13,15.104,-2.045,NA
"A060",200,29.64,92.22,17.41,15.675,-2.457,NA
"A060",201,28.78,92.76,16.26,16.031,-2.636,NA
"A060",202,28.24,92.63,15.27,16.865,-2.848,NA
"A060",203,28.55,92.14,15.48,15.712,-2.826,NA
"A060",204,29.75,93.25,16.83,16.443,-3.688,NA
"A060",205,29.55,92.94,15.59,16.843,-4.481,NA
"A060",206,29.44,93.35,15.6,17.26,-4.546,NA
"A060",207,29.64,93.62,17.29,16.162,-3.302,NA
"A060",208,29.51,93.66,18.43,15.811,-1.999,NA
"A060",209,30.11,94.04,19.97,15.741,-1.558,NA
"A060",210,29.98,93.53,17.91,16.777,-3.101,NA
"A060",211,29.28,93.33,16.46,16.887,-3.439,NA
"A060",212,29.21,92.6,16.22,16.425,-3.193,NA
"A060",213,28.1,91.94,13.59,17.131,-4.043,NA
"A060",214,29.16,92.48,15.21,16.675,-4.088,NA
"A060",215,28.98,92.51,14.77,17.407,-4.281,NA
"A060",216,28.59,92.18,14.24,17.213,-4.131,NA
"A060",217,27.88,92.19,14.61,16.503,-2.83,NA
"A060",218,28.59,92.31,15.91,15.354,-2.522,NA
"A060",219,28.47,92.92,16.49,15.075,-2.079,NA
"A060",220,28.61,93.27,16.79,16.066,-2.165,NA
"A060",221,27.87,93.71,16.13,15.031,-2.137,NA
"A060",222,27.33,93.6,15.23,15.363,-2.277,NA
"A060",223,27.37,93.64,15.55,15.128,-2.043,NA
"A060",224,28.28,94.18,17.23,16.228,-1.89,NA
"A060",225,27.51,92.97,14.67,15.598,-2.684,NA
"A060",226,28.84,93.17,16.26,16.186,-2.934,NA
"A060",227,28.96,93.81,17.59,15.185,-2.161,NA
"A060",228,29.19,93.4,16.62,16.51,-3.191,NA
"A060",229,29.97,93.55,17.58,16.607,-3.431,NA
"A060",230,29.45,93.76,16,16.284,-4.406,NA
"A060",231,28.87,94.11,15.81,16.862,-4.03,NA
"A060",232,29.01,94.21,16.63,16.883,-3.477,NA
"A060",233,28.4,93.91,16.39,15.235,-2.699,NA
"A060",234,28.71,93.11,16.8,15.775,-2.192,NA
"A060",235,29.37,94.7,19.21,15.402,-1.752,NA
"A060",236,28.68,95.3,18.26,15.495,-2.291,NA
"A060",237,30.77,94.91,20.8,16.046,-2.33,NA
"A060",238,30.8,95.04,20.18,15.837,-3.083,NA
"A060",239,30.57,95.53,20.82,15.543,-2.507,NA
"A060",240,29.69,95.27,19.79,14.793,-2.08,NA
"A060",241,28.91,94.9,19.96,14.825,-0.553,NA
"A060",242,27.32,95.17,17.99,14.124,-0.745,NA
"A060",243,27.07,95.22,17.9,15.459,-0.581,NA
"A060",244,27.13,94.62,18.6,13.942,0.568,NA
"A060",245,27.55,94.99,19.33,14.117,0.473,NA
"A060",246,27.12,95.05,17.82,14.71,-0.562,NA
"A060",247,26.93,95.54,18.83,14.562,0.205,NA
"A060",248,27.38,95.46,20.41,13.138,1.336,NA
"A060",249,27.9,95.13,19.5,14.935,0.09,NA
"A060",250,28.1,94.58,19.97,13.699,0.766,NA
"A060",251,26.47,94.73,16.34,15.794,-1.015,NA
"A060",252,26.26,95.32,17.2,14.78,-0.447,NA
"A060",253,26.97,94.54,18.04,14.55,0.262,NA
"A060",254,26.37,93.88,16.68,13.898,0.11,NA
"A060",255,27.19,94.74,17.91,14.622,-0.295,NA
"A060",256,28.14,94.72,19.88,13.718,0.519,NA
"A060",257,27.39,93.66,17.83,14.538,0.201,NA
"A060",258,27.84,93.84,18.38,14.28,0.055,NA
"A060",259,27.23,94.02,17.41,14.389,-0.276,NA
"A060",260,26.59,93.62,15.61,14.702,-1.028,NA
"A060",261,26,93.26,15.41,15.25,-0.323,NA
"A060",262,25.03,93.19,13.91,14.558,-0.726,NA
"A060",263,26.26,93.69,16.2,14.068,-0.109,NA
"A060",264,25.88,94.12,15.8,14.802,-0.395,NA
"A060",265,25.83,94.96,17.04,15.088,0.204,NA
"A060",266,24.17,94.93,14.62,14.825,-0.474,NA
"A060",267,23.05,95.55,14.41,14.876,-0.215,NA
"A060",268,22.84,95.45,13.57,14.911,-0.759,NA
"A060",269,23.49,95.87,14.5,15.216,-0.861,NA
"A060",270,24.36,96.31,15.63,15.28,-1.036,NA
"A060",271,24.69,96.15,15.11,15.031,-1.714,NA
"A060",272,25.05,96.37,16.26,15.418,-1.168,NA
"A060",273,25.01,95.48,15.5,14.616,-0.962,NA
"A060",274,24.95,96.25,15.88,15.16,-1.322,NA
"A060",275,24.38,95.68,14.31,15.636,-1.715,NA
"A060",276,23.77,96.05,14.46,14.824,-1.357,NA
"A060",277,22.93,95.06,12.31,15.185,-1.732,NA
"A060",278,24.09,94.63,13.31,14.909,-1.434,NA
"A060",279,23.79,94.35,12.91,15.102,-1.3,NA
"A060",280,23.71,95.67,14.19,15.288,-1.173,NA
"A060",281,23.41,95.22,12,16.252,-2.629,NA
"A060",282,23.53,94.89,13.17,15.256,-1.266,NA
"A060",283,23.58,95.57,14.03,13.889,-1.105,NA
"A060",284,24.52,95.1,14.22,14.75,-1.38,NA
"A060",285,23.79,95.13,14.13,14.157,-0.776,NA
"A060",286,24.11,95.23,13.98,14.736,-1.328,NA
"A060",287,25.09,95.29,14.78,15.804,-1.578,NA
"A060",288,25.34,95.8,14.78,16.031,-2.348,NA
"A060",289,24.94,95.38,13.91,15.821,-2.386,NA
"A060",290,24.64,94.83,14.17,15.513,-1.3,NA
"A060",291,24.72,95.72,15.03,14.96,-1.384,NA
"A060",292,25.13,95.9,15.76,14.951,-1.247,NA
"A060",293,25.71,96.9,17.58,14.558,-1.123,NA
"A060",294,25.44,97.34,17.29,15.339,-1.643,NA
"A060",295,25.51,97.48,18.25,14.231,-0.931,NA
"A060",296,25.67,96.23,16.19,15.238,-1.73,NA
"A060",297,25.97,97.05,17.15,15.291,-1.999,NA
"A060",298,25.18,97.04,15.83,15.549,-2.485,NA
"A060",299,25.1,97.16,16.23,15.789,-2.15,NA
"A060",300,24.95,97.02,15.9,16.059,-2.169,NA
"A060",301,23.95,97.12,15.62,15.016,-1.591,NA
"A060",302,24.7,97.4,16.32,16.336,-1.953,NA
"A060",303,24.71,97.48,15.78,15.344,-2.597,NA
"A060",304,24.85,96.79,14.57,15.777,-3.122,NA
"A060",305,24.95,97.36,15.45,15.662,-3.019,NA
"A060",306,24.44,96.23,13.15,16.145,-3.519,NA
"A060",307,24.48,96.72,12.62,16.19,-4.626,NA
"A060",308,25.23,95.88,12.94,17.34,-4.16,NA
"A060",309,25.64,96.77,13.93,17.29,-4.551,NA
"A060",310,25.19,97.33,14.41,16.879,-4.265,NA
"A060",311,24.56,96.55,12.66,17.224,-4.467,NA
"A060",312,24.83,97.14,13.73,17.083,-4.362,NA
"A060",313,23.79,97.7,14.35,16.315,-3.421,NA
"A060",314,24.12,98.13,16.03,15.449,-2.601,NA
"A060",315,23.71,98.73,17.11,15.767,-1.923,NA
"A060",316,24.19,98.4,17.2,14.854,-1.845,NA
